06-04 20:59:58.235 I/ReactNativeJS(27948): [VROOM-TEL] 2026-06-04T18:59:58.235Z | DRIVE_TRACE_CAMERA | {"t":1780599598235,"seq":110,"gpsTickId":1780599597946,"gpsTickAgeMs":277,"lat":51.351985,"lng":19.374958,"hdg":353,"speedKmh":40.6,"exploring":false,"frameMoveM":0}
06-04 20:59:58.536 I/ReactNativeJS(27948): [VROOM-TEL] 2026-06-04T18:59:58.536Z | DRIVE_TRACE_CAMERA | {"t":1780599598536,"seq":111,"gpsTickId":1780599597946,"gpsTickAgeMs":578,"lat":51.351978,"lng":19.37497,"hdg":353,"speedKmh":40.6,"exploring":false,"frameMoveM":0}
06-04 20:59:58.652 I/ReactNativeJS(27948): [VROOM-TEL] 2026-06-04T18:59:58.652Z | DRIVE_TRACE_HEARTBEAT | {"t":1780599598652,"seq":112,"gpsTickId":1780599597946,"gpsTickAgeMs":694,"driving":true,"navigating":false,"tripActive":true,"lat":51.3526279,"lng":19.3743371,"gpsAgeMs":694}
06-04 20:59:58.769 I/ReactNativeJS(27948): [VROOM-TEL] 2026-06-04T18:59:58.769Z | CAM_FOLLOW_PUSH | {"t":1780599598769,"lat":51.351973,"lng":19.37498,"hdg":345,"snapHdg":335,"speedKmh":41,"exploring":false,"source":"drive_marker_sv_60fps"}
06-04 20:59:58.836 I/ReactNativeJS(27948): [VROOM-TEL] 2026-06-04T18:59:58.836Z | DRIVE_TRACE_CAMERA | {"t":1780599598836,"seq":113,"gpsTickId":1780599597946,"gpsTickAgeMs":878,"lat":51.351971,"lng":19.374983,"hdg":345,"speedKmh":40.6,"exploring":false,"frameMoveM":0}
06-04 20:59:58.970 I/ReactNativeJS(27948): [VROOM-TEL] 2026-06-04T18:59:58.970Z | RAW_GPS_TICK | {"t":1780599598970,"gpsTickId":1780599598945,"gpsTickAgeMs":0,"lat":51.352725,"lng":19.374261,"speed":12.12,"speedKmh":43.6,"accuracy":4,"osTimestamp":1780599598945,"tripActive":true,"appState":"active"}
06-04 20:59:58.970 I/ReactNativeJS(27948): [VROOM-TEL] 2026-06-04T18:59:58.970Z | DRIVE_TRACE_RAW | {"t":1780599598970,"seq":114,"gpsTickId":1780599598945,"gpsTickAgeMs":0,"rawLat":51.352725,"rawLng":19.374261,"accM":4,"speedKmh":43.6,"speedMs":12.1,"heading":333,"tripActive":true,"driving":true,"navigating":false,"osTimestamp":1780599598945}
06-04 20:59:58.970 I/ReactNativeJS(27948): [VROOM-TEL] 2026-06-04T18:59:58.970Z | DRIVE_API | {"allow":false,"trigger":null,"crossTrackM":21.1,"buffered":4,"throttleBlocked":true}
06-04 20:59:58.972 I/ReactNativeJS(27948): [VROOM-TEL] 2026-06-04T18:59:58.971Z | DRIVE_TRACE_FEED | {"t":1780599598971,"seq":115,"gpsTickId":1780599598945,"gpsTickAgeMs":1,"lat":51.35197,"lng":19.374985,"hdg":334,"durationMs":922,"speedKmh":43.6}
06-04 20:59:58.972 I/ReactNativeJS(27948): [VROOM-TEL] 2026-06-04T18:59:58.972Z | TRIP_SEGMENT_REJECT | {"t":1780599598972,"reason":"jitter","dtSec":1,"speedKmh":43.6}
06-04 20:59:58.972 I/ReactNativeJS(27948): [VROOM-TEL] 2026-06-04T18:59:58.972Z | DRIVE_TRACE_TICK | {"t":1780599598972,"seq":116,"gpsTickId":1780599598945,"gpsTickAgeMs":2,"rawLat":51.352725,"rawLng":19.374261,"snapLat":51.35197,"snapLng":19.374985,"markerLat":51.35197,"markerLng":19.374985,"markerHdg":334,"markerSvLat":51.35197,"markerSvLng":19.374985,"markerSvHdg":132,"accM":4,"hudKmh":43.6,"engineKmh":10.1,"dopplerKmh":43.6,"feedDurMs":922,"cadenceMs":1024,"feedSpeedMs":12.1,"isNavigating":false,"isFreeDrive":true,"isMoving":true,"feedSkipGate":false,"feedAccepted":true,"feedHeadingOnly":false,"source":"drive_core_v2"}
06-04 20:59:58.972 I/ReactNativeJS(27948): [VROOM-TEL] 2026-06-04T18:59:58.972Z | GPS_ACCEPT | {"lat":51.352725,"lng":19.374261,"acc":4,"speedKmh":43.6,"gpsLock":true}
06-04 20:59:59.035 I/ReactNativeJS(27948): [VROOM-TEL] 2026-06-04T18:59:59.035Z | CAMERA_HEADING | {"t":1780599599035,"speedKmh":44,"movedM":0.19,"moveBearing":132,"snapHdg":352,"headingOut":25,"flipFromPrevDeg":14,"lookaheadM":38,"nativeFollow":true}
06-04 20:59:59.152 I/ReactNativeJS(27948): [VROOM-TEL] 2026-06-04T18:59:59.152Z | DRIVE_TRACE_CAMERA | {"t":1780599599152,"seq":117,"gpsTickId":1780599598945,"gpsTickAgeMs":182,"lat":51.351959,"lng":19.375004,"hdg":352,"speedKmh":43.6,"exploring":false,"frameMoveM":0}
06-04 20:59:59.452 I/ReactNativeJS(27948): [VROOM-TEL] 2026-06-04T18:59:59.452Z | DRIVE_TRACE_CAMERA | {"t":1780599599452,"seq":118,"gpsTickId":1780599598945,"gpsTickAgeMs":482,"lat":51.351937,"lng":19.375043,"hdg":352,"speedKmh":43.6,"exploring":false,"frameMoveM":0}
06-04 20:59:59.569 I/ReactNativeJS(27948): [VROOM-TEL] 2026-06-04T18:59:59.569Z | CAM_FOLLOW_PUSH | {"t":1780599599569,"lat":51.351929,"lng":19.375058,"hdg":352,"snapHdg":334,"speedKmh":44,"exploring":false,"source":"drive_marker_sv_60fps"}
06-04 20:59:59.752 I/ReactNativeJS(27948): [VROOM-TEL] 2026-06-04T18:59:59.752Z | DRIVE_TRACE_CAMERA | {"t":1780599599752,"seq":119,"gpsTickId":1780599598945,"gpsTickAgeMs":782,"lat":51.351915,"lng":19.375082,"hdg":352,"speedKmh":43.6,"exploring":false,"frameMoveM":0}
06-04 20:59:59.974 I/ReactNativeJS(27948): [VROOM-TEL] 2026-06-04T18:59:59.974Z | RAW_GPS_TICK | {"t":1780599599974,"gpsTickId":1780599599945,"gpsTickAgeMs":0,"lat":51.35283,"lng":19.374181,"speed":12.79,"speedKmh":46,"accuracy":4,"osTimestamp":1780599599945,"tripActive":true,"appState":"active"}
06-04 20:59:59.975 I/ReactNativeJS(27948): [VROOM-TEL] 2026-06-04T18:59:59.975Z | DRIVE_TRACE_RAW | {"t":1780599599975,"seq":120,"gpsTickId":1780599599945,"gpsTickAgeMs":1,"rawLat":51.35283,"rawLng":19.374181,"accM":4,"speedKmh":46,"speedMs":12.8,"heading":333,"tripActive":true,"driving":true,"navigating":false,"osTimestamp":1780599599945}
06-04 20:59:59.975 I/ReactNativeJS(27948): [VROOM-TEL] 2026-06-04T18:59:59.975Z | DRIVE_API | {"allow":false,"trigger":null,"crossTrackM":13.6,"buffered":5,"throttleBlocked":true}
06-04 20:59:59.975 I/ReactNativeJS(27948): [VROOM-TEL] 2026-06-04T18:59:59.975Z | MARKER_STUCK | {"t":1780599599975,"markerRawGapM":95,"hudKmh":46,"snapLat":51.35209,"rawLat":51.35283}
06-04 20:59:59.994 I/ReactNativeJS(27948): [VROOM-TEL] 2026-06-04T18:59:59.992Z | DRIVE_TRACE_FEED | {"t":1780599599992,"seq":121,"gpsTickId":1780599599945,"gpsTickAgeMs":15,"lat":51.352091,"lng":19.374871,"hdg":334,"durationMs":1200,"speedKmh":46}
06-04 21:00:00.005 I/ReactNativeJS(27948): [VROOM-TEL] 2026-06-04T19:00:00.005Z | DRIVE_TRACE_TICK | {"t":1780599600005,"seq":122,"gpsTickId":1780599599945,"gpsTickAgeMs":31,"rawLat":51.35283,"rawLng":19.374181,"snapLat":51.352091,"snapLng":19.374871,"markerLat":51.352091,"markerLng":19.374871,"markerHdg":334,"markerSvLat":51.351907,"markerSvLng":19.375097,"markerSvHdg":132,"accM":4,"hudKmh":46,"engineKmh":22.8,"dopplerKmh":46,"feedDurMs":1200,"cadenceMs":1017,"feedSpeedMs":12.8,"isNavigating":false,"isFreeDrive":true,"isMoving":true,"feedSkipGate":false,"feedAccepted":true,"feedHeadingOnly":false,"source":"drive_core_v2"}
06-04 21:00:00.005 I/ReactNativeJS(27948): [VROOM-TEL] 2026-06-04T19:00:00.005Z | GPS_ACCEPT | {"lat":51.35283,"lng":19.374181,"acc":4,"speedKmh":46.3,"gpsLock":true}
06-04 21:00:00.068 I/ReactNativeJS(27948): [VROOM-TEL] 2026-06-04T19:00:00.068Z | DRIVE_TRACE_CAMERA | {"t":1780599600068,"seq":123,"gpsTickId":1780599599945,"gpsTickAgeMs":94,"lat":51.351919,"lng":19.375082,"hdg":324,"speedKmh":46,"exploring":false,"frameMoveM":0}
06-04 21:00:00.135 I/ReactNativeJS(27948): [VROOM-TEL] 2026-06-04T19:00:00.135Z | CAMERA_HEADING | {"t":1780599600135,"speedKmh":46,"movedM":0.37,"moveBearing":323,"snapHdg":331,"headingOut":71,"flipFromPrevDeg":14,"lookaheadM":38,"nativeFollow":true}
06-04 21:00:00.369 I/ReactNativeJS(27948): [VROOM-TEL] 2026-06-04T19:00:00.369Z | CAM_FOLLOW_PUSH | {"t":1780599600369,"lat":51.351965,"lng":19.375025,"hdg":323,"snapHdg":334,"speedKmh":46,"exploring":false,"source":"drive_marker_sv_60fps"}
06-04 21:00:00.369 I/ReactNativeJS(27948): [VROOM-TEL] 2026-06-04T19:00:00.369Z | DRIVE_TRACE_CAMERA | {"t":1780599600369,"seq":124,"gpsTickId":1780599599945,"gpsTickAgeMs":395,"lat":51.351965,"lng":19.375025,"hdg":323,"speedKmh":46,"exploring":false,"frameMoveM":0}
06-04 21:00:00.669 I/ReactNativeJS(27948): [VROOM-TEL] 2026-06-04T19:00:00.669Z | DRIVE_TRACE_CAMERA | {"t":1780599600669,"seq":125,"gpsTickId":1780599599945,"gpsTickAgeMs":695,"lat":51.352011,"lng":19.374969,"hdg":323,"speedKmh":46,"exploring":false,"frameMoveM":0}
06-04 21:00:00.957 I/ReactNativeJS(27948): [VROOM-TEL] 2026-06-04T19:00:00.956Z | RAW_GPS_TICK | {"t":1780599600956,"gpsTickId":1780599600945,"gpsTickAgeMs":0,"lat":51.352933,"lng":19.3741,"speed":12.7,"speedKmh":45.7,"accuracy":4,"osTimestamp":1780599600945,"tripActive":true,"appState":"active"}
06-04 21:00:00.957 I/ReactNativeJS(27948): [VROOM-TEL] 2026-06-04T19:00:00.957Z | DRIVE_TRACE_RAW | {"t":1780599600957,"seq":126,"gpsTickId":1780599600945,"gpsTickAgeMs":1,"rawLat":51.352933,"rawLng":19.3741,"accM":4,"speedKmh":45.7,"speedMs":12.7,"heading":334,"tripActive":true,"driving":true,"navigating":false,"osTimestamp":1780599600945}
06-04 21:00:00.957 I/ReactNativeJS(27948): [VROOM-TEL] 2026-06-04T19:00:00.957Z | DRIVE_API | {"allow":true,"trigger":"no_cache","crossTrackM":10.6,"buffered":6,"throttleBlocked":false}
06-04 21:00:00.958 I/ReactNativeJS(27948): [VROOM-TEL] 2026-06-04T19:00:00.958Z | DRIVE_TRACE_FEED | {"t":1780599600958,"seq":127,"gpsTickId":1780599600945,"gpsTickAgeMs":2,"lat":51.352206,"lng":19.374767,"hdg":334,"durationMs":1154,"speedKmh":45.7}
06-04 21:00:00.959 I/ReactNativeJS(27948): [VROOM-TEL] 2026-06-04T19:00:00.959Z | DRIVE_TRACE_TICK | {"t":1780599600959,"seq":128,"gpsTickId":1780599600945,"gpsTickAgeMs":3,"rawLat":51.352933,"rawLng":19.3741,"snapLat":51.352206,"snapLng":19.374767,"markerLat":51.352206,"markerLng":19.374767,"markerHdg":334,"markerSvLat":51.352055,"markerSvLng":19.374916,"markerSvHdg":333,"accM":4,"hudKmh":45.7,"engineKmh":39.7,"dopplerKmh":45.7,"feedDurMs":1154,"cadenceMs":1005,"feedSpeedMs":12.7,"isNavigating":false,"isFreeDrive":true,"isMoving":true,"feedSkipGate":false,"feedAccepted":true,"feedHeadingOnly":false,"source":"drive_core_v2"}
06-04 21:00:00.959 I/ReactNativeJS(27948): [VROOM-TEL] 2026-06-04T19:00:00.959Z | GPS_ACCEPT | {"lat":51.352933,"lng":19.3741,"acc":4,"speedKmh":46.9,"gpsLock":true}
06-04 21:00:01.014 I/ReactNativeJS(27948): [VROOM-TEL] 2026-06-04T19:00:01.014Z | DRIVE_TRACE_CAMERA | {"t":1780599601014,"seq":129,"gpsTickId":1780599600945,"gpsTickAgeMs":58,"lat":51.352057,"lng":19.374914,"hdg":336,"speedKmh":45.7,"exploring":false,"frameMoveM":0}
06-04 21:00:01.185 I/ReactNativeJS(27948): [VROOM-TEL] 2026-06-04T19:00:01.184Z | CAM_FOLLOW_PUSH | {"t":1780599601184,"lat":51.352085,"lng":19.374887,"hdg":328,"snapHdg":334,"speedKmh":46,"exploring":false,"source":"drive_marker_sv_60fps"}
06-04 21:00:01.186 I/ReactNativeJS(27948): [VROOM-TEL] 2026-06-04T19:00:01.186Z | ROAD_MATCH_SOFT_APPLY_V2 | {"t":1780599601186,"pts":9,"shiftM":124}
06-04 21:00:01.186 I/ReactNativeJS(27948): [VROOM-TEL] 2026-06-04T19:00:01.186Z | ROAD_MATCH_SOFT_APPLY | {"pts":9,"shiftM":124}
06-04 21:00:01.187 I/ReactNativeJS(27948): [VROOM-TEL] 2026-06-04T19:00:01.187Z | DRIVE_API | {"allow":false,"trigger":null,"crossTrackM":2.9,"buffered":1,"throttleBlocked":true}
06-04 21:00:01.188 I/ReactNativeJS(27948): [VROOM-TEL] 2026-06-04T19:00:01.188Z | DRIVE_TRACE_FEED | {"t":1780599601188,"seq":130,"gpsTickId":1780599600945,"gpsTickAgeMs":232,"lat":51.352694,"lng":19.37423,"hdg":334,"durationMs":1200,"speedKmh":16.9}
06-04 21:00:01.188 I/ReactNativeJS(27948): [VROOM-TEL] 2026-06-04T19:00:01.188Z | DRIVE_TRACE_TICK | {"t":1780599601188,"seq":131,"gpsTickId":1780599600945,"gpsTickAgeMs":232,"rawLat":51.352933,"rawLng":19.3741,"snapLat":51.352694,"snapLng":19.37423,"markerLat":51.352694,"markerLng":19.37423,"markerHdg":334,"markerSvLat":51.352085,"markerSvLng":19.374887,"markerSvHdg":328,"accM":12,"hudKmh":16.9,"engineKmh":16.9,"dopplerKmh":0,"feedDurMs":1200,"cadenceMs":1005,"feedSpeedMs":4.7,"isNavigating":false,"isFreeDrive":true,"isMoving":true,"feedSkipGate":false,"feedAccepted":true,"feedHeadingOnly":false,"source":"drive_core_v2"}
06-04 21:00:01.257 I/ReactNativeJS(27948): [VROOM-TEL] 2026-06-04T19:00:01.257Z | CAMERA_HEADING | {"t":1780599601257,"speedKmh":17,"movedM":2.25,"moveBearing":326,"snapHdg":326,"headingOut":326,"flipFromPrevDeg":0,"lookaheadM":13,"nativeFollow":true}
06-04 21:00:01.344 I/ReactNativeJS(27948): [VROOM-TEL] 2026-06-04T19:00:01.344Z | DRIVE_TRACE_CAMERA | {"t":1780599601344,"seq":132,"gpsTickId":1780599600945,"gpsTickAgeMs":388,"lat":51.352134,"lng":19.374834,"hdg":335,"speedKmh":16.9,"exploring":false,"frameMoveM":0}
06-04 21:00:01.652 I/ReactNativeJS(27948): [VROOM-TEL] 2026-06-04T19:00:01.652Z | DRIVE_TRACE_CAMERA | {"t":1780599601652,"seq":133,"gpsTickId":1780599600945,"gpsTickAgeMs":696,"lat":51.35232,"lng":19.374634,"hdg":326,"speedKmh":16.9,"exploring":false,"frameMoveM":0}
06-04 21:00:01.957 I/ReactNativeJS(27948): [VROOM-TEL] 2026-06-04T19:00:01.957Z | RAW_GPS_TICK | {"t":1780599601957,"gpsTickId":1780599601945,"gpsTickAgeMs":0,"lat":51.353039,"lng":19.374021,"speed":12.9,"speedKmh":46.4,"accuracy":4,"osTimestamp":1780599601945,"tripActive":true,"appState":"active"}
06-04 21:00:01.957 I/ReactNativeJS(27948): [VROOM-TEL] 2026-06-04T19:00:01.957Z | DRIVE_TRACE_RAW | {"t":1780599601957,"seq":134,"gpsTickId":1780599601945,"gpsTickAgeMs":0,"rawLat":51.353039,"rawLng":19.374021,"accM":4,"speedKmh":46.4,"speedMs":12.9,"heading":334,"tripActive":true,"driving":true,"navigating":false,"osTimestamp":1780599601945}
06-04 21:00:01.957 I/ReactNativeJS(27948): [VROOM-TEL] 2026-06-04T19:00:01.957Z | ROAD_MATCH_SKIP_TRUNCATED | {"t":1780599601957,"pts":2,"prevPts":9,"shiftM":124}
06-04 21:00:01.958 I/ReactNativeJS(27948): [VROOM-TEL] 2026-06-04T19:00:01.958Z | DRIVE_API | {"allow":false,"trigger":null,"crossTrackM":14.5,"buffered":2,"throttleBlocked":true}
06-04 21:00:01.960 I/ReactNativeJS(27948): [VROOM-TEL] 2026-06-04T19:00:01.960Z | DRIVE_TRACE_FEED | {"t":1780599601960,"seq":135,"gpsTickId":1780599601945,"gpsTickAgeMs":3,"lat":51.352769,"lng":19.374173,"hdg":335,"durationMs":715,"speedKmh":46.4}
06-04 21:00:01.960 I/ReactNativeJS(27948): [VROOM-TEL] 2026-06-04T19:00:01.960Z | DRIVE_TRACE_TICK | {"t":1780599601960,"seq":136,"gpsTickId":1780599601945,"gpsTickAgeMs":3,"rawLat":51.353039,"rawLng":19.374021,"snapLat":51.352769,"snapLng":19.374173,"markerLat":51.352769,"markerLng":19.374173,"markerHdg":335,"markerSvLat":51.352472,"markerSvLng":19.37447,"markerSvHdg":326,"accM":4,"hudKmh":46.4,"engineKmh":0.7,"dopplerKmh":46.4,"feedDurMs":715,"cadenceMs":1004,"feedSpeedMs":12.9,"isNavigating":false,"isFreeDrive":true,"isMoving":true,"feedSkipGate":false,"feedAccepted":true,"feedHeadingOnly":false,"source":"drive_core_v2"}
06-04 21:00:01.960 I/ReactNativeJS(27948): [VROOM-TEL] 2026-06-04T19:00:01.960Z | GPS_ACCEPT | {"lat":51.353039,"lng":19.374021,"acc":4,"speedKmh":46.9,"gpsLock":true}
06-04 21:00:01.998 I/ReactNativeJS(27948): [VROOM-TEL] 2026-06-04T19:00:01.998Z | CAM_FOLLOW_PUSH | {"t":1780599601998,"lat":51.352476,"lng":19.374466,"hdg":337,"snapHdg":335,"speedKmh":46,"exploring":false,"source":"drive_marker_sv_60fps"}
06-04 21:00:01.998 I/ReactNativeJS(27948): [VROOM-TEL] 2026-06-04T19:00:01.998Z | DRIVE_TRACE_CAMERA | {"t":1780599601998,"seq":137,"gpsTickId":1780599601945,"gpsTickAgeMs":41,"lat":51.352476,"lng":19.374466,"hdg":337,"speedKmh":46.4,"exploring":false,"frameMoveM":0}
06-04 21:00:02.301 I/ReactNativeJS(27948): [VROOM-TEL] 2026-06-04T19:00:02.301Z | DRIVE_TRACE_CAMERA | {"t":1780599602301,"seq":138,"gpsTickId":1780599601945,"gpsTickAgeMs":344,"lat":51.352614,"lng":19.374328,"hdg":328,"speedKmh":46.4,"exploring":false,"frameMoveM":0}
06-04 21:00:02.368 I/ReactNativeJS(27948): [VROOM-TEL] 2026-06-04T19:00:02.368Z | CAMERA_HEADING | {"t":1780599602368,"speedKmh":46,"movedM":0.92,"moveBearing":328,"snapHdg":328,"headingOut":328,"flipFromPrevDeg":0,"lookaheadM":40,"nativeFollow":true}
06-04 21:00:02.620 I/ReactNativeJS(27948): [VROOM-TEL] 2026-06-04T19:00:02.620Z | DRIVE_TRACE_CAMERA | {"t":1780599602620,"seq":139,"gpsTickId":1780599601945,"gpsTickAgeMs":663,"lat":51.352739,"lng":19.374204,"hdg":337,"speedKmh":46.4,"exploring":false,"frameMoveM":0}
06-04 21:00:02.801 I/ReactNativeJS(27948): [VROOM-TEL] 2026-06-04T19:00:02.801Z | CAM_FOLLOW_PUSH | {"t":1780599602801,"lat":51.352781,"lng":19.374163,"hdg":335,"snapHdg":335,"speedKmh":46,"exploring":false,"source":"drive_marker_sv_60fps"}
06-04 21:00:02.958 I/ReactNativeJS(27948): [VROOM-TEL] 2026-06-04T19:00:02.958Z | RAW_GPS_TICK | {"t":1780599602958,"gpsTickId":1780599602945,"gpsTickAgeMs":0,"lat":51.353152,"lng":19.373936,"speed":13.46,"speedKmh":48.5,"accuracy":4,"osTimestamp":1780599602945,"tripActive":true,"appState":"active"}
06-04 21:00:02.958 I/ReactNativeJS(27948): [VROOM-TEL] 2026-06-04T19:00:02.958Z | DRIVE_TRACE_RAW | {"t":1780599602958,"seq":140,"gpsTickId":1780599602945,"gpsTickAgeMs":0,"rawLat":51.353152,"rawLng":19.373936,"accM":4,"speedKmh":48.5,"speedMs":13.5,"heading":334,"tripActive":true,"driving":true,"navigating":false,"osTimestamp":1780599602945}
06-04 21:00:02.959 I/ReactNativeJS(27948): [VROOM-TEL] 2026-06-04T19:00:02.959Z | DRIVE_API | {"allow":false,"trigger":null,"crossTrackM":29.8,"buffered":3,"throttleBlocked":true}
06-04 21:00:02.962 I/ReactNativeJS(27948): [VROOM-TEL] 2026-06-04T19:00:02.962Z | DRIVE_TRACE_FEED | {"t":1780599602962,"seq":141,"gpsTickId":1780599602945,"gpsTickAgeMs":4,"lat":51.352921,"lng":19.374057,"hdg":335,"durationMs":1200,"speedKmh":48.5}
06-04 21:00:02.964 I/ReactNativeJS(27948): [VROOM-TEL] 2026-06-04T19:00:02.964Z | DRIVE_TRACE_TICK | {"t":1780599602964,"seq":142,"gpsTickId":1780599602945,"gpsTickAgeMs":6,"rawLat":51.353152,"rawLng":19.373936,"snapLat":51.352921,"snapLng":19.374057,"markerLat":51.352921,"markerLng":19.374057,"markerHdg":335,"markerSvLat":51.352786,"markerSvLng":19.374159,"markerSvHdg":335,"accM":4,"hudKmh":48.5,"engineKmh":0.7,"dopplerKmh":48.5,"feedDurMs":1200,"cadenceMs":1003,"feedSpeedMs":13.5,"isNavigating":false,"isFreeDrive":true,"isMoving":true,"feedSkipGate":false,"feedAccepted":true,"feedHeadingOnly":false,"source":"drive_core_v2"}
06-04 21:00:02.964 I/ReactNativeJS(27948): [VROOM-TEL] 2026-06-04T19:00:02.964Z | GPS_ACCEPT | {"lat":51.353152,"lng":19.373936,"acc":4,"speedKmh":49.8,"gpsLock":true}
06-04 21:00:03.010 I/ReactNativeJS(27948): [VROOM-TEL] 2026-06-04T19:00:03.010Z | DRIVE_TRACE_CAMERA | {"t":1780599603010,"seq":143,"gpsTickId":1780599602945,"gpsTickAgeMs":52,"lat":51.352789,"lng":19.374157,"hdg":337,"speedKmh":48.5,"exploring":false,"frameMoveM":0}
06-04 21:00:03.318 I/ReactNativeJS(27948): [VROOM-TEL] 2026-06-04T19:00:03.318Z | DRIVE_TRACE_CAMERA | {"t":1780599603318,"seq":144,"gpsTickId":1780599602945,"gpsTickAgeMs":360,"lat":51.352826,"lng":19.374129,"hdg":335,"speedKmh":48.5,"exploring":false,"frameMoveM":0}
06-04 21:00:03.519 I/ReactNativeJS(27948): [VROOM-TEL] 2026-06-04T19:00:03.519Z | CAMERA_HEADING | {"t":1780599603519,"speedKmh":48,"movedM":1.6,"moveBearing":335,"snapHdg":335,"headingOut":335,"flipFromPrevDeg":14,"lookaheadM":40,"nativeFollow":true}
06-04 21:00:03.601 I/ReactNativeJS(27948): [VROOM-TEL] 2026-06-04T19:00:03.601Z | CAM_FOLLOW_PUSH | {"t":1780599603601,"lat":51.352858,"lng":19.374105,"hdg":335,"snapHdg":335,"speedKmh":48,"exploring":false,"source":"drive_marker_sv_60fps"}
06-04 21:00:03.618 I/ReactNativeJS(27948): [VROOM-TEL] 2026-06-04T19:00:03.618Z | DRIVE_TRACE_CAMERA | {"t":1780599603618,"seq":145,"gpsTickId":1780599602945,"gpsTickAgeMs":660,"lat":51.35286,"lng":19.374103,"hdg":335,"speedKmh":48.5,"exploring":false,"frameMoveM":0}
06-04 21:00:03.669 I/ReactNativeJS(27948): [VROOM-TEL] 2026-06-04T19:00:03.669Z | DRIVE_TRACE_HEARTBEAT | {"t":1780599603669,"seq":146,"gpsTickId":1780599602945,"gpsTickAgeMs":711,"driving":true,"navigating":false,"tripActive":true,"lat":51.3531521,"lng":19.3739365,"gpsAgeMs":711}
06-04 21:00:03.918 I/ReactNativeJS(27948): [VROOM-TEL] 2026-06-04T19:00:03.918Z | DRIVE_TRACE_CAMERA | {"t":1780599603918,"seq":147,"gpsTickId":1780599602945,"gpsTickAgeMs":960,"lat":51.352894,"lng":19.374078,"hdg":335,"speedKmh":48.5,"exploring":false,"frameMoveM":0}
06-04 21:00:03.975 I/ReactNativeJS(27948): [VROOM-TEL] 2026-06-04T19:00:03.975Z | RAW_GPS_TICK | {"t":1780599603975,"gpsTickId":1780599603945,"gpsTickAgeMs":0,"lat":51.353266,"lng":19.373852,"speed":13.8,"speedKmh":49.7,"accuracy":4,"osTimestamp":1780599603945,"tripActive":true,"appState":"active"}
06-04 21:00:03.975 I/ReactNativeJS(27948): [VROOM-TEL] 2026-06-04T19:00:03.975Z | DRIVE_TRACE_RAW | {"t":1780599603975,"seq":148,"gpsTickId":1780599603945,"gpsTickAgeMs":0,"rawLat":51.353266,"rawLng":19.373852,"accM":4,"speedKmh":49.7,"speedMs":13.8,"heading":335,"tripActive":true,"driving":true,"navigating":false,"osTimestamp":1780599603945}
06-04 21:00:03.976 I/ReactNativeJS(27948): [VROOM-TEL] 2026-06-04T19:00:03.976Z | DRIVE_API | {"allow":false,"trigger":null,"crossTrackM":45.5,"buffered":4,"throttleBlocked":true}
06-04 21:00:03.977 I/ReactNativeJS(27948): [VROOM-TEL] 2026-06-04T19:00:03.977Z | DRIVE_TRACE_FEED | {"t":1780599603977,"seq":149,"gpsTickId":1780599603945,"gpsTickAgeMs":2,"lat":51.352921,"lng":19.374057,"hdg":335,"durationMs":907,"speedKmh":49.7}
06-04 21:00:03.977 I/ReactNativeJS(27948): [VROOM-TEL] 2026-06-04T19:00:03.977Z | DRIVE_TRACE_TICK | {"t":1780599603977,"seq":150,"gpsTickId":1780599603945,"gpsTickAgeMs":2,"rawLat":51.353266,"rawLng":19.373852,"snapLat":51.352921,"snapLng":19.374057,"markerLat":51.352921,"markerLng":19.374057,"markerHdg":335,"markerSvLat":51.3529,"markerSvLng":19.374073,"markerSvHdg":335,"accM":4,"hudKmh":49.7,"engineKmh":0.7,"dopplerKmh":49.7,"feedDurMs":907,"cadenceMs":1008,"feedSpeedMs":13.8,"isNavigating":false,"isFreeDrive":true,"isMoving":true,"feedSkipGate":false,"feedAccepted":true,"feedHeadingOnly":false,"source":"drive_core_v2"}
06-04 21:00:03.977 I/ReactNativeJS(27948): [VROOM-TEL] 2026-06-04T19:00:03.977Z | GPS_ACCEPT | {"lat":51.353266,"lng":19.373852,"acc":4,"speedKmh":49.7,"gpsLock":true}
06-04 21:00:04.220 I/ReactNativeJS(27948): [VROOM-TEL] 2026-06-04T19:00:04.220Z | DRIVE_TRACE_CAMERA | {"t":1780599604220,"seq":151,"gpsTickId":1780599603945,"gpsTickAgeMs":245,"lat":51.352905,"lng":19.374069,"hdg":335,"speedKmh":49.7,"exploring":false,"frameMoveM":0}
06-04 21:00:04.412 I/ReactNativeJS(27948): [VROOM-TEL] 2026-06-04T19:00:04.412Z | CAM_FOLLOW_PUSH | {"t":1780599604412,"lat":51.352909,"lng":19.374066,"hdg":337,"snapHdg":335,"speedKmh":50,"exploring":false,"source":"drive_marker_sv_60fps"}
06-04 21:00:04.520 I/ReactNativeJS(27948): [VROOM-TEL] 2026-06-04T19:00:04.520Z | DRIVE_TRACE_CAMERA | {"t":1780599604520,"seq":152,"gpsTickId":1780599603945,"gpsTickAgeMs":545,"lat":51.352912,"lng":19.374064,"hdg":335,"speedKmh":49.7,"exploring":false,"frameMoveM":0}
06-04 21:00:04.620 I/ReactNativeJS(27948): [VROOM-TEL] 2026-06-04T19:00:04.619Z | CAMERA_HEADING | {"t":1780599604619,"speedKmh":50,"movedM":0.05,"moveBearing":null,"snapHdg":335,"headingOut":335,"flipFromPrevDeg":0,"lookaheadM":40,"nativeFollow":true}
06-04 21:00:04.835 I/ReactNativeJS(27948): [VROOM-TEL] 2026-06-04T19:00:04.835Z | DRIVE_TRACE_CAMERA | {"t":1780599604835,"seq":153,"gpsTickId":1780599603945,"gpsTickAgeMs":860,"lat":51.35292,"lng":19.374058,"hdg":335,"speedKmh":49.7,"exploring":false,"frameMoveM":0}
06-04 21:00:04.974 I/ReactNativeJS(27948): [VROOM-TEL] 2026-06-04T19:00:04.974Z | RAW_GPS_TICK | {"t":1780599604974,"gpsTickId":1780599604946,"gpsTickAgeMs":0,"lat":51.353379,"lng":19.373772,"speed":13.94,"speedKmh":50.2,"accuracy":4,"osTimestamp":1780599604946,"tripActive":true,"appState":"active"}
06-04 21:00:04.974 I/ReactNativeJS(27948): [VROOM-TEL] 2026-06-04T19:00:04.974Z | DRIVE_TRACE_RAW | {"t":1780599604974,"seq":154,"gpsTickId":1780599604946,"gpsTickAgeMs":0,"rawLat":51.353379,"rawLng":19.373772,"accM":4,"speedKmh":50.2,"speedMs":13.9,"heading":335,"tripActive":true,"driving":true,"navigating":false,"osTimestamp":1780599604946}
06-04 21:00:04.974 I/ReactNativeJS(27948): [VROOM-TEL] 2026-06-04T19:00:04.974Z | ROAD_MATCH_SKIP_TRUNCATED | {"t":1780599604974,"pts":2,"prevPts":9,"shiftM":124}
06-04 21:00:04.974 I/ReactNativeJS(27948): [VROOM-TEL] 2026-06-04T19:00:04.974Z | DRIVE_API | {"allow":false,"trigger":null,"crossTrackM":60.8,"buffered":5,"throttleBlocked":true}
06-04 21:00:04.975 I/ReactNativeJS(27948): [VROOM-TEL] 2026-06-04T19:00:04.975Z | DRIVE_TRACE_FEED | {"t":1780599604975,"seq":155,"gpsTickId":1780599604946,"gpsTickAgeMs":1,"lat":51.352921,"lng":19.374057,"hdg":336,"durationMs":905,"speedKmh":50.2}
06-04 21:00:04.976 I/ReactNativeJS(27948): [VROOM-TEL] 2026-06-04T19:00:04.976Z | DRIVE_TRACE_TICK | {"t":1780599604976,"seq":156,"gpsTickId":1780599604946,"gpsTickAgeMs":2,"rawLat":51.353379,"rawLng":19.373772,"snapLat":51.352921,"snapLng":19.374057,"markerLat":51.352921,"markerLng":19.374057,"markerHdg":336,"markerSvLat":51.352921,"markerSvLng":19.374057,"markerSvHdg":335,"accM":4,"hudKmh":50.2,"engineKmh":0,"dopplerKmh":50.2,"feedDurMs":905,"cadenceMs":1005,"feedSpeedMs":13.9,"isNavigating":false,"isFreeDrive":true,"isMoving":true,"feedSkipGate":false,"feedAccepted":true,"feedHeadingOnly":false,"source":"drive_core_v2"}
06-04 21:00:04.976 I/ReactNativeJS(27948): [VROOM-TEL] 2026-06-04T19:00:04.976Z | GPS_ACCEPT | {"lat":51.353379,"lng":19.373772,"acc":4,"speedKmh":50.2,"gpsLock":true}
06-04 21:00:05.151 I/ReactNativeJS(27948): [VROOM-TEL] 2026-06-04T19:00:05.151Z | DRIVE_TRACE_CAMERA | {"t":1780599605151,"seq":157,"gpsTickId":1780599604946,"gpsTickAgeMs":177,"lat":51.352938,"lng":19.374044,"hdg":335,"speedKmh":50.2,"exploring":false,"frameMoveM":0}
06-04 21:00:05.218 I/ReactNativeJS(27948): [VROOM-TEL] 2026-06-04T19:00:05.218Z | CAM_FOLLOW_PUSH | {"t":1780599605218,"lat":51.352946,"lng":19.374038,"hdg":335,"snapHdg":336,"speedKmh":50,"exploring":false,"source":"drive_marker_sv_60fps"}
06-04 21:00:05.472 I/ReactNativeJS(27948): [VROOM-TEL] 2026-06-04T19:00:05.472Z | DRIVE_TRACE_CAMERA | {"t":1780599605472,"seq":158,"gpsTickId":1780599604946,"gpsTickAgeMs":498,"lat":51.352964,"lng":19.374024,"hdg":346,"speedKmh":50.2,"exploring":false,"frameMoveM":0}
06-04 21:00:05.725 I/ReactNativeJS(27948): [VROOM-TEL] 2026-06-04T19:00:05.725Z | CAMERA_HEADING | {"t":1780599605725,"speedKmh":50,"movedM":1.61,"moveBearing":335,"snapHdg":335,"headingOut":335,"flipFromPrevDeg":14,"lookaheadM":40,"nativeFollow":true}
06-04 21:00:05.791 I/ReactNativeJS(27948): [VROOM-TEL] 2026-06-04T19:00:05.791Z | DRIVE_TRACE_CAMERA | {"t":1780599605791,"seq":159,"gpsTickId":1780599604946,"gpsTickAgeMs":817,"lat":51.353004,"lng":19.373994,"hdg":346,"speedKmh":50.2,"exploring":false,"frameMoveM":0}
06-04 21:00:05.970 I/ReactNativeJS(27948): [VROOM-TEL] 2026-06-04T19:00:05.970Z | RAW_GPS_TICK | {"t":1780599605970,"gpsTickId":1780599605945,"gpsTickAgeMs":0,"lat":51.35349,"lng":19.373691,"speed":13.76,"speedKmh":49.5,"accuracy":4,"osTimestamp":1780599605945,"tripActive":true,"appState":"active"}
06-04 21:00:05.970 I/ReactNativeJS(27948): [VROOM-TEL] 2026-06-04T19:00:05.970Z | DRIVE_TRACE_RAW | {"t":1780599605970,"seq":160,"gpsTickId":1780599605945,"gpsTickAgeMs":0,"rawLat":51.35349,"rawLng":19.373691,"accM":4,"speedKmh":49.5,"speedMs":13.8,"heading":334,"tripActive":true,"driving":true,"navigating":false,"osTimestamp":1780599605945}
06-04 21:00:05.970 I/ReactNativeJS(27948): [VROOM-TEL] 2026-06-04T19:00:05.970Z | DRIVE_API | {"allow":true,"trigger":"off_buffer","crossTrackM":76,"buffered":6,"throttleBlocked":false}
06-04 21:00:05.971 I/ReactNativeJS(27948): [VROOM-TEL] 2026-06-04T19:00:05.971Z | DRIVE_TRACE_FEED | {"t":1780599605971,"seq":161,"gpsTickId":1780599605945,"gpsTickAgeMs":1,"lat":51.352921,"lng":19.374057,"hdg":336,"durationMs":902,"speedKmh":49.5}
06-04 21:00:05.972 I/ReactNativeJS(27948): [VROOM-TEL] 2026-06-04T19:00:05.972Z | DRIVE_TRACE_TICK | {"t":1780599605972,"seq":162,"gpsTickId":1780599605945,"gpsTickAgeMs":2,"rawLat":51.35349,"rawLng":19.373691,"snapLat":51.352921,"snapLng":19.374057,"markerLat":51.352921,"markerLng":19.374057,"markerHdg":336,"markerSvLat":51.353019,"markerSvLng":19.373983,"markerSvHdg":335,"accM":4,"hudKmh":49.5,"engineKmh":0,"dopplerKmh":49.5,"feedDurMs":902,"cadenceMs":1002,"feedSpeedMs":13.8,"isNavigating":false,"isFreeDrive":true,"isMoving":true,"feedSkipGate":false,"feedAccepted":true,"feedHeadingOnly":false,"source":"drive_core_v2"}
06-04 21:00:05.972 I/ReactNativeJS(27948): [VROOM-TEL] 2026-06-04T19:00:05.972Z | GPS_ACCEPT | {"lat":51.35349,"lng":19.373691,"acc":4,"speedKmh":49.5,"gpsLock":true}
06-04 21:00:06.019 I/ReactNativeJS(27948): [VROOM-TEL] 2026-06-04T19:00:06.019Z | CAM_FOLLOW_PUSH | {"t":1780599606019,"lat":51.353014,"lng":19.373987,"hdg":346,"snapHdg":336,"speedKmh":50,"exploring":false,"source":"drive_marker_sv_60fps"}
06-04 21:00:06.104 I/ReactNativeJS(27948): [VROOM-TEL] 2026-06-04T19:00:06.104Z | DRIVE_TRACE_CAMERA | {"t":1780599606104,"seq":163,"gpsTickId":1780599605945,"gpsTickAgeMs":134,"lat":51.353005,"lng":19.373993,"hdg":354,"speedKmh":49.5,"exploring":false,"frameMoveM":0}
06-04 21:00:06.171 I/ReactNativeJS(27948): [VROOM-TEL] 2026-06-04T19:00:06.171Z | ROAD_MATCH_SOFT_APPLY_V2 | {"t":1780599606171,"pts":10,"shiftM":68}
06-04 21:00:06.171 I/ReactNativeJS(27948): [VROOM-TEL] 2026-06-04T19:00:06.171Z | ROAD_MATCH_SOFT_APPLY | {"pts":10,"shiftM":68}
06-04 21:00:06.171 I/ReactNativeJS(27948): [VROOM-TEL] 2026-06-04T19:00:06.171Z | DRIVE_API | {"allow":false,"trigger":null,"crossTrackM":3.4,"buffered":1,"throttleBlocked":true}
06-04 21:00:06.172 I/ReactNativeJS(27948): [VROOM-TEL] 2026-06-04T19:00:06.172Z | DRIVE_TRACE_FEED | {"t":1780599606172,"seq":164,"gpsTickId":1780599605945,"gpsTickAgeMs":202,"lat":51.353472,"lng":19.373644,"hdg":336,"durationMs":1200,"speedKmh":0}
06-04 21:00:06.173 I/ReactNativeJS(27948): [VROOM-TEL] 2026-06-04T19:00:06.173Z | DRIVE_TRACE_TICK | {"t":1780599606173,"seq":165,"gpsTickId":1780599605945,"gpsTickAgeMs":202,"rawLat":51.35349,"rawLng":19.373691,"snapLat":51.353472,"snapLng":19.373644,"markerLat":51.353472,"markerLng":19.373644,"markerHdg":336,"markerSvLat":51.352997,"markerSvLng":19.373999,"markerSvHdg":304,"accM":12,"hudKmh":0,"engineKmh":0,"dopplerKmh":0,"feedDurMs":1200,"cadenceMs":1002,"feedSpeedMs":0,"isNavigating":false,"isFreeDrive":true,"isMoving":true,"feedSkipGate":false,"feedAccepted":true,"feedHeadingOnly":false,"source":"drive_core_v2"}
06-04 21:00:06.444 I/ReactNativeJS(27948): [VROOM-TEL] 2026-06-04T19:00:06.444Z | DRIVE_TRACE_CAMERA | {"t":1780599606444,"seq":166,"gpsTickId":1780599605945,"gpsTickAgeMs":474,"lat":51.353082,"lng":19.373936,"hdg":336,"speedKmh":0,"exploring":false,"frameMoveM":0}
06-04 21:00:06.752 I/ReactNativeJS(27948): [VROOM-TEL] 2026-06-04T19:00:06.752Z | DRIVE_TRACE_CAMERA | {"t":1780599606752,"seq":167,"gpsTickId":1780599605945,"gpsTickAgeMs":782,"lat":51.353226,"lng":19.373828,"hdg":336,"speedKmh":0,"exploring":false,"frameMoveM":0}
06-04 21:00:06.837 I/ReactNativeJS(27948): [VROOM-TEL] 2026-06-04T19:00:06.837Z | CAMERA_HEADING | {"t":1780599606837,"speedKmh":0,"movedM":0.83,"moveBearing":335,"snapHdg":336,"headingOut":336,"flipFromPrevDeg":0,"lookaheadM":0,"nativeFollow":true}
06-04 21:00:06.837 I/ReactNativeJS(27948): [VROOM-TEL] 2026-06-04T19:00:06.837Z | CAM_FOLLOW_PUSH | {"t":1780599606837,"lat":51.35326,"lng":19.373803,"hdg":336,"snapHdg":336,"speedKmh":0,"exploring":false,"source":"drive_marker_sv_60fps"}
06-04 21:00:06.970 I/ReactNativeJS(27948): [VROOM-TEL] 2026-06-04T19:00:06.970Z | RAW_GPS_TICK | {"t":1780599606970,"gpsTickId":1780599606944,"gpsTickAgeMs":0,"lat":51.353593,"lng":19.373616,"speed":12.85,"speedKmh":46.3,"accuracy":4,"osTimestamp":1780599606944,"tripActive":true,"appState":"active"}
06-04 21:00:06.970 I/ReactNativeJS(27948): [VROOM-TEL] 2026-06-04T19:00:06.970Z | DRIVE_TRACE_RAW | {"t":1780599606970,"seq":168,"gpsTickId":1780599606944,"gpsTickAgeMs":0,"rawLat":51.353593,"rawLng":19.373616,"accM":4,"speedKmh":46.3,"speedMs":12.9,"heading":334,"tripActive":true,"driving":true,"navigating":false,"osTimestamp":1780599606944}
06-04 21:00:06.971 I/ReactNativeJS(27948): [VROOM-TEL] 2026-06-04T19:00:06.971Z | DRIVE_API | {"allow":false,"trigger":null,"crossTrackM":14.1,"buffered":2,"throttleBlocked":true}
06-04 21:00:06.971 I/ReactNativeJS(27948): [VROOM-TEL] 2026-06-04T19:00:06.971Z | DRIVE_TRACE_FEED | {"t":1780599606971,"seq":169,"gpsTickId":1780599606944,"gpsTickAgeMs":1,"lat":51.353475,"lng":19.373642,"hdg":336,"durationMs":901,"speedKmh":46.3}
06-04 21:00:06.972 I/ReactNativeJS(27948): [VROOM-TEL] 2026-06-04T19:00:06.972Z | DRIVE_TRACE_TICK | {"t":1780599606972,"seq":170,"gpsTickId":1780599606944,"gpsTickAgeMs":2,"rawLat":51.353593,"rawLng":19.373616,"snapLat":51.353475,"snapLng":19.373642,"markerLat":51.353475,"markerLng":19.373642,"markerHdg":336,"markerSvLat":51.353312,"markerSvLng":19.373764,"markerSvHdg":325,"accM":4,"hudKmh":46.3,"engineKmh":0.6,"dopplerKmh":46.3,"feedDurMs":901,"cadenceMs":1001,"feedSpeedMs":12.9,"isNavigating":false,"isFreeDrive":true,"isMoving":true,"feedSkipGate":false,"feedAccepted":true,"feedHeadingOnly":false,"source":"drive_core_v2"}
06-04 21:00:06.972 I/ReactNativeJS(27948): [VROOM-TEL] 2026-06-04T19:00:06.972Z | GPS_ACCEPT | {"lat":51.353593,"lng":19.373616,"acc":4,"speedKmh":46.3,"gpsLock":true}
06-04 21:00:07.053 I/ReactNativeJS(27948): [VROOM-TEL] 2026-06-04T19:00:07.053Z | DRIVE_TRACE_CAMERA | {"t":1780599607053,"seq":171,"gpsTickId":1780599606944,"gpsTickAgeMs":83,"lat":51.353327,"lng":19.373753,"hdg":335,"speedKmh":46.3,"exploring":false,"frameMoveM":0}
06-04 21:00:07.353 I/ReactNativeJS(27948): [VROOM-TEL] 2026-06-04T19:00:07.353Z | DRIVE_TRACE_CAMERA | {"t":1780599607353,"seq":172,"gpsTickId":1780599606944,"gpsTickAgeMs":383,"lat":51.353381,"lng":19.373712,"hdg":335,"speedKmh":46.3,"exploring":false,"frameMoveM":0}
06-04 21:00:07.652 I/ReactNativeJS(27948): [VROOM-TEL] 2026-06-04T19:00:07.652Z | CAM_FOLLOW_PUSH | {"t":1780599607652,"lat":51.353435,"lng":19.373672,"hdg":335,"snapHdg":336,"speedKmh":46,"exploring":false,"source":"drive_marker_sv_60fps"}
06-04 21:00:07.669 I/ReactNativeJS(27948): [VROOM-TEL] 2026-06-04T19:00:07.669Z | DRIVE_TRACE_CAMERA | {"t":1780599607669,"seq":173,"gpsTickId":1780599606944,"gpsTickAgeMs":699,"lat":51.353438,"lng":19.37367,"hdg":335,"speedKmh":46.3,"exploring":false,"frameMoveM":0}
06-04 21:00:07.959 I/ReactNativeJS(27948): [VROOM-TEL] 2026-06-04T19:00:07.959Z | RAW_GPS_TICK | {"t":1780599607959,"gpsTickId":1780599607946,"gpsTickAgeMs":0,"lat":51.353675,"lng":19.373558,"speed":10.43,"speedKmh":37.5,"accuracy":4,"osTimestamp":1780599607946,"tripActive":true,"appState":"active"}
06-04 21:00:07.959 I/ReactNativeJS(27948): [VROOM-TEL] 2026-06-04T19:00:07.959Z | DRIVE_TRACE_RAW | {"t":1780599607959,"seq":174,"gpsTickId":1780599607946,"gpsTickAgeMs":0,"rawLat":51.353675,"rawLng":19.373558,"accM":4,"speedKmh":37.5,"speedMs":10.4,"heading":334,"tripActive":true,"driving":true,"navigating":false,"osTimestamp":1780599607946}
06-04 21:00:07.959 I/ReactNativeJS(27948): [VROOM-TEL] 2026-06-04T19:00:07.959Z | DRIVE_API | {"allow":false,"trigger":null,"crossTrackM":25.1,"buffered":3,"throttleBlocked":true}
06-04 21:00:07.961 I/ReactNativeJS(27948): [VROOM-TEL] 2026-06-04T19:00:07.961Z | DRIVE_TRACE_FEED | {"t":1780599607961,"seq":175,"gpsTickId":1780599607946,"gpsTickAgeMs":2,"lat":51.353475,"lng":19.373642,"hdg":336,"durationMs":897,"speedKmh":37.5}
06-04 21:00:07.961 I/ReactNativeJS(27948): [VROOM-TEL] 2026-06-04T19:00:07.961Z | TRIP_SEGMENT_REJECT | {"t":1780599607961,"reason":"jitter","dtSec":1,"speedKmh":37.5}
06-04 21:00:07.961 I/ReactNativeJS(27948): [VROOM-TEL] 2026-06-04T19:00:07.961Z | DRIVE_TRACE_TICK | {"t":1780599607961,"seq":176,"gpsTickId":1780599607946,"gpsTickAgeMs":2,"rawLat":51.353675,"rawLng":19.373558,"snapLat":51.353475,"snapLng":19.373642,"markerLat":51.353475,"markerLng":19.373642,"markerHdg":336,"markerSvLat":51.353475,"markerSvLng":19.373642,"markerSvHdg":335,"accM":4,"hudKmh":37.5,"engineKmh":0.6,"dopplerKmh":37.5,"feedDurMs":897,"cadenceMs":997,"feedSpeedMs":10.4,"isNavigating":false,"isFreeDrive":true,"isMoving":true,"feedSkipGate":false,"feedAccepted":true,"feedHeadingOnly":false,"source":"drive_core_v2"}
06-04 21:00:07.961 I/ReactNativeJS(27948): [VROOM-TEL] 2026-06-04T19:00:07.961Z | GPS_ACCEPT | {"lat":51.353675,"lng":19.373558,"acc":4,"speedKmh":37.5,"gpsLock":true}
06-04 21:00:07.985 I/ReactNativeJS(27948): [VROOM-TEL] 2026-06-04T19:00:07.985Z | CAMERA_HEADING | {"t":1780599607985,"speedKmh":38,"movedM":0.17,"moveBearing":335,"snapHdg":335,"headingOut":335,"flipFromPrevDeg":0,"lookaheadM":33,"nativeFollow":true}
06-04 21:00:07.985 I/ReactNativeJS(27948): [VROOM-TEL] 2026-06-04T19:00:07.985Z | DRIVE_TRACE_CAMERA | {"t":1780599607985,"seq":177,"gpsTickId":1780599607946,"gpsTickAgeMs":26,"lat":51.353476,"lng":19.373641,"hdg":335,"speedKmh":37.5,"exploring":false,"frameMoveM":0}
06-04 21:00:08.285 I/ReactNativeJS(27948): [VROOM-TEL] 2026-06-04T19:00:08.285Z | DRIVE_TRACE_CAMERA | {"t":1780599608285,"seq":178,"gpsTickId":1780599607946,"gpsTickAgeMs":326,"lat":51.353502,"lng":19.373622,"hdg":335,"speedKmh":37.5,"exploring":false,"frameMoveM":0}
06-04 21:00:08.460 I/ReactNativeJS(27948): [VROOM-TEL] 2026-06-04T19:00:08.460Z | CAM_FOLLOW_PUSH | {"t":1780599608460,"lat":51.353512,"lng":19.373615,"hdg":341,"snapHdg":336,"speedKmh":38,"exploring":false,"source":"drive_marker_sv_60fps"}
06-04 21:00:08.586 I/ReactNativeJS(27948): [VROOM-TEL] 2026-06-04T19:00:08.586Z | DRIVE_TRACE_CAMERA | {"t":1780599608586,"seq":179,"gpsTickId":1780599607946,"gpsTickAgeMs":627,"lat":51.353527,"lng":19.373603,"hdg":335,"speedKmh":37.5,"exploring":false,"frameMoveM":0}
06-04 21:00:08.687 I/ReactNativeJS(27948): [VROOM-TEL] 2026-06-04T19:00:08.687Z | DRIVE_HEALTH | {"t":1780599608687,"mode":"driving","speedHudKmh":37.5,"speedPipeKmh":37.5,"gpsAgeMs":728,"drAgeMs":726,"gpsToDriftM":23,"snapAnchorDriftM":0,"offRoute":false,"reroutePending":false,"rerouteLoading":false,"hasRoutePts":0}
06-04 21:00:08.687 I/ReactNativeJS(27948): [VROOM-TEL] 2026-06-04T19:00:08.687Z | DRIVE_TRACE_HEARTBEAT | {"t":1780599608687,"seq":180,"gpsTickId":1780599607946,"gpsTickAgeMs":728,"driving":true,"navigating":false,"tripActive":true,"lat":51.3536746,"lng":19.3735576,"gpsAgeMs":728}
06-04 21:00:09.007 I/ReactNativeJS(27948): [VROOM-TEL] 2026-06-04T19:00:09.007Z | RAW_GPS_TICK | {"t":1780599609007,"gpsTickId":1780599608946,"gpsTickAgeMs":0,"lat":51.353732,"lng":19.373511,"speed":7.53,"speedKmh":27.1,"accuracy":4,"osTimestamp":1780599608946,"tripActive":true,"appState":"active"}
06-04 21:00:09.007 I/ReactNativeJS(27948): [VROOM-TEL] 2026-06-04T19:00:09.007Z | DRIVE_TRACE_RAW | {"t":1780599609007,"seq":181,"gpsTickId":1780599608946,"gpsTickAgeMs":0,"rawLat":51.353732,"rawLng":19.373511,"accM":4,"speedKmh":27.1,"speedMs":7.5,"heading":334,"tripActive":true,"driving":true,"navigating":false,"osTimestamp":1780599608946}
06-04 21:00:09.007 I/ReactNativeJS(27948): [VROOM-TEL] 2026-06-04T19:00:09.007Z | ROAD_MATCH_SKIP_TRUNCATED | {"t":1780599609007,"pts":2,"prevPts":10,"shiftM":192}
06-04 21:00:09.007 I/ReactNativeJS(27948): [VROOM-TEL] 2026-06-04T19:00:09.007Z | DRIVE_API | {"allow":false,"trigger":null,"crossTrackM":0,"buffered":4,"throttleBlocked":true}
06-04 21:00:09.008 I/ReactNativeJS(27948): [VROOM-TEL] 2026-06-04T19:00:09.008Z | DRIVE_TRACE_FEED | {"t":1780599609008,"seq":182,"gpsTickId":1780599608946,"gpsTickAgeMs":1,"lat":51.353475,"lng":19.373642,"hdg":335,"durationMs":914,"speedKmh":27.1}
06-04 21:00:09.008 I/ReactNativeJS(27948): [VROOM-TEL] 2026-06-04T19:00:09.008Z | DRIVE_TRACE_TICK | {"t":1780599609008,"seq":183,"gpsTickId":1780599608946,"gpsTickAgeMs":1,"rawLat":51.353732,"rawLng":19.373511,"snapLat":51.353475,"snapLng":19.373642,"markerLat":51.353475,"markerLng":19.373642,"markerHdg":335,"markerSvLat":51.35355,"markerSvLng":19.373586,"markerSvHdg":335,"accM":4,"hudKmh":27.1,"engineKmh":0.6,"dopplerKmh":27.1,"feedDurMs":914,"cadenceMs":1015,"feedSpeedMs":7.5,"isNavigating":false,"isFreeDrive":true,"isMoving":true,"feedSkipGate":false,"feedAccepted":true,"feedHeadingOnly":false,"source":"drive_core_v2"}
06-04 21:00:09.008 I/ReactNativeJS(27948): [VROOM-TEL] 2026-06-04T19:00:09.008Z | GPS_ACCEPT | {"lat":51.353732,"lng":19.373511,"acc":4,"speedKmh":27.1,"gpsLock":true}
06-04 21:00:09.070 I/ReactNativeJS(27948): [VROOM-TEL] 2026-06-04T19:00:09.070Z | DRIVE_TRACE_CAMERA | {"t":1780599609070,"seq":184,"gpsTickId":1780599608946,"gpsTickAgeMs":63,"lat":51.353548,"lng":19.373588,"hdg":329,"speedKmh":27.1,"exploring":false,"frameMoveM":0}
06-04 21:00:09.093 I/ReactNativeJS(27948): [VROOM-TEL] 2026-06-04T19:00:09.093Z | CAMERA_HEADING | {"t":1780599609093,"speedKmh":27,"movedM":0.18,"moveBearing":155,"snapHdg":329,"headingOut":317,"flipFromPrevDeg":10,"lookaheadM":24,"nativeFollow":true}
06-04 21:00:09.282 I/ReactNativeJS(27948): [VROOM-TEL] 2026-06-04T19:00:09.282Z | CAM_FOLLOW_PUSH | {"t":1780599609282,"lat":51.353529,"lng":19.373602,"hdg":335,"snapHdg":335,"speedKmh":27,"exploring":false,"source":"drive_marker_sv_60fps"}
06-04 21:00:09.385 I/ReactNativeJS(27948): [VROOM-TEL] 2026-06-04T19:00:09.385Z | DRIVE_TRACE_CAMERA | {"t":1780599609385,"seq":185,"gpsTickId":1780599608946,"gpsTickAgeMs":378,"lat":51.353519,"lng":19.373609,"hdg":324,"speedKmh":27.1,"exploring":false,"frameMoveM":0}
06-04 21:00:09.569 I/ReactNativeJS(27948): [VROOM-TEL] 2026-06-04T19:00:09.569Z | TRIP_SEGMENT_STATS | {"t":1780599609569,"totalDistanceKm":0.228,"acceptedMain":9,"acceptedMainKm":0.156,"fallbackAccepted":5,"fallbackKm":0.072,"derivedSpeedUsed":3,"derivedSpeedRejected":0,"lowSpeedDropped":0,"zeroMove":0,"rejectedTotal":21,"rejectedJitter":15,"rejectedJump":0,"rejectedStaleGap":0,"rejectedMinSpeed":1,"rejectedAccuracy":0,"rejectedImpossible":5,"rejectedInvalidTime":0}
06-04 21:00:09.707 I/ReactNativeJS(27948): [VROOM-TEL] 2026-06-04T19:00:09.707Z | DRIVE_TRACE_CAMERA | {"t":1780599609707,"seq":186,"gpsTickId":1780599608946,"gpsTickAgeMs":700,"lat":51.353497,"lng":19.373625,"hdg":324,"speedKmh":27.1,"exploring":false,"frameMoveM":0}
06-04 21:00:10.072 I/ReactNativeJS(27948): [VROOM-TEL] 2026-06-04T19:00:10.072Z | DRIVE_TRACE_CAMERA | {"t":1780599610072,"seq":187,"gpsTickId":1780599608946,"gpsTickAgeMs":1065,"lat":51.353475,"lng":19.373642,"hdg":330,"speedKmh":27.1,"exploring":false,"frameMoveM":0}
06-04 21:00:10.087 I/ReactNativeJS(27948): [VROOM-TEL] 2026-06-04T19:00:10.087Z | CAM_FOLLOW_PUSH | {"t":1780599610087,"lat":51.353475,"lng":19.373642,"hdg":330,"snapHdg":335,"speedKmh":27,"exploring":false,"source":"drive_marker_sv_60fps"}
06-04 21:00:10.202 I/ReactNativeJS(27948): [VROOM-TEL] 2026-06-04T19:00:10.202Z | CAMERA_HEADING | {"t":1780599610202,"speedKmh":27,"movedM":0,"moveBearing":null,"snapHdg":330,"headingOut":46,"flipFromPrevDeg":10,"lookaheadM":24,"nativeFollow":true}
06-04 21:00:10.386 I/ReactNativeJS(27948): [VROOM-TEL] 2026-06-04T19:00:10.386Z | DRIVE_TRACE_CAMERA | {"t":1780599610386,"seq":188,"gpsTickId":1780599608946,"gpsTickAgeMs":1379,"lat":51.353475,"lng":19.373642,"hdg":330,"speedKmh":27.1,"exploring":false,"frameMoveM":0}
06-04 21:00:10.702 I/ReactNativeJS(27948): [VROOM-TEL] 2026-06-04T19:00:10.702Z | DRIVE_TRACE_CAMERA | {"t":1780599610702,"seq":189,"gpsTickId":1780599608946,"gpsTickAgeMs":1695,"lat":51.353475,"lng":19.373642,"hdg":330,"speedKmh":27.1,"exploring":false,"frameMoveM":0}
06-04 21:00:10.902 I/ReactNativeJS(27948): [VROOM-TEL] 2026-06-04T19:00:10.902Z | CAM_FOLLOW_PUSH | {"t":1780599610902,"lat":51.353475,"lng":19.373642,"hdg":330,"snapHdg":335,"speedKmh":27,"exploring":false,"source":"drive_marker_sv_60fps"}
06-04 21:00:10.975 I/ReactNativeJS(27948): [VROOM-TEL] 2026-06-04T19:00:10.975Z | RAW_GPS_TICK | {"t":1780599610975,"gpsTickId":1780599610945,"gpsTickAgeMs":0,"lat":51.353794,"lng":19.373462,"speed":3.09,"speedKmh":11.1,"accuracy":4,"osTimestamp":1780599610945,"tripActive":true,"appState":"active"}
06-04 21:00:10.975 I/ReactNativeJS(27948): [VROOM-TEL] 2026-06-04T19:00:10.975Z | DRIVE_TRACE_RAW | {"t":1780599610975,"seq":190,"gpsTickId":1780599610945,"gpsTickAgeMs":0,"rawLat":51.353794,"rawLng":19.373462,"accM":4,"speedKmh":11.1,"speedMs":3.1,"heading":333,"tripActive":true,"driving":true,"navigating":false,"osTimestamp":1780599610945}
06-04 21:00:10.976 I/ReactNativeJS(27948): [VROOM-TEL] 2026-06-04T19:00:10.976Z | DRIVE_API | {"allow":true,"trigger":"off_buffer","crossTrackM":41.7,"buffered":5,"throttleBlocked":false}
06-04 21:00:10.976 I/ReactNativeJS(27948): [VROOM-TEL] 2026-06-04T19:00:10.976Z | DRIVE_TRACE_FEED | {"t":1780599610976,"seq":191,"gpsTickId":1780599610945,"gpsTickAgeMs":1,"lat":51.353475,"lng":19.373642,"hdg":333,"durationMs":1214,"speedKmh":11.1}
06-04 21:00:10.977 I/ReactNativeJS(27948): [VROOM-TEL] 2026-06-04T19:00:10.977Z | DRIVE_TRACE_TICK | {"t":1780599610977,"seq":192,"gpsTickId":1780599610945,"gpsTickAgeMs":2,"rawLat":51.353794,"rawLng":19.373462,"snapLat":51.353475,"snapLng":19.373642,"markerLat":51.353475,"markerLng":19.373642,"markerHdg":333,"markerSvLat":51.353475,"markerSvLng":19.373642,"markerSvHdg":7,"accM":4,"hudKmh":11.1,"engineKmh":2,"dopplerKmh":11.1,"feedDurMs":1214,"cadenceMs":1349,"feedSpeedMs":3.1,"isNavigating":false,"isFreeDrive":true,"isMoving":true,"feedSkipGate":false,"feedAccepted":true,"feedHeadingOnly":false,"source":"drive_core_v2"}
06-04 21:00:10.977 I/ReactNativeJS(27948): [VROOM-TEL] 2026-06-04T19:00:10.977Z | GPS_ACCEPT | {"lat":51.353794,"lng":19.373462,"acc":4,"speedKmh":14,"gpsLock":true}
06-04 21:00:11.019 I/ReactNativeJS(27948): [VROOM-TEL] 2026-06-04T19:00:11.018Z | DRIVE_TRACE_CAMERA | {"t":1780599611018,"seq":193,"gpsTickId":1780599610945,"gpsTickAgeMs":43,"lat":51.353475,"lng":19.373642,"hdg":333,"speedKmh":11.1,"exploring":false,"frameMoveM":0}
06-04 21:00:11.309 I/ReactNativeJS(27948): [VROOM-TEL] 2026-06-04T19:00:11.309Z | CAMERA_HEADING | {"t":1780599611309,"speedKmh":11,"movedM":0.1,"moveBearing":null,"snapHdg":333,"headingOut":333,"flipFromPrevDeg":0,"lookaheadM":0,"nativeFollow":true}
06-04 21:00:11.330 I/ReactNativeJS(27948): [VROOM-TEL] 2026-06-04T19:00:11.330Z | DRIVE_TRACE_CAMERA | {"t":1780599611330,"seq":194,"gpsTickId":1780599610945,"gpsTickAgeMs":355,"lat":51.353483,"lng":19.373636,"hdg":333,"speedKmh":11.1,"exploring":false,"frameMoveM":0}
06-04 21:00:11.376 I/ReactNativeJS(27948): [VROOM-TEL] 2026-06-04T19:00:11.376Z | ROAD_MATCH_SOFT_APPLY_V2 | {"t":1780599611376,"pts":6,"shiftM":68}
06-04 21:00:11.376 I/ReactNativeJS(27948): [VROOM-TEL] 2026-06-04T19:00:11.376Z | ROAD_MATCH_SOFT_APPLY | {"pts":6,"shiftM":68}
06-04 21:00:11.376 I/ReactNativeJS(27948): [VROOM-TEL] 2026-06-04T19:00:11.376Z | DRIVE_API | {"allow":false,"trigger":null,"crossTrackM":3.3,"buffered":1,"throttleBlocked":true}
06-04 21:00:11.377 I/ReactNativeJS(27948): [VROOM-TEL] 2026-06-04T19:00:11.377Z | DRIVE_TRACE_FEED | {"t":1780599611377,"seq":195,"gpsTickId":1780599610945,"gpsTickAgeMs":402,"lat":51.353716,"lng":19.373462,"hdg":333,"durationMs":1200,"speedKmh":2}
06-04 21:00:11.377 I/ReactNativeJS(27948): [VROOM-TEL] 2026-06-04T19:00:11.377Z | DRIVE_TRACE_TICK | {"t":1780599611377,"seq":196,"gpsTickId":1780599610945,"gpsTickAgeMs":402,"rawLat":51.353794,"rawLng":19.373462,"snapLat":51.353716,"snapLng":19.373462,"markerLat":51.353716,"markerLng":19.373462,"markerHdg":333,"markerSvLat":51.353484,"markerSvLng":19.373635,"markerSvHdg":333,"accM":12,"hudKmh":2,"engineKmh":2,"dopplerKmh":0,"feedDurMs":1200,"cadenceMs":1349,"feedSpeedMs":0.6,"isNavigating":false,"isFreeDrive":true,"isMoving":true,"feedSkipGate":false,"feedAccepted":true,"feedHeadingOnly":false,"source":"drive_core_v2"}
06-04 21:00:11.637 I/ReactNativeJS(27948): [VROOM-TEL] 2026-06-04T19:00:11.637Z | DRIVE_TRACE_CAMERA | {"t":1780599611637,"seq":197,"gpsTickId":1780599610945,"gpsTickAgeMs":662,"lat":51.353534,"lng":19.373598,"hdg":333,"speedKmh":0,"exploring":false,"frameMoveM":0}
06-04 21:00:11.702 I/ReactNativeJS(27948): [VROOM-TEL] 2026-06-04T19:00:11.702Z | CAM_FOLLOW_PUSH | {"t":1780599611702,"lat":51.353547,"lng":19.373588,"hdg":333,"snapHdg":333,"speedKmh":0,"exploring":false,"source":"drive_marker_sv_60fps"}
06-04 21:00:11.940 I/ReactNativeJS(27948): [VROOM-TEL] 2026-06-04T19:00:11.940Z | DRIVE_TRACE_CAMERA | {"t":1780599611940,"seq":198,"gpsTickId":1780599610945,"gpsTickAgeMs":965,"lat":51.353592,"lng":19.373554,"hdg":333,"speedKmh":0,"exploring":false,"frameMoveM":0}
06-04 21:00:12.252 I/ReactNativeJS(27948): [VROOM-TEL] 2026-06-04T19:00:12.252Z | DRIVE_TRACE_CAMERA | {"t":1780599612252,"seq":199,"gpsTickId":1780599610945,"gpsTickAgeMs":1277,"lat":51.353653,"lng":19.373509,"hdg":333,"speedKmh":0,"exploring":false,"frameMoveM":0}
06-04 21:00:12.419 I/ReactNativeJS(27948): [VROOM-TEL] 2026-06-04T19:00:12.419Z | CAMERA_HEADING | {"t":1780599612419,"speedKmh":0,"movedM":0.4,"moveBearing":335,"snapHdg":333,"headingOut":333,"flipFromPrevDeg":0,"lookaheadM":0,"nativeFollow":true}
06-04 21:00:12.503 I/ReactNativeJS(27948): [VROOM-TEL] 2026-06-04T19:00:12.502Z | CAM_FOLLOW_PUSH | {"t":1780599612502,"lat":51.353701,"lng":19.373473,"hdg":333,"snapHdg":333,"speedKmh":0,"exploring":false,"source":"drive_marker_sv_60fps"}
06-04 21:00:12.552 I/ReactNativeJS(27948): [VROOM-TEL] 2026-06-04T19:00:12.552Z | DRIVE_TRACE_CAMERA | {"t":1780599612552,"seq":200,"gpsTickId":1780599610945,"gpsTickAgeMs":1577,"lat":51.353711,"lng":19.373466,"hdg":333,"speedKmh":0,"exploring":false,"frameMoveM":0}
06-04 21:00:13.701 I/ReactNativeJS(27948): [VROOM-TEL] 2026-06-04T19:00:13.701Z | DRIVE_TRACE_HEARTBEAT | {"t":1780599613701,"seq":201,"gpsTickId":1780599610945,"gpsTickAgeMs":2726,"driving":true,"navigating":false,"tripActive":true,"lat":51.3537939,"lng":19.3734621,"gpsAgeMs":2726}
06-04 21:00:14.015 I/ReactNativeJS(27948): [VROOM-TEL] 2026-06-04T19:00:14.015Z | CAMERA_HEADING | {"t":1780599614015,"speedKmh":0,"movedM":0,"moveBearing":null,"snapHdg":333,"headingOut":333,"flipFromPrevDeg":0,"lookaheadM":0,"nativeFollow":true}
06-04 21:00:15.256 I/ReactNativeJS(27948): [VROOM-TEL] 2026-06-04T19:00:15.256Z | CAMERA_HEADING | {"t":1780599615256,"speedKmh":0,"movedM":0,"moveBearing":null,"snapHdg":333,"headingOut":333,"flipFromPrevDeg":0,"lookaheadM":0,"nativeFollow":true}
06-04 21:00:16.740 I/ReactNativeJS(27948): [VROOM-TEL] 2026-06-04T19:00:16.740Z | CAMERA_HEADING | {"t":1780599616740,"speedKmh":0,"movedM":0,"moveBearing":null,"snapHdg":333,"headingOut":333,"flipFromPrevDeg":0,"lookaheadM":0,"nativeFollow":true}
06-04 21:00:16.963 I/ReactNativeJS(27948): [VROOM-TEL] 2026-06-04T19:00:16.963Z | RAW_GPS_TICK | {"t":1780599616963,"gpsTickId":1780599616945,"gpsTickAgeMs":0,"lat":51.353836,"lng":19.373406,"speed":2.59,"speedKmh":9.3,"accuracy":4,"osTimestamp":1780599616945,"tripActive":true,"appState":"active"}
06-04 21:00:16.963 I/ReactNativeJS(27948): [VROOM-TEL] 2026-06-04T19:00:16.963Z | DRIVE_TRACE_RAW | {"t":1780599616963,"seq":202,"gpsTickId":1780599616945,"gpsTickAgeMs":0,"rawLat":51.353836,"rawLng":19.373406,"accM":4,"speedKmh":9.3,"speedMs":2.6,"heading":312,"tripActive":true,"driving":true,"navigating":false,"osTimestamp":1780599616945}
06-04 21:00:16.964 I/ReactNativeJS(27948): [VROOM-TEL] 2026-06-04T19:00:16.964Z | ROAD_MATCH_SOFT_APPLY_V2 | {"t":1780599616964,"pts":2,"shiftM":229}
06-04 21:00:16.964 I/ReactNativeJS(27948): [VROOM-TEL] 2026-06-04T19:00:16.964Z | ROAD_MATCH_SOFT_APPLY | {"pts":2,"shiftM":229}
06-04 21:00:16.966 I/ReactNativeJS(27948): [VROOM-TEL] 2026-06-04T19:00:16.966Z | DRIVE_TRACE_FEED | {"t":1780599616966,"seq":203,"gpsTickId":1780599616945,"gpsTickAgeMs":3,"lat":51.353744,"lng":19.373441,"hdg":328,"durationMs":1200,"speedKmh":9.3}
06-04 21:00:16.967 I/ReactNativeJS(27948): [VROOM-TEL] 2026-06-04T19:00:16.967Z | DRIVE_TRACE_TICK | {"t":1780599616967,"seq":204,"gpsTickId":1780599616945,"gpsTickAgeMs":4,"rawLat":51.353836,"rawLng":19.373406,"snapLat":51.353744,"snapLng":19.373441,"markerLat":51.353744,"markerLng":19.373441,"markerHdg":328,"markerSvLat":51.353716,"markerSvLng":19.373462,"markerSvHdg":333,"accM":4,"hudKmh":9.3,"engineKmh":2.6,"dopplerKmh":9.3,"feedDurMs":1200,"cadenceMs":1349,"feedSpeedMs":2.6,"isNavigating":false,"isFreeDrive":true,"isMoving":true,"feedSkipGate":false,"feedAccepted":true,"feedHeadingOnly":false,"source":"drive_core_v2"}
06-04 21:00:16.967 I/ReactNativeJS(27948): [VROOM-TEL] 2026-06-04T19:00:16.967Z | GPS_ACCEPT | {"lat":51.353836,"lng":19.373406,"acc":4,"speedKmh":9.3,"gpsLock":true}
06-04 21:00:17.006 I/ReactNativeJS(27948): [VROOM-TEL] 2026-06-04T19:00:17.006Z | CAM_FOLLOW_PUSH | {"t":1780599617006,"lat":51.353716,"lng":19.373462,"hdg":328,"snapHdg":328,"speedKmh":9,"exploring":false,"source":"drive_marker_sv_60fps"}
06-04 21:00:17.006 I/ReactNativeJS(27948): [VROOM-TEL] 2026-06-04T19:00:17.006Z | DRIVE_TRACE_CAMERA | {"t":1780599617006,"seq":205,"gpsTickId":1780599616945,"gpsTickAgeMs":43,"lat":51.353716,"lng":19.373462,"hdg":328,"speedKmh":9.3,"exploring":false,"frameMoveM":0}
06-04 21:00:17.317 I/ReactNativeJS(27948): [VROOM-TEL] 2026-06-04T19:00:17.317Z | DRIVE_TRACE_CAMERA | {"t":1780599617317,"seq":206,"gpsTickId":1780599616945,"gpsTickAgeMs":354,"lat":51.353724,"lng":19.373456,"hdg":328,"speedKmh":9.3,"exploring":false,"frameMoveM":0}
06-04 21:00:17.617 I/ReactNativeJS(27948): [VROOM-TEL] 2026-06-04T19:00:17.617Z | DRIVE_TRACE_CAMERA | {"t":1780599617617,"seq":207,"gpsTickId":1780599616945,"gpsTickAgeMs":654,"lat":51.353731,"lng":19.37345,"hdg":328,"speedKmh":9.3,"exploring":false,"frameMoveM":0}
06-04 21:00:17.817 I/ReactNativeJS(27948): [VROOM-TEL] 2026-06-04T19:00:17.817Z | CAM_FOLLOW_PUSH | {"t":1780599617817,"lat":51.353736,"lng":19.373447,"hdg":328,"snapHdg":328,"speedKmh":9,"exploring":false,"source":"drive_marker_sv_60fps"}
06-04 21:00:17.850 I/ReactNativeJS(27948): [VROOM-TEL] 2026-06-04T19:00:17.850Z | CAMERA_HEADING | {"t":1780599617850,"speedKmh":9,"movedM":0.05,"moveBearing":null,"snapHdg":328,"headingOut":328,"flipFromPrevDeg":0,"lookaheadM":0,"nativeFollow":true}
06-04 21:00:17.918 I/ReactNativeJS(27948): [VROOM-TEL] 2026-06-04T19:00:17.917Z | DRIVE_TRACE_CAMERA | {"t":1780599617917,"seq":208,"gpsTickId":1780599616945,"gpsTickAgeMs":954,"lat":51.353738,"lng":19.373445,"hdg":328,"speedKmh":9.3,"exploring":false,"frameMoveM":0}
06-04 21:00:18.717 I/ReactNativeJS(27948): [VROOM-TEL] 2026-06-04T19:00:18.717Z | DRIVE_TRACE_HEARTBEAT | {"t":1780599618717,"seq":209,"gpsTickId":1780599616945,"gpsTickAgeMs":1754,"driving":true,"navigating":false,"tripActive":true,"lat":51.3538358,"lng":19.3734056,"gpsAgeMs":1754}
06-04 21:00:18.972 I/ReactNativeJS(27948): [VROOM-TEL] 2026-06-04T19:00:18.972Z | CAMERA_HEADING | {"t":1780599618972,"speedKmh":9,"movedM":0,"moveBearing":null,"snapHdg":328,"headingOut":328,"flipFromPrevDeg":0,"lookaheadM":0,"nativeFollow":true}
06-04 21:00:18.974 I/ReactNativeJS(27948): [VROOM-TEL] 2026-06-04T19:00:18.974Z | RAW_GPS_TICK | {"t":1780599618974,"gpsTickId":1780599618945,"gpsTickAgeMs":0,"lat":51.353849,"lng":19.373289,"speed":4.77,"speedKmh":17.2,"accuracy":4,"osTimestamp":1780599618945,"tripActive":true,"appState":"active"}
06-04 21:00:18.974 I/ReactNativeJS(27948): [VROOM-TEL] 2026-06-04T19:00:18.974Z | DRIVE_TRACE_RAW | {"t":1780599618974,"seq":210,"gpsTickId":1780599618945,"gpsTickAgeMs":0,"rawLat":51.353849,"rawLng":19.373289,"accM":4,"speedKmh":17.2,"speedMs":4.8,"heading":270,"tripActive":true,"driving":true,"navigating":false,"osTimestamp":1780599618945}
06-04 21:00:18.975 I/ReactNativeJS(27948): [VROOM-TEL] 2026-06-04T19:00:18.975Z | DRIVE_TRACE_FEED | {"t":1780599618975,"seq":211,"gpsTickId":1780599618945,"gpsTickAgeMs":1,"lat":51.353782,"lng":19.373412,"hdg":300,"durationMs":979,"speedKmh":17.2}
06-04 21:00:18.975 I/ReactNativeJS(27948): [VROOM-TEL] 2026-06-04T19:00:18.975Z | DRIVE_TRACE_TICK | {"t":1780599618975,"seq":212,"gpsTickId":1780599618945,"gpsTickAgeMs":1,"rawLat":51.353849,"rawLng":19.373289,"snapLat":51.353782,"snapLng":19.373412,"markerLat":51.353782,"markerLng":19.373412,"markerHdg":300,"markerSvLat":51.353744,"markerSvLng":19.373441,"markerSvHdg":328,"accM":4,"hudKmh":17.2,"engineKmh":9.8,"dopplerKmh":17.2,"feedDurMs":979,"cadenceMs":1581,"feedSpeedMs":4.8,"isNavigating":false,"isFreeDrive":true,"isMoving":true,"feedSkipGate":false,"feedAccepted":true,"feedHeadingOnly":false,"source":"drive_core_v2"}
06-04 21:00:18.975 I/ReactNativeJS(27948): [VROOM-TEL] 2026-06-04T19:00:18.975Z | GPS_ACCEPT | {"lat":51.353849,"lng":19.373289,"acc":4,"speedKmh":17.2,"gpsLock":true}
06-04 21:00:19.002 I/ReactNativeJS(27948): [VROOM-TEL] 2026-06-04T19:00:19.002Z | CAM_FOLLOW_PUSH | {"t":1780599619002,"lat":51.353745,"lng":19.37344,"hdg":311,"snapHdg":300,"speedKmh":17,"exploring":false,"source":"drive_marker_sv_60fps"}
06-04 21:00:19.002 I/ReactNativeJS(27948): [VROOM-TEL] 2026-06-04T19:00:19.002Z | DRIVE_TRACE_CAMERA | {"t":1780599619002,"seq":213,"gpsTickId":1780599618945,"gpsTickAgeMs":28,"lat":51.353745,"lng":19.37344,"hdg":311,"speedKmh":17.2,"exploring":false,"frameMoveM":0}
06-04 21:00:19.320 I/ReactNativeJS(27948): [VROOM-TEL] 2026-06-04T19:00:19.320Z | DRIVE_TRACE_CAMERA | {"t":1780599619320,"seq":214,"gpsTickId":1780599618945,"gpsTickAgeMs":346,"lat":51.353758,"lng":19.373431,"hdg":311,"speedKmh":17.2,"exploring":false,"frameMoveM":0}
06-04 21:00:19.634 I/ReactNativeJS(27948): [VROOM-TEL] 2026-06-04T19:00:19.634Z | DRIVE_TRACE_CAMERA | {"t":1780599619634,"seq":215,"gpsTickId":1780599618945,"gpsTickAgeMs":660,"lat":51.35377,"lng":19.373422,"hdg":311,"speedKmh":17.2,"exploring":false,"frameMoveM":0}
06-04 21:00:19.817 I/ReactNativeJS(27948): [VROOM-TEL] 2026-06-04T19:00:19.817Z | CAM_FOLLOW_PUSH | {"t":1780599619817,"lat":51.353777,"lng":19.373416,"hdg":311,"snapHdg":300,"speedKmh":17,"exploring":false,"source":"drive_marker_sv_60fps"}
06-04 21:00:19.935 I/ReactNativeJS(27948): [VROOM-TEL] 2026-06-04T19:00:19.935Z | DRIVE_TRACE_CAMERA | {"t":1780599619935,"seq":216,"gpsTickId":1780599618945,"gpsTickAgeMs":960,"lat":51.353782,"lng":19.373413,"hdg":311,"speedKmh":17.2,"exploring":false,"frameMoveM":0}
06-04 21:00:19.961 I/ReactNativeJS(27948): [VROOM-TEL] 2026-06-04T19:00:19.961Z | RAW_GPS_TICK | {"t":1780599619961,"gpsTickId":1780599619945,"gpsTickAgeMs":0,"lat":51.353831,"lng":19.37321,"speed":5.15,"speedKmh":18.5,"accuracy":4,"osTimestamp":1780599619945,"tripActive":true,"appState":"active"}
06-04 21:00:19.961 I/ReactNativeJS(27948): [VROOM-TEL] 2026-06-04T19:00:19.961Z | DRIVE_TRACE_RAW | {"t":1780599619961,"seq":217,"gpsTickId":1780599619945,"gpsTickAgeMs":0,"rawLat":51.353831,"rawLng":19.37321,"accM":4,"speedKmh":18.5,"speedMs":5.2,"heading":252,"tripActive":true,"driving":true,"navigating":false,"osTimestamp":1780599619945}
06-04 21:00:19.963 I/ReactNativeJS(27948): [VROOM-TEL] 2026-06-04T19:00:19.963Z | DRIVE_TRACE_FEED | {"t":1780599619963,"seq":218,"gpsTickId":1780599619945,"gpsTickAgeMs":2,"lat":51.353822,"lng":19.373382,"hdg":265,"durationMs":948,"speedKmh":18.5}
06-04 21:00:19.964 I/ReactNativeJS(27948): [VROOM-TEL] 2026-06-04T19:00:19.964Z | DRIVE_TRACE_TICK | {"t":1780599619964,"seq":219,"gpsTickId":1780599619945,"gpsTickAgeMs":3,"rawLat":51.353831,"rawLng":19.37321,"snapLat":51.353822,"snapLng":19.373382,"markerLat":51.353822,"markerLng":19.373382,"markerHdg":265,"markerSvLat":51.353782,"markerSvLng":19.373412,"markerSvHdg":335,"accM":4,"hudKmh":18.5,"engineKmh":18.5,"dopplerKmh":18.5,"feedDurMs":948,"cadenceMs":1373,"feedSpeedMs":5.2,"isNavigating":false,"isFreeDrive":true,"isMoving":true,"feedSkipGate":false,"feedAccepted":true,"feedHeadingOnly":false,"source":"drive_core_v2"}
06-04 21:00:19.964 I/ReactNativeJS(27948): [VROOM-TEL] 2026-06-04T19:00:19.964Z | GPS_ACCEPT | {"lat":51.353831,"lng":19.37321,"acc":4,"speedKmh":21.1,"gpsLock":true}
06-04 21:00:20.084 I/ReactNativeJS(27948): [VROOM-TEL] 2026-06-04T19:00:20.084Z | CAMERA_HEADING | {"t":1780599620084,"speedKmh":19,"movedM":0.08,"moveBearing":335,"snapHdg":276,"headingOut":335,"flipFromPrevDeg":0,"lookaheadM":14,"nativeFollow":true}
06-04 21:00:20.235 I/ReactNativeJS(27948): [VROOM-TEL] 2026-06-04T19:00:20.235Z | DRIVE_TRACE_CAMERA | {"t":1780599620235,"seq":220,"gpsTickId":1780599619945,"gpsTickAgeMs":274,"lat":51.353794,"lng":19.373404,"hdg":276,"speedKmh":18.5,"exploring":false,"frameMoveM":0}
06-04 21:00:20.536 I/ReactNativeJS(27948): [VROOM-TEL] 2026-06-04T19:00:20.536Z | DRIVE_TRACE_CAMERA | {"t":1780599620536,"seq":221,"gpsTickId":1780599619945,"gpsTickAgeMs":574,"lat":51.353806,"lng":19.373394,"hdg":276,"speedKmh":18.5,"exploring":false,"frameMoveM":0}
06-04 21:00:20.617 I/ReactNativeJS(27948): [VROOM-TEL] 2026-06-04T19:00:20.617Z | CAM_FOLLOW_PUSH | {"t":1780599620617,"lat":51.35381,"lng":19.373392,"hdg":271,"snapHdg":265,"speedKmh":19,"exploring":false,"source":"drive_marker_sv_60fps"}
06-04 21:00:20.851 I/ReactNativeJS(27948): [VROOM-TEL] 2026-06-04T19:00:20.851Z | DRIVE_TRACE_CAMERA | {"t":1780599620851,"seq":222,"gpsTickId":1780599619945,"gpsTickAgeMs":890,"lat":51.35382,"lng":19.373384,"hdg":276,"speedKmh":18.5,"exploring":false,"frameMoveM":0}
06-04 21:00:21.411 I/ReactNativeJS(27948): [VROOM-TEL] 2026-06-04T19:00:21.411Z | CAMERA_HEADING | {"t":1780599621411,"speedKmh":19,"movedM":0,"moveBearing":null,"snapHdg":328,"headingOut":328,"flipFromPrevDeg":21,"lookaheadM":14,"nativeFollow":true}
06-04 21:00:21.969 I/ReactNativeJS(27948): [VROOM-TEL] 2026-06-04T19:00:21.969Z | RAW_GPS_TICK | {"t":1780599621969,"gpsTickId":1780599621946,"gpsTickAgeMs":0,"lat":51.353788,"lng":19.373072,"speed":5.78,"speedKmh":20.8,"accuracy":4,"osTimestamp":1780599621946,"tripActive":true,"appState":"active"}
06-04 21:00:21.969 I/ReactNativeJS(27948): [VROOM-TEL] 2026-06-04T19:00:21.969Z | DRIVE_TRACE_RAW | {"t":1780599621969,"seq":223,"gpsTickId":1780599621946,"gpsTickAgeMs":0,"rawLat":51.353788,"rawLng":19.373072,"accM":4,"speedKmh":20.8,"speedMs":5.8,"heading":243,"tripActive":true,"driving":true,"navigating":false,"osTimestamp":1780599621946}
06-04 21:00:21.970 I/ReactNativeJS(27948): [VROOM-TEL] 2026-06-04T19:00:21.970Z | DRIVE_TRACE_FEED | {"t":1780599621970,"seq":224,"gpsTickId":1780599621946,"gpsTickAgeMs":1,"lat":51.353844,"lng":19.373306,"hdg":247,"durationMs":850,"speedKmh":24.8}
06-04 21:00:21.971 I/ReactNativeJS(27948): [VROOM-TEL] 2026-06-04T19:00:21.971Z | DRIVE_TRACE_TICK | {"t":1780599621971,"seq":225,"gpsTickId":1780599621946,"gpsTickAgeMs":2,"rawLat":51.353788,"rawLng":19.373072,"snapLat":51.353844,"snapLng":19.373306,"markerLat":51.353844,"markerLng":19.373306,"markerHdg":247,"markerSvLat":51.353822,"markerSvLng":19.373382,"markerSvHdg":328,"accM":4,"hudKmh":24.8,"engineKmh":24.8,"dopplerKmh":20.8,"feedDurMs":850,"cadenceMs":1595,"feedSpeedMs":6.9,"isNavigating":false,"isFreeDrive":true,"isMoving":true,"feedSkipGate":false,"feedAccepted":true,"feedHeadingOnly":false,"source":"drive_core_v2"}
06-04 21:00:21.971 I/ReactNativeJS(27948): [VROOM-TEL] 2026-06-04T19:00:21.971Z | GPS_ACCEPT | {"lat":51.353788,"lng":19.373072,"acc":4,"speedKmh":20.8,"gpsLock":true}
06-04 21:00:22.006 I/ReactNativeJS(27948): [VROOM-TEL] 2026-06-04T19:00:22.006Z | CAM_FOLLOW_PUSH | {"t":1780599622006,"lat":51.353823,"lng":19.37338,"hdg":253,"snapHdg":247,"speedKmh":25,"exploring":false,"source":"drive_marker_sv_60fps"}
06-04 21:00:22.006 I/ReactNativeJS(27948): [VROOM-TEL] 2026-06-04T19:00:22.006Z | DRIVE_TRACE_CAMERA | {"t":1780599622006,"seq":226,"gpsTickId":1780599621946,"gpsTickAgeMs":37,"lat":51.353823,"lng":19.37338,"hdg":253,"speedKmh":24.8,"exploring":false,"frameMoveM":0}
06-04 21:00:22.318 I/ReactNativeJS(27948): [VROOM-TEL] 2026-06-04T19:00:22.318Z | DRIVE_TRACE_CAMERA | {"t":1780599622318,"seq":227,"gpsTickId":1780599621946,"gpsTickAgeMs":349,"lat":51.353831,"lng":19.373351,"hdg":258,"speedKmh":24.8,"exploring":false,"frameMoveM":0}
06-04 21:00:22.517 I/ReactNativeJS(27948): [VROOM-TEL] 2026-06-04T19:00:22.517Z | CAMERA_HEADING | {"t":1780599622517,"speedKmh":25,"movedM":0.11,"moveBearing":294,"snapHdg":258,"headingOut":294,"flipFromPrevDeg":0,"lookaheadM":22,"nativeFollow":true}
06-04 21:00:22.637 I/ReactNativeJS(27948): [VROOM-TEL] 2026-06-04T19:00:22.637Z | DRIVE_TRACE_CAMERA | {"t":1780599622637,"seq":228,"gpsTickId":1780599621946,"gpsTickAgeMs":668,"lat":51.353838,"lng":19.373327,"hdg":258,"speedKmh":24.8,"exploring":false,"frameMoveM":0}
06-04 21:00:22.817 I/ReactNativeJS(27948): [VROOM-TEL] 2026-06-04T19:00:22.817Z | CAM_FOLLOW_PUSH | {"t":1780599622817,"lat":51.353844,"lng":19.373306,"hdg":258,"snapHdg":247,"speedKmh":25,"exploring":false,"source":"drive_marker_sv_60fps"}
06-04 21:00:22.950 I/ReactNativeJS(27948): [VROOM-TEL] 2026-06-04T19:00:22.950Z | DRIVE_TRACE_CAMERA | {"t":1780599622950,"seq":229,"gpsTickId":1780599621946,"gpsTickAgeMs":981,"lat":51.353845,"lng":19.373303,"hdg":247,"speedKmh":24.8,"exploring":false,"frameMoveM":0}
06-04 21:00:22.972 I/ReactNativeJS(27948): [VROOM-TEL] 2026-06-04T19:00:22.972Z | RAW_GPS_TICK | {"t":1780599622972,"gpsTickId":1780599622945,"gpsTickAgeMs":0,"lat":51.353761,"lng":19.372978,"speed":7.03,"speedKmh":25.3,"accuracy":4,"osTimestamp":1780599622945,"tripActive":true,"appState":"active"}
06-04 21:00:22.973 I/ReactNativeJS(27948): [VROOM-TEL] 2026-06-04T19:00:22.973Z | DRIVE_TRACE_RAW | {"t":1780599622973,"seq":230,"gpsTickId":1780599622945,"gpsTickAgeMs":1,"rawLat":51.353761,"rawLng":19.372978,"accM":4,"speedKmh":25.3,"speedMs":7,"heading":244,"tripActive":true,"driving":true,"navigating":false,"osTimestamp":1780599622945}
06-04 21:00:22.975 I/ReactNativeJS(27948): [VROOM-TEL] 2026-06-04T19:00:22.975Z | DRIVE_TRACE_FEED | {"t":1780599622975,"seq":231,"gpsTickId":1780599622945,"gpsTickAgeMs":3,"lat":51.353828,"lng":19.373218,"hdg":245,"durationMs":816,"speedKmh":28.1}
06-04 21:00:22.975 I/ReactNativeJS(27948): [VROOM-TEL] 2026-06-04T19:00:22.975Z | DRIVE_TRACE_TICK | {"t":1780599622975,"seq":232,"gpsTickId":1780599622945,"gpsTickAgeMs":3,"rawLat":51.353761,"rawLng":19.372978,"snapLat":51.353828,"snapLng":19.373218,"markerLat":51.353828,"markerLng":19.373218,"markerHdg":245,"markerSvLat":51.353845,"markerSvLng":19.373303,"markerSvHdg":314,"accM":4,"hudKmh":28.1,"engineKmh":28.1,"dopplerKmh":25.3,"feedDurMs":816,"cadenceMs":1388,"feedSpeedMs":7.8,"isNavigating":false,"isFreeDrive":true,"isMoving":true,"feedSkipGate":false,"feedAccepted":true,"feedHeadingOnly":false,"source":"drive_core_v2"}
06-04 21:00:22.975 I/ReactNativeJS(27948): [VROOM-TEL] 2026-06-04T19:00:22.975Z | GPS_ACCEPT | {"lat":51.353761,"lng":19.372978,"acc":4,"speedKmh":25.8,"gpsLock":true}
06-04 21:00:23.251 I/ReactNativeJS(27948): [VROOM-TEL] 2026-06-04T19:00:23.251Z | DRIVE_TRACE_CAMERA | {"t":1780599623251,"seq":233,"gpsTickId":1780599622945,"gpsTickAgeMs":279,"lat":51.353839,"lng":19.373274,"hdg":252,"speedKmh":28.1,"exploring":false,"frameMoveM":0}
06-04 21:00:23.569 I/ReactNativeJS(27948): [VROOM-TEL] 2026-06-04T19:00:23.568Z | DRIVE_TRACE_CAMERA | {"t":1780599623568,"seq":234,"gpsTickId":1780599622945,"gpsTickAgeMs":596,"lat":51.353832,"lng":19.373241,"hdg":252,"speedKmh":28.1,"exploring":false,"frameMoveM":0}
06-04 21:00:23.617 I/ReactNativeJS(27948): [VROOM-TEL] 2026-06-04T19:00:23.617Z | CAMERA_HEADING | {"t":1780599623617,"speedKmh":28,"movedM":0.12,"moveBearing":252,"snapHdg":251,"headingOut":252,"flipFromPrevDeg":0,"lookaheadM":22,"nativeFollow":true}
06-04 21:00:23.617 I/ReactNativeJS(27948): [VROOM-TEL] 2026-06-04T19:00:23.617Z | CAM_FOLLOW_PUSH | {"t":1780599623617,"lat":51.353831,"lng":19.373236,"hdg":251,"snapHdg":245,"speedKmh":28,"exploring":false,"source":"drive_marker_sv_60fps"}
06-04 21:00:23.735 I/ReactNativeJS(27948): [VROOM-TEL] 2026-06-04T19:00:23.735Z | DRIVE_TRACE_HEARTBEAT | {"t":1780599623735,"seq":235,"gpsTickId":1780599622945,"gpsTickAgeMs":763,"driving":true,"navigating":false,"tripActive":true,"lat":51.3537614,"lng":19.3729776,"gpsAgeMs":763}
06-04 21:00:23.735 I/ReactNativeJS(27948): [VROOM-TEL] 2026-06-04T19:00:23.735Z | DRIVE_HEALTH | {"t":1780599623735,"mode":"driving","speedHudKmh":28.1,"speedPipeKmh":28.1,"gpsAgeMs":763,"drAgeMs":760,"gpsToDriftM":18,"snapAnchorDriftM":0,"offRoute":false,"reroutePending":false,"rerouteLoading":false,"hasRoutePts":0}
06-04 21:00:23.884 I/ReactNativeJS(27948): [VROOM-TEL] 2026-06-04T19:00:23.884Z | DRIVE_TRACE_CAMERA | {"t":1780599623884,"seq":236,"gpsTickId":1780599622945,"gpsTickAgeMs":912,"lat":51.353827,"lng":19.373211,"hdg":250,"speedKmh":28.1,"exploring":false,"frameMoveM":0}
06-04 21:00:23.968 I/ReactNativeJS(27948): [VROOM-TEL] 2026-06-04T19:00:23.968Z | RAW_GPS_TICK | {"t":1780599623968,"gpsTickId":1780599623946,"gpsTickAgeMs":0,"lat":51.353729,"lng":19.372868,"speed":8.2,"speedKmh":29.5,"accuracy":4,"osTimestamp":1780599623946,"tripActive":true,"appState":"active"}
06-04 21:00:23.968 I/ReactNativeJS(27948): [VROOM-TEL] 2026-06-04T19:00:23.968Z | DRIVE_TRACE_RAW | {"t":1780599623968,"seq":237,"gpsTickId":1780599623946,"gpsTickAgeMs":0,"rawLat":51.353729,"rawLng":19.372868,"accM":4,"speedKmh":29.5,"speedMs":8.2,"heading":245,"tripActive":true,"driving":true,"navigating":false,"osTimestamp":1780599623946}
06-04 21:00:23.969 I/ReactNativeJS(27948): [VROOM-TEL] 2026-06-04T19:00:23.969Z | DRIVE_TRACE_FEED | {"t":1780599623969,"seq":238,"gpsTickId":1780599623946,"gpsTickAgeMs":1,"lat":51.353786,"lng":19.373149,"hdg":245,"durationMs":798,"speedKmh":30.2}
06-04 21:00:23.970 I/ReactNativeJS(27948): [VROOM-TEL] 2026-06-04T19:00:23.970Z | DRIVE_TRACE_TICK | {"t":1780599623970,"seq":239,"gpsTickId":1780599623946,"gpsTickAgeMs":2,"rawLat":51.353729,"rawLng":19.372868,"snapLat":51.353786,"snapLng":19.373149,"markerLat":51.353786,"markerLng":19.373149,"markerHdg":245,"markerSvLat":51.353827,"markerSvLng":19.373211,"markerSvHdg":276,"accM":4,"hudKmh":30.2,"engineKmh":30.2,"dopplerKmh":29.5,"feedDurMs":798,"cadenceMs":1251,"feedSpeedMs":8.4,"isNavigating":false,"isFreeDrive":true,"isMoving":true,"feedSkipGate":false,"feedAccepted":true,"feedHeadingOnly":false,"source":"drive_core_v2"}
06-04 21:00:23.970 I/ReactNativeJS(27948): [VROOM-TEL] 2026-06-04T19:00:23.970Z | GPS_ACCEPT | {"lat":51.353729,"lng":19.372868,"acc":4,"speedKmh":30.6,"gpsLock":true}
06-04 21:00:24.201 I/ReactNativeJS(27948): [VROOM-TEL] 2026-06-04T19:00:24.200Z | DRIVE_TRACE_CAMERA | {"t":1780599624200,"seq":240,"gpsTickId":1780599623946,"gpsTickAgeMs":232,"lat":51.353815,"lng":19.373193,"hdg":234,"speedKmh":30.2,"exploring":false,"frameMoveM":0}
06-04 21:00:24.417 I/ReactNativeJS(27948): [VROOM-TEL] 2026-06-04T19:00:24.417Z | CAM_FOLLOW_PUSH | {"t":1780599624417,"lat":51.353804,"lng":19.373176,"hdg":234,"snapHdg":245,"speedKmh":30,"exploring":false,"source":"drive_marker_sv_60fps"}
06-04 21:00:24.500 I/ReactNativeJS(27948): [VROOM-TEL] 2026-06-04T19:00:24.500Z | DRIVE_TRACE_CAMERA | {"t":1780599624500,"seq":241,"gpsTickId":1780599623946,"gpsTickAgeMs":532,"lat":51.353799,"lng":19.37317,"hdg":234,"speedKmh":30.2,"exploring":false,"frameMoveM":0}
06-04 21:00:24.717 I/ReactNativeJS(27948): [VROOM-TEL] 2026-06-04T19:00:24.717Z | CAMERA_HEADING | {"t":1780599624717,"speedKmh":30,"movedM":0.13,"moveBearing":223,"snapHdg":239,"headingOut":223,"flipFromPrevDeg":0,"lookaheadM":22,"nativeFollow":true}
06-04 21:00:24.801 I/ReactNativeJS(27948): [VROOM-TEL] 2026-06-04T19:00:24.801Z | DRIVE_TRACE_CAMERA | {"t":1780599624801,"seq":242,"gpsTickId":1780599623946,"gpsTickAgeMs":833,"lat":51.353784,"lng":19.373146,"hdg":234,"speedKmh":30.2,"exploring":false,"frameMoveM":0}
06-04 21:00:24.968 I/ReactNativeJS(27948): [VROOM-TEL] 2026-06-04T19:00:24.968Z | RAW_GPS_TICK | {"t":1780599624968,"gpsTickId":1780599624946,"gpsTickAgeMs":0,"lat":51.353696,"lng":19.372743,"speed":9.37,"speedKmh":33.7,"accuracy":4,"osTimestamp":1780599624946,"tripActive":true,"appState":"active"}
06-04 21:00:24.968 I/ReactNativeJS(27948): [VROOM-TEL] 2026-06-04T19:00:24.968Z | DRIVE_TRACE_RAW | {"t":1780599624968,"seq":243,"gpsTickId":1780599624946,"gpsTickAgeMs":0,"rawLat":51.353696,"rawLng":19.372743,"accM":4,"speedKmh":33.7,"speedMs":9.4,"heading":245,"tripActive":true,"driving":true,"navigating":false,"osTimestamp":1780599624946}
06-04 21:00:24.970 I/ReactNativeJS(27948): [VROOM-TEL] 2026-06-04T19:00:24.970Z | DRIVE_TRACE_FEED | {"t":1780599624970,"seq":244,"gpsTickId":1780599624946,"gpsTickAgeMs":2,"lat":51.353729,"lng":19.373095,"hdg":246,"durationMs":771,"speedKmh":34.1}
06-04 21:00:24.970 I/ReactNativeJS(27948): [VROOM-TEL] 2026-06-04T19:00:24.970Z | DRIVE_TRACE_TICK | {"t":1780599624970,"seq":245,"gpsTickId":1780599624946,"gpsTickAgeMs":2,"rawLat":51.353696,"rawLng":19.372743,"snapLat":51.353729,"snapLng":19.373095,"markerLat":51.353729,"markerLng":19.373095,"markerHdg":246,"markerSvLat":51.353781,"markerSvLng":19.37314,"markerSvHdg":245,"accM":4,"hudKmh":34.1,"engineKmh":34.1,"dopplerKmh":33.7,"feedDurMs":771,"cadenceMs":1163,"feedSpeedMs":9.5,"isNavigating":false,"isFreeDrive":true,"isMoving":true,"feedSkipGate":false,"feedAccepted":true,"feedHeadingOnly":false,"source":"drive_core_v2"}
06-04 21:00:24.971 I/ReactNativeJS(27948): [VROOM-TEL] 2026-06-04T19:00:24.971Z | GPS_ACCEPT | {"lat":51.353696,"lng":19.372743,"acc":4,"speedKmh":33.9,"gpsLock":true}
06-04 21:00:25.108 I/ReactNativeJS(27948): [VROOM-TEL] 2026-06-04T19:00:25.107Z | DRIVE_TRACE_CAMERA | {"t":1780599625107,"seq":246,"gpsTickId":1780599624946,"gpsTickAgeMs":139,"lat":51.353774,"lng":19.373134,"hdg":247,"speedKmh":34.1,"exploring":false,"frameMoveM":0}
06-04 21:00:25.220 I/ReactNativeJS(27948): [VROOM-TEL] 2026-06-04T19:00:25.220Z | CAM_FOLLOW_PUSH | {"t":1780599625220,"lat":51.353768,"lng":19.373128,"hdg":235,"snapHdg":246,"speedKmh":34,"exploring":false,"source":"drive_marker_sv_60fps"}
06-04 21:00:25.448 I/ReactNativeJS(27948): [VROOM-TEL] 2026-06-04T19:00:25.448Z | DRIVE_TRACE_CAMERA | {"t":1780599625448,"seq":247,"gpsTickId":1780599624946,"gpsTickAgeMs":480,"lat":51.353753,"lng":19.373116,"hdg":252,"speedKmh":34.1,"exploring":false,"frameMoveM":0}
06-04 21:00:25.751 I/ReactNativeJS(27948): [VROOM-TEL] 2026-06-04T19:00:25.751Z | DRIVE_TRACE_CAMERA | {"t":1780599625751,"seq":248,"gpsTickId":1780599624946,"gpsTickAgeMs":783,"lat":51.353729,"lng":19.373095,"hdg":240,"speedKmh":34.1,"exploring":false,"frameMoveM":0}
06-04 21:00:25.833 I/ReactNativeJS(27948): [VROOM-TEL] 2026-06-04T19:00:25.833Z | CAMERA_HEADING | {"t":1780599625833,"speedKmh":34,"movedM":0.16,"moveBearing":218,"snapHdg":235,"headingOut":218,"flipFromPrevDeg":2,"lookaheadM":30,"nativeFollow":true}
06-04 21:00:25.959 I/ReactNativeJS(27948): [VROOM-TEL] 2026-06-04T19:00:25.958Z | RAW_GPS_TICK | {"t":1780599625958,"gpsTickId":1780599625945,"gpsTickAgeMs":0,"lat":51.35365,"lng":19.372584,"speed":12.07,"speedKmh":43.5,"accuracy":4,"osTimestamp":1780599625945,"tripActive":true,"appState":"active"}
06-04 21:00:25.959 I/ReactNativeJS(27948): [VROOM-TEL] 2026-06-04T19:00:25.959Z | DRIVE_TRACE_RAW | {"t":1780599625959,"seq":249,"gpsTickId":1780599625945,"gpsTickAgeMs":1,"rawLat":51.35365,"rawLng":19.372584,"accM":4,"speedKmh":43.5,"speedMs":12.1,"heading":245,"tripActive":true,"driving":true,"navigating":false,"osTimestamp":1780599625945}
06-04 21:00:25.960 I/ReactNativeJS(27948): [VROOM-TEL] 2026-06-04T19:00:25.960Z | DRIVE_TRACE_FEED | {"t":1780599625960,"seq":250,"gpsTickId":1780599625945,"gpsTickAgeMs":2,"lat":51.353698,"lng":19.372979,"hdg":246,"durationMs":726,"speedKmh":43.5}
06-04 21:00:25.961 I/ReactNativeJS(27948): [VROOM-TEL] 2026-06-04T19:00:25.961Z | DRIVE_TRACE_TICK | {"t":1780599625961,"seq":251,"gpsTickId":1780599625945,"gpsTickAgeMs":3,"rawLat":51.35365,"rawLng":19.372584,"snapLat":51.353698,"snapLng":19.372979,"markerLat":51.353698,"markerLng":19.372979,"markerHdg":246,"markerSvLat":51.353721,"markerSvLng":19.373086,"markerSvHdg":237,"accM":4,"hudKmh":43.5,"engineKmh":40.7,"dopplerKmh":43.5,"feedDurMs":726,"cadenceMs":1102,"feedSpeedMs":12.1,"isNavigating":false,"isFreeDrive":true,"isMoving":true,"feedSkipGate":false,"feedAccepted":true,"feedHeadingOnly":false,"source":"drive_core_v2"}
06-04 21:00:25.961 I/ReactNativeJS(27948): [VROOM-TEL] 2026-06-04T19:00:25.961Z | GPS_ACCEPT | {"lat":51.35365,"lng":19.372584,"acc":4,"speedKmh":44.3,"gpsLock":true}
06-04 21:00:26.033 I/ReactNativeJS(27948): [VROOM-TEL] 2026-06-04T19:00:26.033Z | CAM_FOLLOW_PUSH | {"t":1780599626033,"lat":51.353719,"lng":19.373075,"hdg":251,"snapHdg":246,"speedKmh":43,"exploring":false,"source":"drive_marker_sv_60fps"}
06-04 21:00:26.051 I/ReactNativeJS(27948): [VROOM-TEL] 2026-06-04T19:00:26.051Z | DRIVE_TRACE_CAMERA | {"t":1780599626051,"seq":252,"gpsTickId":1780599625945,"gpsTickAgeMs":93,"lat":51.353718,"lng":19.373072,"hdg":251,"speedKmh":43.5,"exploring":false,"frameMoveM":0}
06-04 21:00:26.352 I/ReactNativeJS(27948): [VROOM-TEL] 2026-06-04T19:00:26.352Z | DRIVE_TRACE_CAMERA | {"t":1780599626352,"seq":253,"gpsTickId":1780599625945,"gpsTickAgeMs":394,"lat":51.353709,"lng":19.373029,"hdg":251,"speedKmh":43.5,"exploring":false,"frameMoveM":0}
06-04 21:00:26.666 I/ReactNativeJS(27948): [VROOM-TEL] 2026-06-04T19:00:26.666Z | DRIVE_TRACE_CAMERA | {"t":1780599626666,"seq":254,"gpsTickId":1780599625945,"gpsTickAgeMs":708,"lat":51.353699,"lng":19.372982,"hdg":251,"speedKmh":43.5,"exploring":false,"frameMoveM":0}
06-04 21:00:26.835 I/ReactNativeJS(27948): [VROOM-TEL] 2026-06-04T19:00:26.835Z | CAM_FOLLOW_PUSH | {"t":1780599626835,"lat":51.353692,"lng":19.372958,"hdg":246,"snapHdg":246,"speedKmh":43,"exploring":false,"source":"drive_marker_sv_60fps"}
06-04 21:00:26.969 I/ReactNativeJS(27948): [VROOM-TEL] 2026-06-04T19:00:26.969Z | CAMERA_HEADING | {"t":1780599626969,"speedKmh":43,"movedM":0,"moveBearing":null,"snapHdg":246,"headingOut":246,"flipFromPrevDeg":0,"lookaheadM":38,"nativeFollow":true}
06-04 21:00:26.972 I/ReactNativeJS(27948): [VROOM-TEL] 2026-06-04T19:00:26.972Z | RAW_GPS_TICK | {"t":1780599626972,"gpsTickId":1780599626945,"gpsTickAgeMs":0,"lat":51.353594,"lng":19.372375,"speed":15.63,"speedKmh":56.3,"accuracy":4,"osTimestamp":1780599626945,"tripActive":true,"appState":"active"}
06-04 21:00:26.972 I/ReactNativeJS(27948): [VROOM-TEL] 2026-06-04T19:00:26.972Z | DRIVE_TRACE_RAW | {"t":1780599626972,"seq":255,"gpsTickId":1780599626945,"gpsTickAgeMs":0,"rawLat":51.353594,"rawLng":19.372375,"accM":4,"speedKmh":56.3,"speedMs":15.6,"heading":246,"tripActive":true,"driving":true,"navigating":false,"osTimestamp":1780599626945}
06-04 21:00:26.973 I/ReactNativeJS(27948): [VROOM-TEL] 2026-06-04T19:00:26.973Z | DRIVE_TRACE_FEED | {"t":1780599626973,"seq":256,"gpsTickId":1780599626945,"gpsTickAgeMs":1,"lat":51.353622,"lng":19.372583,"hdg":246,"durationMs":1200,"speedKmh":56.3}
06-04 21:00:26.973 I/ReactNativeJS(27948): [VROOM-TEL] 2026-06-04T19:00:26.973Z | DRIVE_TRACE_TICK | {"t":1780599626973,"seq":257,"gpsTickId":1780599626945,"gpsTickAgeMs":1,"rawLat":51.353594,"rawLng":19.372375,"snapLat":51.353622,"snapLng":19.372583,"markerLat":51.353622,"markerLng":19.372583,"markerHdg":246,"markerSvLat":51.353692,"markerSvLng":19.372955,"markerSvHdg":246,"accM":4,"hudKmh":56.3,"engineKmh":48.5,"dopplerKmh":56.3,"feedDurMs":1200,"cadenceMs":1071,"feedSpeedMs":15.6,"isNavigating":false,"isFreeDrive":true,"isMoving":true,"feedSkipGate":false,"feedAccepted":true,"feedHeadingOnly":false,"source":"drive_core_v2"}
06-04 21:00:26.973 I/ReactNativeJS(27948): [VROOM-TEL] 2026-06-04T19:00:26.973Z | GPS_ACCEPT | {"lat":51.353594,"lng":19.372375,"acc":4,"speedKmh":56.3,"gpsLock":true}
06-04 21:00:27.038 I/ReactNativeJS(27948): [VROOM-TEL] 2026-06-04T19:00:27.038Z | DRIVE_TRACE_CAMERA | {"t":1780599627038,"seq":258,"gpsTickId":1780599626945,"gpsTickAgeMs":66,"lat":51.35369,"lng":19.372947,"hdg":248,"speedKmh":56.3,"exploring":false,"frameMoveM":0}
06-04 21:00:27.350 I/ReactNativeJS(27948): [VROOM-TEL] 2026-06-04T19:00:27.350Z | DRIVE_TRACE_CAMERA | {"t":1780599627350,"seq":259,"gpsTickId":1780599626945,"gpsTickAgeMs":378,"lat":51.353673,"lng":19.372854,"hdg":244,"speedKmh":56.3,"exploring":false,"frameMoveM":0}
06-04 21:00:27.635 I/ReactNativeJS(27948): [VROOM-TEL] 2026-06-04T19:00:27.635Z | CAM_FOLLOW_PUSH | {"t":1780599627635,"lat":51.353653,"lng":19.372751,"hdg":253,"snapHdg":246,"speedKmh":56,"exploring":false,"source":"drive_marker_sv_60fps"}
06-04 21:00:27.668 I/ReactNativeJS(27948): [VROOM-TEL] 2026-06-04T19:00:27.668Z | DRIVE_TRACE_CAMERA | {"t":1780599627668,"seq":260,"gpsTickId":1780599626945,"gpsTickAgeMs":696,"lat":51.353651,"lng":19.37274,"hdg":253,"speedKmh":56.3,"exploring":false,"frameMoveM":0}
06-04 21:00:27.969 I/ReactNativeJS(27948): [VROOM-TEL] 2026-06-04T19:00:27.969Z | RAW_GPS_TICK | {"t":1780599627969,"gpsTickId":1780599627945,"gpsTickAgeMs":0,"lat":51.353538,"lng":19.372163,"speed":15.93,"speedKmh":57.3,"accuracy":4,"osTimestamp":1780599627945,"tripActive":true,"appState":"active"}
06-04 21:00:27.969 I/ReactNativeJS(27948): [VROOM-TEL] 2026-06-04T19:00:27.969Z | DRIVE_TRACE_RAW | {"t":1780599627969,"seq":261,"gpsTickId":1780599627945,"gpsTickAgeMs":0,"rawLat":51.353538,"rawLng":19.372163,"accM":4,"speedKmh":57.3,"speedMs":15.9,"heading":246,"tripActive":true,"driving":true,"navigating":false,"osTimestamp":1780599627945}
06-04 21:00:27.970 I/ReactNativeJS(27948): [VROOM-TEL] 2026-06-04T19:00:27.970Z | DRIVE_TRACE_FEED | {"t":1780599627970,"seq":262,"gpsTickId":1780599627945,"gpsTickAgeMs":1,"lat":51.353592,"lng":19.372433,"hdg":247,"durationMs":686,"speedKmh":57.3}
06-04 21:00:27.970 I/ReactNativeJS(27948): [VROOM-TEL] 2026-06-04T19:00:27.970Z | DRIVE_TRACE_TICK | {"t":1780599627970,"seq":263,"gpsTickId":1780599627945,"gpsTickAgeMs":1,"rawLat":51.353538,"rawLng":19.372163,"snapLat":51.353592,"snapLng":19.372433,"markerLat":51.353592,"markerLng":19.372433,"markerHdg":247,"markerSvLat":51.353634,"markerSvLng":19.372647,"markerSvHdg":253,"accM":4,"hudKmh":57.3,"engineKmh":54.7,"dopplerKmh":57.3,"feedDurMs":686,"cadenceMs":1045,"feedSpeedMs":15.9,"isNavigating":false,"isFreeDrive":true,"isMoving":true,"feedSkipGate":false,"feedAccepted":true,"feedHeadingOnly":false,"source":"drive_core_v2"}
06-04 21:00:27.970 I/ReactNativeJS(27948): [VROOM-TEL] 2026-06-04T19:00:27.970Z | GPS_ACCEPT | {"lat":51.353538,"lng":19.372163,"acc":4,"speedKmh":57.7,"gpsLock":true}
06-04 21:00:28.000 I/ReactNativeJS(27948): [VROOM-TEL] 2026-06-04T19:00:28.000Z | DRIVE_TRACE_CAMERA | {"t":1780599628000,"seq":264,"gpsTickId":1780599627945,"gpsTickAgeMs":31,"lat":51.353633,"lng":19.372642,"hdg":247,"speedKmh":57.3,"exploring":false,"frameMoveM":0}
06-04 21:00:28.085 I/ReactNativeJS(27948): [VROOM-TEL] 2026-06-04T19:00:28.084Z | CAMERA_HEADING | {"t":1780599628084,"speedKmh":57,"movedM":0.39,"moveBearing":253,"snapHdg":253,"headingOut":253,"flipFromPrevDeg":0,"lookaheadM":49,"nativeFollow":true}
06-04 21:00:28.300 I/ReactNativeJS(27948): [VROOM-TEL] 2026-06-04T19:00:28.300Z | DRIVE_TRACE_CAMERA | {"t":1780599628300,"seq":265,"gpsTickId":1780599627945,"gpsTickAgeMs":331,"lat":51.353614,"lng":19.372545,"hdg":253,"speedKmh":57.3,"exploring":false,"frameMoveM":0}
06-04 21:00:28.449 I/ReactNativeJS(27948): [VROOM-TEL] 2026-06-04T19:00:28.449Z | CAM_FOLLOW_PUSH | {"t":1780599628449,"lat":51.353604,"lng":19.372498,"hdg":253,"snapHdg":247,"speedKmh":57,"exploring":false,"source":"drive_marker_sv_60fps"}
06-04 21:00:28.600 I/ReactNativeJS(27948): [VROOM-TEL] 2026-06-04T19:00:28.600Z | DRIVE_TRACE_CAMERA | {"t":1780599628600,"seq":266,"gpsTickId":1780599627945,"gpsTickAgeMs":631,"lat":51.353595,"lng":19.372451,"hdg":253,"speedKmh":57.3,"exploring":false,"frameMoveM":0}
06-04 21:00:28.750 I/ReactNativeJS(27948): [VROOM-TEL] 2026-06-04T19:00:28.750Z | DRIVE_TRACE_HEARTBEAT | {"t":1780599628750,"seq":267,"gpsTickId":1780599627945,"gpsTickAgeMs":781,"driving":true,"navigating":false,"tripActive":true,"lat":51.3535378,"lng":19.3721631,"gpsAgeMs":781}
06-04 21:00:28.917 I/ReactNativeJS(27948): [VROOM-TEL] 2026-06-04T19:00:28.917Z | DRIVE_TRACE_CAMERA | {"t":1780599628917,"seq":268,"gpsTickId":1780599627945,"gpsTickAgeMs":948,"lat":51.353583,"lng":19.37239,"hdg":253,"speedKmh":57.3,"exploring":false,"frameMoveM":0}
06-04 21:00:28.979 I/ReactNativeJS(27948): [VROOM-TEL] 2026-06-04T19:00:28.979Z | RAW_GPS_TICK | {"t":1780599628979,"gpsTickId":1780599628945,"gpsTickAgeMs":0,"lat":51.353489,"lng":19.371953,"speed":15.63,"speedKmh":56.3,"accuracy":4,"osTimestamp":1780599628945,"tripActive":true,"appState":"active"}
06-04 21:00:28.979 I/ReactNativeJS(27948): [VROOM-TEL] 2026-06-04T19:00:28.979Z | DRIVE_TRACE_RAW | {"t":1780599628979,"seq":269,"gpsTickId":1780599628945,"gpsTickAgeMs":0,"rawLat":51.353489,"rawLng":19.371953,"accM":4,"speedKmh":56.3,"speedMs":15.6,"heading":248,"tripActive":true,"driving":true,"navigating":false,"osTimestamp":1780599628945}
06-04 21:00:28.980 I/ReactNativeJS(27948): [VROOM-TEL] 2026-06-04T19:00:28.980Z | DRIVE_TRACE_FEED | {"t":1780599628980,"seq":270,"gpsTickId":1780599628945,"gpsTickAgeMs":1,"lat":51.353561,"lng":19.372286,"hdg":248,"durationMs":688,"speedKmh":56.4}
06-04 21:00:28.980 I/ReactNativeJS(27948): [VROOM-TEL] 2026-06-04T19:00:28.980Z | DRIVE_TRACE_TICK | {"t":1780599628980,"seq":271,"gpsTickId":1780599628945,"gpsTickAgeMs":1,"rawLat":51.353489,"rawLng":19.371953,"snapLat":51.353561,"snapLng":19.372286,"markerLat":51.353561,"markerLng":19.372286,"markerHdg":248,"markerSvLat":51.353583,"markerSvLng":19.37239,"markerSvHdg":253,"accM":4,"hudKmh":56.4,"engineKmh":56.4,"dopplerKmh":56.3,"feedDurMs":688,"cadenceMs":1033,"feedSpeedMs":15.7,"isNavigating":false,"isFreeDrive":true,"isMoving":true,"feedSkipGate":false,"feedAccepted":true,"feedHeadingOnly":false,"source":"drive_core_v2"}
06-04 21:00:28.980 I/ReactNativeJS(27948): [VROOM-TEL] 2026-06-04T19:00:28.980Z | GPS_ACCEPT | {"lat":51.353489,"lng":19.371953,"acc":4,"speedKmh":56.3,"gpsLock":true}
06-04 21:00:29.184 I/ReactNativeJS(27948): [VROOM-TEL] 2026-06-04T19:00:29.184Z | CAMERA_HEADING | {"t":1780599629184,"speedKmh":56,"movedM":0.18,"moveBearing":251,"snapHdg":251,"headingOut":251,"flipFromPrevDeg":0,"lookaheadM":49,"nativeFollow":true}
06-04 21:00:29.233 I/ReactNativeJS(27948): [VROOM-TEL] 2026-06-04T19:00:29.233Z | DRIVE_TRACE_CAMERA | {"t":1780599629233,"seq":272,"gpsTickId":1780599628945,"gpsTickAgeMs":254,"lat":51.353575,"lng":19.372352,"hdg":251,"speedKmh":56.4,"exploring":false,"frameMoveM":0}
06-04 21:00:29.250 I/ReactNativeJS(27948): [VROOM-TEL] 2026-06-04T19:00:29.250Z | CAM_FOLLOW_PUSH | {"t":1780599629250,"lat":51.353574,"lng":19.372349,"hdg":251,"snapHdg":248,"speedKmh":56,"exploring":false,"source":"drive_marker_sv_60fps"}
06-04 21:00:29.533 I/ReactNativeJS(27948): [VROOM-TEL] 2026-06-04T19:00:29.533Z | DRIVE_TRACE_CAMERA | {"t":1780599629533,"seq":273,"gpsTickId":1780599628945,"gpsTickAgeMs":554,"lat":51.353565,"lng":19.372307,"hdg":251,"speedKmh":56.4,"exploring":false,"frameMoveM":0}
06-04 21:00:29.834 I/ReactNativeJS(27948): [VROOM-TEL] 2026-06-04T19:00:29.834Z | DRIVE_TRACE_CAMERA | {"t":1780599629834,"seq":274,"gpsTickId":1780599628945,"gpsTickAgeMs":855,"lat":51.353554,"lng":19.372254,"hdg":253,"speedKmh":56.4,"exploring":false,"frameMoveM":0}
06-04 21:00:29.968 I/ReactNativeJS(27948): [VROOM-TEL] 2026-06-04T19:00:29.968Z | RAW_GPS_TICK | {"t":1780599629968,"gpsTickId":1780599629945,"gpsTickAgeMs":0,"lat":51.353445,"lng":19.371747,"speed":15.27,"speedKmh":55,"accuracy":4,"osTimestamp":1780599629945,"tripActive":true,"appState":"active"}
06-04 21:00:29.968 I/ReactNativeJS(27948): [VROOM-TEL] 2026-06-04T19:00:29.968Z | DRIVE_TRACE_RAW | {"t":1780599629968,"seq":275,"gpsTickId":1780599629945,"gpsTickAgeMs":0,"rawLat":51.353445,"rawLng":19.371747,"accM":4,"speedKmh":55,"speedMs":15.3,"heading":250,"tripActive":true,"driving":true,"navigating":false,"osTimestamp":1780599629945}
06-04 21:00:29.970 I/ReactNativeJS(27948): [VROOM-TEL] 2026-06-04T19:00:29.970Z | DRIVE_TRACE_FEED | {"t":1780599629970,"seq":276,"gpsTickId":1780599629945,"gpsTickAgeMs":2,"lat":51.353529,"lng":19.37214,"hdg":250,"durationMs":688,"speedKmh":56.1}
06-04 21:00:29.970 I/ReactNativeJS(27948): [VROOM-TEL] 2026-06-04T19:00:29.970Z | DRIVE_TRACE_TICK | {"t":1780599629970,"seq":277,"gpsTickId":1780599629945,"gpsTickAgeMs":2,"rawLat":51.353445,"rawLng":19.371747,"snapLat":51.353529,"snapLng":19.37214,"markerLat":51.353529,"markerLng":19.37214,"markerHdg":250,"markerSvLat":51.353553,"markerSvLng":19.372247,"markerSvHdg":253,"accM":4,"hudKmh":56.1,"engineKmh":56.1,"dopplerKmh":55,"feedDurMs":688,"cadenceMs":1018,"feedSpeedMs":15.6,"isNavigating":false,"isFreeDrive":true,"isMoving":true,"feedSkipGate":false,"feedAccepted":true,"feedHeadingOnly":false,"source":"drive_core_v2"}
06-04 21:00:29.970 I/ReactNativeJS(27948): [VROOM-TEL] 2026-06-04T19:00:29.970Z | GPS_ACCEPT | {"lat":51.353445,"lng":19.371747,"acc":4,"speedKmh":55.1,"gpsLock":true}
06-04 21:00:30.093 I/ReactNativeJS(27948): [VROOM-TEL] 2026-06-04T19:00:30.093Z | CAM_FOLLOW_PUSH | {"t":1780599630093,"lat":51.353551,"lng":19.372237,"hdg":252,"snapHdg":250,"speedKmh":56,"exploring":false,"source":"drive_marker_sv_60fps"}
06-04 21:00:30.158 I/ReactNativeJS(27948): [VROOM-TEL] 2026-06-04T19:00:30.158Z | DRIVE_TRACE_CAMERA | {"t":1780599630158,"seq":278,"gpsTickId":1780599629945,"gpsTickAgeMs":190,"lat":51.353548,"lng":19.372227,"hdg":251,"speedKmh":56.1,"exploring":false,"frameMoveM":0}
06-04 21:00:30.284 I/ReactNativeJS(27948): [VROOM-TEL] 2026-06-04T19:00:30.284Z | CAMERA_HEADING | {"t":1780599630284,"speedKmh":56,"movedM":0.21,"moveBearing":251,"snapHdg":251,"headingOut":251,"flipFromPrevDeg":0,"lookaheadM":49,"nativeFollow":true}
06-04 21:00:30.467 I/ReactNativeJS(27948): [VROOM-TEL] 2026-06-04T19:00:30.467Z | DRIVE_TRACE_CAMERA | {"t":1780599630467,"seq":279,"gpsTickId":1780599629945,"gpsTickAgeMs":499,"lat":51.353536,"lng":19.37217,"hdg":251,"speedKmh":56.1,"exploring":false,"frameMoveM":0}
06-04 21:00:30.767 I/ReactNativeJS(27948): [VROOM-TEL] 2026-06-04T19:00:30.767Z | DRIVE_TRACE_CAMERA | {"t":1780599630767,"seq":280,"gpsTickId":1780599629945,"gpsTickAgeMs":799,"lat":51.353525,"lng":19.372119,"hdg":253,"speedKmh":56.1,"exploring":false,"frameMoveM":0}
06-04 21:00:31.039 I/ReactNativeJS(27948): [VROOM-TEL] 2026-06-04T19:00:31.039Z | RAW_GPS_TICK | {"t":1780599631039,"gpsTickId":1780599630946,"gpsTickAgeMs":0,"lat":51.353403,"lng":19.371552,"speed":14.45,"speedKmh":52,"accuracy":4,"osTimestamp":1780599630946,"tripActive":true,"appState":"active"}
06-04 21:00:31.039 I/ReactNativeJS(27948): [VROOM-TEL] 2026-06-04T19:00:31.039Z | DRIVE_TRACE_RAW | {"t":1780599631039,"seq":281,"gpsTickId":1780599630946,"gpsTickAgeMs":0,"rawLat":51.353403,"rawLng":19.371552,"accM":4,"speedKmh":52,"speedMs":14.4,"heading":250,"tripActive":true,"driving":true,"navigating":false,"osTimestamp":1780599630946}
06-04 21:00:31.040 I/ReactNativeJS(27948): [VROOM-TEL] 2026-06-04T19:00:31.040Z | DRIVE_TRACE_FEED | {"t":1780599631040,"seq":282,"gpsTickId":1780599630946,"gpsTickAgeMs":1,"lat":51.353446,"lng":19.371752,"hdg":251,"durationMs":1200,"speedKmh":54.6}
06-04 21:00:31.041 I/ReactNativeJS(27948): [VROOM-TEL] 2026-06-04T19:00:31.041Z | DRIVE_TRACE_TICK | {"t":1780599631041,"seq":283,"gpsTickId":1780599630946,"gpsTickAgeMs":2,"rawLat":51.353403,"rawLng":19.371552,"snapLat":51.353446,"snapLng":19.371752,"markerLat":51.353446,"markerLng":19.371752,"markerHdg":251,"markerSvLat":51.353521,"markerSvLng":19.372098,"markerSvHdg":253,"accM":4,"hudKmh":54.6,"engineKmh":54.6,"dopplerKmh":52,"feedDurMs":1200,"cadenceMs":1037,"feedSpeedMs":15.2,"isNavigating":false,"isFreeDrive":true,"isMoving":true,"feedSkipGate":false,"feedAccepted":true,"feedHeadingOnly":false,"source":"drive_core_v2"}
06-04 21:00:31.041 I/ReactNativeJS(27948): [VROOM-TEL] 2026-06-04T19:00:31.041Z | GPS_ACCEPT | {"lat":51.353403,"lng":19.371552,"acc":4,"speedKmh":52,"gpsLock":true}
06-04 21:00:31.144 I/ReactNativeJS(27948): [VROOM-TEL] 2026-06-04T19:00:31.144Z | CAM_FOLLOW_PUSH | {"t":1780599631144,"lat":51.353519,"lng":19.37209,"hdg":253,"snapHdg":251,"speedKmh":55,"exploring":false,"source":"drive_marker_sv_60fps"}
06-04 21:00:31.144 I/ReactNativeJS(27948): [VROOM-TEL] 2026-06-04T19:00:31.144Z | DRIVE_TRACE_CAMERA | {"t":1780599631144,"seq":284,"gpsTickId":1780599630946,"gpsTickAgeMs":105,"lat":51.353519,"lng":19.37209,"hdg":253,"speedKmh":54.6,"exploring":false,"frameMoveM":0}
06-04 21:00:31.384 I/ReactNativeJS(27948): [VROOM-TEL] 2026-06-04T19:00:31.384Z | CAMERA_HEADING | {"t":1780599631384,"speedKmh":55,"movedM":0.36,"moveBearing":251,"snapHdg":251,"headingOut":251,"flipFromPrevDeg":0,"lookaheadM":49,"nativeFollow":true}
06-04 21:00:31.453 I/ReactNativeJS(27948): [VROOM-TEL] 2026-06-04T19:00:31.453Z | DRIVE_TRACE_CAMERA | {"t":1780599631453,"seq":285,"gpsTickId":1780599630946,"gpsTickAgeMs":414,"lat":51.353495,"lng":19.371979,"hdg":251,"speedKmh":54.6,"exploring":false,"frameMoveM":0}
06-04 21:00:31.799 I/ReactNativeJS(27948): [VROOM-TEL] 2026-06-04T19:00:31.799Z | DRIVE_TRACE_CAMERA | {"t":1780599631799,"seq":286,"gpsTickId":1780599630946,"gpsTickAgeMs":760,"lat":51.353479,"lng":19.371903,"hdg":253,"speedKmh":54.6,"exploring":false,"frameMoveM":0}
06-04 21:00:31.995 I/ReactNativeJS(27948): [VROOM-TEL] 2026-06-04T19:00:31.995Z | CAM_FOLLOW_PUSH | {"t":1780599631995,"lat":51.353464,"lng":19.371836,"hdg":251,"snapHdg":251,"speedKmh":55,"exploring":false,"source":"drive_marker_sv_60fps"}
06-04 21:00:31.999 I/ReactNativeJS(27948): [VROOM-TEL] 2026-06-04T19:00:31.999Z | RAW_GPS_TICK | {"t":1780599631999,"gpsTickId":1780599631946,"gpsTickAgeMs":0,"lat":51.353366,"lng":19.371377,"speed":12.97,"speedKmh":46.7,"accuracy":4,"osTimestamp":1780599631946,"tripActive":true,"appState":"active"}
06-04 21:00:31.999 I/ReactNativeJS(27948): [VROOM-TEL] 2026-06-04T19:00:31.999Z | DRIVE_TRACE_RAW | {"t":1780599631999,"seq":287,"gpsTickId":1780599631946,"gpsTickAgeMs":0,"rawLat":51.353366,"rawLng":19.371377,"accM":4,"speedKmh":46.7,"speedMs":13,"heading":250,"tripActive":true,"driving":true,"navigating":false,"osTimestamp":1780599631946}
06-04 21:00:32.000 I/ReactNativeJS(27948): [VROOM-TEL] 2026-06-04T19:00:32.000Z | DRIVE_TRACE_FEED | {"t":1780599632000,"seq":288,"gpsTickId":1780599631946,"gpsTickAgeMs":1,"lat":51.353416,"lng":19.371615,"hdg":251,"durationMs":699,"speedKmh":51.8}
06-04 21:00:32.000 I/ReactNativeJS(27948): [VROOM-TEL] 2026-06-04T19:00:32.000Z | DRIVE_TRACE_TICK | {"t":1780599632000,"seq":289,"gpsTickId":1780599631946,"gpsTickAgeMs":1,"rawLat":51.353366,"rawLng":19.371377,"snapLat":51.353416,"snapLng":19.371615,"markerLat":51.353416,"markerLng":19.371615,"markerHdg":251,"markerSvLat":51.353462,"markerSvLng":19.371826,"markerSvHdg":251,"accM":4,"hudKmh":51.8,"engineKmh":51.8,"dopplerKmh":46.7,"feedDurMs":699,"cadenceMs":1010,"feedSpeedMs":14.4,"isNavigating":false,"isFreeDrive":true,"isMoving":true,"feedSkipGate":false,"feedAccepted":true,"feedHeadingOnly":false,"source":"drive_core_v2"}
06-04 21:00:32.000 I/ReactNativeJS(27948): [VROOM-TEL] 2026-06-04T19:00:32.000Z | GPS_ACCEPT | {"lat":51.353366,"lng":19.371377,"acc":4,"speedKmh":48,"gpsLock":true}
06-04 21:00:32.100 I/ReactNativeJS(27948): [VROOM-TEL] 2026-06-04T19:00:32.100Z | DRIVE_TRACE_CAMERA | {"t":1780599632100,"seq":290,"gpsTickId":1780599631946,"gpsTickAgeMs":101,"lat":51.353455,"lng":19.371796,"hdg":251,"speedKmh":51.8,"exploring":false,"frameMoveM":0}
06-04 21:00:32.402 I/ReactNativeJS(27948): [VROOM-TEL] 2026-06-04T19:00:32.402Z | DRIVE_TRACE_CAMERA | {"t":1780599632402,"seq":291,"gpsTickId":1780599631946,"gpsTickAgeMs":403,"lat":51.353436,"lng":19.371705,"hdg":251,"speedKmh":51.8,"exploring":false,"frameMoveM":0}
06-04 21:00:32.505 I/ReactNativeJS(27948): [VROOM-TEL] 2026-06-04T19:00:32.505Z | CAMERA_HEADING | {"t":1780599632505,"speedKmh":52,"movedM":0.38,"moveBearing":251,"snapHdg":251,"headingOut":251,"flipFromPrevDeg":0,"lookaheadM":49,"nativeFollow":true}
06-04 21:00:32.717 I/ReactNativeJS(27948): [VROOM-TEL] 2026-06-04T19:00:32.717Z | DRIVE_TRACE_CAMERA | {"t":1780599632717,"seq":292,"gpsTickId":1780599631946,"gpsTickAgeMs":718,"lat":51.353416,"lng":19.371612,"hdg":251,"speedKmh":51.8,"exploring":false,"frameMoveM":0}
06-04 21:00:32.800 I/ReactNativeJS(27948): [VROOM-TEL] 2026-06-04T19:00:32.800Z | CAM_FOLLOW_PUSH | {"t":1780599632800,"lat":51.353412,"lng":19.371596,"hdg":251,"snapHdg":251,"speedKmh":52,"exploring":false,"source":"drive_marker_sv_60fps"}
06-04 21:00:32.969 I/ReactNativeJS(27948): [VROOM-TEL] 2026-06-04T19:00:32.969Z | RAW_GPS_TICK | {"t":1780599632969,"gpsTickId":1780599632944,"gpsTickAgeMs":0,"lat":51.353333,"lng":19.371229,"speed":11.14,"speedKmh":40.1,"accuracy":4,"osTimestamp":1780599632944,"tripActive":true,"appState":"active"}
06-04 21:00:32.969 I/ReactNativeJS(27948): [VROOM-TEL] 2026-06-04T19:00:32.969Z | DRIVE_TRACE_RAW | {"t":1780599632969,"seq":293,"gpsTickId":1780599632944,"gpsTickAgeMs":0,"rawLat":51.353333,"rawLng":19.371229,"accM":4,"speedKmh":40.1,"speedMs":11.1,"heading":250,"tripActive":true,"driving":true,"navigating":false,"osTimestamp":1780599632944}
06-04 21:00:32.970 I/ReactNativeJS(27948): [VROOM-TEL] 2026-06-04T19:00:32.970Z | DRIVE_TRACE_FEED | {"t":1780599632970,"seq":294,"gpsTickId":1780599632944,"gpsTickAgeMs":1,"lat":51.353389,"lng":19.371488,"hdg":251,"durationMs":713,"speedKmh":47.2}
06-04 21:00:32.971 I/ReactNativeJS(27948): [VROOM-TEL] 2026-06-04T19:00:32.971Z | DRIVE_TRACE_TICK | {"t":1780599632971,"seq":295,"gpsTickId":1780599632944,"gpsTickAgeMs":2,"rawLat":51.353333,"rawLng":19.371229,"snapLat":51.353389,"snapLng":19.371488,"markerLat":51.353389,"markerLng":19.371488,"markerHdg":251,"markerSvLat":51.353408,"markerSvLng":19.371576,"markerSvHdg":251,"accM":4,"hudKmh":47.2,"engineKmh":47.2,"dopplerKmh":40.1,"feedDurMs":713,"cadenceMs":996,"feedSpeedMs":13.1,"isNavigating":false,"isFreeDrive":true,"isMoving":true,"feedSkipGate":false,"feedAccepted":true,"feedHeadingOnly":false,"source":"drive_core_v2"}
06-04 21:00:32.971 I/ReactNativeJS(27948): [VROOM-TEL] 2026-06-04T19:00:32.971Z | GPS_ACCEPT | {"lat":51.353333,"lng":19.371229,"acc":4,"speedKmh":40.4,"gpsLock":true}
06-04 21:00:33.023 I/ReactNativeJS(27948): [VROOM-TEL] 2026-06-04T19:00:33.023Z | DRIVE_TRACE_CAMERA | {"t":1780599633023,"seq":296,"gpsTickId":1780599632944,"gpsTickAgeMs":54,"lat":51.353407,"lng":19.371572,"hdg":249,"speedKmh":47.2,"exploring":false,"frameMoveM":0}
06-04 21:00:33.333 I/ReactNativeJS(27948): [VROOM-TEL] 2026-06-04T19:00:33.333Z | DRIVE_TRACE_CAMERA | {"t":1780599633333,"seq":297,"gpsTickId":1780599632944,"gpsTickAgeMs":364,"lat":51.353398,"lng":19.371531,"hdg":251,"speedKmh":47.2,"exploring":false,"frameMoveM":0}
06-04 21:00:33.600 I/ReactNativeJS(27948): [VROOM-TEL] 2026-06-04T19:00:33.600Z | CAM_FOLLOW_PUSH | {"t":1780599633600,"lat":51.353391,"lng":19.371498,"hdg":251,"snapHdg":251,"speedKmh":47,"exploring":false,"source":"drive_marker_sv_60fps"}
06-04 21:00:33.618 I/ReactNativeJS(27948): [VROOM-TEL] 2026-06-04T19:00:33.617Z | CAMERA_HEADING | {"t":1780599633617,"speedKmh":47,"movedM":0.15,"moveBearing":251,"snapHdg":251,"headingOut":251,"flipFromPrevDeg":0,"lookaheadM":41,"nativeFollow":true}
06-04 21:00:33.633 I/ReactNativeJS(27948): [VROOM-TEL] 2026-06-04T19:00:33.633Z | DRIVE_TRACE_CAMERA | {"t":1780599633633,"seq":298,"gpsTickId":1780599632944,"gpsTickAgeMs":664,"lat":51.353391,"lng":19.371494,"hdg":251,"speedKmh":47.2,"exploring":false,"frameMoveM":0}
06-04 21:00:33.768 I/ReactNativeJS(27948): [VROOM-TEL] 2026-06-04T19:00:33.767Z | DRIVE_TRACE_HEARTBEAT | {"t":1780599633767,"seq":299,"gpsTickId":1780599632944,"gpsTickAgeMs":798,"driving":true,"navigating":false,"tripActive":true,"lat":51.3533333,"lng":19.3712293,"gpsAgeMs":798}
06-04 21:00:33.972 I/ReactNativeJS(27948): [VROOM-TEL] 2026-06-04T19:00:33.972Z | RAW_GPS_TICK | {"t":1780599633972,"gpsTickId":1780599633945,"gpsTickAgeMs":0,"lat":51.353307,"lng":19.371111,"speed":8.88,"speedKmh":32,"accuracy":4,"osTimestamp":1780599633945,"tripActive":true,"appState":"active"}
06-04 21:00:33.973 I/ReactNativeJS(27948): [VROOM-TEL] 2026-06-04T19:00:33.972Z | DRIVE_TRACE_RAW | {"t":1780599633972,"seq":300,"gpsTickId":1780599633945,"gpsTickAgeMs":1,"rawLat":51.353307,"rawLng":19.371111,"accM":4,"speedKmh":32,"speedMs":8.9,"heading":250,"tripActive":true,"driving":true,"navigating":false,"osTimestamp":1780599633945}
06-04 21:00:33.975 I/ReactNativeJS(27948): [VROOM-TEL] 2026-06-04T19:00:33.975Z | DRIVE_TRACE_FEED | {"t":1780599633975,"seq":301,"gpsTickId":1780599633945,"gpsTickAgeMs":4,"lat":51.353365,"lng":19.371374,"hdg":251,"durationMs":736,"speedKmh":41}
06-04 21:00:33.975 I/ReactNativeJS(27948): [VROOM-TEL] 2026-06-04T19:00:33.975Z | DRIVE_TRACE_TICK | {"t":1780599633975,"seq":302,"gpsTickId":1780599633945,"gpsTickAgeMs":4,"rawLat":51.353307,"rawLng":19.371111,"snapLat":51.353365,"snapLng":19.371374,"markerLat":51.353365,"markerLng":19.371374,"markerHdg":251,"markerSvLat":51.353382,"markerSvLng":19.371455,"markerSvHdg":251,"accM":4,"hudKmh":41,"engineKmh":41,"dopplerKmh":32,"feedDurMs":736,"cadenceMs":998,"feedSpeedMs":11.4,"isNavigating":false,"isFreeDrive":true,"isMoving":true,"feedSkipGate":false,"feedAccepted":true,"feedHeadingOnly":false,"source":"drive_core_v2"}
06-04 21:00:33.975 I/ReactNativeJS(27948): [VROOM-TEL] 2026-06-04T19:00:33.975Z | GPS_ACCEPT | {"lat":51.353307,"lng":19.371111,"acc":4,"speedKmh":32,"gpsLock":true}
06-04 21:00:34.047 I/ReactNativeJS(27948): [VROOM-TEL] 2026-06-04T19:00:34.046Z | DRIVE_TRACE_CAMERA | {"t":1780599634046,"seq":303,"gpsTickId":1780599633945,"gpsTickAgeMs":75,"lat":51.353382,"lng":19.371453,"hdg":241,"speedKmh":41,"exploring":false,"frameMoveM":0}
06-04 21:00:34.351 I/ReactNativeJS(27948): [VROOM-TEL] 2026-06-04T19:00:34.351Z | DRIVE_TRACE_CAMERA | {"t":1780599634351,"seq":304,"gpsTickId":1780599633945,"gpsTickAgeMs":380,"lat":51.353373,"lng":19.371414,"hdg":251,"speedKmh":41,"exploring":false,"frameMoveM":0}
06-04 21:00:34.401 I/ReactNativeJS(27948): [VROOM-TEL] 2026-06-04T19:00:34.401Z | CAM_FOLLOW_PUSH | {"t":1780599634401,"lat":51.353372,"lng":19.371408,"hdg":251,"snapHdg":251,"speedKmh":41,"exploring":false,"source":"drive_marker_sv_60fps"}
06-04 21:00:34.679 I/ReactNativeJS(27948): [VROOM-TEL] 2026-06-04T19:00:34.679Z | DRIVE_TRACE_CAMERA | {"t":1780599634679,"seq":305,"gpsTickId":1780599633945,"gpsTickAgeMs":708,"lat":51.353367,"lng":19.371384,"hdg":251,"speedKmh":41,"exploring":false,"frameMoveM":0}
06-04 21:00:34.737 I/ReactNativeJS(27948): [VROOM-TEL] 2026-06-04T19:00:34.737Z | CAMERA_HEADING | {"t":1780599634737,"speedKmh":41,"movedM":0.96,"moveBearing":null,"snapHdg":251,"headingOut":251,"flipFromPrevDeg":0,"lookaheadM":36,"nativeFollow":true}
06-04 21:00:34.996 I/ReactNativeJS(27948): [VROOM-TEL] 2026-06-04T19:00:34.996Z | RAW_GPS_TICK | {"t":1780599634996,"gpsTickId":1780599634944,"gpsTickAgeMs":0,"lat":51.353284,"lng":19.371016,"speed":7.19,"speedKmh":25.9,"accuracy":4,"osTimestamp":1780599634944,"tripActive":true,"appState":"active"}
06-04 21:00:34.996 I/ReactNativeJS(27948): [VROOM-TEL] 2026-06-04T19:00:34.996Z | DRIVE_TRACE_RAW | {"t":1780599634996,"seq":306,"gpsTickId":1780599634944,"gpsTickAgeMs":0,"rawLat":51.353284,"rawLng":19.371016,"accM":4,"speedKmh":25.9,"speedMs":7.2,"heading":250,"tripActive":true,"driving":true,"navigating":false,"osTimestamp":1780599634944}
06-04 21:00:34.997 I/ReactNativeJS(27948): [VROOM-TEL] 2026-06-04T19:00:34.997Z | DRIVE_TRACE_FEED | {"t":1780599634997,"seq":307,"gpsTickId":1780599634944,"gpsTickAgeMs":1,"lat":51.353344,"lng":19.371274,"hdg":249,"durationMs":770,"speedKmh":34.3}
06-04 21:00:34.997 I/ReactNativeJS(27948): [VROOM-TEL] 2026-06-04T19:00:34.997Z | DRIVE_TRACE_TICK | {"t":1780599634997,"seq":308,"gpsTickId":1780599634944,"gpsTickAgeMs":1,"rawLat":51.353284,"rawLng":19.371016,"snapLat":51.353344,"snapLng":19.371274,"markerLat":51.353344,"markerLng":19.371274,"markerHdg":249,"markerSvLat":51.35336,"markerSvLng":19.371351,"markerSvHdg":251,"accM":4,"hudKmh":34.3,"engineKmh":34.3,"dopplerKmh":25.9,"feedDurMs":770,"cadenceMs":1007,"feedSpeedMs":9.5,"isNavigating":false,"isFreeDrive":true,"isMoving":true,"feedSkipGate":false,"feedAccepted":true,"feedHeadingOnly":false,"source":"drive_core_v2"}
06-04 21:00:34.997 I/ReactNativeJS(27948): [VROOM-TEL] 2026-06-04T19:00:34.997Z | GPS_ACCEPT | {"lat":51.353284,"lng":19.371016,"acc":4,"speedKmh":25.9,"gpsLock":true}
06-04 21:00:35.024 I/ReactNativeJS(27948): [VROOM-TEL] 2026-06-04T19:00:35.024Z | DRIVE_TRACE_CAMERA | {"t":1780599635024,"seq":309,"gpsTickId":1780599634944,"gpsTickAgeMs":28,"lat":51.35336,"lng":19.371349,"hdg":249,"speedKmh":34.3,"exploring":false,"frameMoveM":0}
06-04 21:00:35.217 I/ReactNativeJS(27948): [VROOM-TEL] 2026-06-04T19:00:35.217Z | CAM_FOLLOW_PUSH | {"t":1780599635217,"lat":51.353355,"lng":19.371329,"hdg":251,"snapHdg":249,"speedKmh":34,"exploring":false,"source":"drive_marker_sv_60fps"}
06-04 21:00:35.334 I/ReactNativeJS(27948): [VROOM-TEL] 2026-06-04T19:00:35.334Z | DRIVE_TRACE_CAMERA | {"t":1780599635334,"seq":310,"gpsTickId":1780599634944,"gpsTickAgeMs":338,"lat":51.353353,"lng":19.371317,"hdg":251,"speedKmh":34.3,"exploring":false,"frameMoveM":0}
06-04 21:00:35.634 I/ReactNativeJS(27948): [VROOM-TEL] 2026-06-04T19:00:35.634Z | DRIVE_TRACE_CAMERA | {"t":1780599635634,"seq":311,"gpsTickId":1780599634944,"gpsTickAgeMs":638,"lat":51.353346,"lng":19.371287,"hdg":251,"speedKmh":34.3,"exploring":false,"frameMoveM":0}
06-04 21:00:35.882 I/ReactNativeJS(27948): [VROOM-TEL] 2026-06-04T19:00:35.882Z | CAMERA_HEADING | {"t":1780599635882,"speedKmh":34,"movedM":0.79,"moveBearing":null,"snapHdg":251,"headingOut":251,"flipFromPrevDeg":0,"lookaheadM":30,"nativeFollow":true}
06-04 21:00:35.946 I/ReactNativeJS(27948): [VROOM-TEL] 2026-06-04T19:00:35.946Z | DRIVE_TRACE_CAMERA | {"t":1780599635946,"seq":312,"gpsTickId":1780599634944,"gpsTickAgeMs":950,"lat":51.353341,"lng":19.371263,"hdg":248,"speedKmh":34.3,"exploring":false,"frameMoveM":0}
06-04 21:00:36.014 I/ReactNativeJS(27948): [VROOM-TEL] 2026-06-04T19:00:36.014Z | RAW_GPS_TICK | {"t":1780599636014,"gpsTickId":1780599635944,"gpsTickAgeMs":0,"lat":51.353266,"lng":19.370936,"speed":6.02,"speedKmh":21.7,"accuracy":4,"osTimestamp":1780599635944,"tripActive":true,"appState":"active"}
06-04 21:00:36.014 I/ReactNativeJS(27948): [VROOM-TEL] 2026-06-04T19:00:36.014Z | DRIVE_TRACE_RAW | {"t":1780599636014,"seq":313,"gpsTickId":1780599635944,"gpsTickAgeMs":0,"rawLat":51.353266,"rawLng":19.370936,"accM":4,"speedKmh":21.7,"speedMs":6,"heading":250,"tripActive":true,"driving":true,"navigating":false,"osTimestamp":1780599635944}
06-04 21:00:36.015 I/ReactNativeJS(27948): [VROOM-TEL] 2026-06-04T19:00:36.015Z | DRIVE_TRACE_FEED | {"t":1780599636015,"seq":314,"gpsTickId":1780599635944,"gpsTickAgeMs":1,"lat":51.353325,"lng":19.371188,"hdg":249,"durationMs":820,"speedKmh":27.7}
06-04 21:00:36.015 I/ReactNativeJS(27948): [VROOM-TEL] 2026-06-04T19:00:36.015Z | DRIVE_TRACE_TICK | {"t":1780599636015,"seq":315,"gpsTickId":1780599635944,"gpsTickAgeMs":1,"rawLat":51.353266,"rawLng":19.370936,"snapLat":51.353325,"snapLng":19.371188,"markerLat":51.353325,"markerLng":19.371188,"markerHdg":249,"markerSvLat":51.35334,"markerSvLng":19.371259,"markerSvHdg":251,"accM":4,"hudKmh":27.7,"engineKmh":27.7,"dopplerKmh":21.7,"feedDurMs":820,"cadenceMs":1011,"feedSpeedMs":7.7,"isNavigating":false,"isFreeDrive":true,"isMoving":true,"feedSkipGate":false,"feedAccepted":true,"feedHeadingOnly":false,"source":"drive_core_v2"}
06-04 21:00:36.015 I/ReactNativeJS(27948): [VROOM-TEL] 2026-06-04T19:00:36.015Z | GPS_ACCEPT | {"lat":51.353266,"lng":19.370936,"acc":4,"speedKmh":21.7,"gpsLock":true}
06-04 21:00:36.064 I/ReactNativeJS(27948): [VROOM-TEL] 2026-06-04T19:00:36.064Z | CAM_FOLLOW_PUSH | {"t":1780599636064,"lat":51.35334,"lng":19.371257,"hdg":243,"snapHdg":249,"speedKmh":28,"exploring":false,"source":"drive_marker_sv_60fps"}
06-04 21:00:36.250 I/ReactNativeJS(27948): [VROOM-TEL] 2026-06-04T19:00:36.250Z | DRIVE_TRACE_CAMERA | {"t":1780599636250,"seq":316,"gpsTickId":1780599635944,"gpsTickAgeMs":236,"lat":51.353336,"lng":19.371238,"hdg":251,"speedKmh":27.7,"exploring":false,"frameMoveM":0}
06-04 21:00:36.551 I/ReactNativeJS(27948): [VROOM-TEL] 2026-06-04T19:00:36.551Z | DRIVE_TRACE_CAMERA | {"t":1780599636551,"seq":317,"gpsTickId":1780599635944,"gpsTickAgeMs":537,"lat":51.35333,"lng":19.371212,"hdg":251,"speedKmh":27.7,"exploring":false,"frameMoveM":0}
06-04 21:00:36.852 I/ReactNativeJS(27948): [VROOM-TEL] 2026-06-04T19:00:36.852Z | DRIVE_TRACE_CAMERA | {"t":1780599636852,"seq":318,"gpsTickId":1780599635944,"gpsTickAgeMs":838,"lat":51.353325,"lng":19.371188,"hdg":251,"speedKmh":27.7,"exploring":false,"frameMoveM":0}
06-04 21:00:36.867 I/ReactNativeJS(27948): [VROOM-TEL] 2026-06-04T19:00:36.867Z | CAM_FOLLOW_PUSH | {"t":1780599636867,"lat":51.353325,"lng":19.371186,"hdg":251,"snapHdg":249,"speedKmh":28,"exploring":false,"source":"drive_marker_sv_60fps"}
06-04 21:00:37.388 I/ReactNativeJS(27948): [VROOM-TEL] 2026-06-04T19:00:37.388Z | CAMERA_HEADING | {"t":1780599637388,"speedKmh":28,"movedM":0,"moveBearing":null,"snapHdg":251,"headingOut":251,"flipFromPrevDeg":0,"lookaheadM":24,"nativeFollow":true}
06-04 21:00:37.967 I/ReactNativeJS(27948): [VROOM-TEL] 2026-06-04T19:00:37.967Z | RAW_GPS_TICK | {"t":1780599637967,"gpsTickId":1780599637946,"gpsTickAgeMs":0,"lat":51.353253,"lng":19.370818,"speed":3.73,"speedKmh":13.4,"accuracy":4,"osTimestamp":1780599637946,"tripActive":true,"appState":"active"}
06-04 21:00:37.967 I/ReactNativeJS(27948): [VROOM-TEL] 2026-06-04T19:00:37.967Z | DRIVE_TRACE_RAW | {"t":1780599637967,"seq":319,"gpsTickId":1780599637946,"gpsTickAgeMs":0,"rawLat":51.353253,"rawLng":19.370818,"accM":4,"speedKmh":13.4,"speedMs":3.7,"heading":267,"tripActive":true,"driving":true,"navigating":false,"osTimestamp":1780599637946}
06-04 21:00:37.969 I/ReactNativeJS(27948): [VROOM-TEL] 2026-06-04T19:00:37.969Z | DRIVE_TRACE_FEED | {"t":1780599637969,"seq":320,"gpsTickId":1780599637946,"gpsTickAgeMs":2,"lat":51.35331,"lng":19.371116,"hdg":255,"durationMs":904,"speedKmh":20.9}
06-04 21:00:37.970 I/ReactNativeJS(27948): [VROOM-TEL] 2026-06-04T19:00:37.970Z | DRIVE_TRACE_TICK | {"t":1780599637970,"seq":321,"gpsTickId":1780599637946,"gpsTickAgeMs":3,"rawLat":51.353253,"rawLng":19.370818,"snapLat":51.35331,"snapLng":19.371116,"markerLat":51.35331,"markerLng":19.371116,"markerHdg":255,"markerSvLat":51.353324,"markerSvLng":19.371183,"markerSvHdg":251,"accM":4,"hudKmh":20.9,"engineKmh":20.9,"dopplerKmh":13.4,"feedDurMs":904,"cadenceMs":1341,"feedSpeedMs":5.8,"isNavigating":false,"isFreeDrive":true,"isMoving":true,"feedSkipGate":false,"feedAccepted":true,"feedHeadingOnly":false,"source":"drive_core_v2"}
06-04 21:00:37.970 I/ReactNativeJS(27948): [VROOM-TEL] 2026-06-04T19:00:37.970Z | GPS_ACCEPT | {"lat":51.353253,"lng":19.370818,"acc":4,"speedKmh":15.3,"gpsLock":true}
06-04 21:00:37.983 I/ReactNativeJS(27948): [VROOM-TEL] 2026-06-04T19:00:37.983Z | CAM_FOLLOW_PUSH | {"t":1780599637983,"lat":51.353324,"lng":19.371182,"hdg":251,"snapHdg":255,"speedKmh":21,"exploring":false,"source":"drive_marker_sv_60fps"}
06-04 21:00:37.983 I/ReactNativeJS(27948): [VROOM-TEL] 2026-06-04T19:00:37.983Z | DRIVE_TRACE_CAMERA | {"t":1780599637983,"seq":322,"gpsTickId":1780599637946,"gpsTickAgeMs":16,"lat":51.353324,"lng":19.371182,"hdg":251,"speedKmh":20.9,"exploring":false,"frameMoveM":0}
06-04 21:00:38.284 I/ReactNativeJS(27948): [VROOM-TEL] 2026-06-04T19:00:38.284Z | DRIVE_TRACE_CAMERA | {"t":1780599638284,"seq":323,"gpsTickId":1780599637946,"gpsTickAgeMs":317,"lat":51.353319,"lng":19.37116,"hdg":251,"speedKmh":20.9,"exploring":false,"frameMoveM":0}
06-04 21:00:38.500 I/ReactNativeJS(27948): [VROOM-TEL] 2026-06-04T19:00:38.500Z | CAMERA_HEADING | {"t":1780599638500,"speedKmh":21,"movedM":0.09,"moveBearing":251,"snapHdg":251,"headingOut":251,"flipFromPrevDeg":0,"lookaheadM":18,"nativeFollow":true}
06-04 21:00:38.600 I/ReactNativeJS(27948): [VROOM-TEL] 2026-06-04T19:00:38.600Z | DRIVE_TRACE_CAMERA | {"t":1780599638600,"seq":324,"gpsTickId":1780599637946,"gpsTickAgeMs":633,"lat":51.353314,"lng":19.371136,"hdg":251,"speedKmh":20.9,"exploring":false,"frameMoveM":0}
06-04 21:00:38.784 I/ReactNativeJS(27948): [VROOM-TEL] 2026-06-04T19:00:38.784Z | CAM_FOLLOW_PUSH | {"t":1780599638784,"lat":51.353311,"lng":19.371123,"hdg":251,"snapHdg":255,"speedKmh":21,"exploring":false,"source":"drive_marker_sv_60fps"}
06-04 21:00:38.784 I/ReactNativeJS(27948): [VROOM-TEL] 2026-06-04T19:00:38.784Z | DRIVE_TRACE_HEARTBEAT | {"t":1780599638784,"seq":325,"gpsTickId":1780599637946,"gpsTickAgeMs":817,"driving":true,"navigating":false,"tripActive":true,"lat":51.353253,"lng":19.3708178,"gpsAgeMs":817}
06-04 21:00:38.784 I/ReactNativeJS(27948): [VROOM-TEL] 2026-06-04T19:00:38.784Z | DRIVE_HEALTH | {"t":1780599638784,"mode":"driving","speedHudKmh":20.9,"speedPipeKmh":20.9,"gpsAgeMs":817,"drAgeMs":815,"gpsToDriftM":22,"snapAnchorDriftM":0,"offRoute":false,"reroutePending":false,"rerouteLoading":false,"hasRoutePts":0}
06-04 21:00:39.957 I/ReactNativeJS(27948): [VROOM-TEL] 2026-06-04T19:00:39.957Z | CAMERA_HEADING | {"t":1780599639957,"speedKmh":21,"movedM":0,"moveBearing":null,"snapHdg":251,"headingOut":251,"flipFromPrevDeg":0,"lookaheadM":18,"nativeFollow":true}
06-04 21:00:40.018 I/ReactNativeJS(27948): [VROOM-TEL] 2026-06-04T19:00:40.018Z | RAW_GPS_TICK | {"t":1780599640018,"gpsTickId":1780599639945,"gpsTickAgeMs":0,"lat":51.353275,"lng":19.370735,"speed":3.43,"speedKmh":12.3,"accuracy":4,"osTimestamp":1780599639945,"tripActive":true,"appState":"active"}
06-04 21:00:40.018 I/ReactNativeJS(27948): [VROOM-TEL] 2026-06-04T19:00:40.018Z | DRIVE_TRACE_RAW | {"t":1780599640018,"seq":326,"gpsTickId":1780599639945,"gpsTickAgeMs":0,"rawLat":51.353275,"rawLng":19.370735,"accM":4,"speedKmh":12.3,"speedMs":3.4,"heading":300,"tripActive":true,"driving":true,"navigating":false,"osTimestamp":1780599639945}
06-04 21:00:40.019 I/ReactNativeJS(27948): [VROOM-TEL] 2026-06-04T19:00:40.019Z | DRIVE_TRACE_FEED | {"t":1780599640019,"seq":327,"gpsTickId":1780599639945,"gpsTickAgeMs":1,"lat":51.353297,"lng":19.371055,"hdg":277,"durationMs":1004,"speedKmh":16.2}
06-04 21:00:40.019 I/ReactNativeJS(27948): [VROOM-TEL] 2026-06-04T19:00:40.019Z | DRIVE_TRACE_TICK | {"t":1780599640019,"seq":328,"gpsTickId":1780599639945,"gpsTickAgeMs":1,"rawLat":51.353275,"rawLng":19.370735,"snapLat":51.353297,"snapLng":19.371055,"markerLat":51.353297,"markerLng":19.371055,"markerHdg":277,"markerSvLat":51.35331,"markerSvLng":19.371116,"markerSvHdg":251,"accM":4,"hudKmh":16.2,"engineKmh":16.2,"dopplerKmh":12.3,"feedDurMs":1004,"cadenceMs":1590,"feedSpeedMs":4.5,"isNavigating":false,"isFreeDrive":true,"isMoving":true,"feedSkipGate":false,"feedAccepted":true,"feedHeadingOnly":false,"source":"drive_core_v2"}
06-04 21:00:40.019 I/ReactNativeJS(27948): [VROOM-TEL] 2026-06-04T19:00:40.019Z | GPS_ACCEPT | {"lat":51.353275,"lng":19.370735,"acc":4,"speedKmh":12.3,"gpsLock":true}
06-04 21:00:40.069 I/ReactNativeJS(27948): [VROOM-TEL] 2026-06-04T19:00:40.069Z | CAM_FOLLOW_PUSH | {"t":1780599640069,"lat":51.35331,"lng":19.371114,"hdg":266,"snapHdg":277,"speedKmh":16,"exploring":false,"source":"drive_marker_sv_60fps"}
06-04 21:00:40.069 I/ReactNativeJS(27948): [VROOM-TEL] 2026-06-04T19:00:40.069Z | DRIVE_TRACE_CAMERA | {"t":1780599640069,"seq":329,"gpsTickId":1780599639945,"gpsTickAgeMs":51,"lat":51.35331,"lng":19.371114,"hdg":266,"speedKmh":16.2,"exploring":false,"frameMoveM":0}
06-04 21:00:40.408 I/ReactNativeJS(27948): [VROOM-TEL] 2026-06-04T19:00:40.408Z | DRIVE_TRACE_CAMERA | {"t":1780599640408,"seq":330,"gpsTickId":1780599639945,"gpsTickAgeMs":390,"lat":51.353306,"lng":19.371097,"hdg":278,"speedKmh":16.2,"exploring":false,"frameMoveM":0}
06-04 21:00:40.717 I/ReactNativeJS(27948): [VROOM-TEL] 2026-06-04T19:00:40.717Z | DRIVE_TRACE_CAMERA | {"t":1780599640717,"seq":331,"gpsTickId":1780599639945,"gpsTickAgeMs":699,"lat":51.353301,"lng":19.371074,"hdg":266,"speedKmh":16.2,"exploring":false,"frameMoveM":0}
06-04 21:00:40.908 I/ReactNativeJS(27948): [VROOM-TEL] 2026-06-04T19:00:40.908Z | CAM_FOLLOW_PUSH | {"t":1780599640908,"lat":51.353299,"lng":19.371065,"hdg":266,"snapHdg":277,"speedKmh":16,"exploring":false,"source":"drive_marker_sv_60fps"}
06-04 21:00:40.969 I/ReactNativeJS(27948): [VROOM-TEL] 2026-06-04T19:00:40.969Z | RAW_GPS_TICK | {"t":1780599640969,"gpsTickId":1780599640945,"gpsTickAgeMs":0,"lat":51.353315,"lng":19.3707,"speed":4.64,"speedKmh":16.7,"accuracy":4,"osTimestamp":1780599640945,"tripActive":true,"appState":"active"}
06-04 21:00:40.969 I/ReactNativeJS(27948): [VROOM-TEL] 2026-06-04T19:00:40.969Z | DRIVE_TRACE_RAW | {"t":1780599640969,"seq":332,"gpsTickId":1780599640945,"gpsTickAgeMs":0,"rawLat":51.353315,"rawLng":19.3707,"accM":4,"speedKmh":16.7,"speedMs":4.6,"heading":329,"tripActive":true,"driving":true,"navigating":false,"osTimestamp":1780599640945}
06-04 21:00:40.970 I/ReactNativeJS(27948): [VROOM-TEL] 2026-06-04T19:00:40.970Z | DRIVE_TRACE_FEED | {"t":1780599640970,"seq":333,"gpsTickId":1780599640945,"gpsTickAgeMs":1,"lat":51.353291,"lng":19.370989,"hdg":312,"durationMs":991,"speedKmh":16.7}
06-04 21:00:40.970 I/ReactNativeJS(27948): [VROOM-TEL] 2026-06-04T19:00:40.970Z | DRIVE_TRACE_TICK | {"t":1780599640970,"seq":334,"gpsTickId":1780599640945,"gpsTickAgeMs":1,"rawLat":51.353315,"rawLng":19.3707,"snapLat":51.353291,"snapLng":19.370989,"markerLat":51.353291,"markerLng":19.370989,"markerHdg":312,"markerSvLat":51.353297,"markerSvLng":19.371058,"markerSvHdg":251,"accM":4,"hudKmh":16.7,"engineKmh":14.5,"dopplerKmh":16.7,"feedDurMs":991,"cadenceMs":1366,"feedSpeedMs":4.6,"isNavigating":false,"isFreeDrive":true,"isMoving":true,"feedSkipGate":false,"feedAccepted":true,"feedHeadingOnly":false,"source":"drive_core_v2"}
06-04 21:00:40.970 I/ReactNativeJS(27948): [VROOM-TEL] 2026-06-04T19:00:40.970Z | GPS_ACCEPT | {"lat":51.353315,"lng":19.3707,"acc":4,"speedKmh":18.9,"gpsLock":true}
06-04 21:00:41.017 I/ReactNativeJS(27948): [VROOM-TEL] 2026-06-04T19:00:41.017Z | DRIVE_TRACE_CAMERA | {"t":1780599641017,"seq":335,"gpsTickId":1780599640945,"gpsTickAgeMs":48,"lat":51.353297,"lng":19.371055,"hdg":301,"speedKmh":16.7,"exploring":false,"frameMoveM":0}
06-04 21:00:41.067 I/ReactNativeJS(27948): [VROOM-TEL] 2026-06-04T19:00:41.067Z | CAMERA_HEADING | {"t":1780599641067,"speedKmh":17,"movedM":0.08,"moveBearing":261,"snapHdg":301,"headingOut":261,"flipFromPrevDeg":0,"lookaheadM":18,"nativeFollow":true}
06-04 21:00:41.335 I/ReactNativeJS(27948): [VROOM-TEL] 2026-06-04T19:00:41.335Z | DRIVE_TRACE_CAMERA | {"t":1780599641335,"seq":336,"gpsTickId":1780599640945,"gpsTickAgeMs":366,"lat":51.353295,"lng":19.371033,"hdg":301,"speedKmh":16.7,"exploring":false,"frameMoveM":0}
06-04 21:00:41.650 I/ReactNativeJS(27948): [VROOM-TEL] 2026-06-04T19:00:41.650Z | DRIVE_TRACE_CAMERA | {"t":1780599641650,"seq":337,"gpsTickId":1780599640945,"gpsTickAgeMs":681,"lat":51.353293,"lng":19.371011,"hdg":301,"speedKmh":16.7,"exploring":false,"frameMoveM":0}
06-04 21:00:41.717 I/ReactNativeJS(27948): [VROOM-TEL] 2026-06-04T19:00:41.717Z | CAM_FOLLOW_PUSH | {"t":1780599641717,"lat":51.353293,"lng":19.371006,"hdg":306,"snapHdg":312,"speedKmh":17,"exploring":false,"source":"drive_marker_sv_60fps"}
06-04 21:00:41.950 I/ReactNativeJS(27948): [VROOM-TEL] 2026-06-04T19:00:41.950Z | DRIVE_TRACE_CAMERA | {"t":1780599641950,"seq":338,"gpsTickId":1780599640945,"gpsTickAgeMs":981,"lat":51.353291,"lng":19.37099,"hdg":301,"speedKmh":16.7,"exploring":false,"frameMoveM":0}
06-04 21:00:41.987 I/ReactNativeJS(27948): [VROOM-TEL] 2026-06-04T19:00:41.987Z | RAW_GPS_TICK | {"t":1780599641987,"gpsTickId":1780599641945,"gpsTickAgeMs":0,"lat":51.353372,"lng":19.370679,"speed":6.3,"speedKmh":22.7,"accuracy":4,"osTimestamp":1780599641945,"tripActive":true,"appState":"active"}
06-04 21:00:41.987 I/ReactNativeJS(27948): [VROOM-TEL] 2026-06-04T19:00:41.987Z | DRIVE_TRACE_RAW | {"t":1780599641987,"seq":339,"gpsTickId":1780599641945,"gpsTickAgeMs":0,"rawLat":51.353372,"rawLng":19.370679,"accM":4,"speedKmh":22.7,"speedMs":6.3,"heading":345,"tripActive":true,"driving":true,"navigating":false,"osTimestamp":1780599641945}
06-04 21:00:41.988 I/ReactNativeJS(27948): [VROOM-TEL] 2026-06-04T19:00:41.988Z | DRIVE_TRACE_FEED | {"t":1780599641988,"seq":340,"gpsTickId":1780599641945,"gpsTickAgeMs":1,"lat":51.353296,"lng":19.37091,"hdg":339,"durationMs":877,"speedKmh":22.7}
06-04 21:00:41.988 I/ReactNativeJS(27948): [VROOM-TEL] 2026-06-04T19:00:41.988Z | DRIVE_TRACE_TICK | {"t":1780599641988,"seq":341,"gpsTickId":1780599641945,"gpsTickAgeMs":1,"rawLat":51.353372,"rawLng":19.370679,"snapLat":51.353296,"snapLng":19.37091,"markerLat":51.353296,"markerLng":19.37091,"markerHdg":339,"markerSvLat":51.353291,"markerSvLng":19.370989,"markerSvHdg":259,"accM":4,"hudKmh":22.7,"engineKmh":18.6,"dopplerKmh":22.7,"feedDurMs":877,"cadenceMs":1244,"feedSpeedMs":6.3,"isNavigating":false,"isFreeDrive":true,"isMoving":true,"feedSkipGate":false,"feedAccepted":true,"feedHeadingOnly":false,"source":"drive_core_v2"}
06-04 21:00:41.988 I/ReactNativeJS(27948): [VROOM-TEL] 2026-06-04T19:00:41.988Z | GPS_ACCEPT | {"lat":51.353372,"lng":19.370679,"acc":4,"speedKmh":23,"gpsLock":true}
06-04 21:00:42.167 I/ReactNativeJS(27948): [VROOM-TEL] 2026-06-04T19:00:42.167Z | CAMERA_HEADING | {"t":1780599642167,"speedKmh":23,"movedM":0.11,"moveBearing":276,"snapHdg":328,"headingOut":276,"flipFromPrevDeg":0,"lookaheadM":18,"nativeFollow":true}
06-04 21:00:42.250 I/ReactNativeJS(27948): [VROOM-TEL] 2026-06-04T19:00:42.250Z | DRIVE_TRACE_CAMERA | {"t":1780599642250,"seq":342,"gpsTickId":1780599641945,"gpsTickAgeMs":263,"lat":51.353292,"lng":19.370965,"hdg":328,"speedKmh":22.7,"exploring":false,"frameMoveM":0}
06-04 21:00:42.517 I/ReactNativeJS(27948): [VROOM-TEL] 2026-06-04T19:00:42.517Z | CAM_FOLLOW_PUSH | {"t":1780599642517,"lat":51.353294,"lng":19.370941,"hdg":328,"snapHdg":339,"speedKmh":23,"exploring":false,"source":"drive_marker_sv_60fps"}
06-04 21:00:42.550 I/ReactNativeJS(27948): [VROOM-TEL] 2026-06-04T19:00:42.550Z | DRIVE_TRACE_CAMERA | {"t":1780599642550,"seq":343,"gpsTickId":1780599641945,"gpsTickAgeMs":563,"lat":51.353294,"lng":19.370938,"hdg":333,"speedKmh":22.7,"exploring":false,"frameMoveM":0}
06-04 21:00:42.851 I/ReactNativeJS(27948): [VROOM-TEL] 2026-06-04T19:00:42.851Z | DRIVE_TRACE_CAMERA | {"t":1780599642851,"seq":344,"gpsTickId":1780599641945,"gpsTickAgeMs":864,"lat":51.353296,"lng":19.370911,"hdg":333,"speedKmh":22.7,"exploring":false,"frameMoveM":0}
06-04 21:00:42.972 I/ReactNativeJS(27948): [VROOM-TEL] 2026-06-04T19:00:42.971Z | RAW_GPS_TICK | {"t":1780599642971,"gpsTickId":1780599642946,"gpsTickAgeMs":0,"lat":51.353436,"lng":19.370656,"speed":7.45,"speedKmh":26.8,"accuracy":4,"osTimestamp":1780599642946,"tripActive":true,"appState":"active"}
06-04 21:00:42.972 I/ReactNativeJS(27948): [VROOM-TEL] 2026-06-04T19:00:42.972Z | DRIVE_TRACE_RAW | {"t":1780599642972,"seq":345,"gpsTickId":1780599642946,"gpsTickAgeMs":1,"rawLat":51.353436,"rawLng":19.370656,"accM":4,"speedKmh":26.8,"speedMs":7.4,"heading":348,"tripActive":true,"driving":true,"navigating":false,"osTimestamp":1780599642946}
06-04 21:00:42.973 I/ReactNativeJS(27948): [VROOM-TEL] 2026-06-04T19:00:42.973Z | DRIVE_TRACE_FEED | {"t":1780599642973,"seq":346,"gpsTickId":1780599642946,"gpsTickAgeMs":2,"lat":51.353331,"lng":19.370842,"hdg":347,"durationMs":828,"speedKmh":26.8}
06-04 21:00:42.974 I/ReactNativeJS(27948): [VROOM-TEL] 2026-06-04T19:00:42.974Z | DRIVE_TRACE_TICK | {"t":1780599642974,"seq":347,"gpsTickId":1780599642946,"gpsTickAgeMs":3,"rawLat":51.353436,"rawLng":19.370656,"snapLat":51.353331,"snapLng":19.370842,"markerLat":51.353331,"markerLng":19.370842,"markerHdg":347,"markerSvLat":51.353296,"markerSvLng":19.370908,"markerSvHdg":268,"accM":4,"hudKmh":26.8,"engineKmh":23.7,"dopplerKmh":26.8,"feedDurMs":828,"cadenceMs":1153,"feedSpeedMs":7.4,"isNavigating":false,"isFreeDrive":true,"isMoving":true,"feedSkipGate":false,"feedAccepted":true,"feedHeadingOnly":false,"source":"drive_core_v2"}
06-04 21:00:42.974 I/ReactNativeJS(27948): [VROOM-TEL] 2026-06-04T19:00:42.974Z | GPS_ACCEPT | {"lat":51.353436,"lng":19.370656,"acc":4,"speedKmh":26.8,"gpsLock":true}
06-04 21:00:43.150 I/ReactNativeJS(27948): [VROOM-TEL] 2026-06-04T19:00:43.150Z | DRIVE_TRACE_CAMERA | {"t":1780599643150,"seq":348,"gpsTickId":1780599642946,"gpsTickAgeMs":179,"lat":51.353304,"lng":19.370894,"hdg":341,"speedKmh":26.8,"exploring":false,"frameMoveM":0}
06-04 21:00:43.315 I/ReactNativeJS(27948): [VROOM-TEL] 2026-06-04T19:00:43.315Z | CAMERA_HEADING | {"t":1780599643315,"speedKmh":27,"movedM":0.12,"moveBearing":310,"snapHdg":336,"headingOut":310,"flipFromPrevDeg":0,"lookaheadM":18,"nativeFollow":true}
06-04 21:00:43.378 I/ReactNativeJS(27948): [VROOM-TEL] 2026-06-04T19:00:43.378Z | CAM_FOLLOW_PUSH | {"t":1780599643378,"lat":51.353309,"lng":19.370883,"hdg":348,"snapHdg":347,"speedKmh":27,"exploring":false,"source":"drive_marker_sv_60fps"}
06-04 21:00:43.450 I/ReactNativeJS(27948): [VROOM-TEL] 2026-06-04T19:00:43.450Z | DRIVE_TRACE_CAMERA | {"t":1780599643450,"seq":349,"gpsTickId":1780599642946,"gpsTickAgeMs":479,"lat":51.353316,"lng":19.37087,"hdg":336,"speedKmh":26.8,"exploring":false,"frameMoveM":0}
06-04 21:00:43.750 I/ReactNativeJS(27948): [VROOM-TEL] 2026-06-04T19:00:43.750Z | DRIVE_TRACE_CAMERA | {"t":1780599643750,"seq":350,"gpsTickId":1780599642946,"gpsTickAgeMs":779,"lat":51.353329,"lng":19.370846,"hdg":336,"speedKmh":26.8,"exploring":false,"frameMoveM":0}
06-04 21:00:43.800 I/ReactNativeJS(27948): [VROOM-TEL] 2026-06-04T19:00:43.800Z | DRIVE_TRACE_HEARTBEAT | {"t":1780599643800,"seq":351,"gpsTickId":1780599642946,"gpsTickAgeMs":829,"driving":true,"navigating":false,"tripActive":true,"lat":51.3534359,"lng":19.3706558,"gpsAgeMs":829}
06-04 21:00:43.968 I/ReactNativeJS(27948): [VROOM-TEL] 2026-06-04T19:00:43.968Z | RAW_GPS_TICK | {"t":1780599643968,"gpsTickId":1780599643944,"gpsTickAgeMs":0,"lat":51.353501,"lng":19.370634,"speed":7.52,"speedKmh":27.1,"accuracy":4,"osTimestamp":1780599643944,"tripActive":true,"appState":"active"}
06-04 21:00:43.968 I/ReactNativeJS(27948): [VROOM-TEL] 2026-06-04T19:00:43.968Z | DRIVE_TRACE_RAW | {"t":1780599643968,"seq":352,"gpsTickId":1780599643944,"gpsTickAgeMs":0,"rawLat":51.353501,"rawLng":19.370634,"accM":4,"speedKmh":27.1,"speedMs":7.5,"heading":349,"tripActive":true,"driving":true,"navigating":false,"osTimestamp":1780599643944}
06-04 21:00:43.970 I/ReactNativeJS(27948): [VROOM-TEL] 2026-06-04T19:00:43.970Z | DRIVE_TRACE_FEED | {"t":1780599643970,"seq":353,"gpsTickId":1780599643944,"gpsTickAgeMs":2,"lat":51.353387,"lng":19.370869,"hdg":348,"durationMs":808,"speedKmh":29}
06-04 21:00:43.971 I/ReactNativeJS(27948): [VROOM-TEL] 2026-06-04T19:00:43.971Z | DRIVE_TRACE_TICK | {"t":1780599643971,"seq":354,"gpsTickId":1780599643944,"gpsTickAgeMs":3,"rawLat":51.353501,"rawLng":19.370634,"snapLat":51.353387,"snapLng":19.370869,"markerLat":51.353387,"markerLng":19.370869,"markerHdg":348,"markerSvLat":51.353333,"markerSvLng":19.370837,"markerSvHdg":289,"accM":4,"hudKmh":29,"engineKmh":29,"dopplerKmh":27.1,"feedDurMs":808,"cadenceMs":1098,"feedSpeedMs":8.1,"isNavigating":false,"isFreeDrive":true,"isMoving":true,"feedSkipGate":false,"feedAccepted":true,"feedHeadingOnly":false,"source":"drive_core_v2"}
06-04 21:00:43.971 I/ReactNativeJS(27948): [VROOM-TEL] 2026-06-04T19:00:43.971Z | GPS_ACCEPT | {"lat":51.353501,"lng":19.370634,"acc":4,"speedKmh":27.1,"gpsLock":true}
06-04 21:00:44.050 I/ReactNativeJS(27948): [VROOM-TEL] 2026-06-04T19:00:44.050Z | DRIVE_TRACE_CAMERA | {"t":1780599644050,"seq":355,"gpsTickId":1780599643944,"gpsTickAgeMs":82,"lat":51.353339,"lng":19.37084,"hdg":349,"speedKmh":29,"exploring":false,"frameMoveM":0}
06-04 21:00:44.195 I/ReactNativeJS(27948): [VROOM-TEL] 2026-06-04T19:00:44.195Z | CAM_FOLLOW_PUSH | {"t":1780599644195,"lat":51.353348,"lng":19.370846,"hdg":348,"snapHdg":348,"speedKmh":29,"exploring":false,"source":"drive_marker_sv_60fps"}
06-04 21:00:44.350 I/ReactNativeJS(27948): [VROOM-TEL] 2026-06-04T19:00:44.350Z | DRIVE_TRACE_CAMERA | {"t":1780599644350,"seq":356,"gpsTickId":1780599643944,"gpsTickAgeMs":382,"lat":51.353359,"lng":19.370852,"hdg":354,"speedKmh":29,"exploring":false,"frameMoveM":0}
06-04 21:00:44.417 I/ReactNativeJS(27948): [VROOM-TEL] 2026-06-04T19:00:44.417Z | CAMERA_HEADING | {"t":1780599644417,"speedKmh":29,"movedM":0.14,"moveBearing":20,"snapHdg":359,"headingOut":20,"flipFromPrevDeg":0,"lookaheadM":25,"nativeFollow":true}
06-04 21:00:44.651 I/ReactNativeJS(27948): [VROOM-TEL] 2026-06-04T19:00:44.651Z | DRIVE_TRACE_CAMERA | {"t":1780599644651,"seq":357,"gpsTickId":1780599643944,"gpsTickAgeMs":682,"lat":51.353379,"lng":19.370864,"hdg":359,"speedKmh":29,"exploring":false,"frameMoveM":0}
06-04 21:00:44.950 I/ReactNativeJS(27948): [VROOM-TEL] 2026-06-04T19:00:44.950Z | DRIVE_TRACE_CAMERA | {"t":1780599644950,"seq":358,"gpsTickId":1780599643944,"gpsTickAgeMs":982,"lat":51.353393,"lng":19.370871,"hdg":353,"speedKmh":29,"exploring":false,"frameMoveM":0}
06-04 21:00:44.959 I/ReactNativeJS(27948): [VROOM-TEL] 2026-06-04T19:00:44.959Z | RAW_GPS_TICK | {"t":1780599644959,"gpsTickId":1780599644946,"gpsTickAgeMs":0,"lat":51.353574,"lng":19.370608,"speed":8.26,"speedKmh":29.7,"accuracy":4,"osTimestamp":1780599644946,"tripActive":true,"appState":"active"}
06-04 21:00:44.960 I/ReactNativeJS(27948): [VROOM-TEL] 2026-06-04T19:00:44.959Z | DRIVE_TRACE_RAW | {"t":1780599644959,"seq":359,"gpsTickId":1780599644946,"gpsTickAgeMs":0,"rawLat":51.353574,"rawLng":19.370608,"accM":4,"speedKmh":29.7,"speedMs":8.3,"heading":347,"tripActive":true,"driving":true,"navigating":false,"osTimestamp":1780599644946}
06-04 21:00:44.961 I/ReactNativeJS(27948): [VROOM-TEL] 2026-06-04T19:00:44.961Z | DRIVE_TRACE_FEED | {"t":1780599644961,"seq":360,"gpsTickId":1780599644946,"gpsTickAgeMs":2,"lat":51.353437,"lng":19.370813,"hdg":348,"durationMs":798,"speedKmh":30.3}
06-04 21:00:44.961 I/ReactNativeJS(27948): [VROOM-TEL] 2026-06-04T19:00:44.961Z | DRIVE_TRACE_TICK | {"t":1780599644961,"seq":361,"gpsTickId":1780599644946,"gpsTickAgeMs":2,"rawLat":51.353574,"rawLng":19.370608,"snapLat":51.353437,"snapLng":19.370813,"markerLat":51.353437,"markerLng":19.370813,"markerHdg":348,"markerSvLat":51.353393,"markerSvLng":19.370871,"markerSvHdg":356,"accM":4,"hudKmh":30.3,"engineKmh":30.3,"dopplerKmh":29.7,"feedDurMs":798,"cadenceMs":1061,"feedSpeedMs":8.4,"isNavigating":false,"isFreeDrive":true,"isMoving":true,"feedSkipGate":false,"feedAccepted":true,"feedHeadingOnly":false,"source":"drive_core_v2"}
06-04 21:00:44.961 I/ReactNativeJS(27948): [VROOM-TEL] 2026-06-04T19:00:44.961Z | GPS_ACCEPT | {"lat":51.353574,"lng":19.370608,"acc":4,"speedKmh":30.1,"gpsLock":true}
06-04 21:00:45.016 I/ReactNativeJS(27948): [VROOM-TEL] 2026-06-04T19:00:45.016Z | CAM_FOLLOW_PUSH | {"t":1780599645016,"lat":51.353396,"lng":19.370867,"hdg":347,"snapHdg":348,"speedKmh":30,"exploring":false,"source":"drive_marker_sv_60fps"}
06-04 21:00:45.258 I/ReactNativeJS(27948): [VROOM-TEL] 2026-06-04T19:00:45.258Z | DRIVE_TRACE_CAMERA | {"t":1780599645258,"seq":362,"gpsTickId":1780599644946,"gpsTickAgeMs":299,"lat":51.353407,"lng":19.370853,"hdg":337,"speedKmh":30.3,"exploring":false,"frameMoveM":0}
06-04 21:00:45.517 I/ReactNativeJS(27948): [VROOM-TEL] 2026-06-04T19:00:45.517Z | CAMERA_HEADING | {"t":1780599645517,"speedKmh":30,"movedM":0.13,"moveBearing":320,"snapHdg":337,"headingOut":320,"flipFromPrevDeg":0,"lookaheadM":25,"nativeFollow":true}
06-04 21:00:45.573 I/ReactNativeJS(27948): [VROOM-TEL] 2026-06-04T19:00:45.573Z | DRIVE_TRACE_CAMERA | {"t":1780599645573,"seq":363,"gpsTickId":1780599644946,"gpsTickAgeMs":614,"lat":51.353425,"lng":19.370828,"hdg":337,"speedKmh":30.3,"exploring":false,"frameMoveM":0}
06-04 21:00:45.817 I/ReactNativeJS(27948): [VROOM-TEL] 2026-06-04T19:00:45.816Z | CAM_FOLLOW_PUSH | {"t":1780599645816,"lat":51.35344,"lng":19.370809,"hdg":337,"snapHdg":348,"speedKmh":30,"exploring":false,"source":"drive_marker_sv_60fps"}
06-04 21:00:45.884 I/ReactNativeJS(27948): [VROOM-TEL] 2026-06-04T19:00:45.884Z | DRIVE_TRACE_CAMERA | {"t":1780599645884,"seq":364,"gpsTickId":1780599644946,"gpsTickAgeMs":925,"lat":51.353442,"lng":19.370807,"hdg":348,"speedKmh":30.3,"exploring":false,"frameMoveM":0}
06-04 21:00:45.995 I/ReactNativeJS(27948): [VROOM-TEL] 2026-06-04T19:00:45.995Z | RAW_GPS_TICK | {"t":1780599645995,"gpsTickId":1780599645944,"gpsTickAgeMs":0,"lat":51.353658,"lng":19.370566,"speed":9.68,"speedKmh":34.8,"accuracy":4,"osTimestamp":1780599645944,"tripActive":true,"appState":"active"}
06-04 21:00:45.995 I/ReactNativeJS(27948): [VROOM-TEL] 2026-06-04T19:00:45.995Z | DRIVE_TRACE_RAW | {"t":1780599645995,"seq":365,"gpsTickId":1780599645944,"gpsTickAgeMs":0,"rawLat":51.353658,"rawLng":19.370566,"accM":4,"speedKmh":34.8,"speedMs":9.7,"heading":342,"tripActive":true,"driving":true,"navigating":false,"osTimestamp":1780599645944}
06-04 21:00:45.996 I/ReactNativeJS(27948): [VROOM-TEL] 2026-06-04T19:00:45.996Z | DRIVE_TRACE_FEED | {"t":1780599645996,"seq":366,"gpsTickId":1780599645944,"gpsTickAgeMs":1,"lat":51.353485,"lng":19.37074,"hdg":345,"durationMs":767,"speedKmh":34.8}
06-04 21:00:45.996 I/ReactNativeJS(27948): [VROOM-TEL] 2026-06-04T19:00:45.996Z | DRIVE_TRACE_TICK | {"t":1780599645996,"seq":367,"gpsTickId":1780599645944,"gpsTickAgeMs":1,"rawLat":51.353658,"rawLng":19.370566,"snapLat":51.353485,"snapLng":19.37074,"markerLat":51.353485,"markerLng":19.37074,"markerHdg":345,"markerSvLat":51.353442,"markerSvLng":19.370807,"markerSvHdg":348,"accM":4,"hudKmh":34.8,"engineKmh":33.3,"dopplerKmh":34.8,"feedDurMs":767,"cadenceMs":1052,"feedSpeedMs":9.7,"isNavigating":false,"isFreeDrive":true,"isMoving":true,"feedSkipGate":false,"feedAccepted":true,"feedHeadingOnly":false,"source":"drive_core_v2"}
06-04 21:00:45.996 I/ReactNativeJS(27948): [VROOM-TEL] 2026-06-04T19:00:45.996Z | GPS_ACCEPT | {"lat":51.353658,"lng":19.370566,"acc":4,"speedKmh":34.8,"gpsLock":true}
06-04 21:00:46.188 I/ReactNativeJS(27948): [VROOM-TEL] 2026-06-04T19:00:46.188Z | DRIVE_TRACE_CAMERA | {"t":1780599646188,"seq":368,"gpsTickId":1780599645944,"gpsTickAgeMs":193,"lat":51.35345,"lng":19.370795,"hdg":346,"speedKmh":34.8,"exploring":false,"frameMoveM":0}
06-04 21:00:46.500 I/ReactNativeJS(27948): [VROOM-TEL] 2026-06-04T19:00:46.500Z | DRIVE_TRACE_CAMERA | {"t":1780599646500,"seq":369,"gpsTickId":1780599645944,"gpsTickAgeMs":505,"lat":51.35347,"lng":19.370763,"hdg":334,"speedKmh":34.8,"exploring":false,"frameMoveM":0}
06-04 21:00:46.617 I/ReactNativeJS(27948): [VROOM-TEL] 2026-06-04T19:00:46.617Z | CAM_FOLLOW_PUSH | {"t":1780599646617,"lat":51.353477,"lng":19.370753,"hdg":334,"snapHdg":345,"speedKmh":35,"exploring":false,"source":"drive_marker_sv_60fps"}
06-04 21:00:46.633 I/ReactNativeJS(27948): [VROOM-TEL] 2026-06-04T19:00:46.633Z | CAMERA_HEADING | {"t":1780599646633,"speedKmh":35,"movedM":0.15,"moveBearing":316,"snapHdg":334,"headingOut":316,"flipFromPrevDeg":0,"lookaheadM":25,"nativeFollow":true}
06-04 21:00:46.800 I/ReactNativeJS(27948): [VROOM-TEL] 2026-06-04T19:00:46.800Z | DRIVE_TRACE_CAMERA | {"t":1780599646800,"seq":370,"gpsTickId":1780599645944,"gpsTickAgeMs":805,"lat":51.353487,"lng":19.370736,"hdg":334,"speedKmh":34.8,"exploring":false,"frameMoveM":0}
06-04 21:00:46.962 I/ReactNativeJS(27948): [VROOM-TEL] 2026-06-04T19:00:46.962Z | RAW_GPS_TICK | {"t":1780599646962,"gpsTickId":1780599646945,"gpsTickAgeMs":0,"lat":51.353752,"lng":19.370516,"speed":10.92,"speedKmh":39.3,"accuracy":4,"osTimestamp":1780599646945,"tripActive":true,"appState":"active"}
06-04 21:00:46.962 I/ReactNativeJS(27948): [VROOM-TEL] 2026-06-04T19:00:46.962Z | DRIVE_TRACE_RAW | {"t":1780599646962,"seq":371,"gpsTickId":1780599646945,"gpsTickAgeMs":0,"rawLat":51.353752,"rawLng":19.370516,"accM":4,"speedKmh":39.3,"speedMs":10.9,"heading":341,"tripActive":true,"driving":true,"navigating":false,"osTimestamp":1780599646945}
06-04 21:00:46.964 I/ReactNativeJS(27948): [VROOM-TEL] 2026-06-04T19:00:46.964Z | DRIVE_TRACE_FEED | {"t":1780599646964,"seq":372,"gpsTickId":1780599646945,"gpsTickAgeMs":2,"lat":51.353535,"lng":19.370654,"hdg":342,"durationMs":743,"speedKmh":39.3}
06-04 21:00:46.964 I/ReactNativeJS(27948): [VROOM-TEL] 2026-06-04T19:00:46.964Z | DRIVE_TRACE_TICK | {"t":1780599646964,"seq":373,"gpsTickId":1780599646945,"gpsTickAgeMs":2,"rawLat":51.353752,"rawLng":19.370516,"snapLat":51.353535,"snapLng":19.370654,"markerLat":51.353535,"markerLng":19.370654,"markerHdg":342,"markerSvLat":51.353493,"markerSvLng":19.37073,"markerSvHdg":342,"accM":4,"hudKmh":39.3,"engineKmh":36,"dopplerKmh":39.3,"feedDurMs":743,"cadenceMs":1022,"feedSpeedMs":10.9,"isNavigating":false,"isFreeDrive":true,"isMoving":true,"feedSkipGate":false,"feedAccepted":true,"feedHeadingOnly":false,"source":"drive_core_v2"}
06-04 21:00:46.964 I/ReactNativeJS(27948): [VROOM-TEL] 2026-06-04T19:00:46.964Z | GPS_ACCEPT | {"lat":51.353752,"lng":19.370516,"acc":4,"speedKmh":41.4,"gpsLock":true}
06-04 21:00:47.100 I/ReactNativeJS(27948): [VROOM-TEL] 2026-06-04T19:00:47.100Z | DRIVE_TRACE_CAMERA | {"t":1780599647100,"seq":374,"gpsTickId":1780599646945,"gpsTickAgeMs":138,"lat":51.353501,"lng":19.370716,"hdg":327,"speedKmh":39.3,"exploring":false,"frameMoveM":0}
06-04 21:00:47.461 I/ReactNativeJS(27948): [VROOM-TEL] 2026-06-04T19:00:47.461Z | CAM_FOLLOW_PUSH | {"t":1780599647461,"lat":51.353518,"lng":19.370685,"hdg":347,"snapHdg":342,"speedKmh":39,"exploring":false,"source":"drive_marker_sv_60fps"}
06-04 21:00:47.461 I/ReactNativeJS(27948): [VROOM-TEL] 2026-06-04T19:00:47.461Z | DRIVE_TRACE_CAMERA | {"t":1780599647461,"seq":375,"gpsTickId":1780599646945,"gpsTickAgeMs":499,"lat":51.353518,"lng":19.370685,"hdg":347,"speedKmh":39.3,"exploring":false,"frameMoveM":0}
06-04 21:00:47.733 I/ReactNativeJS(27948): [VROOM-TEL] 2026-06-04T19:00:47.733Z | CAMERA_HEADING | {"t":1780599647733,"speedKmh":39,"movedM":0.18,"moveBearing":311,"snapHdg":327,"headingOut":311,"flipFromPrevDeg":10,"lookaheadM":34,"nativeFollow":true}
06-04 21:00:47.767 I/ReactNativeJS(27948): [VROOM-TEL] 2026-06-04T19:00:47.767Z | DRIVE_TRACE_CAMERA | {"t":1780599647767,"seq":376,"gpsTickId":1780599646945,"gpsTickAgeMs":805,"lat":51.353538,"lng":19.370648,"hdg":327,"speedKmh":39.3,"exploring":false,"frameMoveM":0}
06-04 21:00:47.970 I/ReactNativeJS(27948): [VROOM-TEL] 2026-06-04T19:00:47.970Z | RAW_GPS_TICK | {"t":1780599647970,"gpsTickId":1780599647946,"gpsTickAgeMs":0,"lat":51.353858,"lng":19.370469,"speed":11.98,"speedKmh":43.1,"accuracy":4,"osTimestamp":1780599647946,"tripActive":true,"appState":"active"}
06-04 21:00:47.970 I/ReactNativeJS(27948): [VROOM-TEL] 2026-06-04T19:00:47.970Z | DRIVE_TRACE_RAW | {"t":1780599647970,"seq":377,"gpsTickId":1780599647946,"gpsTickAgeMs":0,"rawLat":51.353858,"rawLng":19.370469,"accM":4,"speedKmh":43.1,"speedMs":12,"heading":344,"tripActive":true,"driving":true,"navigating":false,"osTimestamp":1780599647946}
06-04 21:00:47.972 I/ReactNativeJS(27948): [VROOM-TEL] 2026-06-04T19:00:47.972Z | DRIVE_TRACE_FEED | {"t":1780599647972,"seq":378,"gpsTickId":1780599647946,"gpsTickAgeMs":2,"lat":51.353605,"lng":19.370599,"hdg":343,"durationMs":727,"speedKmh":43.1}
06-04 21:00:47.972 I/ReactNativeJS(27948): [VROOM-TEL] 2026-06-04T19:00:47.972Z | DRIVE_TRACE_TICK | {"t":1780599647972,"seq":379,"gpsTickId":1780599647946,"gpsTickAgeMs":2,"rawLat":51.353858,"rawLng":19.370469,"snapLat":51.353605,"snapLng":19.370599,"markerLat":51.353605,"markerLng":19.370599,"markerHdg":343,"markerSvLat":51.353545,"markerSvLng":19.37064,"markerSvHdg":342,"accM":4,"hudKmh":43.1,"engineKmh":41.6,"dopplerKmh":43.1,"feedDurMs":727,"cadenceMs":1017,"feedSpeedMs":12,"isNavigating":false,"isFreeDrive":true,"isMoving":true,"feedSkipGate":false,"feedAccepted":true,"feedHeadingOnly":false,"source":"drive_core_v2"}
06-04 21:00:47.972 I/ReactNativeJS(27948): [VROOM-TEL] 2026-06-04T19:00:47.972Z | GPS_ACCEPT | {"lat":51.353858,"lng":19.370469,"acc":4,"speedKmh":43.6,"gpsLock":true}
06-04 21:00:48.067 I/ReactNativeJS(27948): [VROOM-TEL] 2026-06-04T19:00:48.067Z | DRIVE_TRACE_CAMERA | {"t":1780599648067,"seq":380,"gpsTickId":1780599647946,"gpsTickAgeMs":97,"lat":51.353553,"lng":19.370635,"hdg":334,"speedKmh":43.1,"exploring":false,"frameMoveM":0}
06-04 21:00:48.267 I/ReactNativeJS(27948): [VROOM-TEL] 2026-06-04T19:00:48.267Z | CAM_FOLLOW_PUSH | {"t":1780599648267,"lat":51.353569,"lng":19.370624,"hdg":337,"snapHdg":343,"speedKmh":43,"exploring":false,"source":"drive_marker_sv_60fps"}
06-04 21:00:48.367 I/ReactNativeJS(27948): [VROOM-TEL] 2026-06-04T19:00:48.367Z | DRIVE_TRACE_CAMERA | {"t":1780599648367,"seq":381,"gpsTickId":1780599647946,"gpsTickAgeMs":397,"lat":51.353577,"lng":19.370618,"hdg":337,"speedKmh":43.1,"exploring":false,"frameMoveM":0}
06-04 21:00:48.678 I/ReactNativeJS(27948): [VROOM-TEL] 2026-06-04T19:00:48.678Z | DRIVE_TRACE_CAMERA | {"t":1780599648678,"seq":382,"gpsTickId":1780599647946,"gpsTickAgeMs":708,"lat":51.353602,"lng":19.3706,"hdg":337,"speedKmh":43.1,"exploring":false,"frameMoveM":0}
06-04 21:00:48.818 I/ReactNativeJS(27948): [VROOM-TEL] 2026-06-04T19:00:48.818Z | DRIVE_TRACE_HEARTBEAT | {"t":1780599648818,"seq":383,"gpsTickId":1780599647946,"gpsTickAgeMs":848,"driving":true,"navigating":false,"tripActive":true,"lat":51.3538582,"lng":19.370469,"gpsAgeMs":848}
06-04 21:00:48.833 I/ReactNativeJS(27948): [VROOM-TEL] 2026-06-04T19:00:48.833Z | CAMERA_HEADING | {"t":1780599648833,"speedKmh":43,"movedM":0.2,"moveBearing":341,"snapHdg":341,"headingOut":341,"flipFromPrevDeg":0,"lookaheadM":34,"nativeFollow":true}
06-04 21:00:48.968 I/ReactNativeJS(27948): [VROOM-TEL] 2026-06-04T19:00:48.968Z | RAW_GPS_TICK | {"t":1780599648968,"gpsTickId":1780599648945,"gpsTickAgeMs":0,"lat":51.353972,"lng":19.370429,"speed":12.82,"speedKmh":46.2,"accuracy":4,"osTimestamp":1780599648945,"tripActive":true,"appState":"active"}
06-04 21:00:48.968 I/ReactNativeJS(27948): [VROOM-TEL] 2026-06-04T19:00:48.968Z | DRIVE_TRACE_RAW | {"t":1780599648968,"seq":384,"gpsTickId":1780599648945,"gpsTickAgeMs":0,"rawLat":51.353972,"rawLng":19.370429,"accM":4,"speedKmh":46.2,"speedMs":12.8,"heading":347,"tripActive":true,"driving":true,"navigating":false,"osTimestamp":1780599648945}
06-04 21:00:48.970 I/ReactNativeJS(27948): [VROOM-TEL] 2026-06-04T19:00:48.970Z | DRIVE_TRACE_FEED | {"t":1780599648970,"seq":385,"gpsTickId":1780599648945,"gpsTickAgeMs":2,"lat":51.353839,"lng":19.370472,"hdg":346,"durationMs":1200,"speedKmh":46.2}
06-04 21:00:48.971 I/ReactNativeJS(27948): [VROOM-TEL] 2026-06-04T19:00:48.971Z | DRIVE_TRACE_TICK | {"t":1780599648971,"seq":386,"gpsTickId":1780599648945,"gpsTickAgeMs":2,"rawLat":51.353972,"rawLng":19.370429,"snapLat":51.353839,"snapLng":19.370472,"markerLat":51.353839,"markerLng":19.370472,"markerHdg":346,"markerSvLat":51.353622,"markerSvLng":19.370589,"markerSvHdg":341,"accM":4,"hudKmh":46.2,"engineKmh":44.7,"dopplerKmh":46.2,"feedDurMs":1200,"cadenceMs":1010,"feedSpeedMs":12.8,"isNavigating":false,"isFreeDrive":true,"isMoving":true,"feedSkipGate":false,"feedAccepted":true,"feedHeadingOnly":false,"source":"drive_core_v2"}
06-04 21:00:48.971 I/ReactNativeJS(27948): [VROOM-TEL] 2026-06-04T19:00:48.971Z | GPS_ACCEPT | {"lat":51.353972,"lng":19.370429,"acc":4,"speedKmh":46.6,"gpsLock":true}
06-04 21:00:49.028 I/ReactNativeJS(27948): [VROOM-TEL] 2026-06-04T19:00:49.028Z | DRIVE_TRACE_CAMERA | {"t":1780599649028,"seq":387,"gpsTickId":1780599648945,"gpsTickAgeMs":60,"lat":51.353627,"lng":19.370586,"hdg":348,"speedKmh":46.2,"exploring":false,"frameMoveM":0}
06-04 21:00:49.067 I/ReactNativeJS(27948): [VROOM-TEL] 2026-06-04T19:00:49.067Z | CAM_FOLLOW_PUSH | {"t":1780599649067,"lat":51.353639,"lng":19.37058,"hdg":341,"snapHdg":346,"speedKmh":46,"exploring":false,"source":"drive_marker_sv_60fps"}
06-04 21:00:49.335 I/ReactNativeJS(27948): [VROOM-TEL] 2026-06-04T19:00:49.335Z | DRIVE_TRACE_CAMERA | {"t":1780599649335,"seq":388,"gpsTickId":1780599648945,"gpsTickAgeMs":367,"lat":51.353688,"lng":19.370554,"hdg":341,"speedKmh":46.2,"exploring":false,"frameMoveM":0}
06-04 21:00:49.651 I/ReactNativeJS(27948): [VROOM-TEL] 2026-06-04T19:00:49.651Z | DRIVE_TRACE_CAMERA | {"t":1780599649651,"seq":389,"gpsTickId":1780599648945,"gpsTickAgeMs":683,"lat":51.353745,"lng":19.370523,"hdg":341,"speedKmh":46.2,"exploring":false,"frameMoveM":0}
06-04 21:00:49.867 I/ReactNativeJS(27948): [VROOM-TEL] 2026-06-04T19:00:49.867Z | CAM_FOLLOW_PUSH | {"t":1780599649867,"lat":51.353784,"lng":19.370502,"hdg":341,"snapHdg":346,"speedKmh":46,"exploring":false,"source":"drive_marker_sv_60fps"}
06-04 21:00:49.934 I/ReactNativeJS(27948): [VROOM-TEL] 2026-06-04T19:00:49.933Z | CAMERA_HEADING | {"t":1780599649933,"speedKmh":46,"movedM":0.36,"moveBearing":341,"snapHdg":341,"headingOut":341,"flipFromPrevDeg":0,"lookaheadM":40,"nativeFollow":true}
06-04 21:00:49.966 I/ReactNativeJS(27948): [VROOM-TEL] 2026-06-04T19:00:49.966Z | DRIVE_TRACE_CAMERA | {"t":1780599649966,"seq":390,"gpsTickId":1780599648945,"gpsTickAgeMs":998,"lat":51.353802,"lng":19.370492,"hdg":341,"speedKmh":46.2,"exploring":false,"frameMoveM":0}
06-04 21:00:49.972 I/ReactNativeJS(27948): [VROOM-TEL] 2026-06-04T19:00:49.972Z | RAW_GPS_TICK | {"t":1780599649972,"gpsTickId":1780599649945,"gpsTickAgeMs":0,"lat":51.354084,"lng":19.370392,"speed":12.73,"speedKmh":45.8,"accuracy":4,"osTimestamp":1780599649945,"tripActive":true,"appState":"active"}
06-04 21:00:49.972 I/ReactNativeJS(27948): [VROOM-TEL] 2026-06-04T19:00:49.972Z | DRIVE_TRACE_RAW | {"t":1780599649972,"seq":391,"gpsTickId":1780599649945,"gpsTickAgeMs":0,"rawLat":51.354084,"rawLng":19.370392,"accM":4,"speedKmh":45.8,"speedMs":12.7,"heading":348,"tripActive":true,"driving":true,"navigating":false,"osTimestamp":1780599649945}
06-04 21:00:49.973 I/ReactNativeJS(27948): [VROOM-TEL] 2026-06-04T19:00:49.973Z | DRIVE_TRACE_FEED | {"t":1780599649973,"seq":392,"gpsTickId":1780599649945,"gpsTickAgeMs":1,"lat":51.353921,"lng":19.370448,"hdg":348,"durationMs":715,"speedKmh":46.5}
06-04 21:00:49.973 I/ReactNativeJS(27948): [VROOM-TEL] 2026-06-04T19:00:49.973Z | DRIVE_TRACE_TICK | {"t":1780599649973,"seq":393,"gpsTickId":1780599649945,"gpsTickAgeMs":1,"rawLat":51.354084,"rawLng":19.370392,"snapLat":51.353921,"snapLng":19.370448,"markerLat":51.353921,"markerLng":19.370448,"markerHdg":348,"markerSvLat":51.353802,"markerSvLng":19.370492,"markerSvHdg":341,"accM":4,"hudKmh":46.5,"engineKmh":46.5,"dopplerKmh":45.8,"feedDurMs":715,"cadenceMs":1008,"feedSpeedMs":12.9,"isNavigating":false,"isFreeDrive":true,"isMoving":true,"feedSkipGate":false,"feedAccepted":true,"feedHeadingOnly":false,"source":"drive_core_v2"}
06-04 21:00:49.973 I/ReactNativeJS(27948): [VROOM-TEL] 2026-06-04T19:00:49.973Z | GPS_ACCEPT | {"lat":51.354084,"lng":19.370392,"acc":4,"speedKmh":45.8,"gpsLock":true}
06-04 21:00:50.266 I/ReactNativeJS(27948): [VROOM-TEL] 2026-06-04T19:00:50.266Z | DRIVE_TRACE_CAMERA | {"t":1780599650266,"seq":394,"gpsTickId":1780599649945,"gpsTickAgeMs":294,"lat":51.353851,"lng":19.370474,"hdg":347,"speedKmh":46.5,"exploring":false,"frameMoveM":0}
06-04 21:00:50.566 I/ReactNativeJS(27948): [VROOM-TEL] 2026-06-04T19:00:50.566Z | DRIVE_TRACE_CAMERA | {"t":1780599650566,"seq":395,"gpsTickId":1780599649945,"gpsTickAgeMs":594,"lat":51.353901,"lng":19.370455,"hdg":347,"speedKmh":46.5,"exploring":false,"frameMoveM":0}
06-04 21:00:50.683 I/ReactNativeJS(27948): [VROOM-TEL] 2026-06-04T19:00:50.683Z | CAM_FOLLOW_PUSH | {"t":1780599650683,"lat":51.35392,"lng":19.370448,"hdg":347,"snapHdg":348,"speedKmh":47,"exploring":false,"source":"drive_marker_sv_60fps"}
06-04 21:00:50.867 I/ReactNativeJS(27948): [VROOM-TEL] 2026-06-04T19:00:50.867Z | DRIVE_TRACE_CAMERA | {"t":1780599650867,"seq":396,"gpsTickId":1780599649945,"gpsTickAgeMs":895,"lat":51.353939,"lng":19.370439,"hdg":342,"speedKmh":46.5,"exploring":false,"frameMoveM":0}
06-04 21:00:50.967 I/ReactNativeJS(27948): [VROOM-TEL] 2026-06-04T19:00:50.967Z | RAW_GPS_TICK | {"t":1780599650967,"gpsTickId":1780599650946,"gpsTickAgeMs":0,"lat":51.354191,"lng":19.370358,"speed":12.34,"speedKmh":44.4,"accuracy":4,"osTimestamp":1780599650946,"tripActive":true,"appState":"active"}
06-04 21:00:50.967 I/ReactNativeJS(27948): [VROOM-TEL] 2026-06-04T19:00:50.967Z | DRIVE_TRACE_RAW | {"t":1780599650967,"seq":397,"gpsTickId":1780599650946,"gpsTickAgeMs":0,"rawLat":51.354191,"rawLng":19.370358,"accM":4,"speedKmh":44.4,"speedMs":12.3,"heading":349,"tripActive":true,"driving":true,"navigating":false,"osTimestamp":1780599650946}
06-04 21:00:50.970 I/ReactNativeJS(27948): [VROOM-TEL] 2026-06-04T19:00:50.970Z | DRIVE_TRACE_FEED | {"t":1780599650970,"seq":398,"gpsTickId":1780599650946,"gpsTickAgeMs":3,"lat":51.354002,"lng":19.370429,"hdg":349,"durationMs":717,"speedKmh":45.9}
06-04 21:00:50.970 I/ReactNativeJS(27948): [VROOM-TEL] 2026-06-04T19:00:50.970Z | DRIVE_TRACE_TICK | {"t":1780599650970,"seq":399,"gpsTickId":1780599650946,"gpsTickAgeMs":3,"rawLat":51.354191,"rawLng":19.370358,"snapLat":51.354002,"snapLng":19.370429,"markerLat":51.354002,"markerLng":19.370429,"markerHdg":349,"markerSvLat":51.353939,"markerSvLng":19.370439,"markerSvHdg":342,"accM":4,"hudKmh":45.9,"engineKmh":45.9,"dopplerKmh":44.4,"feedDurMs":717,"cadenceMs":1003,"feedSpeedMs":12.8,"isNavigating":false,"isFreeDrive":true,"isMoving":true,"feedSkipGate":false,"feedAccepted":true,"feedHeadingOnly":false,"source":"drive_core_v2"}
06-04 21:00:50.970 I/ReactNativeJS(27948): [VROOM-TEL] 2026-06-04T19:00:50.970Z | GPS_ACCEPT | {"lat":51.354191,"lng":19.370358,"acc":4,"speedKmh":44.4,"gpsLock":true}
06-04 21:00:51.034 I/ReactNativeJS(27948): [VROOM-TEL] 2026-06-04T19:00:51.034Z | CAMERA_HEADING | {"t":1780599651034,"speedKmh":46,"movedM":0.33,"moveBearing":null,"snapHdg":353,"headingOut":353,"flipFromPrevDeg":6,"lookaheadM":40,"nativeFollow":true}
06-04 21:00:51.197 I/ReactNativeJS(27948): [VROOM-TEL] 2026-06-04T19:00:51.197Z | DRIVE_TRACE_CAMERA | {"t":1780599651197,"seq":400,"gpsTickId":1780599650946,"gpsTickAgeMs":230,"lat":51.353953,"lng":19.370437,"hdg":347,"speedKmh":45.9,"exploring":false,"frameMoveM":0}
06-04 21:00:51.484 I/ReactNativeJS(27948): [VROOM-TEL] 2026-06-04T19:00:51.484Z | CAM_FOLLOW_PUSH | {"t":1780599651484,"lat":51.353984,"lng":19.370432,"hdg":354,"snapHdg":349,"speedKmh":46,"exploring":false,"source":"drive_marker_sv_60fps"}
06-04 21:00:51.500 I/ReactNativeJS(27948): [VROOM-TEL] 2026-06-04T19:00:51.500Z | DRIVE_TRACE_CAMERA | {"t":1780599651500,"seq":401,"gpsTickId":1780599650946,"gpsTickAgeMs":533,"lat":51.353986,"lng":19.370432,"hdg":354,"speedKmh":45.9,"exploring":false,"frameMoveM":0}
06-04 21:00:51.801 I/ReactNativeJS(27948): [VROOM-TEL] 2026-06-04T19:00:51.801Z | DRIVE_TRACE_CAMERA | {"t":1780599651801,"seq":402,"gpsTickId":1780599650946,"gpsTickAgeMs":834,"lat":51.354013,"lng":19.370425,"hdg":342,"speedKmh":45.9,"exploring":false,"frameMoveM":0}
06-04 21:00:51.965 I/ReactNativeJS(27948): [VROOM-TEL] 2026-06-04T19:00:51.965Z | RAW_GPS_TICK | {"t":1780599651965,"gpsTickId":1780599651945,"gpsTickAgeMs":0,"lat":51.354293,"lng":19.370324,"speed":11.34,"speedKmh":40.8,"accuracy":4,"osTimestamp":1780599651945,"tripActive":true,"appState":"active"}
06-04 21:00:51.965 I/ReactNativeJS(27948): [VROOM-TEL] 2026-06-04T19:00:51.965Z | DRIVE_TRACE_RAW | {"t":1780599651965,"seq":403,"gpsTickId":1780599651945,"gpsTickAgeMs":0,"rawLat":51.354293,"rawLng":19.370324,"accM":4,"speedKmh":40.8,"speedMs":11.3,"heading":349,"tripActive":true,"driving":true,"navigating":false,"osTimestamp":1780599651945}
06-04 21:00:51.968 I/ReactNativeJS(27948): [VROOM-TEL] 2026-06-04T19:00:51.968Z | DRIVE_TRACE_FEED | {"t":1780599651968,"seq":404,"gpsTickId":1780599651945,"gpsTickAgeMs":3,"lat":51.354081,"lng":19.370412,"hdg":349,"durationMs":723,"speedKmh":44.2}
06-04 21:00:51.969 I/ReactNativeJS(27948): [VROOM-TEL] 2026-06-04T19:00:51.969Z | DRIVE_TRACE_TICK | {"t":1780599651969,"seq":405,"gpsTickId":1780599651945,"gpsTickAgeMs":4,"rawLat":51.354293,"rawLng":19.370324,"snapLat":51.354081,"snapLng":19.370412,"markerLat":51.354081,"markerLng":19.370412,"markerHdg":349,"markerSvLat":51.354021,"markerSvLng":19.370422,"markerSvHdg":342,"accM":4,"hudKmh":44.2,"engineKmh":44.2,"dopplerKmh":40.8,"feedDurMs":723,"cadenceMs":1001,"feedSpeedMs":12.3,"isNavigating":false,"isFreeDrive":true,"isMoving":true,"feedSkipGate":false,"feedAccepted":true,"feedHeadingOnly":false,"source":"drive_core_v2"}
06-04 21:00:51.969 I/ReactNativeJS(27948): [VROOM-TEL] 2026-06-04T19:00:51.969Z | GPS_ACCEPT | {"lat":51.354293,"lng":19.370324,"acc":4,"speedKmh":41.8,"gpsLock":true}
06-04 21:00:52.159 I/ReactNativeJS(27948): [VROOM-TEL] 2026-06-04T19:00:52.159Z | CAMERA_HEADING | {"t":1780599652159,"speedKmh":44,"movedM":0.94,"moveBearing":null,"snapHdg":355,"headingOut":355,"flipFromPrevDeg":0,"lookaheadM":40,"nativeFollow":true}
06-04 21:00:52.162 I/ReactNativeJS(27948): [VROOM-TEL] 2026-06-04T19:00:52.162Z | DRIVE_TRACE_CAMERA | {"t":1780599652162,"seq":406,"gpsTickId":1780599651945,"gpsTickAgeMs":197,"lat":51.354029,"lng":19.37042,"hdg":347,"speedKmh":44.2,"exploring":false,"frameMoveM":0}
06-04 21:00:52.284 I/ReactNativeJS(27948): [VROOM-TEL] 2026-06-04T19:00:52.284Z | CAM_FOLLOW_PUSH | {"t":1780599652284,"lat":51.354047,"lng":19.370418,"hdg":355,"snapHdg":349,"speedKmh":44,"exploring":false,"source":"drive_marker_sv_60fps"}
06-04 21:00:52.467 I/ReactNativeJS(27948): [VROOM-TEL] 2026-06-04T19:00:52.467Z | DRIVE_TRACE_CAMERA | {"t":1780599652467,"seq":407,"gpsTickId":1780599651945,"gpsTickAgeMs":502,"lat":51.35406,"lng":19.370416,"hdg":355,"speedKmh":44.2,"exploring":false,"frameMoveM":0}
06-04 21:00:52.767 I/ReactNativeJS(27948): [VROOM-TEL] 2026-06-04T19:00:52.767Z | DRIVE_TRACE_CAMERA | {"t":1780599652767,"seq":408,"gpsTickId":1780599651945,"gpsTickAgeMs":802,"lat":51.354089,"lng":19.37041,"hdg":351,"speedKmh":44.2,"exploring":false,"frameMoveM":0}
06-04 21:00:52.964 I/ReactNativeJS(27948): [VROOM-TEL] 2026-06-04T19:00:52.963Z | RAW_GPS_TICK | {"t":1780599652963,"gpsTickId":1780599652946,"gpsTickAgeMs":0,"lat":51.354383,"lng":19.370298,"speed":10.51,"speedKmh":37.8,"accuracy":4,"osTimestamp":1780599652946,"tripActive":true,"appState":"active"}
06-04 21:00:52.964 I/ReactNativeJS(27948): [VROOM-TEL] 2026-06-04T19:00:52.964Z | DRIVE_TRACE_RAW | {"t":1780599652964,"seq":409,"gpsTickId":1780599652946,"gpsTickAgeMs":1,"rawLat":51.354383,"rawLng":19.370298,"accM":4,"speedKmh":37.8,"speedMs":10.5,"heading":349,"tripActive":true,"driving":true,"navigating":false,"osTimestamp":1780599652946}
06-04 21:00:52.968 I/ReactNativeJS(27948): [VROOM-TEL] 2026-06-04T19:00:52.968Z | DRIVE_TRACE_FEED | {"t":1780599652968,"seq":410,"gpsTickId":1780599652946,"gpsTickAgeMs":5,"lat":51.354157,"lng":19.370397,"hdg":349,"durationMs":733,"speedKmh":41.7}
06-04 21:00:52.968 I/ReactNativeJS(27948): [VROOM-TEL] 2026-06-04T19:00:52.968Z | DRIVE_TRACE_TICK | {"t":1780599652968,"seq":411,"gpsTickId":1780599652946,"gpsTickAgeMs":5,"rawLat":51.354383,"rawLng":19.370298,"snapLat":51.354157,"snapLng":19.370397,"markerLat":51.354157,"markerLng":19.370397,"markerHdg":349,"markerSvLat":51.354099,"markerSvLng":19.370405,"markerSvHdg":343,"accM":4,"hudKmh":41.7,"engineKmh":41.7,"dopplerKmh":37.8,"feedDurMs":733,"cadenceMs":1000,"feedSpeedMs":11.6,"isNavigating":false,"isFreeDrive":true,"isMoving":true,"feedSkipGate":false,"feedAccepted":true,"feedHeadingOnly":false,"source":"drive_core_v2"}
06-04 21:00:52.968 I/ReactNativeJS(27948): [VROOM-TEL] 2026-06-04T19:00:52.968Z | GPS_ACCEPT | {"lat":51.354383,"lng":19.370298,"acc":4,"speedKmh":37.8,"gpsLock":true}
06-04 21:00:53.084 I/ReactNativeJS(27948): [VROOM-TEL] 2026-06-04T19:00:53.083Z | DRIVE_TRACE_CAMERA | {"t":1780599653083,"seq":412,"gpsTickId":1780599652946,"gpsTickAgeMs":120,"lat":51.354108,"lng":19.370404,"hdg":350,"speedKmh":41.7,"exploring":false,"frameMoveM":0}
06-04 21:00:53.100 I/ReactNativeJS(27948): [VROOM-TEL] 2026-06-04T19:00:53.100Z | CAM_FOLLOW_PUSH | {"t":1780599653100,"lat":51.35411,"lng":19.370404,"hdg":355,"snapHdg":349,"speedKmh":42,"exploring":false,"source":"drive_marker_sv_60fps"}
06-04 21:00:53.266 I/ReactNativeJS(27948): [VROOM-TEL] 2026-06-04T19:00:53.266Z | CAMERA_HEADING | {"t":1780599653266,"speedKmh":42,"movedM":0.14,"moveBearing":355,"snapHdg":355,"headingOut":355,"flipFromPrevDeg":0,"lookaheadM":40,"nativeFollow":true}
06-04 21:00:53.384 I/ReactNativeJS(27948): [VROOM-TEL] 2026-06-04T19:00:53.384Z | DRIVE_TRACE_CAMERA | {"t":1780599653384,"seq":413,"gpsTickId":1780599652946,"gpsTickAgeMs":421,"lat":51.354132,"lng":19.370401,"hdg":355,"speedKmh":41.7,"exploring":false,"frameMoveM":0}
06-04 21:00:53.684 I/ReactNativeJS(27948): [VROOM-TEL] 2026-06-04T19:00:53.684Z | DRIVE_TRACE_CAMERA | {"t":1780599653684,"seq":414,"gpsTickId":1780599652946,"gpsTickAgeMs":721,"lat":51.354156,"lng":19.370397,"hdg":355,"speedKmh":41.7,"exploring":false,"frameMoveM":0}
06-04 21:00:53.834 I/ReactNativeJS(27948): [VROOM-TEL] 2026-06-04T19:00:53.834Z | DRIVE_TRACE_HEARTBEAT | {"t":1780599653834,"seq":415,"gpsTickId":1780599652946,"gpsTickAgeMs":871,"driving":true,"navigating":false,"tripActive":true,"lat":51.3543831,"lng":19.3702979,"gpsAgeMs":871}
06-04 21:00:53.834 I/ReactNativeJS(27948): [VROOM-TEL] 2026-06-04T19:00:53.834Z | DRIVE_HEALTH | {"t":1780599653834,"mode":"driving","speedHudKmh":41.7,"speedPipeKmh":41.7,"gpsAgeMs":871,"drAgeMs":866,"gpsToDriftM":26,"snapAnchorDriftM":0,"offRoute":false,"reroutePending":false,"rerouteLoading":false,"hasRoutePts":0}
06-04 21:00:53.961 I/ReactNativeJS(27948): [VROOM-TEL] 2026-06-04T19:00:53.961Z | RAW_GPS_TICK | {"t":1780599653961,"gpsTickId":1780599653945,"gpsTickAgeMs":0,"lat":51.354473,"lng":19.370274,"speed":10.31,"speedKmh":37.1,"accuracy":4,"osTimestamp":1780599653945,"tripActive":true,"appState":"active"}
06-04 21:00:53.962 I/ReactNativeJS(27948): [VROOM-TEL] 2026-06-04T19:00:53.962Z | DRIVE_TRACE_RAW | {"t":1780599653962,"seq":416,"gpsTickId":1780599653945,"gpsTickAgeMs":1,"rawLat":51.354473,"rawLng":19.370274,"accM":4,"speedKmh":37.1,"speedMs":10.3,"heading":349,"tripActive":true,"driving":true,"navigating":false,"osTimestamp":1780599653945}
06-04 21:00:53.963 I/ReactNativeJS(27948): [VROOM-TEL] 2026-06-04T19:00:53.963Z | DRIVE_TRACE_FEED | {"t":1780599653963,"seq":417,"gpsTickId":1780599653945,"gpsTickAgeMs":2,"lat":51.35423,"lng":19.370383,"hdg":350,"durationMs":743,"speedKmh":39.4}
06-04 21:00:53.964 I/ReactNativeJS(27948): [VROOM-TEL] 2026-06-04T19:00:53.964Z | DRIVE_TRACE_TICK | {"t":1780599653964,"seq":418,"gpsTickId":1780599653945,"gpsTickAgeMs":3,"rawLat":51.354473,"rawLng":19.370274,"snapLat":51.35423,"snapLng":19.370383,"markerLat":51.35423,"markerLng":19.370383,"markerHdg":350,"markerSvLat":51.354174,"markerSvLng":19.370391,"markerSvHdg":343,"accM":4,"hudKmh":39.4,"engineKmh":39.4,"dopplerKmh":37.1,"feedDurMs":743,"cadenceMs":999,"feedSpeedMs":10.9,"isNavigating":false,"isFreeDrive":true,"isMoving":true,"feedSkipGate":false,"feedAccepted":true,"feedHeadingOnly":false,"source":"drive_core_v2"}
06-04 21:00:53.964 I/ReactNativeJS(27948): [VROOM-TEL] 2026-06-04T19:00:53.964Z | GPS_ACCEPT | {"lat":51.354473,"lng":19.370274,"acc":4,"speedKmh":37.1,"gpsLock":true}
06-04 21:00:54.039 I/ReactNativeJS(27948): [VROOM-TEL] 2026-06-04T19:00:54.039Z | CAM_FOLLOW_PUSH | {"t":1780599654039,"lat":51.354174,"lng":19.370391,"hdg":343,"snapHdg":350,"speedKmh":39,"exploring":false,"source":"drive_marker_sv_60fps"}
06-04 21:00:54.039 I/ReactNativeJS(27948): [VROOM-TEL] 2026-06-04T19:00:54.039Z | DRIVE_TRACE_CAMERA | {"t":1780599654039,"seq":419,"gpsTickId":1780599653945,"gpsTickAgeMs":78,"lat":51.354174,"lng":19.370391,"hdg":343,"speedKmh":39.4,"exploring":false,"frameMoveM":0}
06-04 21:00:54.350 I/ReactNativeJS(27948): [VROOM-TEL] 2026-06-04T19:00:54.350Z | DRIVE_TRACE_CAMERA | {"t":1780599654350,"seq":420,"gpsTickId":1780599653945,"gpsTickAgeMs":389,"lat":51.354203,"lng":19.370387,"hdg":355,"speedKmh":39.4,"exploring":false,"frameMoveM":0}
06-04 21:00:54.367 I/ReactNativeJS(27948): [VROOM-TEL] 2026-06-04T19:00:54.367Z | CAMERA_HEADING | {"t":1780599654367,"speedKmh":39,"movedM":0.15,"moveBearing":355,"snapHdg":355,"headingOut":355,"flipFromPrevDeg":0,"lookaheadM":34,"nativeFollow":true}
06-04 21:00:54.650 I/ReactNativeJS(27948): [VROOM-TEL] 2026-06-04T19:00:54.650Z | DRIVE_TRACE_CAMERA | {"t":1780599654650,"seq":421,"gpsTickId":1780599653945,"gpsTickAgeMs":689,"lat":51.354225,"lng":19.370384,"hdg":355,"speedKmh":39.4,"exploring":false,"frameMoveM":0}
06-04 21:00:54.850 I/ReactNativeJS(27948): [VROOM-TEL] 2026-06-04T19:00:54.850Z | CAM_FOLLOW_PUSH | {"t":1780599654850,"lat":51.354242,"lng":19.370379,"hdg":345,"snapHdg":350,"speedKmh":39,"exploring":false,"source":"drive_marker_sv_60fps"}
06-04 21:00:54.967 I/ReactNativeJS(27948): [VROOM-TEL] 2026-06-04T19:00:54.967Z | RAW_GPS_TICK | {"t":1780599654967,"gpsTickId":1780599654945,"gpsTickAgeMs":0,"lat":51.35456,"lng":19.370247,"speed":10.07,"speedKmh":36.3,"accuracy":4,"osTimestamp":1780599654945,"tripActive":true,"appState":"active"}
06-04 21:00:54.968 I/ReactNativeJS(27948): [VROOM-TEL] 2026-06-04T19:00:54.968Z | DRIVE_TRACE_RAW | {"t":1780599654968,"seq":422,"gpsTickId":1780599654945,"gpsTickAgeMs":1,"rawLat":51.35456,"rawLng":19.370247,"accM":4,"speedKmh":36.3,"speedMs":10.1,"heading":349,"tripActive":true,"driving":true,"navigating":false,"osTimestamp":1780599654945}
06-04 21:00:54.969 I/ReactNativeJS(27948): [VROOM-TEL] 2026-06-04T19:00:54.969Z | DRIVE_TRACE_FEED | {"t":1780599654969,"seq":423,"gpsTickId":1780599654945,"gpsTickAgeMs":2,"lat":51.3543,"lng":19.37037,"hdg":350,"durationMs":751,"speedKmh":37.6}
06-04 21:00:54.970 I/ReactNativeJS(27948): [VROOM-TEL] 2026-06-04T19:00:54.970Z | DRIVE_TRACE_TICK | {"t":1780599654970,"seq":424,"gpsTickId":1780599654945,"gpsTickAgeMs":3,"rawLat":51.35456,"rawLng":19.370247,"snapLat":51.3543,"snapLng":19.37037,"markerLat":51.3543,"markerLng":19.37037,"markerHdg":350,"markerSvLat":51.354242,"markerSvLng":19.370379,"markerSvHdg":343,"accM":4,"hudKmh":37.6,"engineKmh":37.6,"dopplerKmh":36.3,"feedDurMs":751,"cadenceMs":1001,"feedSpeedMs":10.4,"isNavigating":false,"isFreeDrive":true,"isMoving":true,"feedSkipGate":false,"feedAccepted":true,"feedHeadingOnly":false,"source":"drive_core_v2"}
06-04 21:00:54.970 I/ReactNativeJS(27948): [VROOM-TEL] 2026-06-04T19:00:54.970Z | GPS_ACCEPT | {"lat":51.35456,"lng":19.370247,"acc":4,"speedKmh":36.3,"gpsLock":true}
06-04 21:00:55.019 I/ReactNativeJS(27948): [VROOM-TEL] 2026-06-04T19:00:55.019Z | DRIVE_TRACE_CAMERA | {"t":1780599655019,"seq":425,"gpsTickId":1780599654945,"gpsTickAgeMs":52,"lat":51.354245,"lng":19.370378,"hdg":347,"speedKmh":37.6,"exploring":false,"frameMoveM":0}
06-04 21:00:55.333 I/ReactNativeJS(27948): [VROOM-TEL] 2026-06-04T19:00:55.333Z | DRIVE_TRACE_CAMERA | {"t":1780599655333,"seq":426,"gpsTickId":1780599654945,"gpsTickAgeMs":366,"lat":51.35427,"lng":19.370374,"hdg":354,"speedKmh":37.6,"exploring":false,"frameMoveM":0}
06-04 21:00:55.467 I/ReactNativeJS(27948): [VROOM-TEL] 2026-06-04T19:00:55.467Z | CAMERA_HEADING | {"t":1780599655467,"speedKmh":38,"movedM":0.14,"moveBearing":354,"snapHdg":354,"headingOut":354,"flipFromPrevDeg":0,"lookaheadM":34,"nativeFollow":true}
06-04 21:00:55.633 I/ReactNativeJS(27948): [VROOM-TEL] 2026-06-04T19:00:55.633Z | DRIVE_TRACE_CAMERA | {"t":1780599655633,"seq":427,"gpsTickId":1780599654945,"gpsTickAgeMs":666,"lat":51.354293,"lng":19.370371,"hdg":354,"speedKmh":37.6,"exploring":false,"frameMoveM":0}
06-04 21:00:55.650 I/ReactNativeJS(27948): [VROOM-TEL] 2026-06-04T19:00:55.650Z | CAM_FOLLOW_PUSH | {"t":1780599655650,"lat":51.354294,"lng":19.370371,"hdg":354,"snapHdg":350,"speedKmh":38,"exploring":false,"source":"drive_marker_sv_60fps"}
06-04 21:00:55.965 I/ReactNativeJS(27948): [VROOM-TEL] 2026-06-04T19:00:55.965Z | RAW_GPS_TICK | {"t":1780599655965,"gpsTickId":1780599655946,"gpsTickAgeMs":0,"lat":51.354646,"lng":19.370218,"speed":9.76,"speedKmh":35.1,"accuracy":4,"osTimestamp":1780599655946,"tripActive":true,"appState":"active"}
06-04 21:00:55.967 I/ReactNativeJS(27948): [VROOM-TEL] 2026-06-04T19:00:55.966Z | DRIVE_TRACE_RAW | {"t":1780599655966,"seq":428,"gpsTickId":1780599655946,"gpsTickAgeMs":1,"rawLat":51.354646,"rawLng":19.370218,"accM":4,"speedKmh":35.1,"speedMs":9.8,"heading":349,"tripActive":true,"driving":true,"navigating":false,"osTimestamp":1780599655946}
06-04 21:00:55.969 I/ReactNativeJS(27948): [VROOM-TEL] 2026-06-04T19:00:55.969Z | DRIVE_TRACE_FEED | {"t":1780599655969,"seq":429,"gpsTickId":1780599655946,"gpsTickAgeMs":4,"lat":51.354527,"lng":19.370327,"hdg":349,"durationMs":1200,"speedKmh":36.6}
06-04 21:00:55.971 I/ReactNativeJS(27948): [VROOM-TEL] 2026-06-04T19:00:55.970Z | DRIVE_TRACE_TICK | {"t":1780599655970,"seq":430,"gpsTickId":1780599655946,"gpsTickAgeMs":5,"rawLat":51.354646,"rawLng":19.370218,"snapLat":51.354527,"snapLng":19.370327,"markerLat":51.354527,"markerLng":19.370327,"markerHdg":349,"markerSvLat":51.354312,"markerSvLng":19.370365,"markerSvHdg":343,"accM":4,"hudKmh":36.6,"engineKmh":36.6,"dopplerKmh":35.1,"feedDurMs":1200,"cadenceMs":1000,"feedSpeedMs":10.2,"isNavigating":false,"isFreeDrive":true,"isMoving":true,"feedSkipGate":false,"feedAccepted":true,"feedHeadingOnly":false,"source":"drive_core_v2"}
06-04 21:00:55.971 I/ReactNativeJS(27948): [VROOM-TEL] 2026-06-04T19:00:55.971Z | GPS_ACCEPT | {"lat":51.354646,"lng":19.370218,"acc":4,"speedKmh":35.2,"gpsLock":true}
06-04 21:00:56.061 I/ReactNativeJS(27948): [VROOM-TEL] 2026-06-04T19:00:56.061Z | DRIVE_TRACE_CAMERA | {"t":1780599656061,"seq":431,"gpsTickId":1780599655946,"gpsTickAgeMs":96,"lat":51.354317,"lng":19.370364,"hdg":344,"speedKmh":36.6,"exploring":false,"frameMoveM":0}
06-04 21:00:56.367 I/ReactNativeJS(27948): [VROOM-TEL] 2026-06-04T19:00:56.367Z | DRIVE_TRACE_CAMERA | {"t":1780599656367,"seq":432,"gpsTickId":1780599655946,"gpsTickAgeMs":402,"lat":51.354383,"lng":19.370352,"hdg":354,"speedKmh":36.6,"exploring":false,"frameMoveM":0}
06-04 21:00:56.450 I/ReactNativeJS(27948): [VROOM-TEL] 2026-06-04T19:00:56.450Z | CAM_FOLLOW_PUSH | {"t":1780599656450,"lat":51.354398,"lng":19.37035,"hdg":354,"snapHdg":349,"speedKmh":37,"exploring":false,"source":"drive_marker_sv_60fps"}
06-04 21:00:56.567 I/ReactNativeJS(27948): [VROOM-TEL] 2026-06-04T19:00:56.567Z | CAMERA_HEADING | {"t":1780599656567,"speedKmh":37,"movedM":0.34,"moveBearing":354,"snapHdg":354,"headingOut":354,"flipFromPrevDeg":0,"lookaheadM":34,"nativeFollow":true}
06-04 21:00:56.667 I/ReactNativeJS(27948): [VROOM-TEL] 2026-06-04T19:00:56.667Z | DRIVE_TRACE_CAMERA | {"t":1780599656667,"seq":433,"gpsTickId":1780599655946,"gpsTickAgeMs":702,"lat":51.354437,"lng":19.370343,"hdg":354,"speedKmh":36.6,"exploring":false,"frameMoveM":0}
06-04 21:00:56.962 I/ReactNativeJS(27948): [VROOM-TEL] 2026-06-04T19:00:56.962Z | RAW_GPS_TICK | {"t":1780599656962,"gpsTickId":1780599656945,"gpsTickAgeMs":0,"lat":51.354729,"lng":19.370193,"speed":9.46,"speedKmh":34.1,"accuracy":4,"osTimestamp":1780599656945,"tripActive":true,"appState":"active"}
06-04 21:00:56.962 I/ReactNativeJS(27948): [VROOM-TEL] 2026-06-04T19:00:56.962Z | DRIVE_TRACE_RAW | {"t":1780599656962,"seq":434,"gpsTickId":1780599656945,"gpsTickAgeMs":0,"rawLat":51.354729,"rawLng":19.370193,"accM":4,"speedKmh":34.1,"speedMs":9.5,"heading":348,"tripActive":true,"driving":true,"navigating":false,"osTimestamp":1780599656945}
06-04 21:00:56.964 I/ReactNativeJS(27948): [VROOM-TEL] 2026-06-04T19:00:56.964Z | DRIVE_TRACE_FEED | {"t":1780599656964,"seq":435,"gpsTickId":1780599656945,"gpsTickAgeMs":2,"lat":51.354595,"lng":19.370314,"hdg":349,"durationMs":762,"speedKmh":35.6}
06-04 21:00:56.964 I/ReactNativeJS(27948): [VROOM-TEL] 2026-06-04T19:00:56.964Z | DRIVE_TRACE_TICK | {"t":1780599656964,"seq":436,"gpsTickId":1780599656945,"gpsTickAgeMs":2,"rawLat":51.354729,"rawLng":19.370193,"snapLat":51.354595,"snapLng":19.370314,"markerLat":51.354595,"markerLng":19.370314,"markerHdg":349,"markerSvLat":51.354488,"markerSvLng":19.370334,"markerSvHdg":354,"accM":4,"hudKmh":35.6,"engineKmh":35.6,"dopplerKmh":34.1,"feedDurMs":762,"cadenceMs":999,"feedSpeedMs":9.9,"isNavigating":false,"isFreeDrive":true,"isMoving":true,"feedSkipGate":false,"feedAccepted":true,"feedHeadingOnly":false,"source":"drive_core_v2"}
06-04 21:00:56.964 I/ReactNativeJS(27948): [VROOM-TEL] 2026-06-04T19:00:56.964Z | GPS_ACCEPT | {"lat":51.354729,"lng":19.370193,"acc":4,"speedKmh":34.1,"gpsLock":true}
06-04 21:00:57.006 I/ReactNativeJS(27948): [VROOM-TEL] 2026-06-04T19:00:57.006Z | DRIVE_TRACE_CAMERA | {"t":1780599657006,"seq":437,"gpsTickId":1780599656945,"gpsTickAgeMs":44,"lat":51.354491,"lng":19.370333,"hdg":344,"speedKmh":35.6,"exploring":false,"frameMoveM":0}
06-04 21:00:57.250 I/ReactNativeJS(27948): [VROOM-TEL] 2026-06-04T19:00:57.250Z | CAM_FOLLOW_PUSH | {"t":1780599657250,"lat":51.354528,"lng":19.370326,"hdg":353,"snapHdg":349,"speedKmh":36,"exploring":false,"source":"drive_marker_sv_60fps"}
06-04 21:00:57.319 I/ReactNativeJS(27948): [VROOM-TEL] 2026-06-04T19:00:57.319Z | DRIVE_TRACE_CAMERA | {"t":1780599657319,"seq":438,"gpsTickId":1780599656945,"gpsTickAgeMs":357,"lat":51.354537,"lng":19.370325,"hdg":353,"speedKmh":35.6,"exploring":false,"frameMoveM":0}
06-04 21:00:57.634 I/ReactNativeJS(27948): [VROOM-TEL] 2026-06-04T19:00:57.634Z | DRIVE_TRACE_CAMERA | {"t":1780599657634,"seq":439,"gpsTickId":1780599656945,"gpsTickAgeMs":672,"lat":51.354582,"lng":19.370317,"hdg":353,"speedKmh":35.6,"exploring":false,"frameMoveM":0}
06-04 21:00:57.684 I/ReactNativeJS(27948): [VROOM-TEL] 2026-06-04T19:00:57.683Z | CAMERA_HEADING | {"t":1780599657683,"speedKmh":36,"movedM":0.27,"moveBearing":353,"snapHdg":353,"headingOut":353,"flipFromPrevDeg":0,"lookaheadM":34,"nativeFollow":true}
06-04 21:00:57.967 I/ReactNativeJS(27948): [VROOM-TEL] 2026-06-04T19:00:57.967Z | RAW_GPS_TICK | {"t":1780599657967,"gpsTickId":1780599657944,"gpsTickAgeMs":0,"lat":51.354813,"lng":19.370165,"speed":9.67,"speedKmh":34.8,"accuracy":4,"osTimestamp":1780599657944,"tripActive":true,"appState":"active"}
06-04 21:00:57.967 I/ReactNativeJS(27948): [VROOM-TEL] 2026-06-04T19:00:57.967Z | DRIVE_TRACE_RAW | {"t":1780599657967,"seq":440,"gpsTickId":1780599657944,"gpsTickAgeMs":0,"rawLat":51.354813,"rawLng":19.370165,"accM":4,"speedKmh":34.8,"speedMs":9.7,"heading":348,"tripActive":true,"driving":true,"navigating":false,"osTimestamp":1780599657944}
06-04 21:00:57.969 I/ReactNativeJS(27948): [VROOM-TEL] 2026-06-04T19:00:57.969Z | DRIVE_TRACE_FEED | {"t":1780599657969,"seq":441,"gpsTickId":1780599657944,"gpsTickAgeMs":2,"lat":51.354661,"lng":19.370302,"hdg":349,"durationMs":765,"speedKmh":35.2}
06-04 21:00:57.970 I/ReactNativeJS(27948): [VROOM-TEL] 2026-06-04T19:00:57.970Z | DRIVE_TRACE_TICK | {"t":1780599657970,"seq":442,"gpsTickId":1780599657944,"gpsTickAgeMs":3,"rawLat":51.354813,"rawLng":19.370165,"snapLat":51.354661,"snapLng":19.370302,"markerLat":51.354661,"markerLng":19.370302,"markerHdg":349,"markerSvLat":51.354605,"markerSvLng":19.370312,"markerSvHdg":353,"accM":4,"hudKmh":35.2,"engineKmh":35.2,"dopplerKmh":34.8,"feedDurMs":765,"cadenceMs":1001,"feedSpeedMs":9.8,"isNavigating":false,"isFreeDrive":true,"isMoving":true,"feedSkipGate":false,"feedAccepted":true,"feedHeadingOnly":false,"source":"drive_core_v2"}
06-04 21:00:57.970 I/ReactNativeJS(27948): [VROOM-TEL] 2026-06-04T19:00:57.970Z | GPS_ACCEPT | {"lat":51.354813,"lng":19.370165,"acc":4,"speedKmh":34.8,"gpsLock":true}
06-04 21:00:58.036 I/ReactNativeJS(27948): [VROOM-TEL] 2026-06-04T19:00:58.036Z | DRIVE_TRACE_CAMERA | {"t":1780599658036,"seq":443,"gpsTickId":1780599657944,"gpsTickAgeMs":69,"lat":51.354607,"lng":19.370312,"hdg":344,"speedKmh":35.2,"exploring":false,"frameMoveM":0}
06-04 21:00:58.061 I/ReactNativeJS(27948): [VROOM-TEL] 2026-06-04T19:00:58.061Z | CAM_FOLLOW_PUSH | {"t":1780599658061,"lat":51.354611,"lng":19.370311,"hdg":353,"snapHdg":349,"speedKmh":35,"exploring":false,"source":"drive_marker_sv_60fps"}
06-04 21:00:58.350 I/ReactNativeJS(27948): [VROOM-TEL] 2026-06-04T19:00:58.350Z | DRIVE_TRACE_CAMERA | {"t":1780599658350,"seq":444,"gpsTickId":1780599657944,"gpsTickAgeMs":383,"lat":51.354633,"lng":19.370307,"hdg":353,"speedKmh":35.2,"exploring":false,"frameMoveM":0}
06-04 21:00:58.687 I/ReactNativeJS(27948): [VROOM-TEL] 2026-06-04T19:00:58.687Z | DRIVE_TRACE_CAMERA | {"t":1780599658687,"seq":445,"gpsTickId":1780599657944,"gpsTickAgeMs":720,"lat":51.354653,"lng":19.370303,"hdg":344,"speedKmh":35.2,"exploring":false,"frameMoveM":0}
06-04 21:00:58.801 I/ReactNativeJS(27948): [VROOM-TEL] 2026-06-04T19:00:58.801Z | CAMERA_HEADING | {"t":1780599658801,"speedKmh":35,"movedM":0.13,"moveBearing":353,"snapHdg":353,"headingOut":353,"flipFromPrevDeg":0,"lookaheadM":34,"nativeFollow":true}
06-04 21:00:58.881 I/ReactNativeJS(27948): [VROOM-TEL] 2026-06-04T19:00:58.881Z | CAM_FOLLOW_PUSH | {"t":1780599658881,"lat":51.354661,"lng":19.370302,"hdg":344,"snapHdg":349,"speedKmh":35,"exploring":false,"source":"drive_marker_sv_60fps"}
06-04 21:00:58.946 I/ReactNativeJS(27948): [VROOM-TEL] 2026-06-04T19:00:58.946Z | DRIVE_TRACE_HEARTBEAT | {"t":1780599658946,"seq":446,"gpsTickId":1780599657944,"gpsTickAgeMs":979,"driving":true,"navigating":false,"tripActive":true,"lat":51.3548133,"lng":19.370165,"gpsAgeMs":979}
06-04 21:00:59.014 I/ReactNativeJS(27948): [VROOM-TEL] 2026-06-04T19:00:59.014Z | RAW_GPS_TICK | {"t":1780599659014,"gpsTickId":1780599658946,"gpsTickAgeMs":0,"lat":51.3549,"lng":19.370138,"speed":9.91,"speedKmh":35.7,"accuracy":4,"osTimestamp":1780599658946,"tripActive":true,"appState":"active"}
06-04 21:00:59.014 I/ReactNativeJS(27948): [VROOM-TEL] 2026-06-04T19:00:59.014Z | DRIVE_TRACE_RAW | {"t":1780599659014,"seq":447,"gpsTickId":1780599658946,"gpsTickAgeMs":0,"rawLat":51.3549,"rawLng":19.370138,"accM":4,"speedKmh":35.7,"speedMs":9.9,"heading":348,"tripActive":true,"driving":true,"navigating":false,"osTimestamp":1780599658946}
06-04 21:00:59.015 I/ReactNativeJS(27948): [VROOM-TEL] 2026-06-04T19:00:59.015Z | DRIVE_TRACE_FEED | {"t":1780599659015,"seq":448,"gpsTickId":1780599658946,"gpsTickAgeMs":1,"lat":51.354729,"lng":19.370289,"hdg":349,"durationMs":762,"speedKmh":35.7}
06-04 21:00:59.015 I/ReactNativeJS(27948): [VROOM-TEL] 2026-06-04T19:00:59.015Z | DRIVE_TRACE_TICK | {"t":1780599659015,"seq":449,"gpsTickId":1780599658946,"gpsTickAgeMs":1,"rawLat":51.3549,"rawLng":19.370138,"snapLat":51.354729,"snapLng":19.370289,"markerLat":51.354729,"markerLng":19.370289,"markerHdg":349,"markerSvLat":51.354671,"markerSvLng":19.3703,"markerSvHdg":353,"accM":4,"hudKmh":35.7,"engineKmh":35.3,"dopplerKmh":35.7,"feedDurMs":762,"cadenceMs":1017,"feedSpeedMs":9.9,"isNavigating":false,"isFreeDrive":true,"isMoving":true,"feedSkipGate":false,"feedAccepted":true,"feedHeadingOnly":false,"source":"drive_core_v2"}
06-04 21:00:59.015 I/ReactNativeJS(27948): [VROOM-TEL] 2026-06-04T19:00:59.015Z | GPS_ACCEPT | {"lat":51.3549,"lng":19.370138,"acc":4,"speedKmh":35.7,"gpsLock":true}
06-04 21:00:59.043 I/ReactNativeJS(27948): [VROOM-TEL] 2026-06-04T19:00:59.043Z | DRIVE_TRACE_CAMERA | {"t":1780599659043,"seq":450,"gpsTickId":1780599658946,"gpsTickAgeMs":29,"lat":51.354673,"lng":19.3703,"hdg":353,"speedKmh":35.7,"exploring":false,"frameMoveM":0}
06-04 21:00:59.350 I/ReactNativeJS(27948): [VROOM-TEL] 2026-06-04T19:00:59.350Z | DRIVE_TRACE_CAMERA | {"t":1780599659350,"seq":451,"gpsTickId":1780599658946,"gpsTickAgeMs":336,"lat":51.354697,"lng":19.370295,"hdg":353,"speedKmh":35.7,"exploring":false,"frameMoveM":0}
06-04 21:00:59.650 I/ReactNativeJS(27948): [VROOM-TEL] 2026-06-04T19:00:59.650Z | DRIVE_TRACE_CAMERA | {"t":1780599659650,"seq":452,"gpsTickId":1780599658946,"gpsTickAgeMs":636,"lat":51.354719,"lng":19.370291,"hdg":353,"speedKmh":35.7,"exploring":false,"frameMoveM":0}
06-04 21:00:59.683 I/ReactNativeJS(27948): [VROOM-TEL] 2026-06-04T19:00:59.683Z | CAM_FOLLOW_PUSH | {"t":1780599659683,"lat":51.354722,"lng":19.370291,"hdg":353,"snapHdg":349,"speedKmh":36,"exploring":false,"source":"drive_marker_sv_60fps"}
06-04 21:00:59.962 I/ReactNativeJS(27948): [VROOM-TEL] 2026-06-04T19:00:59.962Z | RAW_GPS_TICK | {"t":1780599659962,"gpsTickId":1780599659945,"gpsTickAgeMs":0,"lat":51.35499,"lng":19.37011,"speed":10.25,"speedKmh":36.9,"accuracy":4,"osTimestamp":1780599659945,"tripActive":true,"appState":"active"}
06-04 21:00:59.962 I/ReactNativeJS(27948): [VROOM-TEL] 2026-06-04T19:00:59.962Z | DRIVE_TRACE_RAW | {"t":1780599659962,"seq":453,"gpsTickId":1780599659945,"gpsTickAgeMs":0,"rawLat":51.35499,"rawLng":19.37011,"accM":4,"speedKmh":36.9,"speedMs":10.3,"heading":348,"tripActive":true,"driving":true,"navigating":false,"osTimestamp":1780599659945}
06-04 21:00:59.964 I/ReactNativeJS(27948): [VROOM-TEL] 2026-06-04T19:00:59.964Z | DRIVE_TRACE_FEED | {"t":1780599659964,"seq":454,"gpsTickId":1780599659945,"gpsTickAgeMs":2,"lat":51.354798,"lng":19.370276,"hdg":349,"durationMs":755,"speedKmh":36.9}
06-04 21:00:59.965 I/ReactNativeJS(27948): [VROOM-TEL] 2026-06-04T19:00:59.965Z | DRIVE_TRACE_TICK | {"t":1780599659965,"seq":455,"gpsTickId":1780599659945,"gpsTickAgeMs":3,"rawLat":51.35499,"rawLng":19.37011,"snapLat":51.354798,"snapLng":19.370276,"markerLat":51.354798,"markerLng":19.370276,"markerHdg":349,"markerSvLat":51.354739,"markerSvLng":19.370287,"markerSvHdg":353,"accM":4,"hudKmh":36.9,"engineKmh":36.1,"dopplerKmh":36.9,"feedDurMs":755,"cadenceMs":993,"feedSpeedMs":10.3,"isNavigating":false,"isFreeDrive":true,"isMoving":true,"feedSkipGate":false,"feedAccepted":true,"feedHeadingOnly":false,"source":"drive_core_v2"}
06-04 21:00:59.965 I/ReactNativeJS(27948): [VROOM-TEL] 2026-06-04T19:00:59.965Z | GPS_ACCEPT | {"lat":51.35499,"lng":19.37011,"acc":4,"speedKmh":38.6,"gpsLock":true}
06-04 21:01:00.008 I/ReactNativeJS(27948): [VROOM-TEL] 2026-06-04T19:01:00.008Z | CAMERA_HEADING | {"t":1780599660008,"speedKmh":37,"movedM":0.31,"moveBearing":null,"snapHdg":353,"headingOut":353,"flipFromPrevDeg":0,"lookaheadM":34,"nativeFollow":true}
06-04 21:01:00.013 I/ReactNativeJS(27948): [VROOM-TEL] 2026-06-04T19:01:00.013Z | DRIVE_TRACE_CAMERA | {"t":1780599660013,"seq":456,"gpsTickId":1780599659945,"gpsTickAgeMs":51,"lat":51.35474,"lng":19.370287,"hdg":339,"speedKmh":36.9,"exploring":false,"frameMoveM":0}
06-04 21:01:00.316 I/ReactNativeJS(27948): [VROOM-TEL] 2026-06-04T19:01:00.316Z | DRIVE_TRACE_CAMERA | {"t":1780599660316,"seq":457,"gpsTickId":1780599659945,"gpsTickAgeMs":354,"lat":51.354767,"lng":19.370282,"hdg":353,"speedKmh":36.9,"exploring":false,"frameMoveM":0}
06-04 21:01:00.484 I/ReactNativeJS(27948): [VROOM-TEL] 2026-06-04T19:01:00.483Z | CAM_FOLLOW_PUSH | {"t":1780599660483,"lat":51.35478,"lng":19.37028,"hdg":353,"snapHdg":349,"speedKmh":37,"exploring":false,"source":"drive_marker_sv_60fps"}
06-04 21:01:00.617 I/ReactNativeJS(27948): [VROOM-TEL] 2026-06-04T19:01:00.617Z | DRIVE_TRACE_CAMERA | {"t":1780599660617,"seq":458,"gpsTickId":1780599659945,"gpsTickAgeMs":655,"lat":51.35479,"lng":19.370278,"hdg":353,"speedKmh":36.9,"exploring":false,"frameMoveM":0}
06-04 21:01:00.969 I/ReactNativeJS(27948): [VROOM-TEL] 2026-06-04T19:01:00.969Z | RAW_GPS_TICK | {"t":1780599660969,"gpsTickId":1780599660945,"gpsTickAgeMs":0,"lat":51.355082,"lng":19.370081,"speed":10.54,"speedKmh":37.9,"accuracy":4,"osTimestamp":1780599660945,"tripActive":true,"appState":"active"}
06-04 21:01:00.969 I/ReactNativeJS(27948): [VROOM-TEL] 2026-06-04T19:01:00.969Z | DRIVE_TRACE_RAW | {"t":1780599660969,"seq":459,"gpsTickId":1780599660945,"gpsTickAgeMs":0,"rawLat":51.355082,"rawLng":19.370081,"accM":4,"speedKmh":37.9,"speedMs":10.5,"heading":348,"tripActive":true,"driving":true,"navigating":false,"osTimestamp":1780599660945}
06-04 21:01:00.971 I/ReactNativeJS(27948): [VROOM-TEL] 2026-06-04T19:01:00.971Z | DRIVE_TRACE_FEED | {"t":1780599660971,"seq":460,"gpsTickId":1780599660945,"gpsTickAgeMs":2,"lat":51.354869,"lng":19.370263,"hdg":349,"durationMs":750,"speedKmh":37.9}
06-04 21:01:00.971 I/ReactNativeJS(27948): [VROOM-TEL] 2026-06-04T19:01:00.971Z | DRIVE_TRACE_TICK | {"t":1780599660971,"seq":461,"gpsTickId":1780599660945,"gpsTickAgeMs":2,"rawLat":51.355082,"rawLng":19.370081,"snapLat":51.354869,"snapLng":19.370263,"markerLat":51.354869,"markerLng":19.370263,"markerHdg":349,"markerSvLat":51.354809,"markerSvLng":19.370275,"markerSvHdg":353,"accM":4,"hudKmh":37.9,"engineKmh":37.1,"dopplerKmh":37.9,"feedDurMs":750,"cadenceMs":998,"feedSpeedMs":10.5,"isNavigating":false,"isFreeDrive":true,"isMoving":true,"feedSkipGate":false,"feedAccepted":true,"feedHeadingOnly":false,"source":"drive_core_v2"}
06-04 21:01:00.971 I/ReactNativeJS(27948): [VROOM-TEL] 2026-06-04T19:01:00.971Z | GPS_ACCEPT | {"lat":51.355082,"lng":19.370081,"acc":4,"speedKmh":37.9,"gpsLock":true}
06-04 21:01:01.037 I/ReactNativeJS(27948): [VROOM-TEL] 2026-06-04T19:01:01.037Z | DRIVE_TRACE_CAMERA | {"t":1780599661037,"seq":462,"gpsTickId":1780599660945,"gpsTickAgeMs":68,"lat":51.354809,"lng":19.370274,"hdg":339,"speedKmh":37.9,"exploring":false,"frameMoveM":0}
06-04 21:01:01.116 I/ReactNativeJS(27948): [VROOM-TEL] 2026-06-04T19:01:01.116Z | CAMERA_HEADING | {"t":1780599661116,"speedKmh":38,"movedM":0.13,"moveBearing":353,"snapHdg":353,"headingOut":353,"flipFromPrevDeg":0,"lookaheadM":34,"nativeFollow":true}
06-04 21:01:01.283 I/ReactNativeJS(27948): [VROOM-TEL] 2026-06-04T19:01:01.283Z | CAM_FOLLOW_PUSH | {"t":1780599661283,"lat":51.354833,"lng":19.37027,"hdg":353,"snapHdg":349,"speedKmh":38,"exploring":false,"source":"drive_marker_sv_60fps"}
06-04 21:01:01.350 I/ReactNativeJS(27948): [VROOM-TEL] 2026-06-04T19:01:01.350Z | DRIVE_TRACE_CAMERA | {"t":1780599661350,"seq":463,"gpsTickId":1780599660945,"gpsTickAgeMs":381,"lat":51.354839,"lng":19.370269,"hdg":353,"speedKmh":37.9,"exploring":false,"frameMoveM":0}
06-04 21:01:01.650 I/ReactNativeJS(27948): [VROOM-TEL] 2026-06-04T19:01:01.650Z | DRIVE_TRACE_CAMERA | {"t":1780599661650,"seq":464,"gpsTickId":1780599660945,"gpsTickAgeMs":681,"lat":51.354863,"lng":19.370265,"hdg":353,"speedKmh":37.9,"exploring":false,"frameMoveM":0}
06-04 21:01:01.968 I/ReactNativeJS(27948): [VROOM-TEL] 2026-06-04T19:01:01.968Z | RAW_GPS_TICK | {"t":1780599661968,"gpsTickId":1780599661945,"gpsTickAgeMs":0,"lat":51.355177,"lng":19.370051,"speed":10.78,"speedKmh":38.8,"accuracy":4,"osTimestamp":1780599661945,"tripActive":true,"appState":"active"}
06-04 21:01:01.968 I/ReactNativeJS(27948): [VROOM-TEL] 2026-06-04T19:01:01.968Z | DRIVE_TRACE_RAW | {"t":1780599661968,"seq":465,"gpsTickId":1780599661945,"gpsTickAgeMs":0,"rawLat":51.355177,"rawLng":19.370051,"accM":4,"speedKmh":38.8,"speedMs":10.8,"heading":348,"tripActive":true,"driving":true,"navigating":false,"osTimestamp":1780599661945}
06-04 21:01:01.977 I/ReactNativeJS(27948): [VROOM-TEL] 2026-06-04T19:01:01.977Z | DRIVE_TRACE_FEED | {"t":1780599661977,"seq":466,"gpsTickId":1780599661945,"gpsTickAgeMs":9,"lat":51.35494,"lng":19.37025,"hdg":349,"durationMs":746,"speedKmh":38.8}
06-04 21:01:01.978 I/ReactNativeJS(27948): [VROOM-TEL] 2026-06-04T19:01:01.978Z | DRIVE_TRACE_TICK | {"t":1780599661978,"seq":467,"gpsTickId":1780599661945,"gpsTickAgeMs":10,"rawLat":51.355177,"rawLng":19.370051,"snapLat":51.35494,"snapLng":19.37025,"markerLat":51.35494,"markerLng":19.37025,"markerHdg":349,"markerSvLat":51.354881,"markerSvLng":19.370261,"markerSvHdg":353,"accM":4,"hudKmh":38.8,"engineKmh":38.1,"dopplerKmh":38.8,"feedDurMs":746,"cadenceMs":998,"feedSpeedMs":10.8,"isNavigating":false,"isFreeDrive":true,"isMoving":true,"feedSkipGate":false,"feedAccepted":true,"feedHeadingOnly":false,"source":"drive_core_v2"}
06-04 21:01:01.978 I/ReactNativeJS(27948): [VROOM-TEL] 2026-06-04T19:01:01.978Z | GPS_ACCEPT | {"lat":51.355177,"lng":19.370051,"acc":4,"speedKmh":38.8,"gpsLock":true}
06-04 21:01:01.999 I/ReactNativeJS(27948): [VROOM-TEL] 2026-06-04T19:01:01.999Z | DRIVE_TRACE_CAMERA | {"t":1780599661999,"seq":468,"gpsTickId":1780599661945,"gpsTickAgeMs":31,"lat":51.354883,"lng":19.370261,"hdg":353,"speedKmh":38.8,"exploring":false,"frameMoveM":0}
06-04 21:01:02.083 I/ReactNativeJS(27948): [VROOM-TEL] 2026-06-04T19:01:02.083Z | CAM_FOLLOW_PUSH | {"t":1780599662083,"lat":51.354889,"lng":19.37026,"hdg":353,"snapHdg":349,"speedKmh":39,"exploring":false,"source":"drive_marker_sv_60fps"}
06-04 21:01:02.217 I/ReactNativeJS(27948): [VROOM-TEL] 2026-06-04T19:01:02.217Z | CAMERA_HEADING | {"t":1780599662217,"speedKmh":39,"movedM":0.15,"moveBearing":353,"snapHdg":353,"headingOut":353,"flipFromPrevDeg":0,"lookaheadM":34,"nativeFollow":true}
06-04 21:01:02.300 I/ReactNativeJS(27948): [VROOM-TEL] 2026-06-04T19:01:02.300Z | DRIVE_TRACE_CAMERA | {"t":1780599662300,"seq":469,"gpsTickId":1780599661945,"gpsTickAgeMs":332,"lat":51.354907,"lng":19.370256,"hdg":353,"speedKmh":38.8,"exploring":false,"frameMoveM":0}
06-04 21:01:02.600 I/ReactNativeJS(27948): [VROOM-TEL] 2026-06-04T19:01:02.600Z | DRIVE_TRACE_CAMERA | {"t":1780599662600,"seq":470,"gpsTickId":1780599661945,"gpsTickAgeMs":632,"lat":51.354931,"lng":19.370252,"hdg":353,"speedKmh":38.8,"exploring":false,"frameMoveM":0}
06-04 21:01:02.977 I/ReactNativeJS(27948): [VROOM-TEL] 2026-06-04T19:01:02.977Z | RAW_GPS_TICK | {"t":1780599662977,"gpsTickId":1780599662945,"gpsTickAgeMs":0,"lat":51.355273,"lng":19.370016,"speed":11.11,"speedKmh":40,"accuracy":4,"osTimestamp":1780599662945,"tripActive":true,"appState":"active"}
06-04 21:01:02.977 I/ReactNativeJS(27948): [VROOM-TEL] 2026-06-04T19:01:02.977Z | DRIVE_TRACE_RAW | {"t":1780599662977,"seq":471,"gpsTickId":1780599662945,"gpsTickAgeMs":0,"rawLat":51.355273,"rawLng":19.370016,"accM":4,"speedKmh":40,"speedMs":11.1,"heading":348,"tripActive":true,"driving":true,"navigating":false,"osTimestamp":1780599662945}
06-04 21:01:02.978 I/ReactNativeJS(27948): [VROOM-TEL] 2026-06-04T19:01:02.978Z | DRIVE_TRACE_FEED | {"t":1780599662978,"seq":472,"gpsTickId":1780599662945,"gpsTickAgeMs":1,"lat":51.355174,"lng":19.370207,"hdg":348,"durationMs":1200,"speedKmh":40}
06-04 21:01:02.978 I/ReactNativeJS(27948): [VROOM-TEL] 2026-06-04T19:01:02.978Z | DRIVE_TRACE_TICK | {"t":1780599662978,"seq":473,"gpsTickId":1780599662945,"gpsTickAgeMs":1,"rawLat":51.355273,"rawLng":19.370016,"snapLat":51.355174,"snapLng":19.370207,"markerLat":51.355174,"markerLng":19.370207,"markerHdg":348,"markerSvLat":51.354953,"markerSvLng":19.370248,"markerSvHdg":353,"accM":4,"hudKmh":40,"engineKmh":39.2,"dopplerKmh":40,"feedDurMs":1200,"cadenceMs":1002,"feedSpeedMs":11.1,"isNavigating":false,"isFreeDrive":true,"isMoving":true,"feedSkipGate":false,"feedAccepted":true,"feedHeadingOnly":false,"source":"drive_core_v2"}
06-04 21:01:02.978 I/ReactNativeJS(27948): [VROOM-TEL] 2026-06-04T19:01:02.978Z | GPS_ACCEPT | {"lat":51.355273,"lng":19.370016,"acc":4,"speedKmh":40,"gpsLock":true}
06-04 21:01:03.036 I/ReactNativeJS(27948): [VROOM-TEL] 2026-06-04T19:01:03.035Z | CAM_FOLLOW_PUSH | {"t":1780599663035,"lat":51.354957,"lng":19.370247,"hdg":338,"snapHdg":348,"speedKmh":40,"exploring":false,"source":"drive_marker_sv_60fps"}
06-04 21:01:03.036 I/ReactNativeJS(27948): [VROOM-TEL] 2026-06-04T19:01:03.036Z | DRIVE_TRACE_CAMERA | {"t":1780599663036,"seq":474,"gpsTickId":1780599662945,"gpsTickAgeMs":59,"lat":51.354957,"lng":19.370247,"hdg":338,"speedKmh":40,"exploring":false,"frameMoveM":0}
06-04 21:01:03.379 I/ReactNativeJS(27948): [VROOM-TEL] 2026-06-04T19:01:03.379Z | CAMERA_HEADING | {"t":1780599663379,"speedKmh":40,"movedM":2.06,"moveBearing":353,"snapHdg":353,"headingOut":353,"flipFromPrevDeg":0,"lookaheadM":34,"nativeFollow":true}
06-04 21:01:03.383 I/ReactNativeJS(27948): [VROOM-TEL] 2026-06-04T19:01:03.383Z | DRIVE_TRACE_CAMERA | {"t":1780599663383,"seq":475,"gpsTickId":1780599662945,"gpsTickAgeMs":406,"lat":51.355009,"lng":19.370237,"hdg":343,"speedKmh":40,"exploring":false,"frameMoveM":0}
06-04 21:01:03.683 I/ReactNativeJS(27948): [VROOM-TEL] 2026-06-04T19:01:03.683Z | DRIVE_TRACE_CAMERA | {"t":1780599663683,"seq":476,"gpsTickId":1780599662945,"gpsTickAgeMs":706,"lat":51.355083,"lng":19.370224,"hdg":353,"speedKmh":40,"exploring":false,"frameMoveM":0}
06-04 21:01:03.850 I/ReactNativeJS(27948): [VROOM-TEL] 2026-06-04T19:01:03.850Z | CAM_FOLLOW_PUSH | {"t":1780599663850,"lat":51.355114,"lng":19.370218,"hdg":353,"snapHdg":348,"speedKmh":40,"exploring":false,"source":"drive_marker_sv_60fps"}
06-04 21:01:03.972 I/ReactNativeJS(27948): [VROOM-TEL] 2026-06-04T19:01:03.972Z | RAW_GPS_TICK | {"t":1780599663972,"gpsTickId":1780599663946,"gpsTickAgeMs":0,"lat":51.355372,"lng":19.369983,"speed":11.25,"speedKmh":40.5,"accuracy":4,"osTimestamp":1780599663946,"tripActive":true,"appState":"active"}
06-04 21:01:03.973 I/ReactNativeJS(27948): [VROOM-TEL] 2026-06-04T19:01:03.973Z | DRIVE_TRACE_RAW | {"t":1780599663973,"seq":477,"gpsTickId":1780599663946,"gpsTickAgeMs":1,"rawLat":51.355372,"rawLng":19.369983,"accM":4,"speedKmh":40.5,"speedMs":11.3,"heading":348,"tripActive":true,"driving":true,"navigating":false,"osTimestamp":1780599663946}
06-04 21:01:03.975 I/ReactNativeJS(27948): [VROOM-TEL] 2026-06-04T19:01:03.975Z | DRIVE_TRACE_FEED | {"t":1780599663975,"seq":478,"gpsTickId":1780599663946,"gpsTickAgeMs":3,"lat":51.355248,"lng":19.370193,"hdg":348,"durationMs":738,"speedKmh":40.5}
06-04 21:01:03.976 I/ReactNativeJS(27948): [VROOM-TEL] 2026-06-04T19:01:03.975Z | DRIVE_TRACE_TICK | {"t":1780599663975,"seq":479,"gpsTickId":1780599663946,"gpsTickAgeMs":3,"rawLat":51.355372,"rawLng":19.369983,"snapLat":51.355248,"snapLng":19.370193,"markerLat":51.355248,"markerLng":19.370193,"markerHdg":348,"markerSvLat":51.355135,"markerSvLng":19.370214,"markerSvHdg":353,"accM":4,"hudKmh":40.5,"engineKmh":40.2,"dopplerKmh":40.5,"feedDurMs":738,"cadenceMs":1000,"feedSpeedMs":11.3,"isNavigating":false,"isFreeDrive":true,"isMoving":true,"feedSkipGate":false,"feedAccepted":true,"feedHeadingOnly":false,"source":"drive_core_v2"}
06-04 21:01:03.976 I/ReactNativeJS(27948): [VROOM-TEL] 2026-06-04T19:01:03.976Z | GPS_ACCEPT | {"lat":51.355372,"lng":19.369983,"acc":4,"speedKmh":40.5,"gpsLock":true}
06-04 21:01:03.983 I/ReactNativeJS(27948): [VROOM-TEL] 2026-06-04T19:01:03.983Z | DRIVE_TRACE_CAMERA | {"t":1780599663983,"seq":480,"gpsTickId":1780599663946,"gpsTickAgeMs":11,"lat":51.355136,"lng":19.370214,"hdg":353,"speedKmh":40.5,"exploring":false,"frameMoveM":0}
06-04 21:01:04.284 I/ReactNativeJS(27948): [VROOM-TEL] 2026-06-04T19:01:04.284Z | DRIVE_TRACE_CAMERA | {"t":1780599664284,"seq":481,"gpsTickId":1780599663946,"gpsTickAgeMs":312,"lat":51.355183,"lng":19.370206,"hdg":353,"speedKmh":40.5,"exploring":false,"frameMoveM":0}
06-04 21:01:04.483 I/ReactNativeJS(27948): [VROOM-TEL] 2026-06-04T19:01:04.483Z | CAMERA_HEADING | {"t":1780599664483,"speedKmh":41,"movedM":0.29,"moveBearing":353,"snapHdg":353,"headingOut":353,"flipFromPrevDeg":0,"lookaheadM":34,"nativeFollow":true}
06-04 21:01:04.605 I/ReactNativeJS(27948): [VROOM-TEL] 2026-06-04T19:01:04.605Z | DRIVE_TRACE_CAMERA | {"t":1780599664605,"seq":482,"gpsTickId":1780599663946,"gpsTickAgeMs":633,"lat":51.355226,"lng":19.370198,"hdg":346,"speedKmh":40.5,"exploring":false,"frameMoveM":0}
06-04 21:01:04.666 I/ReactNativeJS(27948): [VROOM-TEL] 2026-06-04T19:01:04.666Z | CAM_FOLLOW_PUSH | {"t":1780599664666,"lat":51.355241,"lng":19.370195,"hdg":353,"snapHdg":348,"speedKmh":41,"exploring":false,"source":"drive_marker_sv_60fps"}
06-04 21:01:04.967 I/ReactNativeJS(27948): [VROOM-TEL] 2026-06-04T19:01:04.967Z | RAW_GPS_TICK | {"t":1780599664967,"gpsTickId":1780599664944,"gpsTickAgeMs":0,"lat":51.355471,"lng":19.369951,"speed":11.37,"speedKmh":40.9,"accuracy":4,"osTimestamp":1780599664944,"tripActive":true,"appState":"active"}
06-04 21:01:04.967 I/ReactNativeJS(27948): [VROOM-TEL] 2026-06-04T19:01:04.967Z | DRIVE_TRACE_RAW | {"t":1780599664967,"seq":483,"gpsTickId":1780599664944,"gpsTickAgeMs":0,"rawLat":51.355471,"rawLng":19.369951,"accM":4,"speedKmh":40.9,"speedMs":11.4,"heading":348,"tripActive":true,"driving":true,"navigating":false,"osTimestamp":1780599664944}
06-04 21:01:04.969 I/ReactNativeJS(27948): [VROOM-TEL] 2026-06-04T19:01:04.969Z | DRIVE_TRACE_FEED | {"t":1780599664969,"seq":484,"gpsTickId":1780599664944,"gpsTickAgeMs":2,"lat":51.355323,"lng":19.37018,"hdg":348,"durationMs":735,"speedKmh":41.1}
06-04 21:01:04.969 I/ReactNativeJS(27948): [VROOM-TEL] 2026-06-04T19:01:04.969Z | DRIVE_TRACE_TICK | {"t":1780599664969,"seq":485,"gpsTickId":1780599664944,"gpsTickAgeMs":2,"rawLat":51.355471,"rawLng":19.369951,"snapLat":51.355323,"snapLng":19.37018,"markerLat":51.355323,"markerLng":19.37018,"markerHdg":348,"markerSvLat":51.355263,"markerSvLng":19.370191,"markerSvHdg":353,"accM":4,"hudKmh":41.1,"engineKmh":41.1,"dopplerKmh":40.9,"feedDurMs":735,"cadenceMs":998,"feedSpeedMs":11.4,"isNavigating":false,"isFreeDrive":true,"isMoving":true,"feedSkipGate":false,"feedAccepted":true,"feedHeadingOnly":false,"source":"drive_core_v2"}
06-04 21:01:04.969 I/ReactNativeJS(27948): [VROOM-TEL] 2026-06-04T19:01:04.969Z | GPS_ACCEPT | {"lat":51.355471,"lng":19.369951,"acc":4,"speedKmh":40.9,"gpsLock":true}
06-04 21:01:05.004 I/ReactNativeJS(27948): [VROOM-TEL] 2026-06-04T19:01:05.004Z | DRIVE_TRACE_CAMERA | {"t":1780599665004,"seq":486,"gpsTickId":1780599664944,"gpsTickAgeMs":37,"lat":51.355266,"lng":19.37019,"hdg":353,"speedKmh":41.1,"exploring":false,"frameMoveM":0}
06-04 21:01:05.316 I/ReactNativeJS(27948): [VROOM-TEL] 2026-06-04T19:01:05.316Z | DRIVE_TRACE_CAMERA | {"t":1780599665316,"seq":487,"gpsTickId":1780599664944,"gpsTickAgeMs":349,"lat":51.355292,"lng":19.370185,"hdg":353,"speedKmh":41.1,"exploring":false,"frameMoveM":0}
06-04 21:01:05.466 I/ReactNativeJS(27948): [VROOM-TEL] 2026-06-04T19:01:05.466Z | CAM_FOLLOW_PUSH | {"t":1780599665466,"lat":51.355304,"lng":19.370183,"hdg":353,"snapHdg":348,"speedKmh":41,"exploring":false,"source":"drive_marker_sv_60fps"}
06-04 21:01:05.611 I/ReactNativeJS(27948): [VROOM-TEL] 2026-06-04T19:01:05.611Z | CAMERA_HEADING | {"t":1780599665611,"speedKmh":41,"movedM":0.6,"moveBearing":null,"snapHdg":353,"headingOut":353,"flipFromPrevDeg":0,"lookaheadM":34,"nativeFollow":true}
06-04 21:01:05.648 I/ReactNativeJS(27948): [VROOM-TEL] 2026-06-04T19:01:05.648Z | DRIVE_TRACE_CAMERA | {"t":1780599665648,"seq":488,"gpsTickId":1780599664944,"gpsTickAgeMs":681,"lat":51.355316,"lng":19.370181,"hdg":338,"speedKmh":41.1,"exploring":false,"frameMoveM":0}
06-04 21:01:06.056 I/ReactNativeJS(27948): [VROOM-TEL] 2026-06-04T19:01:06.056Z | RAW_GPS_TICK | {"t":1780599666056,"gpsTickId":1780599665945,"gpsTickAgeMs":0,"lat":51.355573,"lng":19.36992,"speed":11.61,"speedKmh":41.8,"accuracy":4,"osTimestamp":1780599665945,"tripActive":true,"appState":"active"}
06-04 21:01:06.056 I/ReactNativeJS(27948): [VROOM-TEL] 2026-06-04T19:01:06.056Z | DRIVE_TRACE_RAW | {"t":1780599666056,"seq":489,"gpsTickId":1780599665945,"gpsTickAgeMs":0,"rawLat":51.355573,"rawLng":19.36992,"accM":4,"speedKmh":41.8,"speedMs":11.6,"heading":349,"tripActive":true,"driving":true,"navigating":false,"osTimestamp":1780599665945}
06-04 21:01:06.057 I/ReactNativeJS(27948): [VROOM-TEL] 2026-06-04T19:01:06.057Z | DRIVE_TRACE_FEED | {"t":1780599666057,"seq":490,"gpsTickId":1780599665945,"gpsTickAgeMs":1,"lat":51.355399,"lng":19.370166,"hdg":349,"durationMs":732,"speedKmh":41.8}
06-04 21:01:06.057 I/ReactNativeJS(27948): [VROOM-TEL] 2026-06-04T19:01:06.057Z | DRIVE_TRACE_TICK | {"t":1780599666057,"seq":491,"gpsTickId":1780599665945,"gpsTickAgeMs":1,"rawLat":51.355573,"rawLng":19.36992,"snapLat":51.355399,"snapLng":19.370166,"markerLat":51.355399,"markerLng":19.370166,"markerHdg":349,"markerSvLat":51.355339,"markerSvLng":19.370177,"markerSvHdg":353,"accM":4,"hudKmh":41.8,"engineKmh":41.8,"dopplerKmh":41.8,"feedDurMs":732,"cadenceMs":1030,"feedSpeedMs":11.6,"isNavigating":false,"isFreeDrive":true,"isMoving":true,"feedSkipGate":false,"feedAccepted":true,"feedHeadingOnly":false,"source":"drive_core_v2"}
06-04 21:01:06.057 I/ReactNativeJS(27948): [VROOM-TEL] 2026-06-04T19:01:06.057Z | GPS_ACCEPT | {"lat":51.355573,"lng":19.36992,"acc":4,"speedKmh":41.8,"gpsLock":true}
06-04 21:01:06.089 I/ReactNativeJS(27948): [VROOM-TEL] 2026-06-04T19:01:06.089Z | DRIVE_TRACE_CAMERA | {"t":1780599666089,"seq":492,"gpsTickId":1780599665945,"gpsTickAgeMs":33,"lat":51.355341,"lng":19.370176,"hdg":353,"speedKmh":41.8,"exploring":false,"frameMoveM":0}
06-04 21:01:06.268 I/ReactNativeJS(27948): [VROOM-TEL] 2026-06-04T19:01:06.268Z | CAM_FOLLOW_PUSH | {"t":1780599666268,"lat":51.355356,"lng":19.370174,"hdg":353,"snapHdg":349,"speedKmh":42,"exploring":false,"source":"drive_marker_sv_60fps"}
06-04 21:01:06.400 I/ReactNativeJS(27948): [VROOM-TEL] 2026-06-04T19:01:06.400Z | DRIVE_TRACE_CAMERA | {"t":1780599666400,"seq":493,"gpsTickId":1780599665945,"gpsTickAgeMs":344,"lat":51.355367,"lng":19.370171,"hdg":353,"speedKmh":41.8,"exploring":false,"frameMoveM":0}
06-04 21:01:06.717 I/ReactNativeJS(27948): [VROOM-TEL] 2026-06-04T19:01:06.717Z | CAMERA_HEADING | {"t":1780599666717,"speedKmh":42,"movedM":0.78,"moveBearing":353,"snapHdg":353,"headingOut":353,"flipFromPrevDeg":14,"lookaheadM":34,"nativeFollow":true}
06-04 21:01:06.717 I/ReactNativeJS(27948): [VROOM-TEL] 2026-06-04T19:01:06.717Z | DRIVE_TRACE_CAMERA | {"t":1780599666717,"seq":494,"gpsTickId":1780599665945,"gpsTickAgeMs":661,"lat":51.355393,"lng":19.370167,"hdg":353,"speedKmh":41.8,"exploring":false,"frameMoveM":0}
06-04 21:01:07.013 I/ReactNativeJS(27948): [VROOM-TEL] 2026-06-04T19:01:07.013Z | RAW_GPS_TICK | {"t":1780599667013,"gpsTickId":1780599666945,"gpsTickAgeMs":0,"lat":51.355679,"lng":19.369887,"speed":11.78,"speedKmh":42.4,"accuracy":4,"osTimestamp":1780599666945,"tripActive":true,"appState":"active"}
06-04 21:01:07.013 I/ReactNativeJS(27948): [VROOM-TEL] 2026-06-04T19:01:07.013Z | DRIVE_TRACE_RAW | {"t":1780599667013,"seq":495,"gpsTickId":1780599666945,"gpsTickAgeMs":0,"rawLat":51.355679,"rawLng":19.369887,"accM":4,"speedKmh":42.4,"speedMs":11.8,"heading":349,"tripActive":true,"driving":true,"navigating":false,"osTimestamp":1780599666945}
06-04 21:01:07.014 I/ReactNativeJS(27948): [VROOM-TEL] 2026-06-04T19:01:07.014Z | DRIVE_TRACE_FEED | {"t":1780599667014,"seq":496,"gpsTickId":1780599666945,"gpsTickAgeMs":1,"lat":51.355476,"lng":19.370151,"hdg":349,"durationMs":729,"speedKmh":42.6}
06-04 21:01:07.014 I/ReactNativeJS(27948): [VROOM-TEL] 2026-06-04T19:01:07.014Z | DRIVE_TRACE_TICK | {"t":1780599667014,"seq":497,"gpsTickId":1780599666945,"gpsTickAgeMs":1,"rawLat":51.355679,"rawLng":19.369887,"snapLat":51.355476,"snapLng":19.370151,"markerLat":51.355476,"markerLng":19.370151,"markerHdg":349,"markerSvLat":51.355415,"markerSvLng":19.370163,"markerSvHdg":353,"accM":4,"hudKmh":42.6,"engineKmh":42.6,"dopplerKmh":42.4,"feedDurMs":729,"cadenceMs":1004,"feedSpeedMs":11.8,"isNavigating":false,"isFreeDrive":true,"isMoving":true,"feedSkipGate":false,"feedAccepted":true,"feedHeadingOnly":false,"source":"drive_core_v2"}
06-04 21:01:07.014 I/ReactNativeJS(27948): [VROOM-TEL] 2026-06-04T19:01:07.014Z | GPS_ACCEPT | {"lat":51.355679,"lng":19.369887,"acc":4,"speedKmh":45.1,"gpsLock":true}
06-04 21:01:07.036 I/ReactNativeJS(27948): [VROOM-TEL] 2026-06-04T19:01:07.033Z | DRIVE_TRACE_CAMERA | {"t":1780599667033,"seq":498,"gpsTickId":1780599666945,"gpsTickAgeMs":20,"lat":51.355416,"lng":19.370162,"hdg":353,"speedKmh":42.6,"exploring":false,"frameMoveM":0}
06-04 21:01:07.068 I/ReactNativeJS(27948): [VROOM-TEL] 2026-06-04T19:01:07.068Z | CAM_FOLLOW_PUSH | {"t":1780599667068,"lat":51.355419,"lng":19.370162,"hdg":353,"snapHdg":349,"speedKmh":43,"exploring":false,"source":"drive_marker_sv_60fps"}
06-04 21:01:07.333 I/ReactNativeJS(27948): [VROOM-TEL] 2026-06-04T19:01:07.333Z | DRIVE_TRACE_CAMERA | {"t":1780599667333,"seq":499,"gpsTickId":1780599666945,"gpsTickAgeMs":320,"lat":51.355442,"lng":19.370158,"hdg":353,"speedKmh":42.6,"exploring":false,"frameMoveM":0}
06-04 21:01:07.651 I/ReactNativeJS(27948): [VROOM-TEL] 2026-06-04T19:01:07.651Z | DRIVE_TRACE_CAMERA | {"t":1780599667651,"seq":500,"gpsTickId":1780599666945,"gpsTickAgeMs":638,"lat":51.35546,"lng":19.370154,"hdg":347,"speedKmh":42.6,"exploring":false,"frameMoveM":0}
06-04 21:01:07.817 I/ReactNativeJS(27948): [VROOM-TEL] 2026-06-04T19:01:07.817Z | CAMERA_HEADING | {"t":1780599667817,"speedKmh":43,"movedM":0.2,"moveBearing":353,"snapHdg":353,"headingOut":353,"flipFromPrevDeg":0,"lookaheadM":34,"nativeFollow":true}
06-04 21:01:07.883 I/ReactNativeJS(27948): [VROOM-TEL] 2026-06-04T19:01:07.883Z | CAM_FOLLOW_PUSH | {"t":1780599667883,"lat":51.355491,"lng":19.370149,"hdg":353,"snapHdg":349,"speedKmh":43,"exploring":false,"source":"drive_marker_sv_60fps"}
06-04 21:01:07.974 I/ReactNativeJS(27948): [VROOM-TEL] 2026-06-04T19:01:07.974Z | RAW_GPS_TICK | {"t":1780599667974,"gpsTickId":1780599667945,"gpsTickAgeMs":0,"lat":51.355784,"lng":19.369855,"speed":11.93,"speedKmh":42.9,"accuracy":4,"osTimestamp":1780599667945,"tripActive":true,"appState":"active"}
06-04 21:01:07.974 I/ReactNativeJS(27948): [VROOM-TEL] 2026-06-04T19:01:07.974Z | DRIVE_TRACE_RAW | {"t":1780599667974,"seq":501,"gpsTickId":1780599667945,"gpsTickAgeMs":0,"rawLat":51.355784,"rawLng":19.369855,"accM":4,"speedKmh":42.9,"speedMs":11.9,"heading":349,"tripActive":true,"driving":true,"navigating":false,"osTimestamp":1780599667945}
06-04 21:01:07.976 I/ReactNativeJS(27948): [VROOM-TEL] 2026-06-04T19:01:07.976Z | DRIVE_TRACE_FEED | {"t":1780599667976,"seq":502,"gpsTickId":1780599667945,"gpsTickAgeMs":2,"lat":51.355713,"lng":19.370108,"hdg":349,"durationMs":1200,"speedKmh":43.4}
06-04 21:01:07.977 I/ReactNativeJS(27948): [VROOM-TEL] 2026-06-04T19:01:07.977Z | DRIVE_TRACE_TICK | {"t":1780599667977,"seq":503,"gpsTickId":1780599667945,"gpsTickAgeMs":3,"rawLat":51.355784,"rawLng":19.369855,"snapLat":51.355713,"snapLng":19.370108,"markerLat":51.355713,"markerLng":19.370108,"markerHdg":349,"markerSvLat":51.355492,"markerSvLng":19.370148,"markerSvHdg":353,"accM":4,"hudKmh":43.4,"engineKmh":43.4,"dopplerKmh":42.9,"feedDurMs":1200,"cadenceMs":989,"feedSpeedMs":12.1,"isNavigating":false,"isFreeDrive":true,"isMoving":true,"feedSkipGate":false,"feedAccepted":true,"feedHeadingOnly":false,"source":"drive_core_v2"}
06-04 21:01:07.977 I/ReactNativeJS(27948): [VROOM-TEL] 2026-06-04T19:01:07.977Z | GPS_ACCEPT | {"lat":51.355784,"lng":19.369855,"acc":4,"speedKmh":44.7,"gpsLock":true}
06-04 21:01:08.009 I/ReactNativeJS(27948): [VROOM-TEL] 2026-06-04T19:01:08.009Z | DRIVE_TRACE_CAMERA | {"t":1780599668009,"seq":504,"gpsTickId":1780599667945,"gpsTickAgeMs":35,"lat":51.355494,"lng":19.370148,"hdg":347,"speedKmh":43.4,"exploring":false,"frameMoveM":0}
06-04 21:01:08.317 I/ReactNativeJS(27948): [VROOM-TEL] 2026-06-04T19:01:08.317Z | DRIVE_TRACE_CAMERA | {"t":1780599668317,"seq":505,"gpsTickId":1780599667945,"gpsTickAgeMs":343,"lat":51.355555,"lng":19.370137,"hdg":353,"speedKmh":43.4,"exploring":false,"frameMoveM":0}
06-04 21:01:08.617 I/ReactNativeJS(27948): [VROOM-TEL] 2026-06-04T19:01:08.617Z | DRIVE_TRACE_CAMERA | {"t":1780599668617,"seq":506,"gpsTickId":1780599667945,"gpsTickAgeMs":643,"lat":51.35561,"lng":19.370127,"hdg":353,"speedKmh":43.4,"exploring":false,"frameMoveM":0}
06-04 21:01:08.685 I/ReactNativeJS(27948): [VROOM-TEL] 2026-06-04T19:01:08.685Z | CAM_FOLLOW_PUSH | {"t":1780599668685,"lat":51.355622,"lng":19.370124,"hdg":353,"snapHdg":349,"speedKmh":43,"exploring":false,"source":"drive_marker_sv_60fps"}
06-04 21:01:08.884 I/ReactNativeJS(27948): [VROOM-TEL] 2026-06-04T19:01:08.884Z | DRIVE_TRACE_HEARTBEAT | {"t":1780599668884,"seq":507,"gpsTickId":1780599667945,"gpsTickAgeMs":910,"driving":true,"navigating":false,"tripActive":true,"lat":51.3557844,"lng":19.3698552,"gpsAgeMs":910}
06-04 21:01:08.884 I/ReactNativeJS(27948): [VROOM-TEL] 2026-06-04T19:01:08.884Z | DRIVE_HEALTH | {"t":1780599668884,"mode":"driving","speedHudKmh":43.4,"speedPipeKmh":43.4,"gpsAgeMs":910,"drAgeMs":908,"gpsToDriftM":19,"snapAnchorDriftM":0,"offRoute":false,"reroutePending":false,"rerouteLoading":false,"hasRoutePts":0}
06-04 21:01:08.935 I/ReactNativeJS(27948): [VROOM-TEL] 2026-06-04T19:01:08.935Z | CAMERA_HEADING | {"t":1780599668935,"speedKmh":43,"movedM":0.37,"moveBearing":353,"snapHdg":353,"headingOut":353,"flipFromPrevDeg":0,"lookaheadM":34,"nativeFollow":true}
06-04 21:01:08.935 I/ReactNativeJS(27948): [VROOM-TEL] 2026-06-04T19:01:08.935Z | DRIVE_TRACE_CAMERA | {"t":1780599668935,"seq":508,"gpsTickId":1780599667945,"gpsTickAgeMs":961,"lat":51.355668,"lng":19.370116,"hdg":353,"speedKmh":43.4,"exploring":false,"frameMoveM":0}
06-04 21:01:08.959 I/ReactNativeJS(27948): [VROOM-TEL] 2026-06-04T19:01:08.959Z | RAW_GPS_TICK | {"t":1780599668959,"gpsTickId":1780599668944,"gpsTickAgeMs":0,"lat":51.355893,"lng":19.369826,"speed":12.15,"speedKmh":43.7,"accuracy":4,"osTimestamp":1780599668944,"tripActive":true,"appState":"active"}
06-04 21:01:08.960 I/ReactNativeJS(27948): [VROOM-TEL] 2026-06-04T19:01:08.960Z | DRIVE_TRACE_RAW | {"t":1780599668960,"seq":509,"gpsTickId":1780599668944,"gpsTickAgeMs":0,"rawLat":51.355893,"rawLng":19.369826,"accM":4,"speedKmh":43.7,"speedMs":12.1,"heading":349,"tripActive":true,"driving":true,"navigating":false,"osTimestamp":1780599668944}
06-04 21:01:08.960 I/ReactNativeJS(27948): [VROOM-TEL] 2026-06-04T19:01:08.960Z | DRIVE_TRACE_FEED | {"t":1780599668960,"seq":510,"gpsTickId":1780599668944,"gpsTickAgeMs":1,"lat":51.355792,"lng":19.370093,"hdg":350,"durationMs":723,"speedKmh":44.1}
06-04 21:01:08.961 I/ReactNativeJS(27948): [VROOM-TEL] 2026-06-04T19:01:08.961Z | DRIVE_TRACE_TICK | {"t":1780599668961,"seq":511,"gpsTickId":1780599668944,"gpsTickAgeMs":2,"rawLat":51.355893,"rawLng":19.369826,"snapLat":51.355792,"snapLng":19.370093,"markerLat":51.355792,"markerLng":19.370093,"markerHdg":350,"markerSvLat":51.355671,"markerSvLng":19.370115,"markerSvHdg":353,"accM":4,"hudKmh":44.1,"engineKmh":44.1,"dopplerKmh":43.7,"feedDurMs":723,"cadenceMs":988,"feedSpeedMs":12.3,"isNavigating":false,"isFreeDrive":true,"isMoving":true,"feedSkipGate":false,"feedAccepted":true,"feedHeadingOnly":false,"source":"drive_core_v2"}
06-04 21:01:08.961 I/ReactNativeJS(27948): [VROOM-TEL] 2026-06-04T19:01:08.961Z | GPS_ACCEPT | {"lat":51.355893,"lng":19.369826,"acc":4,"speedKmh":44.8,"gpsLock":true}
06-04 21:01:09.286 I/ReactNativeJS(27948): [VROOM-TEL] 2026-06-04T19:01:09.286Z | DRIVE_TRACE_CAMERA | {"t":1780599669286,"seq":512,"gpsTickId":1780599668944,"gpsTickAgeMs":327,"lat":51.355711,"lng":19.370108,"hdg":340,"speedKmh":44.1,"exploring":false,"frameMoveM":0}
06-04 21:01:09.500 I/ReactNativeJS(27948): [VROOM-TEL] 2026-06-04T19:01:09.500Z | CAM_FOLLOW_PUSH | {"t":1780599669500,"lat":51.355761,"lng":19.370099,"hdg":353,"snapHdg":350,"speedKmh":44,"exploring":false,"source":"drive_marker_sv_60fps"}
06-04 21:01:09.550 I/ReactNativeJS(27948): [VROOM-TEL] 2026-06-04T19:01:09.550Z | TRIP_SEGMENT_STATS | {"t":1780599669550,"totalDistanceKm":0.739,"acceptedMain":58,"acceptedMainKm":0.645,"fallbackAccepted":6,"fallbackKm":0.094,"derivedSpeedUsed":3,"derivedSpeedRejected":0,"lowSpeedDropped":0,"zeroMove":0,"rejectedTotal":23,"rejectedJitter":16,"rejectedJump":0,"rejectedStaleGap":0,"rejectedMinSpeed":1,"rejectedAccuracy":0,"rejectedImpossible":6,"rejectedInvalidTime":0}
06-04 21:01:09.600 I/ReactNativeJS(27948): [VROOM-TEL] 2026-06-04T19:01:09.600Z | DRIVE_TRACE_CAMERA | {"t":1780599669600,"seq":513,"gpsTickId":1780599668944,"gpsTickAgeMs":641,"lat":51.355778,"lng":19.370096,"hdg":353,"speedKmh":44.1,"exploring":false,"frameMoveM":0}
06-04 21:01:09.968 I/ReactNativeJS(27948): [VROOM-TEL] 2026-06-04T19:01:09.968Z | RAW_GPS_TICK | {"t":1780599669968,"gpsTickId":1780599669946,"gpsTickAgeMs":0,"lat":51.356003,"lng":19.369793,"speed":12.34,"speedKmh":44.4,"accuracy":4,"osTimestamp":1780599669946,"tripActive":true,"appState":"active"}
06-04 21:01:09.968 I/ReactNativeJS(27948): [VROOM-TEL] 2026-06-04T19:01:09.968Z | DRIVE_TRACE_RAW | {"t":1780599669968,"seq":514,"gpsTickId":1780599669946,"gpsTickAgeMs":0,"rawLat":51.356003,"rawLng":19.369793,"accM":4,"speedKmh":44.4,"speedMs":12.3,"heading":348,"tripActive":true,"driving":true,"navigating":false,"osTimestamp":1780599669946}
06-04 21:01:09.969 I/ReactNativeJS(27948): [VROOM-TEL] 2026-06-04T19:01:09.969Z | DRIVE_TRACE_FEED | {"t":1780599669969,"seq":515,"gpsTickId":1780599669946,"gpsTickAgeMs":1,"lat":51.355872,"lng":19.370078,"hdg":350,"durationMs":721,"speedKmh":44.8}
06-04 21:01:09.969 I/ReactNativeJS(27948): [VROOM-TEL] 2026-06-04T19:01:09.969Z | DRIVE_TRACE_TICK | {"t":1780599669969,"seq":516,"gpsTickId":1780599669946,"gpsTickAgeMs":1,"rawLat":51.356003,"rawLng":19.369793,"snapLat":51.355872,"snapLng":19.370078,"markerLat":51.355872,"markerLng":19.370078,"markerHdg":350,"markerSvLat":51.35581,"markerSvLng":19.37009,"markerSvHdg":353,"accM":4,"hudKmh":44.8,"engineKmh":44.8,"dopplerKmh":44.4,"feedDurMs":721,"cadenceMs":995,"feedSpeedMs":12.4,"isNavigating":false,"isFreeDrive":true,"isMoving":true,"feedSkipGate":false,"feedAccepted":true,"feedHeadingOnly":false,"source":"drive_core_v2"}
06-04 21:01:09.969 I/ReactNativeJS(27948): [VROOM-TEL] 2026-06-04T19:01:09.969Z | GPS_ACCEPT | {"lat":51.356003,"lng":19.369793,"acc":4,"speedKmh":44.6,"gpsLock":true}
06-04 21:01:10.000 I/ReactNativeJS(27948): [VROOM-TEL] 2026-06-04T19:01:10.000Z | DRIVE_TRACE_CAMERA | {"t":1780599670000,"seq":517,"gpsTickId":1780599669946,"gpsTickAgeMs":32,"lat":51.355813,"lng":19.370089,"hdg":353,"speedKmh":44.8,"exploring":false,"frameMoveM":0}
06-04 21:01:10.079 I/ReactNativeJS(27948): [VROOM-TEL] 2026-06-04T19:01:10.079Z | CAMERA_HEADING | {"t":1780599670079,"speedKmh":45,"movedM":0.17,"moveBearing":353,"snapHdg":353,"headingOut":353,"flipFromPrevDeg":0,"lookaheadM":34,"nativeFollow":true}
06-04 21:01:10.343 I/ReactNativeJS(27948): [VROOM-TEL] 2026-06-04T19:01:10.343Z | CAM_FOLLOW_PUSH | {"t":1780599670343,"lat":51.35584,"lng":19.370084,"hdg":353,"snapHdg":350,"speedKmh":45,"exploring":false,"source":"drive_marker_sv_60fps"}
06-04 21:01:10.343 I/ReactNativeJS(27948): [VROOM-TEL] 2026-06-04T19:01:10.343Z | DRIVE_TRACE_CAMERA | {"t":1780599670343,"seq":518,"gpsTickId":1780599669946,"gpsTickAgeMs":375,"lat":51.35584,"lng":19.370084,"hdg":353,"speedKmh":44.8,"exploring":false,"frameMoveM":0}
06-04 21:01:10.644 I/ReactNativeJS(27948): [VROOM-TEL] 2026-06-04T19:01:10.644Z | DRIVE_TRACE_CAMERA | {"t":1780599670644,"seq":519,"gpsTickId":1780599669946,"gpsTickAgeMs":676,"lat":51.355863,"lng":19.37008,"hdg":353,"speedKmh":44.8,"exploring":false,"frameMoveM":0}
06-04 21:01:10.969 I/ReactNativeJS(27948): [VROOM-TEL] 2026-06-04T19:01:10.969Z | RAW_GPS_TICK | {"t":1780599670969,"gpsTickId":1780599670945,"gpsTickAgeMs":0,"lat":51.356115,"lng":19.369757,"speed":12.54,"speedKmh":45.1,"accuracy":4,"osTimestamp":1780599670945,"tripActive":true,"appState":"active"}
06-04 21:01:10.969 I/ReactNativeJS(27948): [VROOM-TEL] 2026-06-04T19:01:10.969Z | DRIVE_TRACE_RAW | {"t":1780599670969,"seq":520,"gpsTickId":1780599670945,"gpsTickAgeMs":0,"rawLat":51.356115,"rawLng":19.369757,"accM":4,"speedKmh":45.1,"speedMs":12.5,"heading":348,"tripActive":true,"driving":true,"navigating":false,"osTimestamp":1780599670945}
06-04 21:01:10.970 I/ReactNativeJS(27948): [VROOM-TEL] 2026-06-04T19:01:10.970Z | DRIVE_TRACE_FEED | {"t":1780599670970,"seq":521,"gpsTickId":1780599670945,"gpsTickAgeMs":1,"lat":51.355942,"lng":19.37001,"hdg":349,"durationMs":718,"speedKmh":45.7}
06-04 21:01:10.970 I/ReactNativeJS(27948): [VROOM-TEL] 2026-06-04T19:01:10.970Z | DRIVE_TRACE_TICK | {"t":1780599670970,"seq":522,"gpsTickId":1780599670945,"gpsTickAgeMs":1,"rawLat":51.356115,"rawLng":19.369757,"snapLat":51.355942,"snapLng":19.37001,"markerLat":51.355942,"markerLng":19.37001,"markerHdg":349,"markerSvLat":51.35589,"markerSvLng":19.370075,"markerSvHdg":353,"accM":4,"hudKmh":45.7,"engineKmh":45.7,"dopplerKmh":45.1,"feedDurMs":718,"cadenceMs":997,"feedSpeedMs":12.7,"isNavigating":false,"isFreeDrive":true,"isMoving":true,"feedSkipGate":false,"feedAccepted":true,"feedHeadingOnly":false,"source":"drive_core_v2"}
06-04 21:01:10.970 I/ReactNativeJS(27948): [VROOM-TEL] 2026-06-04T19:01:10.970Z | GPS_ACCEPT | {"lat":51.356115,"lng":19.369757,"acc":4,"speedKmh":45.5,"gpsLock":true}
06-04 21:01:11.042 I/ReactNativeJS(27948): [VROOM-TEL] 2026-06-04T19:01:11.042Z | DRIVE_TRACE_CAMERA | {"t":1780599671042,"seq":523,"gpsTickId":1780599670945,"gpsTickAgeMs":73,"lat":51.355892,"lng":19.370072,"hdg":351,"speedKmh":45.7,"exploring":false,"frameMoveM":0}
06-04 21:01:11.150 I/ReactNativeJS(27948): [VROOM-TEL] 2026-06-04T19:01:11.150Z | CAM_FOLLOW_PUSH | {"t":1780599671150,"lat":51.355903,"lng":19.370059,"hdg":331,"snapHdg":349,"speedKmh":46,"exploring":false,"source":"drive_marker_sv_60fps"}
06-04 21:01:11.183 I/ReactNativeJS(27948): [VROOM-TEL] 2026-06-04T19:01:11.183Z | CAMERA_HEADING | {"t":1780599671183,"speedKmh":46,"movedM":0.16,"moveBearing":322,"snapHdg":339,"headingOut":322,"flipFromPrevDeg":0,"lookaheadM":40,"nativeFollow":true}
06-04 21:01:11.350 I/ReactNativeJS(27948): [VROOM-TEL] 2026-06-04T19:01:11.350Z | DRIVE_TRACE_CAMERA | {"t":1780599671350,"seq":524,"gpsTickId":1780599670945,"gpsTickAgeMs":381,"lat":51.355918,"lng":19.370041,"hdg":331,"speedKmh":45.7,"exploring":false,"frameMoveM":0}
06-04 21:01:11.666 I/ReactNativeJS(27948): [VROOM-TEL] 2026-06-04T19:01:11.666Z | DRIVE_TRACE_CAMERA | {"t":1780599671666,"seq":525,"gpsTickId":1780599670945,"gpsTickAgeMs":697,"lat":51.35594,"lng":19.370012,"hdg":331,"speedKmh":45.7,"exploring":false,"frameMoveM":0}
06-04 21:01:11.972 I/ReactNativeJS(27948): [VROOM-TEL] 2026-06-04T19:01:11.972Z | RAW_GPS_TICK | {"t":1780599671972,"gpsTickId":1780599671945,"gpsTickAgeMs":0,"lat":51.356227,"lng":19.369723,"speed":12.71,"speedKmh":45.8,"accuracy":4,"osTimestamp":1780599671945,"tripActive":true,"appState":"active"}
06-04 21:01:11.972 I/ReactNativeJS(27948): [VROOM-TEL] 2026-06-04T19:01:11.972Z | DRIVE_TRACE_RAW | {"t":1780599671972,"seq":526,"gpsTickId":1780599671945,"gpsTickAgeMs":0,"rawLat":51.356227,"rawLng":19.369723,"accM":4,"speedKmh":45.8,"speedMs":12.7,"heading":348,"tripActive":true,"driving":true,"navigating":false,"osTimestamp":1780599671945}
06-04 21:01:11.974 I/ReactNativeJS(27948): [VROOM-TEL] 2026-06-04T19:01:11.974Z | DRIVE_TRACE_FEED | {"t":1780599671974,"seq":527,"gpsTickId":1780599671945,"gpsTickAgeMs":2,"lat":51.356001,"lng":19.369918,"hdg":349,"durationMs":717,"speedKmh":45.8}
06-04 21:01:11.975 I/ReactNativeJS(27948): [VROOM-TEL] 2026-06-04T19:01:11.975Z | DRIVE_TRACE_TICK | {"t":1780599671975,"seq":528,"gpsTickId":1780599671945,"gpsTickAgeMs":3,"rawLat":51.356227,"rawLng":19.369723,"snapLat":51.356001,"snapLng":19.369918,"markerLat":51.356001,"markerLng":19.369918,"markerHdg":349,"markerSvLat":51.355959,"markerSvLng":19.369996,"markerSvHdg":353,"accM":4,"hudKmh":45.8,"engineKmh":45.4,"dopplerKmh":45.8,"feedDurMs":717,"cadenceMs":999,"feedSpeedMs":12.7,"isNavigating":false,"isFreeDrive":true,"isMoving":true,"feedSkipGate":false,"feedAccepted":true,"feedHeadingOnly":false,"source":"drive_core_v2"}
06-04 21:01:11.975 I/ReactNativeJS(27948): [VROOM-TEL] 2026-06-04T19:01:11.975Z | GPS_ACCEPT | {"lat":51.356227,"lng":19.369723,"acc":4,"speedKmh":45.8,"gpsLock":true}
06-04 21:01:12.022 I/ReactNativeJS(27948): [VROOM-TEL] 2026-06-04T19:01:12.022Z | CAM_FOLLOW_PUSH | {"t":1780599672022,"lat":51.355959,"lng":19.369995,"hdg":351,"snapHdg":349,"speedKmh":46,"exploring":false,"source":"drive_marker_sv_60fps"}
06-04 21:01:12.022 I/ReactNativeJS(27948): [VROOM-TEL] 2026-06-04T19:01:12.022Z | DRIVE_TRACE_CAMERA | {"t":1780599672022,"seq":529,"gpsTickId":1780599671945,"gpsTickAgeMs":50,"lat":51.355959,"lng":19.369995,"hdg":351,"speedKmh":45.8,"exploring":false,"frameMoveM":0}
06-04 21:01:12.284 I/ReactNativeJS(27948): [VROOM-TEL] 2026-06-04T19:01:12.283Z | CAMERA_HEADING | {"t":1780599672283,"speedKmh":46,"movedM":0.17,"moveBearing":311,"snapHdg":331,"headingOut":311,"flipFromPrevDeg":0,"lookaheadM":40,"nativeFollow":true}
06-04 21:01:12.334 I/ReactNativeJS(27948): [VROOM-TEL] 2026-06-04T19:01:12.334Z | DRIVE_TRACE_CAMERA | {"t":1780599672334,"seq":530,"gpsTickId":1780599671945,"gpsTickAgeMs":362,"lat":51.35598,"lng":19.369957,"hdg":339,"speedKmh":45.8,"exploring":false,"frameMoveM":0}
06-04 21:01:12.650 I/ReactNativeJS(27948): [VROOM-TEL] 2026-06-04T19:01:12.650Z | DRIVE_TRACE_CAMERA | {"t":1780599672650,"seq":531,"gpsTickId":1780599671945,"gpsTickAgeMs":678,"lat":51.355998,"lng":19.369923,"hdg":331,"speedKmh":45.8,"exploring":false,"frameMoveM":0}
06-04 21:01:12.834 I/ReactNativeJS(27948): [VROOM-TEL] 2026-06-04T19:01:12.833Z | CAM_FOLLOW_PUSH | {"t":1780599672833,"lat":51.356012,"lng":19.369902,"hdg":339,"snapHdg":349,"speedKmh":46,"exploring":false,"source":"drive_marker_sv_60fps"}
06-04 21:01:12.950 I/ReactNativeJS(27948): [VROOM-TEL] 2026-06-04T19:01:12.950Z | DRIVE_TRACE_CAMERA | {"t":1780599672950,"seq":532,"gpsTickId":1780599671945,"gpsTickAgeMs":978,"lat":51.356015,"lng":19.369899,"hdg":341,"speedKmh":45.8,"exploring":false,"frameMoveM":0}
06-04 21:01:12.960 I/ReactNativeJS(27948): [VROOM-TEL] 2026-06-04T19:01:12.960Z | RAW_GPS_TICK | {"t":1780599672960,"gpsTickId":1780599672946,"gpsTickAgeMs":0,"lat":51.356338,"lng":19.369688,"speed":12.61,"speedKmh":45.4,"accuracy":4,"osTimestamp":1780599672946,"tripActive":true,"appState":"active"}
06-04 21:01:12.960 I/ReactNativeJS(27948): [VROOM-TEL] 2026-06-04T19:01:12.960Z | DRIVE_TRACE_RAW | {"t":1780599672960,"seq":533,"gpsTickId":1780599672946,"gpsTickAgeMs":0,"rawLat":51.356338,"rawLng":19.369688,"accM":4,"speedKmh":45.4,"speedMs":12.6,"heading":349,"tripActive":true,"driving":true,"navigating":false,"osTimestamp":1780599672946}
06-04 21:01:12.962 I/ReactNativeJS(27948): [VROOM-TEL] 2026-06-04T19:01:12.962Z | DRIVE_TRACE_FEED | {"t":1780599672962,"seq":534,"gpsTickId":1780599672946,"gpsTickAgeMs":2,"lat":51.356073,"lng":19.369856,"hdg":349,"durationMs":716,"speedKmh":46.2}
06-04 21:01:12.963 I/ReactNativeJS(27948): [VROOM-TEL] 2026-06-04T19:01:12.963Z | DRIVE_TRACE_TICK | {"t":1780599672963,"seq":535,"gpsTickId":1780599672946,"gpsTickAgeMs":3,"rawLat":51.356338,"rawLng":19.369688,"snapLat":51.356073,"snapLng":19.369856,"markerLat":51.356073,"markerLng":19.369856,"markerHdg":349,"markerSvLat":51.356015,"markerSvLng":19.369899,"markerSvHdg":346,"accM":4,"hudKmh":46.2,"engineKmh":46.2,"dopplerKmh":45.4,"feedDurMs":716,"cadenceMs":995,"feedSpeedMs":12.8,"isNavigating":false,"isFreeDrive":true,"isMoving":true,"feedSkipGate":false,"feedAccepted":true,"feedHeadingOnly":false,"source":"drive_core_v2"}
06-04 21:01:12.963 I/ReactNativeJS(27948): [VROOM-TEL] 2026-06-04T19:01:12.963Z | GPS_ACCEPT | {"lat":51.356338,"lng":19.369688,"acc":4,"speedKmh":45.8,"gpsLock":true}
06-04 21:01:13.250 I/ReactNativeJS(27948): [VROOM-TEL] 2026-06-04T19:01:13.250Z | DRIVE_TRACE_CAMERA | {"t":1780599673250,"seq":536,"gpsTickId":1780599672946,"gpsTickAgeMs":290,"lat":51.356039,"lng":19.369882,"hdg":335,"speedKmh":46.2,"exploring":false,"frameMoveM":0}
06-04 21:01:13.442 I/ReactNativeJS(27948): [VROOM-TEL] 2026-06-04T19:01:13.442Z | CAMERA_HEADING | {"t":1780599673442,"speedKmh":46,"movedM":1,"moveBearing":null,"snapHdg":335,"headingOut":335,"flipFromPrevDeg":0,"lookaheadM":40,"nativeFollow":true}
06-04 21:01:13.572 I/ReactNativeJS(27948): [VROOM-TEL] 2026-06-04T19:01:13.572Z | DRIVE_TRACE_CAMERA | {"t":1780599673572,"seq":537,"gpsTickId":1780599672946,"gpsTickAgeMs":612,"lat":51.35606,"lng":19.369866,"hdg":351,"speedKmh":46.2,"exploring":false,"frameMoveM":0}
06-04 21:01:13.652 I/ReactNativeJS(27948): [VROOM-TEL] 2026-06-04T19:01:13.652Z | CAM_FOLLOW_PUSH | {"t":1780599673652,"lat":51.356066,"lng":19.369862,"hdg":351,"snapHdg":349,"speedKmh":46,"exploring":false,"source":"drive_marker_sv_60fps"}
06-04 21:01:13.900 I/ReactNativeJS(27948): [VROOM-TEL] 2026-06-04T19:01:13.900Z | DRIVE_TRACE_HEARTBEAT | {"t":1780599673900,"seq":538,"gpsTickId":1780599672946,"gpsTickAgeMs":940,"driving":true,"navigating":false,"tripActive":true,"lat":51.3563382,"lng":19.3696884,"gpsAgeMs":940}
06-04 21:01:13.968 I/ReactNativeJS(27948): [VROOM-TEL] 2026-06-04T19:01:13.968Z | RAW_GPS_TICK | {"t":1780599673968,"gpsTickId":1780599673945,"gpsTickAgeMs":0,"lat":51.356445,"lng":19.369653,"speed":12.23,"speedKmh":44,"accuracy":4,"osTimestamp":1780599673945,"tripActive":true,"appState":"active"}
06-04 21:01:13.968 I/ReactNativeJS(27948): [VROOM-TEL] 2026-06-04T19:01:13.968Z | DRIVE_TRACE_RAW | {"t":1780599673968,"seq":539,"gpsTickId":1780599673945,"gpsTickAgeMs":0,"rawLat":51.356445,"rawLng":19.369653,"accM":4,"speedKmh":44,"speedMs":12.2,"heading":348,"tripActive":true,"driving":true,"navigating":false,"osTimestamp":1780599673945}
06-04 21:01:13.969 I/ReactNativeJS(27948): [VROOM-TEL] 2026-06-04T19:01:13.969Z | DRIVE_TRACE_FEED | {"t":1780599673969,"seq":540,"gpsTickId":1780599673945,"gpsTickAgeMs":1,"lat":51.356311,"lng":19.369717,"hdg":349,"durationMs":1200,"speedKmh":45.8}
06-04 21:01:13.969 I/ReactNativeJS(27948): [VROOM-TEL] 2026-06-04T19:01:13.969Z | DRIVE_TRACE_TICK | {"t":1780599673969,"seq":541,"gpsTickId":1780599673945,"gpsTickAgeMs":1,"rawLat":51.356445,"rawLng":19.369653,"snapLat":51.356311,"snapLng":19.369717,"markerLat":51.356311,"markerLng":19.369717,"markerHdg":349,"markerSvLat":51.356092,"markerSvLng":19.369847,"markerSvHdg":346,"accM":4,"hudKmh":45.8,"engineKmh":45.8,"dopplerKmh":44,"feedDurMs":1200,"cadenceMs":1000,"feedSpeedMs":12.7,"isNavigating":false,"isFreeDrive":true,"isMoving":true,"feedSkipGate":false,"feedAccepted":true,"feedHeadingOnly":false,"source":"drive_core_v2"}
06-04 21:01:13.969 I/ReactNativeJS(27948): [VROOM-TEL] 2026-06-04T19:01:13.969Z | GPS_ACCEPT | {"lat":51.356445,"lng":19.369653,"acc":4,"speedKmh":44,"gpsLock":true}
06-04 21:01:14.018 I/ReactNativeJS(27948): [VROOM-TEL] 2026-06-04T19:01:14.018Z | DRIVE_TRACE_CAMERA | {"t":1780599674018,"seq":542,"gpsTickId":1780599673945,"gpsTickAgeMs":50,"lat":51.356097,"lng":19.369844,"hdg":341,"speedKmh":45.8,"exploring":false,"frameMoveM":0}
06-04 21:01:14.334 I/ReactNativeJS(27948): [VROOM-TEL] 2026-06-04T19:01:14.334Z | DRIVE_TRACE_CAMERA | {"t":1780599674334,"seq":543,"gpsTickId":1780599673945,"gpsTickAgeMs":366,"lat":51.356158,"lng":19.369808,"hdg":340,"speedKmh":45.8,"exploring":false,"frameMoveM":0}
06-04 21:01:14.467 I/ReactNativeJS(27948): [VROOM-TEL] 2026-06-04T19:01:14.467Z | CAM_FOLLOW_PUSH | {"t":1780599674467,"lat":51.356182,"lng":19.369793,"hdg":340,"snapHdg":349,"speedKmh":46,"exploring":false,"source":"drive_marker_sv_60fps"}
06-04 21:01:14.550 I/ReactNativeJS(27948): [VROOM-TEL] 2026-06-04T19:01:14.550Z | CAMERA_HEADING | {"t":1780599674550,"speedKmh":46,"movedM":0.37,"moveBearing":340,"snapHdg":340,"headingOut":340,"flipFromPrevDeg":0,"lookaheadM":40,"nativeFollow":true}
06-04 21:01:14.650 I/ReactNativeJS(27948): [VROOM-TEL] 2026-06-04T19:01:14.650Z | DRIVE_TRACE_CAMERA | {"t":1780599674650,"seq":544,"gpsTickId":1780599673945,"gpsTickAgeMs":682,"lat":51.356216,"lng":19.369773,"hdg":340,"speedKmh":45.8,"exploring":false,"frameMoveM":0}
06-04 21:01:14.951 I/ReactNativeJS(27948): [VROOM-TEL] 2026-06-04T19:01:14.950Z | DRIVE_TRACE_CAMERA | {"t":1780599674950,"seq":545,"gpsTickId":1780599673945,"gpsTickAgeMs":982,"lat":51.356271,"lng":19.369741,"hdg":340,"speedKmh":45.8,"exploring":false,"frameMoveM":0}
06-04 21:01:14.973 I/ReactNativeJS(27948): [VROOM-TEL] 2026-06-04T19:01:14.973Z | RAW_GPS_TICK | {"t":1780599674973,"gpsTickId":1780599674945,"gpsTickAgeMs":0,"lat":51.356546,"lng":19.369622,"speed":11.75,"speedKmh":42.3,"accuracy":4,"osTimestamp":1780599674945,"tripActive":true,"appState":"active"}
06-04 21:01:14.973 I/ReactNativeJS(27948): [VROOM-TEL] 2026-06-04T19:01:14.973Z | DRIVE_TRACE_RAW | {"t":1780599674973,"seq":546,"gpsTickId":1780599674945,"gpsTickAgeMs":0,"rawLat":51.356546,"rawLng":19.369622,"accM":4,"speedKmh":42.3,"speedMs":11.8,"heading":349,"tripActive":true,"driving":true,"navigating":false,"osTimestamp":1780599674945}
06-04 21:01:14.975 I/ReactNativeJS(27948): [VROOM-TEL] 2026-06-04T19:01:14.975Z | DRIVE_TRACE_FEED | {"t":1780599674975,"seq":547,"gpsTickId":1780599674945,"gpsTickAgeMs":1,"lat":51.356391,"lng":19.369693,"hdg":349,"durationMs":719,"speedKmh":45.4}
06-04 21:01:14.975 I/ReactNativeJS(27948): [VROOM-TEL] 2026-06-04T19:01:14.975Z | DRIVE_TRACE_TICK | {"t":1780599674975,"seq":548,"gpsTickId":1780599674945,"gpsTickAgeMs":2,"rawLat":51.356546,"rawLng":19.369622,"snapLat":51.356391,"snapLng":19.369693,"markerLat":51.356391,"markerLng":19.369693,"markerHdg":349,"markerSvLat":51.356274,"markerSvLng":19.369739,"markerSvHdg":340,"accM":4,"hudKmh":45.4,"engineKmh":45.4,"dopplerKmh":42.3,"feedDurMs":719,"cadenceMs":1002,"feedSpeedMs":12.6,"isNavigating":false,"isFreeDrive":true,"isMoving":true,"feedSkipGate":false,"feedAccepted":true,"feedHeadingOnly":false,"source":"drive_core_v2"}
06-04 21:01:14.975 I/ReactNativeJS(27948): [VROOM-TEL] 2026-06-04T19:01:14.975Z | GPS_ACCEPT | {"lat":51.356546,"lng":19.369622,"acc":4,"speedKmh":42.3,"gpsLock":true}
06-04 21:01:15.250 I/ReactNativeJS(27948): [VROOM-TEL] 2026-06-04T19:01:15.250Z | DRIVE_TRACE_CAMERA | {"t":1780599675250,"seq":549,"gpsTickId":1780599674945,"gpsTickAgeMs":277,"lat":51.356318,"lng":19.369721,"hdg":346,"speedKmh":45.4,"exploring":false,"frameMoveM":0}
06-04 21:01:15.283 I/ReactNativeJS(27948): [VROOM-TEL] 2026-06-04T19:01:15.283Z | CAM_FOLLOW_PUSH | {"t":1780599675283,"lat":51.356324,"lng":19.369719,"hdg":346,"snapHdg":349,"speedKmh":45,"exploring":false,"source":"drive_marker_sv_60fps"}
06-04 21:01:15.552 I/ReactNativeJS(27948): [VROOM-TEL] 2026-06-04T19:01:15.552Z | DRIVE_TRACE_CAMERA | {"t":1780599675552,"seq":550,"gpsTickId":1780599674945,"gpsTickAgeMs":579,"lat":51.356368,"lng":19.369702,"hdg":346,"speedKmh":45.4,"exploring":false,"frameMoveM":0}
06-04 21:01:15.650 I/ReactNativeJS(27948): [VROOM-TEL] 2026-06-04T19:01:15.650Z | CAMERA_HEADING | {"t":1780599675650,"speedKmh":45,"movedM":0.32,"moveBearing":346,"snapHdg":346,"headingOut":346,"flipFromPrevDeg":0,"lookaheadM":40,"nativeFollow":true}
06-04 21:01:15.882 I/ReactNativeJS(27948): [VROOM-TEL] 2026-06-04T19:01:15.882Z | DRIVE_TRACE_CAMERA | {"t":1780599675882,"seq":551,"gpsTickId":1780599674945,"gpsTickAgeMs":909,"lat":51.356406,"lng":19.369688,"hdg":351,"speedKmh":45.4,"exploring":false,"frameMoveM":0}
06-04 21:01:15.967 I/ReactNativeJS(27948): [VROOM-TEL] 2026-06-04T19:01:15.967Z | RAW_GPS_TICK | {"t":1780599675967,"gpsTickId":1780599675945,"gpsTickAgeMs":0,"lat":51.356649,"lng":19.369591,"speed":11.69,"speedKmh":42.1,"accuracy":4,"osTimestamp":1780599675945,"tripActive":true,"appState":"active"}
06-04 21:01:15.967 I/ReactNativeJS(27948): [VROOM-TEL] 2026-06-04T19:01:15.967Z | DRIVE_TRACE_RAW | {"t":1780599675967,"seq":552,"gpsTickId":1780599675945,"gpsTickAgeMs":0,"rawLat":51.356649,"rawLng":19.369591,"accM":4,"speedKmh":42.1,"speedMs":11.7,"heading":349,"tripActive":true,"driving":true,"navigating":false,"osTimestamp":1780599675945}
06-04 21:01:15.968 I/ReactNativeJS(27948): [VROOM-TEL] 2026-06-04T19:01:15.968Z | DRIVE_TRACE_FEED | {"t":1780599675968,"seq":553,"gpsTickId":1780599675945,"gpsTickAgeMs":1,"lat":51.356469,"lng":19.369675,"hdg":349,"durationMs":726,"speedKmh":43.5}
06-04 21:01:15.968 I/ReactNativeJS(27948): [VROOM-TEL] 2026-06-04T19:01:15.968Z | DRIVE_TRACE_TICK | {"t":1780599675968,"seq":554,"gpsTickId":1780599675945,"gpsTickAgeMs":1,"rawLat":51.356649,"rawLng":19.369591,"snapLat":51.356469,"snapLng":19.369675,"markerLat":51.356469,"markerLng":19.369675,"markerHdg":349,"markerSvLat":51.356409,"markerSvLng":19.369686,"markerSvHdg":348,"accM":4,"hudKmh":43.5,"engineKmh":43.5,"dopplerKmh":42.1,"feedDurMs":726,"cadenceMs":999,"feedSpeedMs":12.1,"isNavigating":false,"isFreeDrive":true,"isMoving":true,"feedSkipGate":false,"feedAccepted":true,"feedHeadingOnly":false,"source":"drive_core_v2"}
06-04 21:01:15.968 I/ReactNativeJS(27948): [VROOM-TEL] 2026-06-04T19:01:15.968Z | GPS_ACCEPT | {"lat":51.356649,"lng":19.369591,"acc":4,"speedKmh":42.5,"gpsLock":true}
06-04 21:01:16.084 I/ReactNativeJS(27948): [VROOM-TEL] 2026-06-04T19:01:16.084Z | CAM_FOLLOW_PUSH | {"t":1780599676084,"lat":51.356419,"lng":19.369685,"hdg":353,"snapHdg":349,"speedKmh":44,"exploring":false,"source":"drive_marker_sv_60fps"}
06-04 21:01:16.183 I/ReactNativeJS(27948): [VROOM-TEL] 2026-06-04T19:01:16.183Z | DRIVE_TRACE_CAMERA | {"t":1780599676183,"seq":555,"gpsTickId":1780599675945,"gpsTickAgeMs":216,"lat":51.356427,"lng":19.369683,"hdg":353,"speedKmh":43.5,"exploring":false,"frameMoveM":0}
06-04 21:01:16.483 I/ReactNativeJS(27948): [VROOM-TEL] 2026-06-04T19:01:16.483Z | DRIVE_TRACE_CAMERA | {"t":1780599676483,"seq":556,"gpsTickId":1780599675945,"gpsTickAgeMs":516,"lat":51.356452,"lng":19.369678,"hdg":353,"speedKmh":43.5,"exploring":false,"frameMoveM":0}
06-04 21:01:16.750 I/ReactNativeJS(27948): [VROOM-TEL] 2026-06-04T19:01:16.750Z | CAMERA_HEADING | {"t":1780599676750,"speedKmh":44,"movedM":0.2,"moveBearing":348,"snapHdg":352,"headingOut":348,"flipFromPrevDeg":2,"lookaheadM":40,"nativeFollow":true}
06-04 21:01:16.783 I/ReactNativeJS(27948): [VROOM-TEL] 2026-06-04T19:01:16.783Z | DRIVE_TRACE_CAMERA | {"t":1780599676783,"seq":557,"gpsTickId":1780599675945,"gpsTickAgeMs":816,"lat":51.356478,"lng":19.369672,"hdg":351,"speedKmh":43.5,"exploring":false,"frameMoveM":0}
06-04 21:01:16.968 I/ReactNativeJS(27948): [VROOM-TEL] 2026-06-04T19:01:16.968Z | RAW_GPS_TICK | {"t":1780599676968,"gpsTickId":1780599676945,"gpsTickAgeMs":0,"lat":51.356756,"lng":19.369557,"speed":11.91,"speedKmh":42.9,"accuracy":4,"osTimestamp":1780599676945,"tripActive":true,"appState":"active"}
06-04 21:01:16.968 I/ReactNativeJS(27948): [VROOM-TEL] 2026-06-04T19:01:16.968Z | DRIVE_TRACE_RAW | {"t":1780599676968,"seq":558,"gpsTickId":1780599676945,"gpsTickAgeMs":0,"rawLat":51.356756,"rawLng":19.369557,"accM":4,"speedKmh":42.9,"speedMs":11.9,"heading":349,"tripActive":true,"driving":true,"navigating":false,"osTimestamp":1780599676945}
06-04 21:01:16.969 I/ReactNativeJS(27948): [VROOM-TEL] 2026-06-04T19:01:16.969Z | DRIVE_TRACE_FEED | {"t":1780599676969,"seq":559,"gpsTickId":1780599676945,"gpsTickAgeMs":1,"lat":51.356546,"lng":19.36966,"hdg":349,"durationMs":728,"speedKmh":42.9}
06-04 21:01:16.970 I/ReactNativeJS(27948): [VROOM-TEL] 2026-06-04T19:01:16.970Z | DRIVE_TRACE_TICK | {"t":1780599676970,"seq":560,"gpsTickId":1780599676945,"gpsTickAgeMs":2,"rawLat":51.356756,"rawLng":19.369557,"snapLat":51.356546,"snapLng":19.36966,"markerLat":51.356546,"markerLng":19.36966,"markerHdg":349,"markerSvLat":51.356487,"markerSvLng":19.369669,"markerSvHdg":348,"accM":4,"hudKmh":42.9,"engineKmh":42.9,"dopplerKmh":42.9,"feedDurMs":728,"cadenceMs":1000,"feedSpeedMs":11.9,"isNavigating":false,"isFreeDrive":true,"isMoving":true,"feedSkipGate":false,"feedAccepted":true,"feedHeadingOnly":false,"source":"drive_core_v2"}
06-04 21:01:16.970 I/ReactNativeJS(27948): [VROOM-TEL] 2026-06-04T19:01:16.970Z | GPS_ACCEPT | {"lat":51.356756,"lng":19.369557,"acc":4,"speedKmh":43.6,"gpsLock":true}
06-04 21:01:17.061 I/ReactNativeJS(27948): [VROOM-TEL] 2026-06-04T19:01:17.061Z | CAM_FOLLOW_PUSH | {"t":1780599677061,"lat":51.356488,"lng":19.369669,"hdg":347,"snapHdg":349,"speedKmh":43,"exploring":false,"source":"drive_marker_sv_60fps"}
06-04 21:01:17.089 I/ReactNativeJS(27948): [VROOM-TEL] 2026-06-04T19:01:17.089Z | DRIVE_TRACE_CAMERA | {"t":1780599677089,"seq":561,"gpsTickId":1780599676945,"gpsTickAgeMs":121,"lat":51.356495,"lng":19.369668,"hdg":339,"speedKmh":42.9,"exploring":false,"frameMoveM":0}
06-04 21:01:17.400 I/ReactNativeJS(27948): [VROOM-TEL] 2026-06-04T19:01:17.400Z | DRIVE_TRACE_CAMERA | {"t":1780599677400,"seq":562,"gpsTickId":1780599676945,"gpsTickAgeMs":432,"lat":51.356522,"lng":19.369664,"hdg":354,"speedKmh":42.9,"exploring":false,"frameMoveM":0}
06-04 21:01:17.700 I/ReactNativeJS(27948): [VROOM-TEL] 2026-06-04T19:01:17.700Z | DRIVE_TRACE_CAMERA | {"t":1780599677700,"seq":563,"gpsTickId":1780599676945,"gpsTickAgeMs":732,"lat":51.356546,"lng":19.36966,"hdg":354,"speedKmh":42.9,"exploring":false,"frameMoveM":0}
06-04 21:01:17.907 I/ReactNativeJS(27948): [VROOM-TEL] 2026-06-04T19:01:17.907Z | CAMERA_HEADING | {"t":1780599677907,"speedKmh":43,"movedM":1.38,"moveBearing":349,"snapHdg":349,"headingOut":349,"flipFromPrevDeg":14,"lookaheadM":40,"nativeFollow":true}
06-04 21:01:17.908 I/ReactNativeJS(27948): [VROOM-TEL] 2026-06-04T19:01:17.908Z | CAM_FOLLOW_PUSH | {"t":1780599677908,"lat":51.356559,"lng":19.369657,"hdg":347,"snapHdg":349,"speedKmh":43,"exploring":false,"source":"drive_marker_sv_60fps"}
06-04 21:01:18.000 I/ReactNativeJS(27948): [VROOM-TEL] 2026-06-04T19:01:18.000Z | RAW_GPS_TICK | {"t":1780599678000,"gpsTickId":1780599677945,"gpsTickAgeMs":0,"lat":51.356866,"lng":19.369521,"speed":12.5,"speedKmh":45,"accuracy":4,"osTimestamp":1780599677945,"tripActive":true,"appState":"active"}
06-04 21:01:18.000 I/ReactNativeJS(27948): [VROOM-TEL] 2026-06-04T19:01:18.000Z | DRIVE_TRACE_RAW | {"t":1780599678000,"seq":564,"gpsTickId":1780599677945,"gpsTickAgeMs":0,"rawLat":51.356866,"rawLng":19.369521,"accM":4,"speedKmh":45,"speedMs":12.5,"heading":349,"tripActive":true,"driving":true,"navigating":false,"osTimestamp":1780599677945}
06-04 21:01:18.001 I/ReactNativeJS(27948): [VROOM-TEL] 2026-06-04T19:01:18.001Z | DRIVE_TRACE_FEED | {"t":1780599678001,"seq":565,"gpsTickId":1780599677945,"gpsTickAgeMs":1,"lat":51.356627,"lng":19.369645,"hdg":349,"durationMs":720,"speedKmh":45}
06-04 21:01:18.001 I/ReactNativeJS(27948): [VROOM-TEL] 2026-06-04T19:01:18.001Z | DRIVE_TRACE_TICK | {"t":1780599678001,"seq":566,"gpsTickId":1780599677945,"gpsTickAgeMs":1,"rawLat":51.356866,"rawLng":19.369521,"snapLat":51.356627,"snapLng":19.369645,"markerLat":51.356627,"markerLng":19.369645,"markerHdg":349,"markerSvLat":51.356564,"markerSvLng":19.369655,"markerSvHdg":349,"accM":4,"hudKmh":45,"engineKmh":43.6,"dopplerKmh":45,"feedDurMs":720,"cadenceMs":1011,"feedSpeedMs":12.5,"isNavigating":false,"isFreeDrive":true,"isMoving":true,"feedSkipGate":false,"feedAccepted":true,"feedHeadingOnly":false,"source":"drive_core_v2"}
06-04 21:01:18.001 I/ReactNativeJS(27948): [VROOM-TEL] 2026-06-04T19:01:18.001Z | GPS_ACCEPT | {"lat":51.356866,"lng":19.369521,"acc":4,"speedKmh":45,"gpsLock":true}
06-04 21:01:18.066 I/ReactNativeJS(27948): [VROOM-TEL] 2026-06-04T19:01:18.066Z | DRIVE_TRACE_CAMERA | {"t":1780599678066,"seq":567,"gpsTickId":1780599677945,"gpsTickAgeMs":66,"lat":51.356565,"lng":19.369655,"hdg":351,"speedKmh":45,"exploring":false,"frameMoveM":0}
06-04 21:01:18.366 I/ReactNativeJS(27948): [VROOM-TEL] 2026-06-04T19:01:18.366Z | DRIVE_TRACE_CAMERA | {"t":1780599678366,"seq":568,"gpsTickId":1780599677945,"gpsTickAgeMs":366,"lat":51.356596,"lng":19.36965,"hdg":355,"speedKmh":45,"exploring":false,"frameMoveM":0}
06-04 21:01:18.667 I/ReactNativeJS(27948): [VROOM-TEL] 2026-06-04T19:01:18.667Z | DRIVE_TRACE_CAMERA | {"t":1780599678667,"seq":569,"gpsTickId":1780599677945,"gpsTickAgeMs":667,"lat":51.356622,"lng":19.369646,"hdg":355,"speedKmh":45,"exploring":false,"frameMoveM":0}
06-04 21:01:18.717 I/ReactNativeJS(27948): [VROOM-TEL] 2026-06-04T19:01:18.717Z | CAM_FOLLOW_PUSH | {"t":1780599678717,"lat":51.356626,"lng":19.369645,"hdg":355,"snapHdg":349,"speedKmh":45,"exploring":false,"source":"drive_marker_sv_60fps"}
06-04 21:01:18.916 I/ReactNativeJS(27948): [VROOM-TEL] 2026-06-04T19:01:18.916Z | DRIVE_TRACE_HEARTBEAT | {"t":1780599678916,"seq":570,"gpsTickId":1780599677945,"gpsTickAgeMs":916,"driving":true,"navigating":false,"tripActive":true,"lat":51.3568659,"lng":19.3695212,"gpsAgeMs":916}
06-04 21:01:18.961 I/ReactNativeJS(27948): [VROOM-TEL] 2026-06-04T19:01:18.961Z | RAW_GPS_TICK | {"t":1780599678961,"gpsTickId":1780599678944,"gpsTickAgeMs":0,"lat":51.356987,"lng":19.369485,"speed":13.44,"speedKmh":48.4,"accuracy":4,"osTimestamp":1780599678944,"tripActive":true,"appState":"active"}
06-04 21:01:18.962 I/ReactNativeJS(27948): [VROOM-TEL] 2026-06-04T19:01:18.962Z | DRIVE_TRACE_RAW | {"t":1780599678962,"seq":571,"gpsTickId":1780599678944,"gpsTickAgeMs":1,"rawLat":51.356987,"rawLng":19.369485,"accM":4,"speedKmh":48.4,"speedMs":13.4,"heading":349,"tripActive":true,"driving":true,"navigating":false,"osTimestamp":1780599678944}
06-04 21:01:18.965 I/ReactNativeJS(27948): [VROOM-TEL] 2026-06-04T19:01:18.965Z | DRIVE_TRACE_FEED | {"t":1780599678965,"seq":572,"gpsTickId":1780599678944,"gpsTickAgeMs":4,"lat":51.356864,"lng":19.369555,"hdg":349,"durationMs":1200,"speedKmh":48.4}
06-04 21:01:18.965 I/ReactNativeJS(27948): [VROOM-TEL] 2026-06-04T19:01:18.965Z | DRIVE_TRACE_TICK | {"t":1780599678965,"seq":573,"gpsTickId":1780599678944,"gpsTickAgeMs":4,"rawLat":51.356987,"rawLng":19.369485,"snapLat":51.356864,"snapLng":19.369555,"markerLat":51.356864,"markerLng":19.369555,"markerHdg":349,"markerSvLat":51.356645,"markerSvLng":19.36964,"markerSvHdg":350,"accM":4,"hudKmh":48.4,"engineKmh":45.5,"dopplerKmh":48.4,"feedDurMs":1200,"cadenceMs":994,"feedSpeedMs":13.4,"isNavigating":false,"isFreeDrive":true,"isMoving":true,"feedSkipGate":false,"feedAccepted":true,"feedHeadingOnly":false,"source":"drive_core_v2"}
06-04 21:01:18.965 I/ReactNativeJS(27948): [VROOM-TEL] 2026-06-04T19:01:18.965Z | GPS_ACCEPT | {"lat":51.356987,"lng":19.369485,"acc":4,"speedKmh":51.3,"gpsLock":true}
06-04 21:01:19.011 I/ReactNativeJS(27948): [VROOM-TEL] 2026-06-04T19:01:19.011Z | CAMERA_HEADING | {"t":1780599679011,"speedKmh":48,"movedM":0.36,"moveBearing":166,"snapHdg":351,"headingOut":0,"flipFromPrevDeg":14,"lookaheadM":40,"nativeFollow":true}
06-04 21:01:19.011 I/ReactNativeJS(27948): [VROOM-TEL] 2026-06-04T19:01:19.011Z | DRIVE_TRACE_CAMERA | {"t":1780599679011,"seq":574,"gpsTickId":1780599678944,"gpsTickAgeMs":50,"lat":51.356648,"lng":19.369639,"hdg":351,"speedKmh":48.4,"exploring":false,"frameMoveM":0}
06-04 21:01:19.334 I/ReactNativeJS(27948): [VROOM-TEL] 2026-06-04T19:01:19.334Z | DRIVE_TRACE_CAMERA | {"t":1780599679334,"seq":575,"gpsTickId":1780599678944,"gpsTickAgeMs":373,"lat":51.356713,"lng":19.369614,"hdg":346,"speedKmh":48.4,"exploring":false,"frameMoveM":0}
06-04 21:01:19.534 I/ReactNativeJS(27948): [VROOM-TEL] 2026-06-04T19:01:19.534Z | CAM_FOLLOW_PUSH | {"t":1780599679534,"lat":51.356749,"lng":19.3696,"hdg":346,"snapHdg":349,"speedKmh":48,"exploring":false,"source":"drive_marker_sv_60fps"}
06-04 21:01:19.634 I/ReactNativeJS(27948): [VROOM-TEL] 2026-06-04T19:01:19.634Z | DRIVE_TRACE_CAMERA | {"t":1780599679634,"seq":576,"gpsTickId":1780599678944,"gpsTickAgeMs":673,"lat":51.356767,"lng":19.369593,"hdg":346,"speedKmh":48.4,"exploring":false,"frameMoveM":0}
06-04 21:01:19.934 I/ReactNativeJS(27948): [VROOM-TEL] 2026-06-04T19:01:19.934Z | DRIVE_TRACE_CAMERA | {"t":1780599679934,"seq":577,"gpsTickId":1780599678944,"gpsTickAgeMs":973,"lat":51.356822,"lng":19.369572,"hdg":346,"speedKmh":48.4,"exploring":false,"frameMoveM":0}
06-04 21:01:19.960 I/ReactNativeJS(27948): [VROOM-TEL] 2026-06-04T19:01:19.960Z | RAW_GPS_TICK | {"t":1780599679960,"gpsTickId":1780599679946,"gpsTickAgeMs":0,"lat":51.357108,"lng":19.369447,"speed":13.91,"speedKmh":50.1,"accuracy":4,"osTimestamp":1780599679946,"tripActive":true,"appState":"active"}
06-04 21:01:19.960 I/ReactNativeJS(27948): [VROOM-TEL] 2026-06-04T19:01:19.960Z | DRIVE_TRACE_RAW | {"t":1780599679960,"seq":578,"gpsTickId":1780599679946,"gpsTickAgeMs":0,"rawLat":51.357108,"rawLng":19.369447,"accM":4,"speedKmh":50.1,"speedMs":13.9,"heading":348,"tripActive":true,"driving":true,"navigating":false,"osTimestamp":1780599679946}
06-04 21:01:19.962 I/ReactNativeJS(27948): [VROOM-TEL] 2026-06-04T19:01:19.962Z | DRIVE_TRACE_FEED | {"t":1780599679962,"seq":579,"gpsTickId":1780599679946,"gpsTickAgeMs":2,"lat":51.356949,"lng":19.369518,"hdg":349,"durationMs":704,"speedKmh":50.1}
06-04 21:01:19.963 I/ReactNativeJS(27948): [VROOM-TEL] 2026-06-04T19:01:19.963Z | DRIVE_TRACE_TICK | {"t":1780599679963,"seq":580,"gpsTickId":1780599679946,"gpsTickAgeMs":3,"rawLat":51.357108,"rawLng":19.369447,"snapLat":51.356949,"snapLng":19.369518,"markerLat":51.356949,"markerLng":19.369518,"markerHdg":349,"markerSvLat":51.356825,"markerSvLng":19.36957,"markerSvHdg":346,"accM":4,"hudKmh":50.1,"engineKmh":47.5,"dopplerKmh":50.1,"feedDurMs":704,"cadenceMs":996,"feedSpeedMs":13.9,"isNavigating":false,"isFreeDrive":true,"isMoving":true,"feedSkipGate":false,"feedAccepted":true,"feedHeadingOnly":false,"source":"drive_core_v2"}
06-04 21:01:19.963 I/ReactNativeJS(27948): [VROOM-TEL] 2026-06-04T19:01:19.963Z | GPS_ACCEPT | {"lat":51.357108,"lng":19.369447,"acc":4,"speedKmh":50.1,"gpsLock":true}
06-04 21:01:20.117 I/ReactNativeJS(27948): [VROOM-TEL] 2026-06-04T19:01:20.117Z | CAMERA_HEADING | {"t":1780599680117,"speedKmh":50,"movedM":0.37,"moveBearing":345,"snapHdg":345,"headingOut":345,"flipFromPrevDeg":0,"lookaheadM":40,"nativeFollow":true}
06-04 21:01:20.234 I/ReactNativeJS(27948): [VROOM-TEL] 2026-06-04T19:01:20.234Z | DRIVE_TRACE_CAMERA | {"t":1780599680234,"seq":581,"gpsTickId":1780599679946,"gpsTickAgeMs":274,"lat":51.356873,"lng":19.36955,"hdg":345,"speedKmh":50.1,"exploring":false,"frameMoveM":0}
06-04 21:01:20.334 I/ReactNativeJS(27948): [VROOM-TEL] 2026-06-04T19:01:20.334Z | CAM_FOLLOW_PUSH | {"t":1780599680334,"lat":51.356891,"lng":19.369543,"hdg":345,"snapHdg":349,"speedKmh":50,"exploring":false,"source":"drive_marker_sv_60fps"}
06-04 21:01:20.534 I/ReactNativeJS(27948): [VROOM-TEL] 2026-06-04T19:01:20.534Z | DRIVE_TRACE_CAMERA | {"t":1780599680534,"seq":582,"gpsTickId":1780599679946,"gpsTickAgeMs":574,"lat":51.356926,"lng":19.369528,"hdg":345,"speedKmh":50.1,"exploring":false,"frameMoveM":0}
06-04 21:01:20.834 I/ReactNativeJS(27948): [VROOM-TEL] 2026-06-04T19:01:20.834Z | DRIVE_TRACE_CAMERA | {"t":1780599680834,"seq":583,"gpsTickId":1780599679946,"gpsTickAgeMs":874,"lat":51.356969,"lng":19.36951,"hdg":345,"speedKmh":50.1,"exploring":false,"frameMoveM":0}
06-04 21:01:20.967 I/ReactNativeJS(27948): [VROOM-TEL] 2026-06-04T19:01:20.967Z | RAW_GPS_TICK | {"t":1780599680967,"gpsTickId":1780599680945,"gpsTickAgeMs":0,"lat":51.357235,"lng":19.369405,"speed":14.26,"speedKmh":51.3,"accuracy":4,"osTimestamp":1780599680945,"tripActive":true,"appState":"active"}
06-04 21:01:20.967 I/ReactNativeJS(27948): [VROOM-TEL] 2026-06-04T19:01:20.967Z | DRIVE_TRACE_RAW | {"t":1780599680967,"seq":584,"gpsTickId":1780599680945,"gpsTickAgeMs":0,"rawLat":51.357235,"rawLng":19.369405,"accM":4,"speedKmh":51.3,"speedMs":14.3,"heading":348,"tripActive":true,"driving":true,"navigating":false,"osTimestamp":1780599680945}
06-04 21:01:20.968 I/ReactNativeJS(27948): [VROOM-TEL] 2026-06-04T19:01:20.968Z | DRIVE_TRACE_FEED | {"t":1780599680968,"seq":585,"gpsTickId":1780599680945,"gpsTickAgeMs":1,"lat":51.357036,"lng":19.369483,"hdg":349,"durationMs":700,"speedKmh":51.3}
06-04 21:01:20.969 I/ReactNativeJS(27948): [VROOM-TEL] 2026-06-04T19:01:20.969Z | DRIVE_TRACE_TICK | {"t":1780599680969,"seq":586,"gpsTickId":1780599680945,"gpsTickAgeMs":2,"rawLat":51.357235,"rawLng":19.369405,"snapLat":51.357036,"snapLng":19.369483,"markerLat":51.357036,"markerLng":19.369483,"markerHdg":349,"markerSvLat":51.356971,"markerSvLng":19.369509,"markerSvHdg":345,"accM":4,"hudKmh":51.3,"engineKmh":49.5,"dopplerKmh":51.3,"feedDurMs":700,"cadenceMs":1000,"feedSpeedMs":14.3,"isNavigating":false,"isFreeDrive":true,"isMoving":true,"feedSkipGate":false,"feedAccepted":true,"feedHeadingOnly":false,"source":"drive_core_v2"}
06-04 21:01:20.969 I/ReactNativeJS(27948): [VROOM-TEL] 2026-06-04T19:01:20.969Z | GPS_ACCEPT | {"lat":51.357235,"lng":19.369405,"acc":4,"speedKmh":51.5,"gpsLock":true}
06-04 21:01:21.134 I/ReactNativeJS(27948): [VROOM-TEL] 2026-06-04T19:01:21.134Z | CAM_FOLLOW_PUSH | {"t":1780599681134,"lat":51.356987,"lng":19.369503,"hdg":346,"snapHdg":349,"speedKmh":51,"exploring":false,"source":"drive_marker_sv_60fps"}
06-04 21:01:21.134 I/ReactNativeJS(27948): [VROOM-TEL] 2026-06-04T19:01:21.134Z | DRIVE_TRACE_CAMERA | {"t":1780599681134,"seq":587,"gpsTickId":1780599680945,"gpsTickAgeMs":167,"lat":51.356987,"lng":19.369503,"hdg":346,"speedKmh":51.3,"exploring":false,"frameMoveM":0}
06-04 21:01:21.260 I/ReactNativeJS(27948): [VROOM-TEL] 2026-06-04T19:01:21.260Z | CAMERA_HEADING | {"t":1780599681260,"speedKmh":51,"movedM":0.18,"moveBearing":346,"snapHdg":346,"headingOut":346,"flipFromPrevDeg":0,"lookaheadM":40,"nativeFollow":true}
06-04 21:01:21.451 I/ReactNativeJS(27948): [VROOM-TEL] 2026-06-04T19:01:21.451Z | DRIVE_TRACE_CAMERA | {"t":1780599681451,"seq":588,"gpsTickId":1780599680945,"gpsTickAgeMs":484,"lat":51.357016,"lng":19.369491,"hdg":346,"speedKmh":51.3,"exploring":false,"frameMoveM":0}
06-04 21:01:21.767 I/ReactNativeJS(27948): [VROOM-TEL] 2026-06-04T19:01:21.767Z | DRIVE_TRACE_CAMERA | {"t":1780599681767,"seq":589,"gpsTickId":1780599680945,"gpsTickAgeMs":800,"lat":51.357047,"lng":19.369479,"hdg":346,"speedKmh":51.3,"exploring":false,"frameMoveM":0}
06-04 21:01:21.970 I/ReactNativeJS(27948): [VROOM-TEL] 2026-06-04T19:01:21.969Z | RAW_GPS_TICK | {"t":1780599681969,"gpsTickId":1780599681944,"gpsTickAgeMs":0,"lat":51.357364,"lng":19.369363,"speed":14.58,"speedKmh":52.5,"accuracy":4,"osTimestamp":1780599681944,"tripActive":true,"appState":"active"}
06-04 21:01:21.970 I/ReactNativeJS(27948): [VROOM-TEL] 2026-06-04T19:01:21.970Z | DRIVE_TRACE_RAW | {"t":1780599681970,"seq":590,"gpsTickId":1780599681944,"gpsTickAgeMs":1,"rawLat":51.357364,"rawLng":19.369363,"accM":4,"speedKmh":52.5,"speedMs":14.6,"heading":348,"tripActive":true,"driving":true,"navigating":false,"osTimestamp":1780599681944}
06-04 21:01:21.982 I/ReactNativeJS(27948): [VROOM-TEL] 2026-06-04T19:01:21.982Z | DRIVE_TRACE_FEED | {"t":1780599681982,"seq":591,"gpsTickId":1780599681944,"gpsTickAgeMs":13,"lat":51.357125,"lng":19.36945,"hdg":348,"durationMs":697,"speedKmh":52.5}
06-04 21:01:21.983 I/ReactNativeJS(27948): [VROOM-TEL] 2026-06-04T19:01:21.983Z | DRIVE_TRACE_TICK | {"t":1780599681983,"seq":592,"gpsTickId":1780599681944,"gpsTickAgeMs":14,"rawLat":51.357364,"rawLng":19.369363,"snapLat":51.357125,"snapLng":19.36945,"markerLat":51.357125,"markerLng":19.36945,"markerHdg":348,"markerSvLat":51.357059,"markerSvLng":19.369474,"markerSvHdg":346,"accM":4,"hudKmh":52.5,"engineKmh":50.9,"dopplerKmh":52.5,"feedDurMs":697,"cadenceMs":1001,"feedSpeedMs":14.6,"isNavigating":false,"isFreeDrive":true,"isMoving":true,"feedSkipGate":false,"feedAccepted":true,"feedHeadingOnly":false,"source":"drive_core_v2"}
06-04 21:01:21.983 I/ReactNativeJS(27948): [VROOM-TEL] 2026-06-04T19:01:21.983Z | GPS_ACCEPT | {"lat":51.357364,"lng":19.369363,"acc":4,"speedKmh":52.6,"gpsLock":true}
06-04 21:01:22.024 I/ReactNativeJS(27948): [VROOM-TEL] 2026-06-04T19:01:22.024Z | CAM_FOLLOW_PUSH | {"t":1780599682024,"lat":51.357061,"lng":19.369474,"hdg":350,"snapHdg":348,"speedKmh":52,"exploring":false,"source":"drive_marker_sv_60fps"}
06-04 21:01:22.080 I/ReactNativeJS(27948): [VROOM-TEL] 2026-06-04T19:01:22.080Z | DRIVE_TRACE_CAMERA | {"t":1780599682080,"seq":593,"gpsTickId":1780599681944,"gpsTickAgeMs":111,"lat":51.357066,"lng":19.369472,"hdg":350,"speedKmh":52.5,"exploring":false,"frameMoveM":0}
06-04 21:01:22.367 I/ReactNativeJS(27948): [VROOM-TEL] 2026-06-04T19:01:22.367Z | CAMERA_HEADING | {"t":1780599682367,"speedKmh":52,"movedM":0.17,"moveBearing":347,"snapHdg":347,"headingOut":347,"flipFromPrevDeg":0,"lookaheadM":46,"nativeFollow":true}
06-04 21:01:22.383 I/ReactNativeJS(27948): [VROOM-TEL] 2026-06-04T19:01:22.383Z | DRIVE_TRACE_CAMERA | {"t":1780599682383,"seq":594,"gpsTickId":1780599681944,"gpsTickAgeMs":414,"lat":51.357097,"lng":19.36946,"hdg":347,"speedKmh":52.5,"exploring":false,"frameMoveM":0}
06-04 21:01:22.742 I/ReactNativeJS(27948): [VROOM-TEL] 2026-06-04T19:01:22.742Z | DRIVE_TRACE_CAMERA | {"t":1780599682742,"seq":595,"gpsTickId":1780599681944,"gpsTickAgeMs":773,"lat":51.357125,"lng":19.36945,"hdg":350,"speedKmh":52.5,"exploring":false,"frameMoveM":0}
06-04 21:01:22.834 I/ReactNativeJS(27948): [VROOM-TEL] 2026-06-04T19:01:22.834Z | CAM_FOLLOW_PUSH | {"t":1780599682834,"lat":51.357144,"lng":19.369443,"hdg":347,"snapHdg":348,"speedKmh":52,"exploring":false,"source":"drive_marker_sv_60fps"}
06-04 21:01:22.965 I/ReactNativeJS(27948): [VROOM-TEL] 2026-06-04T19:01:22.965Z | RAW_GPS_TICK | {"t":1780599682965,"gpsTickId":1780599682946,"gpsTickAgeMs":0,"lat":51.357494,"lng":19.36932,"speed":14.74,"speedKmh":53.1,"accuracy":4,"osTimestamp":1780599682946,"tripActive":true,"appState":"active"}
06-04 21:01:22.965 I/ReactNativeJS(27948): [VROOM-TEL] 2026-06-04T19:01:22.965Z | DRIVE_TRACE_RAW | {"t":1780599682965,"seq":596,"gpsTickId":1780599682946,"gpsTickAgeMs":0,"rawLat":51.357494,"rawLng":19.36932,"accM":4,"speedKmh":53.1,"speedMs":14.7,"heading":348,"tripActive":true,"driving":true,"navigating":false,"osTimestamp":1780599682946}
06-04 21:01:22.967 I/ReactNativeJS(27948): [VROOM-TEL] 2026-06-04T19:01:22.967Z | DRIVE_TRACE_FEED | {"t":1780599682967,"seq":597,"gpsTickId":1780599682946,"gpsTickAgeMs":2,"lat":51.357215,"lng":19.369418,"hdg":348,"durationMs":696,"speedKmh":53.1}
06-04 21:01:22.967 I/ReactNativeJS(27948): [VROOM-TEL] 2026-06-04T19:01:22.967Z | DRIVE_TRACE_TICK | {"t":1780599682967,"seq":598,"gpsTickId":1780599682946,"gpsTickAgeMs":2,"rawLat":51.357494,"rawLng":19.36932,"snapLat":51.357215,"snapLng":19.369418,"markerLat":51.357215,"markerLng":19.369418,"markerHdg":348,"markerSvLat":51.357149,"markerSvLng":19.369441,"markerSvHdg":347,"accM":4,"hudKmh":53.1,"engineKmh":52,"dopplerKmh":53.1,"feedDurMs":696,"cadenceMs":999,"feedSpeedMs":14.7,"isNavigating":false,"isFreeDrive":true,"isMoving":true,"feedSkipGate":false,"feedAccepted":true,"feedHeadingOnly":false,"source":"drive_core_v2"}
06-04 21:01:22.967 I/ReactNativeJS(27948): [VROOM-TEL] 2026-06-04T19:01:22.967Z | GPS_ACCEPT | {"lat":51.357494,"lng":19.36932,"acc":4,"speedKmh":53.4,"gpsLock":true}
06-04 21:01:23.050 I/ReactNativeJS(27948): [VROOM-TEL] 2026-06-04T19:01:23.050Z | DRIVE_TRACE_CAMERA | {"t":1780599683050,"seq":599,"gpsTickId":1780599682946,"gpsTickAgeMs":85,"lat":51.357157,"lng":19.369439,"hdg":347,"speedKmh":53.1,"exploring":false,"frameMoveM":0}
06-04 21:01:23.350 I/ReactNativeJS(27948): [VROOM-TEL] 2026-06-04T19:01:23.350Z | DRIVE_TRACE_CAMERA | {"t":1780599683350,"seq":600,"gpsTickId":1780599682946,"gpsTickAgeMs":385,"lat":51.357185,"lng":19.369428,"hdg":348,"speedKmh":53.1,"exploring":false,"frameMoveM":0}
06-04 21:01:23.467 I/ReactNativeJS(27948): [VROOM-TEL] 2026-06-04T19:01:23.467Z | CAMERA_HEADING | {"t":1780599683467,"speedKmh":53,"movedM":0.2,"moveBearing":348,"snapHdg":348,"headingOut":348,"flipFromPrevDeg":0,"lookaheadM":46,"nativeFollow":true}
06-04 21:01:23.634 I/ReactNativeJS(27948): [VROOM-TEL] 2026-06-04T19:01:23.634Z | CAM_FOLLOW_PUSH | {"t":1780599683634,"lat":51.357213,"lng":19.369419,"hdg":348,"snapHdg":348,"speedKmh":53,"exploring":false,"source":"drive_marker_sv_60fps"}
06-04 21:01:23.650 I/ReactNativeJS(27948): [VROOM-TEL] 2026-06-04T19:01:23.650Z | DRIVE_TRACE_CAMERA | {"t":1780599683650,"seq":601,"gpsTickId":1780599682946,"gpsTickAgeMs":685,"lat":51.357214,"lng":19.369418,"hdg":348,"speedKmh":53.1,"exploring":false,"frameMoveM":0}
06-04 21:01:23.933 I/ReactNativeJS(27948): [VROOM-TEL] 2026-06-04T19:01:23.933Z | DRIVE_HEALTH | {"t":1780599683933,"mode":"driving","speedHudKmh":53.1,"speedPipeKmh":53.1,"gpsAgeMs":968,"drAgeMs":966,"gpsToDriftM":32,"snapAnchorDriftM":0,"offRoute":false,"reroutePending":false,"rerouteLoading":false,"hasRoutePts":0}
06-04 21:01:23.933 I/ReactNativeJS(27948): [VROOM-TEL] 2026-06-04T19:01:23.933Z | DRIVE_TRACE_HEARTBEAT | {"t":1780599683933,"seq":602,"gpsTickId":1780599682946,"gpsTickAgeMs":968,"driving":true,"navigating":false,"tripActive":true,"lat":51.3574941,"lng":19.3693203,"gpsAgeMs":968}
06-04 21:01:23.968 I/ReactNativeJS(27948): [VROOM-TEL] 2026-06-04T19:01:23.968Z | RAW_GPS_TICK | {"t":1780599683968,"gpsTickId":1780599683945,"gpsTickAgeMs":0,"lat":51.357623,"lng":19.369279,"speed":14.86,"speedKmh":53.5,"accuracy":4,"osTimestamp":1780599683945,"tripActive":true,"appState":"active"}
06-04 21:01:23.968 I/ReactNativeJS(27948): [VROOM-TEL] 2026-06-04T19:01:23.968Z | DRIVE_TRACE_RAW | {"t":1780599683968,"seq":603,"gpsTickId":1780599683945,"gpsTickAgeMs":0,"rawLat":51.357623,"rawLng":19.369279,"accM":4,"speedKmh":53.5,"speedMs":14.9,"heading":348,"tripActive":true,"driving":true,"navigating":false,"osTimestamp":1780599683945}
06-04 21:01:23.971 I/ReactNativeJS(27948): [VROOM-TEL] 2026-06-04T19:01:23.971Z | DRIVE_TRACE_FEED | {"t":1780599683971,"seq":604,"gpsTickId":1780599683945,"gpsTickAgeMs":3,"lat":51.357481,"lng":19.369327,"hdg":349,"durationMs":1200,"speedKmh":53.5}
06-04 21:01:23.972 I/ReactNativeJS(27948): [VROOM-TEL] 2026-06-04T19:01:23.972Z | DRIVE_TRACE_TICK | {"t":1780599683972,"seq":605,"gpsTickId":1780599683945,"gpsTickAgeMs":4,"rawLat":51.357623,"rawLng":19.369279,"snapLat":51.357481,"snapLng":19.369327,"markerLat":51.357481,"markerLng":19.369327,"markerHdg":349,"markerSvLat":51.357239,"markerSvLng":19.369409,"markerSvHdg":348,"accM":4,"hudKmh":53.5,"engineKmh":52.7,"dopplerKmh":53.5,"feedDurMs":1200,"cadenceMs":1000,"feedSpeedMs":14.9,"isNavigating":false,"isFreeDrive":true,"isMoving":true,"feedSkipGate":false,"feedAccepted":true,"feedHeadingOnly":false,"source":"drive_core_v2"}
06-04 21:01:23.972 I/ReactNativeJS(27948): [VROOM-TEL] 2026-06-04T19:01:23.972Z | GPS_ACCEPT | {"lat":51.357623,"lng":19.369279,"acc":4,"speedKmh":53.5,"gpsLock":true}
06-04 21:01:24.021 I/ReactNativeJS(27948): [VROOM-TEL] 2026-06-04T19:01:24.021Z | DRIVE_TRACE_CAMERA | {"t":1780599684021,"seq":606,"gpsTickId":1780599683945,"gpsTickAgeMs":53,"lat":51.357245,"lng":19.369408,"hdg":348,"speedKmh":53.5,"exploring":false,"frameMoveM":0}
06-04 21:01:24.334 I/ReactNativeJS(27948): [VROOM-TEL] 2026-06-04T19:01:24.333Z | DRIVE_TRACE_CAMERA | {"t":1780599684333,"seq":607,"gpsTickId":1780599683945,"gpsTickAgeMs":365,"lat":51.357312,"lng":19.369385,"hdg":348,"speedKmh":53.5,"exploring":false,"frameMoveM":0}
06-04 21:01:24.450 I/ReactNativeJS(27948): [VROOM-TEL] 2026-06-04T19:01:24.450Z | CAM_FOLLOW_PUSH | {"t":1780599684450,"lat":51.357336,"lng":19.369376,"hdg":348,"snapHdg":349,"speedKmh":53,"exploring":false,"source":"drive_marker_sv_60fps"}
06-04 21:01:24.567 I/ReactNativeJS(27948): [VROOM-TEL] 2026-06-04T19:01:24.567Z | CAMERA_HEADING | {"t":1780599684567,"speedKmh":53,"movedM":0.37,"moveBearing":348,"snapHdg":348,"headingOut":348,"flipFromPrevDeg":0,"lookaheadM":46,"nativeFollow":true}
06-04 21:01:24.633 I/ReactNativeJS(27948): [VROOM-TEL] 2026-06-04T19:01:24.633Z | DRIVE_TRACE_CAMERA | {"t":1780599684633,"seq":608,"gpsTickId":1780599683945,"gpsTickAgeMs":665,"lat":51.357372,"lng":19.369364,"hdg":348,"speedKmh":53.5,"exploring":false,"frameMoveM":0}
06-04 21:01:24.933 I/ReactNativeJS(27948): [VROOM-TEL] 2026-06-04T19:01:24.933Z | DRIVE_TRACE_CAMERA | {"t":1780599684933,"seq":609,"gpsTickId":1780599683945,"gpsTickAgeMs":965,"lat":51.357433,"lng":19.369343,"hdg":348,"speedKmh":53.5,"exploring":false,"frameMoveM":0}
06-04 21:01:24.971 I/ReactNativeJS(27948): [VROOM-TEL] 2026-06-04T19:01:24.971Z | RAW_GPS_TICK | {"t":1780599684971,"gpsTickId":1780599684946,"gpsTickAgeMs":0,"lat":51.357755,"lng":19.369239,"speed":14.72,"speedKmh":53,"accuracy":4,"osTimestamp":1780599684946,"tripActive":true,"appState":"active"}
06-04 21:01:24.971 I/ReactNativeJS(27948): [VROOM-TEL] 2026-06-04T19:01:24.971Z | DRIVE_TRACE_RAW | {"t":1780599684971,"seq":610,"gpsTickId":1780599684946,"gpsTickAgeMs":0,"rawLat":51.357755,"rawLng":19.369239,"accM":4,"speedKmh":53,"speedMs":14.7,"heading":348,"tripActive":true,"driving":true,"navigating":false,"osTimestamp":1780599684946}
06-04 21:01:24.972 I/ReactNativeJS(27948): [VROOM-TEL] 2026-06-04T19:01:24.972Z | DRIVE_TRACE_FEED | {"t":1780599684972,"seq":611,"gpsTickId":1780599684946,"gpsTickAgeMs":1,"lat":51.357571,"lng":19.369297,"hdg":349,"durationMs":696,"speedKmh":53}
06-04 21:01:24.973 I/ReactNativeJS(27948): [VROOM-TEL] 2026-06-04T19:01:24.973Z | DRIVE_TRACE_TICK | {"t":1780599684973,"seq":612,"gpsTickId":1780599684946,"gpsTickAgeMs":2,"rawLat":51.357755,"rawLng":19.369239,"snapLat":51.357571,"snapLng":19.369297,"markerLat":51.357571,"markerLng":19.369297,"markerHdg":349,"markerSvLat":51.357439,"markerSvLng":19.369341,"markerSvHdg":348,"accM":4,"hudKmh":53,"engineKmh":53,"dopplerKmh":53,"feedDurMs":696,"cadenceMs":1001,"feedSpeedMs":14.7,"isNavigating":false,"isFreeDrive":true,"isMoving":true,"feedSkipGate":false,"feedAccepted":true,"feedHeadingOnly":false,"source":"drive_core_v2"}
06-04 21:01:24.973 I/ReactNativeJS(27948): [VROOM-TEL] 2026-06-04T19:01:24.973Z | GPS_ACCEPT | {"lat":51.357755,"lng":19.369239,"acc":4,"speedKmh":53.4,"gpsLock":true}
06-04 21:01:25.233 I/ReactNativeJS(27948): [VROOM-TEL] 2026-06-04T19:01:25.233Z | DRIVE_TRACE_CAMERA | {"t":1780599685233,"seq":613,"gpsTickId":1780599684946,"gpsTickAgeMs":262,"lat":51.357489,"lng":19.369325,"hdg":348,"speedKmh":53,"exploring":false,"frameMoveM":0}
06-04 21:01:25.250 I/ReactNativeJS(27948): [VROOM-TEL] 2026-06-04T19:01:25.250Z | CAM_FOLLOW_PUSH | {"t":1780599685250,"lat":51.357492,"lng":19.369324,"hdg":348,"snapHdg":349,"speedKmh":53,"exploring":false,"source":"drive_marker_sv_60fps"}
06-04 21:01:25.533 I/ReactNativeJS(27948): [VROOM-TEL] 2026-06-04T19:01:25.533Z | DRIVE_TRACE_CAMERA | {"t":1780599685533,"seq":614,"gpsTickId":1780599684946,"gpsTickAgeMs":562,"lat":51.357545,"lng":19.369306,"hdg":348,"speedKmh":53,"exploring":false,"frameMoveM":0}
06-04 21:01:25.684 I/ReactNativeJS(27948): [VROOM-TEL] 2026-06-04T19:01:25.684Z | CAMERA_HEADING | {"t":1780599685684,"speedKmh":53,"movedM":0.04,"moveBearing":null,"snapHdg":348,"headingOut":348,"flipFromPrevDeg":0,"lookaheadM":46,"nativeFollow":true}
06-04 21:01:25.927 I/ReactNativeJS(27948): [VROOM-TEL] 2026-06-04T19:01:25.927Z | DRIVE_TRACE_CAMERA | {"t":1780599685927,"seq":615,"gpsTickId":1780599684946,"gpsTickAgeMs":956,"lat":51.35759,"lng":19.369291,"hdg":351,"speedKmh":53,"exploring":false,"frameMoveM":0}
06-04 21:01:25.992 I/ReactNativeJS(27948): [VROOM-TEL] 2026-06-04T19:01:25.992Z | RAW_GPS_TICK | {"t":1780599685992,"gpsTickId":1780599685946,"gpsTickAgeMs":0,"lat":51.357879,"lng":19.369201,"speed":14.33,"speedKmh":51.6,"accuracy":4,"osTimestamp":1780599685946,"tripActive":true,"appState":"active"}
06-04 21:01:25.992 I/ReactNativeJS(27948): [VROOM-TEL] 2026-06-04T19:01:25.992Z | DRIVE_TRACE_RAW | {"t":1780599685992,"seq":616,"gpsTickId":1780599685946,"gpsTickAgeMs":0,"rawLat":51.357879,"rawLng":19.369201,"accM":4,"speedKmh":51.6,"speedMs":14.3,"heading":349,"tripActive":true,"driving":true,"navigating":false,"osTimestamp":1780599685946}
06-04 21:01:25.993 I/ReactNativeJS(27948): [VROOM-TEL] 2026-06-04T19:01:25.993Z | DRIVE_TRACE_FEED | {"t":1780599685993,"seq":617,"gpsTickId":1780599685946,"gpsTickAgeMs":1,"lat":51.357661,"lng":19.369269,"hdg":349,"durationMs":697,"speedKmh":52.6}
06-04 21:01:25.993 I/ReactNativeJS(27948): [VROOM-TEL] 2026-06-04T19:01:25.993Z | DRIVE_TRACE_TICK | {"t":1780599685993,"seq":618,"gpsTickId":1780599685946,"gpsTickAgeMs":1,"rawLat":51.357879,"rawLng":19.369201,"snapLat":51.357661,"snapLng":19.369269,"markerLat":51.357661,"markerLng":19.369269,"markerHdg":349,"markerSvLat":51.357595,"markerSvLng":19.36929,"markerSvHdg":348,"accM":4,"hudKmh":52.6,"engineKmh":52.6,"dopplerKmh":51.6,"feedDurMs":697,"cadenceMs":1008,"feedSpeedMs":14.6,"isNavigating":false,"isFreeDrive":true,"isMoving":true,"feedSkipGate":false,"feedAccepted":true,"feedHeadingOnly":false,"source":"drive_core_v2"}
06-04 21:01:25.993 I/ReactNativeJS(27948): [VROOM-TEL] 2026-06-04T19:01:25.993Z | GPS_ACCEPT | {"lat":51.357879,"lng":19.369201,"acc":4,"speedKmh":51.6,"gpsLock":true}
06-04 21:01:26.050 I/ReactNativeJS(27948): [VROOM-TEL] 2026-06-04T19:01:26.050Z | CAM_FOLLOW_PUSH | {"t":1780599686050,"lat":51.3576,"lng":19.369288,"hdg":349,"snapHdg":349,"speedKmh":53,"exploring":false,"source":"drive_marker_sv_60fps"}
06-04 21:01:26.233 I/ReactNativeJS(27948): [VROOM-TEL] 2026-06-04T19:01:26.233Z | DRIVE_TRACE_CAMERA | {"t":1780599686233,"seq":619,"gpsTickId":1780599685946,"gpsTickAgeMs":241,"lat":51.357617,"lng":19.369283,"hdg":349,"speedKmh":52.6,"exploring":false,"frameMoveM":0}
06-04 21:01:26.619 I/ReactNativeJS(27948): [VROOM-TEL] 2026-06-04T19:01:26.619Z | DRIVE_TRACE_CAMERA | {"t":1780599686619,"seq":620,"gpsTickId":1780599685946,"gpsTickAgeMs":627,"lat":51.357646,"lng":19.369274,"hdg":351,"speedKmh":52.6,"exploring":false,"frameMoveM":0}
06-04 21:01:26.785 I/ReactNativeJS(27948): [VROOM-TEL] 2026-06-04T19:01:26.785Z | CAMERA_HEADING | {"t":1780599686785,"speedKmh":53,"movedM":0.24,"moveBearing":349,"snapHdg":349,"headingOut":349,"flipFromPrevDeg":0,"lookaheadM":46,"nativeFollow":true}
06-04 21:01:26.850 I/ReactNativeJS(27948): [VROOM-TEL] 2026-06-04T19:01:26.850Z | CAM_FOLLOW_PUSH | {"t":1780599686850,"lat":51.35768,"lng":19.369263,"hdg":349,"snapHdg":349,"speedKmh":53,"exploring":false,"source":"drive_marker_sv_60fps"}
06-04 21:01:27.022 I/ReactNativeJS(27948): [VROOM-TEL] 2026-06-04T19:01:27.022Z | RAW_GPS_TICK | {"t":1780599687022,"gpsTickId":1780599686945,"gpsTickAgeMs":0,"lat":51.358,"lng":19.369172,"speed":13.8,"speedKmh":49.7,"accuracy":4,"osTimestamp":1780599686945,"tripActive":true,"appState":"active"}
06-04 21:01:27.022 I/ReactNativeJS(27948): [VROOM-TEL] 2026-06-04T19:01:27.022Z | DRIVE_TRACE_RAW | {"t":1780599687022,"seq":621,"gpsTickId":1780599686945,"gpsTickAgeMs":0,"rawLat":51.358,"rawLng":19.369172,"accM":4,"speedKmh":49.7,"speedMs":13.8,"heading":351,"tripActive":true,"driving":true,"navigating":false,"osTimestamp":1780599686945}
06-04 21:01:27.023 I/ReactNativeJS(27948): [VROOM-TEL] 2026-06-04T19:01:27.023Z | DRIVE_TRACE_FEED | {"t":1780599687023,"seq":622,"gpsTickId":1780599686945,"gpsTickAgeMs":1,"lat":51.357749,"lng":19.369243,"hdg":350,"durationMs":700,"speedKmh":51.5}
06-04 21:01:27.023 I/ReactNativeJS(27948): [VROOM-TEL] 2026-06-04T19:01:27.023Z | DRIVE_TRACE_TICK | {"t":1780599687023,"seq":623,"gpsTickId":1780599686945,"gpsTickAgeMs":1,"rawLat":51.358,"rawLng":19.369172,"snapLat":51.357749,"snapLng":19.369243,"markerLat":51.357749,"markerLng":19.369243,"markerHdg":350,"markerSvLat":51.357684,"markerSvLng":19.369262,"markerSvHdg":349,"accM":4,"hudKmh":51.5,"engineKmh":51.5,"dopplerKmh":49.7,"feedDurMs":700,"cadenceMs":1016,"feedSpeedMs":14.3,"isNavigating":false,"isFreeDrive":true,"isMoving":true,"feedSkipGate":false,"feedAccepted":true,"feedHeadingOnly":false,"source":"drive_core_v2"}
06-04 21:01:27.023 I/ReactNativeJS(27948): [VROOM-TEL] 2026-06-04T19:01:27.023Z | GPS_ACCEPT | {"lat":51.358,"lng":19.369172,"acc":4,"speedKmh":49.7,"gpsLock":true}
06-04 21:01:27.070 I/ReactNativeJS(27948): [VROOM-TEL] 2026-06-04T19:01:27.070Z | DRIVE_TRACE_CAMERA | {"t":1780599687070,"seq":624,"gpsTickId":1780599686945,"gpsTickAgeMs":48,"lat":51.357687,"lng":19.369261,"hdg":349,"speedKmh":51.5,"exploring":false,"frameMoveM":0}
06-04 21:01:27.384 I/ReactNativeJS(27948): [VROOM-TEL] 2026-06-04T19:01:27.384Z | DRIVE_TRACE_CAMERA | {"t":1780599687384,"seq":625,"gpsTickId":1780599686945,"gpsTickAgeMs":362,"lat":51.357718,"lng":19.369252,"hdg":350,"speedKmh":51.5,"exploring":false,"frameMoveM":0}
06-04 21:01:27.650 I/ReactNativeJS(27948): [VROOM-TEL] 2026-06-04T19:01:27.650Z | CAM_FOLLOW_PUSH | {"t":1780599687650,"lat":51.357743,"lng":19.369245,"hdg":350,"snapHdg":350,"speedKmh":52,"exploring":false,"source":"drive_marker_sv_60fps"}
06-04 21:01:27.700 I/ReactNativeJS(27948): [VROOM-TEL] 2026-06-04T19:01:27.700Z | DRIVE_TRACE_CAMERA | {"t":1780599687700,"seq":626,"gpsTickId":1780599686945,"gpsTickAgeMs":678,"lat":51.357747,"lng":19.369244,"hdg":350,"speedKmh":51.5,"exploring":false,"frameMoveM":0}
06-04 21:01:27.900 I/ReactNativeJS(27948): [VROOM-TEL] 2026-06-04T19:01:27.900Z | CAMERA_HEADING | {"t":1780599687900,"speedKmh":52,"movedM":0.24,"moveBearing":350,"snapHdg":350,"headingOut":350,"flipFromPrevDeg":0,"lookaheadM":46,"nativeFollow":true}
06-04 21:01:27.964 I/ReactNativeJS(27948): [VROOM-TEL] 2026-06-04T19:01:27.963Z | RAW_GPS_TICK | {"t":1780599687963,"gpsTickId":1780599687946,"gpsTickAgeMs":0,"lat":51.35812,"lng":19.369146,"speed":13.55,"speedKmh":48.8,"accuracy":4,"osTimestamp":1780599687946,"tripActive":true,"appState":"active"}
06-04 21:01:27.964 I/ReactNativeJS(27948): [VROOM-TEL] 2026-06-04T19:01:27.964Z | DRIVE_TRACE_RAW | {"t":1780599687964,"seq":627,"gpsTickId":1780599687946,"gpsTickAgeMs":1,"rawLat":51.35812,"rawLng":19.369146,"accM":4,"speedKmh":48.8,"speedMs":13.6,"heading":351,"tripActive":true,"driving":true,"navigating":false,"osTimestamp":1780599687946}
06-04 21:01:27.967 I/ReactNativeJS(27948): [VROOM-TEL] 2026-06-04T19:01:27.967Z | DRIVE_TRACE_FEED | {"t":1780599687967,"seq":628,"gpsTickId":1780599687946,"gpsTickAgeMs":4,"lat":51.357992,"lng":19.369178,"hdg":352,"durationMs":1200,"speedKmh":50.1}
06-04 21:01:27.968 I/ReactNativeJS(27948): [VROOM-TEL] 2026-06-04T19:01:27.968Z | DRIVE_TRACE_TICK | {"t":1780599687968,"seq":629,"gpsTickId":1780599687946,"gpsTickAgeMs":5,"rawLat":51.35812,"rawLng":19.369146,"snapLat":51.357992,"snapLng":19.369178,"markerLat":51.357992,"markerLng":19.369178,"markerHdg":352,"markerSvLat":51.357773,"markerSvLng":19.369237,"markerSvHdg":350,"accM":4,"hudKmh":50.1,"engineKmh":50.1,"dopplerKmh":48.8,"feedDurMs":1200,"cadenceMs":990,"feedSpeedMs":13.9,"isNavigating":false,"isFreeDrive":true,"isMoving":true,"feedSkipGate":false,"feedAccepted":true,"feedHeadingOnly":false,"source":"drive_core_v2"}
06-04 21:01:27.968 I/ReactNativeJS(27948): [VROOM-TEL] 2026-06-04T19:01:27.968Z | GPS_ACCEPT | {"lat":51.35812,"lng":19.369146,"acc":4,"speedKmh":51.4,"gpsLock":true}
06-04 21:01:28.013 I/ReactNativeJS(27948): [VROOM-TEL] 2026-06-04T19:01:28.013Z | DRIVE_TRACE_CAMERA | {"t":1780599688013,"seq":630,"gpsTickId":1780599687946,"gpsTickAgeMs":50,"lat":51.357778,"lng":19.369235,"hdg":350,"speedKmh":50.1,"exploring":false,"frameMoveM":0}
06-04 21:01:28.317 I/ReactNativeJS(27948): [VROOM-TEL] 2026-06-04T19:01:28.317Z | DRIVE_TRACE_CAMERA | {"t":1780599688317,"seq":631,"gpsTickId":1780599687946,"gpsTickAgeMs":354,"lat":51.357837,"lng":19.36922,"hdg":351,"speedKmh":50.1,"exploring":false,"frameMoveM":0}
06-04 21:01:28.451 I/ReactNativeJS(27948): [VROOM-TEL] 2026-06-04T19:01:28.451Z | CAM_FOLLOW_PUSH | {"t":1780599688451,"lat":51.357861,"lng":19.369213,"hdg":351,"snapHdg":352,"speedKmh":50,"exploring":false,"source":"drive_marker_sv_60fps"}
06-04 21:01:28.617 I/ReactNativeJS(27948): [VROOM-TEL] 2026-06-04T19:01:28.617Z | DRIVE_TRACE_CAMERA | {"t":1780599688617,"seq":632,"gpsTickId":1780599687946,"gpsTickAgeMs":654,"lat":51.357892,"lng":19.369205,"hdg":351,"speedKmh":50.1,"exploring":false,"frameMoveM":0}
06-04 21:01:28.917 I/ReactNativeJS(27948): [VROOM-TEL] 2026-06-04T19:01:28.917Z | DRIVE_TRACE_CAMERA | {"t":1780599688917,"seq":633,"gpsTickId":1780599687946,"gpsTickAgeMs":954,"lat":51.357946,"lng":19.36919,"hdg":351,"speedKmh":50.1,"exploring":false,"frameMoveM":0}
06-04 21:01:28.950 I/ReactNativeJS(27948): [VROOM-TEL] 2026-06-04T19:01:28.950Z | DRIVE_TRACE_HEARTBEAT | {"t":1780599688950,"seq":634,"gpsTickId":1780599687946,"gpsTickAgeMs":987,"driving":true,"navigating":false,"tripActive":true,"lat":51.3581202,"lng":19.369146,"gpsAgeMs":987}
06-04 21:01:28.974 I/ReactNativeJS(27948): [VROOM-TEL] 2026-06-04T19:01:28.974Z | RAW_GPS_TICK | {"t":1780599688974,"gpsTickId":1780599688945,"gpsTickAgeMs":0,"lat":51.358239,"lng":19.369114,"speed":13.48,"speedKmh":48.5,"accuracy":4,"osTimestamp":1780599688945,"tripActive":true,"appState":"active"}
06-04 21:01:28.974 I/ReactNativeJS(27948): [VROOM-TEL] 2026-06-04T19:01:28.974Z | DRIVE_TRACE_RAW | {"t":1780599688974,"seq":635,"gpsTickId":1780599688945,"gpsTickAgeMs":0,"rawLat":51.358239,"rawLng":19.369114,"accM":4,"speedKmh":48.5,"speedMs":13.5,"heading":350,"tripActive":true,"driving":true,"navigating":false,"osTimestamp":1780599688945}
06-04 21:01:28.976 I/ReactNativeJS(27948): [VROOM-TEL] 2026-06-04T19:01:28.976Z | DRIVE_TRACE_FEED | {"t":1780599688976,"seq":636,"gpsTickId":1780599688945,"gpsTickAgeMs":2,"lat":51.358078,"lng":19.369156,"hdg":351,"durationMs":707,"speedKmh":49.1}
06-04 21:01:28.976 I/ReactNativeJS(27948): [VROOM-TEL] 2026-06-04T19:01:28.976Z | DRIVE_TRACE_TICK | {"t":1780599688976,"seq":637,"gpsTickId":1780599688945,"gpsTickAgeMs":2,"rawLat":51.358239,"rawLng":19.369114,"snapLat":51.358078,"snapLng":19.369156,"markerLat":51.358078,"markerLng":19.369156,"markerHdg":351,"markerSvLat":51.357955,"markerSvLng":19.369188,"markerSvHdg":351,"accM":4,"hudKmh":49.1,"engineKmh":49.1,"dopplerKmh":48.5,"feedDurMs":707,"cadenceMs":997,"feedSpeedMs":13.6,"isNavigating":false,"isFreeDrive":true,"isMoving":true,"feedSkipGate":false,"feedAccepted":true,"feedHeadingOnly":false,"source":"drive_core_v2"}
06-04 21:01:28.976 I/ReactNativeJS(27948): [VROOM-TEL] 2026-06-04T19:01:28.976Z | GPS_ACCEPT | {"lat":51.358239,"lng":19.369114,"acc":4,"speedKmh":48.5,"gpsLock":true}
06-04 21:01:29.011 I/ReactNativeJS(27948): [VROOM-TEL] 2026-06-04T19:01:29.011Z | CAMERA_HEADING | {"t":1780599689011,"speedKmh":49,"movedM":0.47,"moveBearing":null,"snapHdg":351,"headingOut":351,"flipFromPrevDeg":0,"lookaheadM":46,"nativeFollow":true}
06-04 21:01:29.273 I/ReactNativeJS(27948): [VROOM-TEL] 2026-06-04T19:01:29.273Z | CAM_FOLLOW_PUSH | {"t":1780599689273,"lat":51.357997,"lng":19.369177,"hdg":351,"snapHdg":351,"speedKmh":49,"exploring":false,"source":"drive_marker_sv_60fps"}
06-04 21:01:29.273 I/ReactNativeJS(27948): [VROOM-TEL] 2026-06-04T19:01:29.273Z | DRIVE_TRACE_CAMERA | {"t":1780599689273,"seq":638,"gpsTickId":1780599688945,"gpsTickAgeMs":299,"lat":51.357997,"lng":19.369177,"hdg":351,"speedKmh":49.1,"exploring":false,"frameMoveM":0}
06-04 21:01:29.583 I/ReactNativeJS(27948): [VROOM-TEL] 2026-06-04T19:01:29.583Z | DRIVE_TRACE_CAMERA | {"t":1780599689583,"seq":639,"gpsTickId":1780599688945,"gpsTickAgeMs":609,"lat":51.358061,"lng":19.36916,"hdg":351,"speedKmh":49.1,"exploring":false,"frameMoveM":0}
06-04 21:01:29.967 I/ReactNativeJS(27948): [VROOM-TEL] 2026-06-04T19:01:29.967Z | RAW_GPS_TICK | {"t":1780599689967,"gpsTickId":1780599689944,"gpsTickAgeMs":0,"lat":51.358359,"lng":19.369077,"speed":13.41,"speedKmh":48.3,"accuracy":4,"osTimestamp":1780599689944,"tripActive":true,"appState":"active"}
06-04 21:01:29.968 I/ReactNativeJS(27948): [VROOM-TEL] 2026-06-04T19:01:29.968Z | DRIVE_TRACE_RAW | {"t":1780599689968,"seq":640,"gpsTickId":1780599689944,"gpsTickAgeMs":1,"rawLat":51.358359,"rawLng":19.369077,"accM":4,"speedKmh":48.3,"speedMs":13.4,"heading":348,"tripActive":true,"driving":true,"navigating":false,"osTimestamp":1780599689944}
06-04 21:01:29.969 I/ReactNativeJS(27948): [VROOM-TEL] 2026-06-04T19:01:29.969Z | DRIVE_TRACE_FEED | {"t":1780599689969,"seq":641,"gpsTickId":1780599689944,"gpsTickAgeMs":2,"lat":51.358163,"lng":19.369132,"hdg":350,"durationMs":708,"speedKmh":48.7}
06-04 21:01:29.970 I/ReactNativeJS(27948): [VROOM-TEL] 2026-06-04T19:01:29.970Z | DRIVE_TRACE_TICK | {"t":1780599689970,"seq":642,"gpsTickId":1780599689944,"gpsTickAgeMs":3,"rawLat":51.358359,"rawLng":19.369077,"snapLat":51.358163,"snapLng":19.369132,"markerLat":51.358163,"markerLng":19.369132,"markerHdg":350,"markerSvLat":51.3581,"markerSvLng":19.36915,"markerSvHdg":351,"accM":4,"hudKmh":48.7,"engineKmh":48.7,"dopplerKmh":48.3,"feedDurMs":708,"cadenceMs":996,"feedSpeedMs":13.5,"isNavigating":false,"isFreeDrive":true,"isMoving":true,"feedSkipGate":false,"feedAccepted":true,"feedHeadingOnly":false,"source":"drive_core_v2"}
06-04 21:01:29.970 I/ReactNativeJS(27948): [VROOM-TEL] 2026-06-04T19:01:29.970Z | GPS_ACCEPT | {"lat":51.358359,"lng":19.369077,"acc":4,"speedKmh":49.2,"gpsLock":true}
06-04 21:01:30.039 I/ReactNativeJS(27948): [VROOM-TEL] 2026-06-04T19:01:30.039Z | DRIVE_TRACE_CAMERA | {"t":1780599690039,"seq":643,"gpsTickId":1780599689944,"gpsTickAgeMs":72,"lat":51.358103,"lng":19.369149,"hdg":348,"speedKmh":48.7,"exploring":false,"frameMoveM":0}
06-04 21:01:30.134 I/ReactNativeJS(27948): [VROOM-TEL] 2026-06-04T19:01:30.134Z | CAMERA_HEADING | {"t":1780599690134,"speedKmh":49,"movedM":0.34,"moveBearing":350,"snapHdg":350,"headingOut":350,"flipFromPrevDeg":0,"lookaheadM":46,"nativeFollow":true}
06-04 21:01:30.134 I/ReactNativeJS(27948): [VROOM-TEL] 2026-06-04T19:01:30.134Z | CAM_FOLLOW_PUSH | {"t":1780599690134,"lat":51.35811,"lng":19.369147,"hdg":350,"snapHdg":350,"speedKmh":49,"exploring":false,"source":"drive_marker_sv_60fps"}
06-04 21:01:30.351 I/ReactNativeJS(27948): [VROOM-TEL] 2026-06-04T19:01:30.351Z | DRIVE_TRACE_CAMERA | {"t":1780599690351,"seq":644,"gpsTickId":1780599689944,"gpsTickAgeMs":384,"lat":51.358134,"lng":19.36914,"hdg":350,"speedKmh":48.7,"exploring":false,"frameMoveM":0}
06-04 21:01:30.666 I/ReactNativeJS(27948): [VROOM-TEL] 2026-06-04T19:01:30.666Z | DRIVE_TRACE_CAMERA | {"t":1780599690666,"seq":645,"gpsTickId":1780599689944,"gpsTickAgeMs":699,"lat":51.358162,"lng":19.369132,"hdg":350,"speedKmh":48.7,"exploring":false,"frameMoveM":0}
06-04 21:01:30.971 I/ReactNativeJS(27948): [VROOM-TEL] 2026-06-04T19:01:30.970Z | RAW_GPS_TICK | {"t":1780599690970,"gpsTickId":1780599690944,"gpsTickAgeMs":0,"lat":51.358473,"lng":19.369031,"speed":13.11,"speedKmh":47.2,"accuracy":4,"osTimestamp":1780599690944,"tripActive":true,"appState":"active"}
06-04 21:01:30.971 I/ReactNativeJS(27948): [VROOM-TEL] 2026-06-04T19:01:30.971Z | DRIVE_TRACE_RAW | {"t":1780599690971,"seq":646,"gpsTickId":1780599690944,"gpsTickAgeMs":1,"rawLat":51.358473,"rawLng":19.369031,"accM":4,"speedKmh":47.2,"speedMs":13.1,"heading":346,"tripActive":true,"driving":true,"navigating":false,"osTimestamp":1780599690944}
06-04 21:01:30.972 I/ReactNativeJS(27948): [VROOM-TEL] 2026-06-04T19:01:30.972Z | DRIVE_TRACE_FEED | {"t":1780599690972,"seq":647,"gpsTickId":1780599690944,"gpsTickAgeMs":2,"lat":51.358246,"lng":19.369106,"hdg":347,"durationMs":709,"speedKmh":48.2}
06-04 21:01:30.981 I/ReactNativeJS(27948): [VROOM-TEL] 2026-06-04T19:01:30.981Z | DRIVE_TRACE_TICK | {"t":1780599690981,"seq":648,"gpsTickId":1780599690944,"gpsTickAgeMs":3,"rawLat":51.358473,"rawLng":19.369031,"snapLat":51.358246,"snapLng":19.369106,"markerLat":51.358246,"markerLng":19.369106,"markerHdg":347,"markerSvLat":51.358185,"markerSvLng":19.369126,"markerSvHdg":350,"accM":4,"hudKmh":48.2,"engineKmh":48.2,"dopplerKmh":47.2,"feedDurMs":709,"cadenceMs":998,"feedSpeedMs":13.4,"isNavigating":false,"isFreeDrive":true,"isMoving":true,"feedSkipGate":false,"feedAccepted":true,"feedHeadingOnly":false,"source":"drive_core_v2"}
06-04 21:01:30.981 I/ReactNativeJS(27948): [VROOM-TEL] 2026-06-04T19:01:30.981Z | GPS_ACCEPT | {"lat":51.358473,"lng":19.369031,"acc":4,"speedKmh":47.2,"gpsLock":true}
06-04 21:01:31.020 I/ReactNativeJS(27948): [VROOM-TEL] 2026-06-04T19:01:31.020Z | CAM_FOLLOW_PUSH | {"t":1780599691020,"lat":51.358187,"lng":19.369125,"hdg":345,"snapHdg":347,"speedKmh":48,"exploring":false,"source":"drive_marker_sv_60fps"}
06-04 21:01:31.020 I/ReactNativeJS(27948): [VROOM-TEL] 2026-06-04T19:01:31.020Z | DRIVE_TRACE_CAMERA | {"t":1780599691020,"seq":649,"gpsTickId":1780599690944,"gpsTickAgeMs":50,"lat":51.358187,"lng":19.369125,"hdg":345,"speedKmh":48.2,"exploring":false,"frameMoveM":0}
06-04 21:01:31.257 I/ReactNativeJS(27948): [VROOM-TEL] 2026-06-04T19:01:31.257Z | CAMERA_HEADING | {"t":1780599691257,"speedKmh":48,"movedM":0.16,"moveBearing":348,"snapHdg":348,"headingOut":348,"flipFromPrevDeg":0,"lookaheadM":46,"nativeFollow":true}
06-04 21:01:31.339 I/ReactNativeJS(27948): [VROOM-TEL] 2026-06-04T19:01:31.339Z | DRIVE_TRACE_CAMERA | {"t":1780599691339,"seq":650,"gpsTickId":1780599690944,"gpsTickAgeMs":369,"lat":51.358212,"lng":19.369117,"hdg":348,"speedKmh":48.2,"exploring":false,"frameMoveM":0}
06-04 21:01:31.650 I/ReactNativeJS(27948): [VROOM-TEL] 2026-06-04T19:01:31.650Z | DRIVE_TRACE_CAMERA | {"t":1780599691650,"seq":651,"gpsTickId":1780599690944,"gpsTickAgeMs":680,"lat":51.358244,"lng":19.369106,"hdg":348,"speedKmh":48.2,"exploring":false,"frameMoveM":0}
06-04 21:01:31.833 I/ReactNativeJS(27948): [VROOM-TEL] 2026-06-04T19:01:31.833Z | CAM_FOLLOW_PUSH | {"t":1780599691833,"lat":51.358264,"lng":19.3691,"hdg":350,"snapHdg":347,"speedKmh":48,"exploring":false,"source":"drive_marker_sv_60fps"}
06-04 21:01:31.968 I/ReactNativeJS(27948): [VROOM-TEL] 2026-06-04T19:01:31.968Z | RAW_GPS_TICK | {"t":1780599691968,"gpsTickId":1780599691946,"gpsTickAgeMs":0,"lat":51.358586,"lng":19.368966,"speed":13.16,"speedKmh":47.4,"accuracy":4,"osTimestamp":1780599691946,"tripActive":true,"appState":"active"}
06-04 21:01:31.969 I/ReactNativeJS(27948): [VROOM-TEL] 2026-06-04T19:01:31.969Z | DRIVE_TRACE_RAW | {"t":1780599691969,"seq":652,"gpsTickId":1780599691946,"gpsTickAgeMs":1,"rawLat":51.358586,"rawLng":19.368966,"accM":4,"speedKmh":47.4,"speedMs":13.2,"heading":340,"tripActive":true,"driving":true,"navigating":false,"osTimestamp":1780599691946}
06-04 21:01:31.970 I/ReactNativeJS(27948): [VROOM-TEL] 2026-06-04T19:01:31.970Z | DRIVE_TRACE_FEED | {"t":1780599691970,"seq":653,"gpsTickId":1780599691946,"gpsTickAgeMs":2,"lat":51.358329,"lng":19.369073,"hdg":343,"durationMs":711,"speedKmh":47.8}
06-04 21:01:31.970 I/ReactNativeJS(27948): [VROOM-TEL] 2026-06-04T19:01:31.970Z | DRIVE_TRACE_TICK | {"t":1780599691970,"seq":654,"gpsTickId":1780599691946,"gpsTickAgeMs":2,"rawLat":51.358586,"rawLng":19.368966,"snapLat":51.358329,"snapLng":19.369073,"markerLat":51.358329,"markerLng":19.369073,"markerHdg":343,"markerSvLat":51.358268,"markerSvLng":19.369099,"markerSvHdg":350,"accM":4,"hudKmh":47.8,"engineKmh":47.8,"dopplerKmh":47.4,"feedDurMs":711,"cadenceMs":998,"feedSpeedMs":13.3,"isNavigating":false,"isFreeDrive":true,"isMoving":true,"feedSkipGate":false,"feedAccepted":true,"feedHeadingOnly":false,"source":"drive_core_v2"}
06-04 21:01:31.970 I/ReactNativeJS(27948): [VROOM-TEL] 2026-06-04T19:01:31.970Z | GPS_ACCEPT | {"lat":51.358586,"lng":19.368966,"acc":4,"speedKmh":48,"gpsLock":true}
06-04 21:01:31.984 I/ReactNativeJS(27948): [VROOM-TEL] 2026-06-04T19:01:31.984Z | DRIVE_TRACE_CAMERA | {"t":1780599691984,"seq":655,"gpsTickId":1780599691946,"gpsTickAgeMs":16,"lat":51.358269,"lng":19.369099,"hdg":349,"speedKmh":47.8,"exploring":false,"frameMoveM":0}
06-04 21:01:32.300 I/ReactNativeJS(27948): [VROOM-TEL] 2026-06-04T19:01:32.300Z | DRIVE_TRACE_CAMERA | {"t":1780599692300,"seq":656,"gpsTickId":1780599691946,"gpsTickAgeMs":332,"lat":51.358296,"lng":19.369087,"hdg":345,"speedKmh":47.8,"exploring":false,"frameMoveM":0}
06-04 21:01:32.367 I/ReactNativeJS(27948): [VROOM-TEL] 2026-06-04T19:01:32.367Z | CAMERA_HEADING | {"t":1780599692367,"speedKmh":48,"movedM":0.16,"moveBearing":345,"snapHdg":345,"headingOut":345,"flipFromPrevDeg":0,"lookaheadM":46,"nativeFollow":true}
06-04 21:01:32.601 I/ReactNativeJS(27948): [VROOM-TEL] 2026-06-04T19:01:32.601Z | DRIVE_TRACE_CAMERA | {"t":1780599692601,"seq":657,"gpsTickId":1780599691946,"gpsTickAgeMs":633,"lat":51.358322,"lng":19.369076,"hdg":345,"speedKmh":47.8,"exploring":false,"frameMoveM":0}
06-04 21:01:32.633 I/ReactNativeJS(27948): [VROOM-TEL] 2026-06-04T19:01:32.633Z | CAM_FOLLOW_PUSH | {"t":1780599692633,"lat":51.358325,"lng":19.369075,"hdg":345,"snapHdg":343,"speedKmh":48,"exploring":false,"source":"drive_marker_sv_60fps"}
06-04 21:01:32.969 I/ReactNativeJS(27948): [VROOM-TEL] 2026-06-04T19:01:32.969Z | RAW_GPS_TICK | {"t":1780599692969,"gpsTickId":1780599692945,"gpsTickAgeMs":0,"lat":51.358697,"lng":19.368882,"speed":13.47,"speedKmh":48.5,"accuracy":4,"osTimestamp":1780599692945,"tripActive":true,"appState":"active"}
06-04 21:01:32.969 I/ReactNativeJS(27948): [VROOM-TEL] 2026-06-04T19:01:32.969Z | DRIVE_TRACE_RAW | {"t":1780599692969,"seq":658,"gpsTickId":1780599692945,"gpsTickAgeMs":0,"rawLat":51.358697,"rawLng":19.368882,"accM":4,"speedKmh":48.5,"speedMs":13.5,"heading":335,"tripActive":true,"driving":true,"navigating":false,"osTimestamp":1780599692945}
06-04 21:01:32.970 I/ReactNativeJS(27948): [VROOM-TEL] 2026-06-04T19:01:32.970Z | DRIVE_TRACE_FEED | {"t":1780599692970,"seq":659,"gpsTickId":1780599692945,"gpsTickAgeMs":1,"lat":51.35857,"lng":19.368956,"hdg":338,"durationMs":1200,"speedKmh":48.5}
06-04 21:01:32.971 I/ReactNativeJS(27948): [VROOM-TEL] 2026-06-04T19:01:32.971Z | DRIVE_TRACE_TICK | {"t":1780599692971,"seq":660,"gpsTickId":1780599692945,"gpsTickAgeMs":2,"rawLat":51.358697,"rawLng":19.368882,"snapLat":51.35857,"snapLng":19.368956,"markerLat":51.35857,"markerLng":19.368956,"markerHdg":338,"markerSvLat":51.35835,"markerSvLng":19.369067,"markerSvHdg":350,"accM":4,"hudKmh":48.5,"engineKmh":47.8,"dopplerKmh":48.5,"feedDurMs":1200,"cadenceMs":999,"feedSpeedMs":13.5,"isNavigating":false,"isFreeDrive":true,"isMoving":true,"feedSkipGate":false,"feedAccepted":true,"feedHeadingOnly":false,"source":"drive_core_v2"}
06-04 21:01:32.971 I/ReactNativeJS(27948): [VROOM-TEL] 2026-06-04T19:01:32.971Z | GPS_ACCEPT | {"lat":51.358697,"lng":19.368882,"acc":4,"speedKmh":49.2,"gpsLock":true}
06-04 21:01:33.011 I/ReactNativeJS(27948): [VROOM-TEL] 2026-06-04T19:01:33.011Z | DRIVE_TRACE_CAMERA | {"t":1780599693011,"seq":661,"gpsTickId":1780599692945,"gpsTickAgeMs":42,"lat":51.358356,"lng":19.369064,"hdg":346,"speedKmh":48.5,"exploring":false,"frameMoveM":0}
06-04 21:01:33.317 I/ReactNativeJS(27948): [VROOM-TEL] 2026-06-04T19:01:33.316Z | DRIVE_TRACE_CAMERA | {"t":1780599693316,"seq":662,"gpsTickId":1780599692945,"gpsTickAgeMs":347,"lat":51.358414,"lng":19.369035,"hdg":342,"speedKmh":48.5,"exploring":false,"frameMoveM":0}
06-04 21:01:33.434 I/ReactNativeJS(27948): [VROOM-TEL] 2026-06-04T19:01:33.434Z | CAM_FOLLOW_PUSH | {"t":1780599693434,"lat":51.358435,"lng":19.369024,"hdg":342,"snapHdg":338,"speedKmh":48,"exploring":false,"source":"drive_marker_sv_60fps"}
06-04 21:01:33.468 I/ReactNativeJS(27948): [VROOM-TEL] 2026-06-04T19:01:33.468Z | CAMERA_HEADING | {"t":1780599693468,"speedKmh":48,"movedM":0.38,"moveBearing":342,"snapHdg":342,"headingOut":342,"flipFromPrevDeg":0,"lookaheadM":46,"nativeFollow":true}
06-04 21:01:33.616 I/ReactNativeJS(27948): [VROOM-TEL] 2026-06-04T19:01:33.616Z | DRIVE_TRACE_CAMERA | {"t":1780599693616,"seq":663,"gpsTickId":1780599692945,"gpsTickAgeMs":647,"lat":51.358468,"lng":19.369007,"hdg":342,"speedKmh":48.5,"exploring":false,"frameMoveM":0}
06-04 21:01:33.917 I/ReactNativeJS(27948): [VROOM-TEL] 2026-06-04T19:01:33.917Z | DRIVE_TRACE_CAMERA | {"t":1780599693917,"seq":664,"gpsTickId":1780599692945,"gpsTickAgeMs":948,"lat":51.358523,"lng":19.36898,"hdg":342,"speedKmh":48.5,"exploring":false,"frameMoveM":0}
06-04 21:01:33.967 I/ReactNativeJS(27948): [VROOM-TEL] 2026-06-04T19:01:33.967Z | DRIVE_TRACE_HEARTBEAT | {"t":1780599693967,"seq":665,"gpsTickId":1780599692945,"gpsTickAgeMs":998,"driving":true,"navigating":false,"tripActive":true,"lat":51.3586971,"lng":19.368882,"gpsAgeMs":998}
06-04 21:01:33.968 I/ReactNativeJS(27948): [VROOM-TEL] 2026-06-04T19:01:33.968Z | RAW_GPS_TICK | {"t":1780599693968,"gpsTickId":1780599693946,"gpsTickAgeMs":0,"lat":51.358816,"lng":19.368806,"speed":14.06,"speedKmh":50.6,"accuracy":4,"osTimestamp":1780599693946,"tripActive":true,"appState":"active"}
06-04 21:01:33.968 I/ReactNativeJS(27948): [VROOM-TEL] 2026-06-04T19:01:33.968Z | DRIVE_TRACE_RAW | {"t":1780599693968,"seq":666,"gpsTickId":1780599693946,"gpsTickAgeMs":0,"rawLat":51.358816,"rawLng":19.368806,"accM":4,"speedKmh":50.6,"speedMs":14.1,"heading":337,"tripActive":true,"driving":true,"navigating":false,"osTimestamp":1780599693946}
06-04 21:01:33.970 I/ReactNativeJS(27948): [VROOM-TEL] 2026-06-04T19:01:33.970Z | DRIVE_TRACE_FEED | {"t":1780599693970,"seq":667,"gpsTickId":1780599693946,"gpsTickAgeMs":2,"lat":51.358653,"lng":19.368906,"hdg":336,"durationMs":702,"speedKmh":50.6}
06-04 21:01:33.970 I/ReactNativeJS(27948): [VROOM-TEL] 2026-06-04T19:01:33.970Z | DRIVE_TRACE_TICK | {"t":1780599693970,"seq":668,"gpsTickId":1780599693946,"gpsTickAgeMs":2,"rawLat":51.358816,"rawLng":19.368806,"snapLat":51.358653,"snapLng":19.368906,"markerLat":51.358653,"markerLng":19.368906,"markerHdg":336,"markerSvLat":51.358532,"markerSvLng":19.368975,"markerSvHdg":342,"accM":4,"hudKmh":50.6,"engineKmh":48.8,"dopplerKmh":50.6,"feedDurMs":702,"cadenceMs":999,"feedSpeedMs":14.1,"isNavigating":false,"isFreeDrive":true,"isMoving":true,"feedSkipGate":false,"feedAccepted":true,"feedHeadingOnly":false,"source":"drive_core_v2"}
06-04 21:01:33.970 I/ReactNativeJS(27948): [VROOM-TEL] 2026-06-04T19:01:33.970Z | GPS_ACCEPT | {"lat":51.358816,"lng":19.368806,"acc":4,"speedKmh":51.3,"gpsLock":true}
06-04 21:01:34.217 I/ReactNativeJS(27948): [VROOM-TEL] 2026-06-04T19:01:34.217Z | DRIVE_TRACE_CAMERA | {"t":1780599694217,"seq":669,"gpsTickId":1780599693946,"gpsTickAgeMs":249,"lat":51.358574,"lng":19.368951,"hdg":340,"speedKmh":50.6,"exploring":false,"frameMoveM":0}
06-04 21:01:34.250 I/ReactNativeJS(27948): [VROOM-TEL] 2026-06-04T19:01:34.250Z | CAM_FOLLOW_PUSH | {"t":1780599694250,"lat":51.35858,"lng":19.368948,"hdg":340,"snapHdg":336,"speedKmh":51,"exploring":false,"source":"drive_marker_sv_60fps"}
06-04 21:01:34.534 I/ReactNativeJS(27948): [VROOM-TEL] 2026-06-04T19:01:34.534Z | DRIVE_TRACE_CAMERA | {"t":1780599694534,"seq":670,"gpsTickId":1780599693946,"gpsTickAgeMs":566,"lat":51.358629,"lng":19.36892,"hdg":340,"speedKmh":50.6,"exploring":false,"frameMoveM":0}
06-04 21:01:34.675 I/ReactNativeJS(27948): [VROOM-TEL] 2026-06-04T19:01:34.675Z | CAMERA_HEADING | {"t":1780599694675,"speedKmh":51,"movedM":2.02,"moveBearing":340,"snapHdg":340,"headingOut":340,"flipFromPrevDeg":0,"lookaheadM":46,"nativeFollow":true}
06-04 21:01:34.868 I/ReactNativeJS(27948): [VROOM-TEL] 2026-06-04T19:01:34.868Z | DRIVE_TRACE_CAMERA | {"t":1780599694868,"seq":671,"gpsTickId":1780599693946,"gpsTickAgeMs":900,"lat":51.358669,"lng":19.368898,"hdg":334,"speedKmh":50.6,"exploring":false,"frameMoveM":0}
06-04 21:01:34.969 I/ReactNativeJS(27948): [VROOM-TEL] 2026-06-04T19:01:34.969Z | RAW_GPS_TICK | {"t":1780599694969,"gpsTickId":1780599694945,"gpsTickAgeMs":0,"lat":51.358939,"lng":19.368734,"speed":14.4,"speedKmh":51.8,"accuracy":4,"osTimestamp":1780599694945,"tripActive":true,"appState":"active"}
06-04 21:01:34.969 I/ReactNativeJS(27948): [VROOM-TEL] 2026-06-04T19:01:34.969Z | DRIVE_TRACE_RAW | {"t":1780599694969,"seq":672,"gpsTickId":1780599694945,"gpsTickAgeMs":0,"rawLat":51.358939,"rawLng":19.368734,"accM":4,"speedKmh":51.8,"speedMs":14.4,"heading":339,"tripActive":true,"driving":true,"navigating":false,"osTimestamp":1780599694945}
06-04 21:01:34.970 I/ReactNativeJS(27948): [VROOM-TEL] 2026-06-04T19:01:34.970Z | DRIVE_TRACE_FEED | {"t":1780599694970,"seq":673,"gpsTickId":1780599694945,"gpsTickAgeMs":1,"lat":51.358737,"lng":19.368855,"hdg":339,"durationMs":699,"speedKmh":51.8}
06-04 21:01:34.970 I/ReactNativeJS(27948): [VROOM-TEL] 2026-06-04T19:01:34.970Z | DRIVE_TRACE_TICK | {"t":1780599694970,"seq":674,"gpsTickId":1780599694945,"gpsTickAgeMs":1,"rawLat":51.358939,"rawLng":19.368734,"snapLat":51.358737,"snapLng":19.368855,"markerLat":51.358737,"markerLng":19.368855,"markerHdg":339,"markerSvLat":51.358675,"markerSvLng":19.368895,"markerSvHdg":342,"accM":4,"hudKmh":51.8,"engineKmh":50.2,"dopplerKmh":51.8,"feedDurMs":699,"cadenceMs":1000,"feedSpeedMs":14.4,"isNavigating":false,"isFreeDrive":true,"isMoving":true,"feedSkipGate":false,"feedAccepted":true,"feedHeadingOnly":false,"source":"drive_core_v2"}
06-04 21:01:34.970 I/ReactNativeJS(27948): [VROOM-TEL] 2026-06-04T19:01:34.970Z | GPS_ACCEPT | {"lat":51.358939,"lng":19.368734,"acc":4,"speedKmh":52.3,"gpsLock":true}
06-04 21:01:35.050 I/ReactNativeJS(27948): [VROOM-TEL] 2026-06-04T19:01:35.050Z | CAM_FOLLOW_PUSH | {"t":1780599695050,"lat":51.358682,"lng":19.368891,"hdg":340,"snapHdg":339,"speedKmh":52,"exploring":false,"source":"drive_marker_sv_60fps"}
06-04 21:01:35.201 I/ReactNativeJS(27948): [VROOM-TEL] 2026-06-04T19:01:35.201Z | DRIVE_TRACE_CAMERA | {"t":1780599695201,"seq":675,"gpsTickId":1780599694945,"gpsTickAgeMs":232,"lat":51.358691,"lng":19.368885,"hdg":341,"speedKmh":51.8,"exploring":false,"frameMoveM":0}
06-04 21:01:35.502 I/ReactNativeJS(27948): [VROOM-TEL] 2026-06-04T19:01:35.502Z | DRIVE_TRACE_CAMERA | {"t":1780599695502,"seq":676,"gpsTickId":1780599694945,"gpsTickAgeMs":533,"lat":51.358716,"lng":19.368869,"hdg":341,"speedKmh":51.8,"exploring":false,"frameMoveM":0}
06-04 21:01:35.806 I/ReactNativeJS(27948): [VROOM-TEL] 2026-06-04T19:01:35.806Z | CAMERA_HEADING | {"t":1780599695806,"speedKmh":52,"movedM":0.95,"moveBearing":null,"snapHdg":342,"headingOut":342,"flipFromPrevDeg":2,"lookaheadM":46,"nativeFollow":true}
06-04 21:01:35.809 I/ReactNativeJS(27948): [VROOM-TEL] 2026-06-04T19:01:35.809Z | DRIVE_TRACE_CAMERA | {"t":1780599695809,"seq":677,"gpsTickId":1780599694945,"gpsTickAgeMs":840,"lat":51.358746,"lng":19.368851,"hdg":337,"speedKmh":51.8,"exploring":false,"frameMoveM":0}
06-04 21:01:35.850 I/ReactNativeJS(27948): [VROOM-TEL] 2026-06-04T19:01:35.850Z | CAM_FOLLOW_PUSH | {"t":1780599695850,"lat":51.358758,"lng":19.368845,"hdg":342,"snapHdg":339,"speedKmh":52,"exploring":false,"source":"drive_marker_sv_60fps"}
06-04 21:01:35.970 I/ReactNativeJS(27948): [VROOM-TEL] 2026-06-04T19:01:35.970Z | RAW_GPS_TICK | {"t":1780599695970,"gpsTickId":1780599695946,"gpsTickAgeMs":0,"lat":51.359062,"lng":19.36866,"speed":14.59,"speedKmh":52.5,"accuracy":4,"osTimestamp":1780599695946,"tripActive":true,"appState":"active"}
06-04 21:01:35.970 I/ReactNativeJS(27948): [VROOM-TEL] 2026-06-04T19:01:35.970Z | DRIVE_TRACE_RAW | {"t":1780599695970,"seq":678,"gpsTickId":1780599695946,"gpsTickAgeMs":0,"rawLat":51.359062,"rawLng":19.36866,"accM":4,"speedKmh":52.5,"speedMs":14.6,"heading":339,"tripActive":true,"driving":true,"navigating":false,"osTimestamp":1780599695946}
06-04 21:01:35.971 I/ReactNativeJS(27948): [VROOM-TEL] 2026-06-04T19:01:35.971Z | DRIVE_TRACE_FEED | {"t":1780599695971,"seq":679,"gpsTickId":1780599695946,"gpsTickAgeMs":1,"lat":51.358823,"lng":19.368804,"hdg":340,"durationMs":697,"speedKmh":52.5}
06-04 21:01:35.972 I/ReactNativeJS(27948): [VROOM-TEL] 2026-06-04T19:01:35.972Z | DRIVE_TRACE_TICK | {"t":1780599695972,"seq":680,"gpsTickId":1780599695946,"gpsTickAgeMs":2,"rawLat":51.359062,"rawLng":19.36866,"snapLat":51.358823,"snapLng":19.368804,"markerLat":51.358823,"markerLng":19.368804,"markerHdg":340,"markerSvLat":51.35876,"markerSvLng":19.368844,"markerSvHdg":342,"accM":4,"hudKmh":52.5,"engineKmh":51.5,"dopplerKmh":52.5,"feedDurMs":697,"cadenceMs":1000,"feedSpeedMs":14.6,"isNavigating":false,"isFreeDrive":true,"isMoving":true,"feedSkipGate":false,"feedAccepted":true,"feedHeadingOnly":false,"source":"drive_core_v2"}
06-04 21:01:35.972 I/ReactNativeJS(27948): [VROOM-TEL] 2026-06-04T19:01:35.972Z | GPS_ACCEPT | {"lat":51.359062,"lng":19.36866,"acc":4,"speedKmh":52.8,"gpsLock":true}
06-04 21:01:36.117 I/ReactNativeJS(27948): [VROOM-TEL] 2026-06-04T19:01:36.117Z | DRIVE_TRACE_CAMERA | {"t":1780599696117,"seq":681,"gpsTickId":1780599695946,"gpsTickAgeMs":147,"lat":51.358773,"lng":19.368835,"hdg":338,"speedKmh":52.5,"exploring":false,"frameMoveM":0}
06-04 21:01:36.435 I/ReactNativeJS(27948): [VROOM-TEL] 2026-06-04T19:01:36.435Z | DRIVE_TRACE_CAMERA | {"t":1780599696435,"seq":682,"gpsTickId":1780599695946,"gpsTickAgeMs":465,"lat":51.358802,"lng":19.368817,"hdg":338,"speedKmh":52.5,"exploring":false,"frameMoveM":0}
06-04 21:01:36.650 I/ReactNativeJS(27948): [VROOM-TEL] 2026-06-04T19:01:36.650Z | CAM_FOLLOW_PUSH | {"t":1780599696650,"lat":51.358821,"lng":19.368805,"hdg":338,"snapHdg":340,"speedKmh":53,"exploring":false,"source":"drive_marker_sv_60fps"}
06-04 21:01:36.761 I/ReactNativeJS(27948): [VROOM-TEL] 2026-06-04T19:01:36.761Z | DRIVE_TRACE_CAMERA | {"t":1780599696761,"seq":683,"gpsTickId":1780599695946,"gpsTickAgeMs":791,"lat":51.358825,"lng":19.368803,"hdg":338,"speedKmh":52.5,"exploring":false,"frameMoveM":0}
06-04 21:01:36.964 I/ReactNativeJS(27948): [VROOM-TEL] 2026-06-04T19:01:36.964Z | CAMERA_HEADING | {"t":1780599696964,"speedKmh":53,"movedM":0,"moveBearing":null,"snapHdg":342,"headingOut":342,"flipFromPrevDeg":0,"lookaheadM":46,"nativeFollow":true}
06-04 21:01:36.969 I/ReactNativeJS(27948): [VROOM-TEL] 2026-06-04T19:01:36.969Z | RAW_GPS_TICK | {"t":1780599696969,"gpsTickId":1780599696945,"gpsTickAgeMs":0,"lat":51.359184,"lng":19.368577,"speed":14.53,"speedKmh":52.3,"accuracy":4,"osTimestamp":1780599696945,"tripActive":true,"appState":"active"}
06-04 21:01:36.969 I/ReactNativeJS(27948): [VROOM-TEL] 2026-06-04T19:01:36.969Z | DRIVE_TRACE_RAW | {"t":1780599696969,"seq":684,"gpsTickId":1780599696945,"gpsTickAgeMs":0,"rawLat":51.359184,"rawLng":19.368577,"accM":4,"speedKmh":52.3,"speedMs":14.5,"heading":336,"tripActive":true,"driving":true,"navigating":false,"osTimestamp":1780599696945}
06-04 21:01:36.970 I/ReactNativeJS(27948): [VROOM-TEL] 2026-06-04T19:01:36.970Z | DRIVE_TRACE_FEED | {"t":1780599696970,"seq":685,"gpsTickId":1780599696945,"gpsTickAgeMs":1,"lat":51.35906,"lng":19.368657,"hdg":338,"durationMs":1200,"speedKmh":52.3}
06-04 21:01:36.970 I/ReactNativeJS(27948): [VROOM-TEL] 2026-06-04T19:01:36.970Z | DRIVE_TRACE_TICK | {"t":1780599696970,"seq":686,"gpsTickId":1780599696945,"gpsTickAgeMs":1,"rawLat":51.359184,"rawLng":19.368577,"snapLat":51.35906,"snapLng":19.368657,"markerLat":51.35906,"markerLng":19.368657,"markerHdg":338,"markerSvLat":51.358846,"markerSvLng":19.368792,"markerSvHdg":342,"accM":4,"hudKmh":52.3,"engineKmh":52.2,"dopplerKmh":52.3,"feedDurMs":1200,"cadenceMs":1000,"feedSpeedMs":14.5,"isNavigating":false,"isFreeDrive":true,"isMoving":true,"feedSkipGate":false,"feedAccepted":true,"feedHeadingOnly":false,"source":"drive_core_v2"}
06-04 21:01:36.970 I/ReactNativeJS(27948): [VROOM-TEL] 2026-06-04T19:01:36.970Z | GPS_ACCEPT | {"lat":51.359184,"lng":19.368577,"acc":4,"speedKmh":53.1,"gpsLock":true}
06-04 21:01:37.069 I/ReactNativeJS(27948): [VROOM-TEL] 2026-06-04T19:01:37.066Z | DRIVE_TRACE_CAMERA | {"t":1780599697066,"seq":687,"gpsTickId":1780599696945,"gpsTickAgeMs":97,"lat":51.358863,"lng":19.368781,"hdg":338,"speedKmh":52.3,"exploring":false,"frameMoveM":0}
06-04 21:01:37.366 I/ReactNativeJS(27948): [VROOM-TEL] 2026-06-04T19:01:37.366Z | DRIVE_TRACE_CAMERA | {"t":1780599697366,"seq":688,"gpsTickId":1780599696945,"gpsTickAgeMs":397,"lat":51.358917,"lng":19.368747,"hdg":338,"speedKmh":52.3,"exploring":false,"frameMoveM":0}
06-04 21:01:37.503 I/ReactNativeJS(27948): [VROOM-TEL] 2026-06-04T19:01:37.503Z | CAM_FOLLOW_PUSH | {"t":1780599697503,"lat":51.358932,"lng":19.368738,"hdg":336,"snapHdg":338,"speedKmh":52,"exploring":false,"source":"drive_marker_sv_60fps"}
06-04 21:01:37.667 I/ReactNativeJS(27948): [VROOM-TEL] 2026-06-04T19:01:37.667Z | DRIVE_TRACE_CAMERA | {"t":1780599697667,"seq":689,"gpsTickId":1780599696945,"gpsTickAgeMs":698,"lat":51.35897,"lng":19.368713,"hdg":338,"speedKmh":52.3,"exploring":false,"frameMoveM":0}
06-04 21:01:37.974 I/ReactNativeJS(27948): [VROOM-TEL] 2026-06-04T19:01:37.974Z | RAW_GPS_TICK | {"t":1780599697974,"gpsTickId":1780599697945,"gpsTickAgeMs":0,"lat":51.359303,"lng":19.368482,"speed":14.54,"speedKmh":52.3,"accuracy":4,"osTimestamp":1780599697945,"tripActive":true,"appState":"active"}
06-04 21:01:37.974 I/ReactNativeJS(27948): [VROOM-TEL] 2026-06-04T19:01:37.974Z | DRIVE_TRACE_RAW | {"t":1780599697974,"seq":690,"gpsTickId":1780599697945,"gpsTickAgeMs":0,"rawLat":51.359303,"rawLng":19.368482,"accM":4,"speedKmh":52.3,"speedMs":14.5,"heading":333,"tripActive":true,"driving":true,"navigating":false,"osTimestamp":1780599697945}
06-04 21:01:37.976 I/ReactNativeJS(27948): [VROOM-TEL] 2026-06-04T19:01:37.976Z | DRIVE_TRACE_FEED | {"t":1780599697976,"seq":691,"gpsTickId":1780599697945,"gpsTickAgeMs":2,"lat":51.359144,"lng":19.368597,"hdg":335,"durationMs":697,"speedKmh":52.5}
06-04 21:01:37.977 I/ReactNativeJS(27948): [VROOM-TEL] 2026-06-04T19:01:37.976Z | DRIVE_TRACE_TICK | {"t":1780599697976,"seq":692,"gpsTickId":1780599697945,"gpsTickAgeMs":2,"rawLat":51.359303,"rawLng":19.368482,"snapLat":51.359144,"snapLng":19.368597,"markerLat":51.359144,"markerLng":19.368597,"markerHdg":335,"markerSvLat":51.359024,"markerSvLng":19.36868,"markerSvHdg":338,"accM":4,"hudKmh":52.5,"engineKmh":52.5,"dopplerKmh":52.3,"feedDurMs":697,"cadenceMs":1002,"feedSpeedMs":14.6,"isNavigating":false,"isFreeDrive":true,"isMoving":true,"feedSkipGate":false,"feedAccepted":true,"feedHeadingOnly":false,"source":"drive_core_v2"}
06-04 21:01:37.977 I/ReactNativeJS(27948): [VROOM-TEL] 2026-06-04T19:01:37.977Z | GPS_ACCEPT | {"lat":51.359303,"lng":19.368482,"acc":4,"speedKmh":52.9,"gpsLock":true}
06-04 21:01:38.028 I/ReactNativeJS(27948): [VROOM-TEL] 2026-06-04T19:01:38.028Z | DRIVE_TRACE_CAMERA | {"t":1780599698028,"seq":693,"gpsTickId":1780599697945,"gpsTickAgeMs":54,"lat":51.359025,"lng":19.368679,"hdg":333,"speedKmh":52.5,"exploring":false,"frameMoveM":0}
06-04 21:01:38.066 I/ReactNativeJS(27948): [VROOM-TEL] 2026-06-04T19:01:38.066Z | CAMERA_HEADING | {"t":1780599698066,"speedKmh":53,"movedM":1.04,"moveBearing":337,"snapHdg":337,"headingOut":337,"flipFromPrevDeg":14,"lookaheadM":46,"nativeFollow":true}
06-04 21:01:38.359 I/ReactNativeJS(27948): [VROOM-TEL] 2026-06-04T19:01:38.359Z | CAM_FOLLOW_PUSH | {"t":1780599698359,"lat":51.35908,"lng":19.368641,"hdg":333,"snapHdg":335,"speedKmh":53,"exploring":false,"source":"drive_marker_sv_60fps"}
06-04 21:01:38.359 I/ReactNativeJS(27948): [VROOM-TEL] 2026-06-04T19:01:38.359Z | DRIVE_TRACE_CAMERA | {"t":1780599698359,"seq":694,"gpsTickId":1780599697945,"gpsTickAgeMs":385,"lat":51.35908,"lng":19.368641,"hdg":333,"speedKmh":52.5,"exploring":false,"frameMoveM":0}
06-04 21:01:38.668 I/ReactNativeJS(27948): [VROOM-TEL] 2026-06-04T19:01:38.668Z | DRIVE_TRACE_CAMERA | {"t":1780599698668,"seq":695,"gpsTickId":1780599697945,"gpsTickAgeMs":694,"lat":51.359143,"lng":19.368598,"hdg":337,"speedKmh":52.5,"exploring":false,"frameMoveM":0}
06-04 21:01:38.967 I/ReactNativeJS(27948): [VROOM-TEL] 2026-06-04T19:01:38.967Z | RAW_GPS_TICK | {"t":1780599698967,"gpsTickId":1780599698945,"gpsTickAgeMs":0,"lat":51.359419,"lng":19.368385,"speed":14.65,"speedKmh":52.7,"accuracy":4,"osTimestamp":1780599698945,"tripActive":true,"appState":"active"}
06-04 21:01:38.967 I/ReactNativeJS(27948): [VROOM-TEL] 2026-06-04T19:01:38.967Z | DRIVE_TRACE_RAW | {"t":1780599698967,"seq":696,"gpsTickId":1780599698945,"gpsTickAgeMs":0,"rawLat":51.359419,"rawLng":19.368385,"accM":4,"speedKmh":52.7,"speedMs":14.6,"heading":331,"tripActive":true,"driving":true,"navigating":false,"osTimestamp":1780599698945}
06-04 21:01:38.968 I/ReactNativeJS(27948): [VROOM-TEL] 2026-06-04T19:01:38.968Z | DRIVE_TRACE_FEED | {"t":1780599698968,"seq":697,"gpsTickId":1780599698945,"gpsTickAgeMs":1,"lat":51.359227,"lng":19.368534,"hdg":333,"durationMs":697,"speedKmh":52.7}
06-04 21:01:38.969 I/ReactNativeJS(27948): [VROOM-TEL] 2026-06-04T19:01:38.969Z | DRIVE_TRACE_TICK | {"t":1780599698969,"seq":698,"gpsTickId":1780599698945,"gpsTickAgeMs":2,"rawLat":51.359419,"rawLng":19.368385,"snapLat":51.359227,"snapLng":19.368534,"markerLat":51.359227,"markerLng":19.368534,"markerHdg":333,"markerSvLat":51.359166,"markerSvLng":19.368583,"markerSvHdg":338,"accM":4,"hudKmh":52.7,"engineKmh":52.6,"dopplerKmh":52.7,"feedDurMs":697,"cadenceMs":999,"feedSpeedMs":14.6,"isNavigating":false,"isFreeDrive":true,"isMoving":true,"feedSkipGate":false,"feedAccepted":true,"feedHeadingOnly":false,"source":"drive_core_v2"}
06-04 21:01:38.969 I/ReactNativeJS(27948): [VROOM-TEL] 2026-06-04T19:01:38.969Z | GPS_ACCEPT | {"lat":51.359419,"lng":19.368385,"acc":4,"speedKmh":52.7,"gpsLock":true}
06-04 21:01:39.010 I/ReactNativeJS(27948): [VROOM-TEL] 2026-06-04T19:01:39.010Z | DRIVE_TRACE_HEARTBEAT | {"t":1780599699010,"seq":699,"gpsTickId":1780599698945,"gpsTickAgeMs":43,"driving":true,"navigating":false,"tripActive":true,"lat":51.3594186,"lng":19.3683845,"gpsAgeMs":43}
06-04 21:01:39.010 I/ReactNativeJS(27948): [VROOM-TEL] 2026-06-04T19:01:39.010Z | DRIVE_HEALTH | {"t":1780599699010,"mode":"driving","speedHudKmh":52.7,"speedPipeKmh":52.7,"gpsAgeMs":43,"drAgeMs":42,"gpsToDriftM":24,"snapAnchorDriftM":0,"offRoute":false,"reroutePending":false,"rerouteLoading":false,"hasRoutePts":0}
06-04 21:01:39.011 I/ReactNativeJS(27948): [VROOM-TEL] 2026-06-04T19:01:39.011Z | DRIVE_TRACE_CAMERA | {"t":1780599699011,"seq":700,"gpsTickId":1780599698945,"gpsTickAgeMs":44,"lat":51.359169,"lng":19.368581,"hdg":337,"speedKmh":52.7,"exploring":false,"frameMoveM":0}
06-04 21:01:39.166 I/ReactNativeJS(27948): [VROOM-TEL] 2026-06-04T19:01:39.166Z | CAMERA_HEADING | {"t":1780599699166,"speedKmh":53,"movedM":0.18,"moveBearing":333,"snapHdg":333,"headingOut":333,"flipFromPrevDeg":0,"lookaheadM":46,"nativeFollow":true}
06-04 21:01:39.167 I/ReactNativeJS(27948): [VROOM-TEL] 2026-06-04T19:01:39.167Z | CAM_FOLLOW_PUSH | {"t":1780599699167,"lat":51.359183,"lng":19.368569,"hdg":333,"snapHdg":333,"speedKmh":53,"exploring":false,"source":"drive_marker_sv_60fps"}
06-04 21:01:39.317 I/ReactNativeJS(27948): [VROOM-TEL] 2026-06-04T19:01:39.317Z | DRIVE_TRACE_CAMERA | {"t":1780599699317,"seq":701,"gpsTickId":1780599698945,"gpsTickAgeMs":349,"lat":51.359196,"lng":19.368559,"hdg":333,"speedKmh":52.7,"exploring":false,"frameMoveM":0}
06-04 21:01:39.567 I/ReactNativeJS(27948): [VROOM-TEL] 2026-06-04T19:01:39.567Z | TRIP_SEGMENT_STATS | {"t":1780599699567,"totalDistanceKm":1.14,"acceptedMain":88,"acceptedMainKm":1.045,"fallbackAccepted":6,"fallbackKm":0.094,"derivedSpeedUsed":3,"derivedSpeedRejected":0,"lowSpeedDropped":0,"zeroMove":0,"rejectedTotal":23,"rejectedJitter":16,"rejectedJump":0,"rejectedStaleGap":0,"rejectedMinSpeed":1,"rejectedAccuracy":0,"rejectedImpossible":6,"rejectedInvalidTime":0}
06-04 21:01:39.616 I/ReactNativeJS(27948): [VROOM-TEL] 2026-06-04T19:01:39.616Z | DRIVE_TRACE_CAMERA | {"t":1780599699616,"seq":702,"gpsTickId":1780599698945,"gpsTickAgeMs":649,"lat":51.359222,"lng":19.368537,"hdg":333,"speedKmh":52.7,"exploring":false,"frameMoveM":0}
06-04 21:01:39.985 I/ReactNativeJS(27948): [VROOM-TEL] 2026-06-04T19:01:39.985Z | RAW_GPS_TICK | {"t":1780599699985,"gpsTickId":1780599699946,"gpsTickAgeMs":0,"lat":51.359533,"lng":19.368275,"speed":14.75,"speedKmh":53.1,"accuracy":4,"osTimestamp":1780599699946,"tripActive":true,"appState":"active"}
06-04 21:01:39.985 I/ReactNativeJS(27948): [VROOM-TEL] 2026-06-04T19:01:39.985Z | DRIVE_TRACE_RAW | {"t":1780599699985,"seq":703,"gpsTickId":1780599699946,"gpsTickAgeMs":0,"rawLat":51.359533,"rawLng":19.368275,"accM":4,"speedKmh":53.1,"speedMs":14.8,"heading":329,"tripActive":true,"driving":true,"navigating":false,"osTimestamp":1780599699946}
06-04 21:01:39.987 I/ReactNativeJS(27948): [VROOM-TEL] 2026-06-04T19:01:39.987Z | DRIVE_TRACE_FEED | {"t":1780599699987,"seq":704,"gpsTickId":1780599699946,"gpsTickAgeMs":2,"lat":51.359309,"lng":19.368466,"hdg":331,"durationMs":696,"speedKmh":53.1}
06-04 21:01:39.988 I/ReactNativeJS(27948): [VROOM-TEL] 2026-06-04T19:01:39.988Z | DRIVE_TRACE_TICK | {"t":1780599699988,"seq":705,"gpsTickId":1780599699946,"gpsTickAgeMs":3,"rawLat":51.359533,"rawLng":19.368275,"snapLat":51.359309,"snapLng":19.368466,"markerLat":51.359309,"markerLng":19.368466,"markerHdg":331,"markerSvLat":51.359251,"markerSvLng":19.368518,"markerSvHdg":338,"accM":4,"hudKmh":53.1,"engineKmh":52.7,"dopplerKmh":53.1,"feedDurMs":696,"cadenceMs":1006,"feedSpeedMs":14.8,"isNavigating":false,"isFreeDrive":true,"isMoving":true,"feedSkipGate":false,"feedAccepted":true,"feedHeadingOnly":false,"source":"drive_core_v2"}
06-04 21:01:39.988 I/ReactNativeJS(27948): [VROOM-TEL] 2026-06-04T19:01:39.988Z | GPS_ACCEPT | {"lat":51.359533,"lng":19.368275,"acc":4,"speedKmh":53.1,"gpsLock":true}
06-04 21:01:40.139 I/ReactNativeJS(27948): [VROOM-TEL] 2026-06-04T19:01:40.139Z | CAM_FOLLOW_PUSH | {"t":1780599700139,"lat":51.359253,"lng":19.368516,"hdg":329,"snapHdg":331,"speedKmh":53,"exploring":false,"source":"drive_marker_sv_60fps"}
06-04 21:01:40.139 I/ReactNativeJS(27948): [VROOM-TEL] 2026-06-04T19:01:40.139Z | DRIVE_TRACE_CAMERA | {"t":1780599700139,"seq":706,"gpsTickId":1780599699946,"gpsTickAgeMs":154,"lat":51.359253,"lng":19.368516,"hdg":329,"speedKmh":53.1,"exploring":false,"frameMoveM":0}
06-04 21:01:40.267 I/ReactNativeJS(27948): [VROOM-TEL] 2026-06-04T19:01:40.267Z | CAMERA_HEADING | {"t":1780599700267,"speedKmh":53,"movedM":0.19,"moveBearing":331,"snapHdg":331,"headingOut":331,"flipFromPrevDeg":0,"lookaheadM":46,"nativeFollow":true}
06-04 21:01:40.450 I/ReactNativeJS(27948): [VROOM-TEL] 2026-06-04T19:01:40.450Z | DRIVE_TRACE_CAMERA | {"t":1780599700450,"seq":707,"gpsTickId":1780599699946,"gpsTickAgeMs":465,"lat":51.359289,"lng":19.368483,"hdg":331,"speedKmh":53.1,"exploring":false,"frameMoveM":0}
06-04 21:01:40.750 I/ReactNativeJS(27948): [VROOM-TEL] 2026-06-04T19:01:40.750Z | DRIVE_TRACE_CAMERA | {"t":1780599700750,"seq":708,"gpsTickId":1780599699946,"gpsTickAgeMs":765,"lat":51.359317,"lng":19.36846,"hdg":337,"speedKmh":53.1,"exploring":false,"frameMoveM":0}
06-04 21:01:40.968 I/ReactNativeJS(27948): [VROOM-TEL] 2026-06-04T19:01:40.968Z | RAW_GPS_TICK | {"t":1780599700968,"gpsTickId":1780599700944,"gpsTickAgeMs":0,"lat":51.35965,"lng":19.36816,"speed":15.08,"speedKmh":54.3,"accuracy":4,"osTimestamp":1780599700944,"tripActive":true,"appState":"active"}
06-04 21:01:40.968 I/ReactNativeJS(27948): [VROOM-TEL] 2026-06-04T19:01:40.968Z | DRIVE_TRACE_RAW | {"t":1780599700968,"seq":709,"gpsTickId":1780599700944,"gpsTickAgeMs":0,"rawLat":51.35965,"rawLng":19.36816,"accM":4,"speedKmh":54.3,"speedMs":15.1,"heading":328,"tripActive":true,"driving":true,"navigating":false,"osTimestamp":1780599700944}
06-04 21:01:40.970 I/ReactNativeJS(27948): [VROOM-TEL] 2026-06-04T19:01:40.970Z | DRIVE_TRACE_FEED | {"t":1780599700970,"seq":710,"gpsTickId":1780599700944,"gpsTickAgeMs":2,"lat":51.359534,"lng":19.368267,"hdg":329,"durationMs":1200,"speedKmh":54.3}
06-04 21:01:40.971 I/ReactNativeJS(27948): [VROOM-TEL] 2026-06-04T19:01:40.970Z | DRIVE_TRACE_TICK | {"t":1780599700970,"seq":711,"gpsTickId":1780599700944,"gpsTickAgeMs":2,"rawLat":51.35965,"rawLng":19.36816,"snapLat":51.359534,"snapLng":19.368267,"markerLat":51.359534,"markerLng":19.368267,"markerHdg":329,"markerSvLat":51.359333,"markerSvLng":19.368449,"markerSvHdg":338,"accM":4,"hudKmh":54.3,"engineKmh":53.3,"dopplerKmh":54.3,"feedDurMs":1200,"cadenceMs":998,"feedSpeedMs":15.1,"isNavigating":false,"isFreeDrive":true,"isMoving":true,"feedSkipGate":false,"feedAccepted":true,"feedHeadingOnly":false,"source":"drive_core_v2"}
06-04 21:01:40.971 I/ReactNativeJS(27948): [VROOM-TEL] 2026-06-04T19:01:40.971Z | GPS_ACCEPT | {"lat":51.35965,"lng":19.36816,"acc":4,"speedKmh":55.7,"gpsLock":true}
06-04 21:01:41.006 I/ReactNativeJS(27948): [VROOM-TEL] 2026-06-04T19:01:41.006Z | CAM_FOLLOW_PUSH | {"t":1780599701006,"lat":51.359335,"lng":19.368448,"hdg":327,"snapHdg":329,"speedKmh":54,"exploring":false,"source":"drive_marker_sv_60fps"}
06-04 21:01:41.050 I/ReactNativeJS(27948): [VROOM-TEL] 2026-06-04T19:01:41.050Z | DRIVE_TRACE_CAMERA | {"t":1780599701050,"seq":712,"gpsTickId":1780599700944,"gpsTickAgeMs":82,"lat":51.359346,"lng":19.368437,"hdg":331,"speedKmh":54.3,"exploring":false,"frameMoveM":0}
06-04 21:01:41.350 I/ReactNativeJS(27948): [VROOM-TEL] 2026-06-04T19:01:41.350Z | DRIVE_TRACE_CAMERA | {"t":1780599701350,"seq":713,"gpsTickId":1780599700944,"gpsTickAgeMs":382,"lat":51.359397,"lng":19.368392,"hdg":331,"speedKmh":54.3,"exploring":false,"frameMoveM":0}
06-04 21:01:41.367 I/ReactNativeJS(27948): [VROOM-TEL] 2026-06-04T19:01:41.367Z | CAMERA_HEADING | {"t":1780599701367,"speedKmh":54,"movedM":0.36,"moveBearing":331,"snapHdg":331,"headingOut":331,"flipFromPrevDeg":0,"lookaheadM":46,"nativeFollow":true}
06-04 21:01:41.650 I/ReactNativeJS(27948): [VROOM-TEL] 2026-06-04T19:01:41.650Z | DRIVE_TRACE_CAMERA | {"t":1780599701650,"seq":714,"gpsTickId":1780599700944,"gpsTickAgeMs":682,"lat":51.359447,"lng":19.368346,"hdg":331,"speedKmh":54.3,"exploring":false,"frameMoveM":0}
06-04 21:01:41.816 I/ReactNativeJS(27948): [VROOM-TEL] 2026-06-04T19:01:41.816Z | CAM_FOLLOW_PUSH | {"t":1780599701816,"lat":51.359475,"lng":19.368321,"hdg":331,"snapHdg":329,"speedKmh":54,"exploring":false,"source":"drive_marker_sv_60fps"}
06-04 21:01:41.950 I/ReactNativeJS(27948): [VROOM-TEL] 2026-06-04T19:01:41.950Z | DRIVE_TRACE_CAMERA | {"t":1780599701950,"seq":715,"gpsTickId":1780599700944,"gpsTickAgeMs":982,"lat":51.359497,"lng":19.368301,"hdg":331,"speedKmh":54.3,"exploring":false,"frameMoveM":0}
06-04 21:01:41.970 I/ReactNativeJS(27948): [VROOM-TEL] 2026-06-04T19:01:41.970Z | RAW_GPS_TICK | {"t":1780599701970,"gpsTickId":1780599701945,"gpsTickAgeMs":0,"lat":51.359766,"lng":19.36804,"speed":15.41,"speedKmh":55.5,"accuracy":4,"osTimestamp":1780599701945,"tripActive":true,"appState":"active"}
06-04 21:01:41.971 I/ReactNativeJS(27948): [VROOM-TEL] 2026-06-04T19:01:41.971Z | DRIVE_TRACE_RAW | {"t":1780599701971,"seq":716,"gpsTickId":1780599701945,"gpsTickAgeMs":1,"rawLat":51.359766,"rawLng":19.36804,"accM":4,"speedKmh":55.5,"speedMs":15.4,"heading":327,"tripActive":true,"driving":true,"navigating":false,"osTimestamp":1780599701945}
06-04 21:01:41.972 I/ReactNativeJS(27948): [VROOM-TEL] 2026-06-04T19:01:41.972Z | DRIVE_TRACE_FEED | {"t":1780599701972,"seq":717,"gpsTickId":1780599701945,"gpsTickAgeMs":2,"lat":51.359616,"lng":19.368188,"hdg":328,"durationMs":690,"speedKmh":55.5}
06-04 21:01:41.972 I/ReactNativeJS(27948): [VROOM-TEL] 2026-06-04T19:01:41.972Z | DRIVE_TRACE_TICK | {"t":1780599701972,"seq":718,"gpsTickId":1780599701945,"gpsTickAgeMs":2,"rawLat":51.359766,"rawLng":19.36804,"snapLat":51.359616,"snapLng":19.368188,"markerLat":51.359616,"markerLng":19.368188,"markerHdg":328,"markerSvLat":51.3595,"markerSvLng":19.368298,"markerSvHdg":331,"accM":4,"hudKmh":55.5,"engineKmh":54.1,"dopplerKmh":55.5,"feedDurMs":690,"cadenceMs":999,"feedSpeedMs":15.4,"isNavigating":false,"isFreeDrive":true,"isMoving":true,"feedSkipGate":false,"feedAccepted":true,"feedHeadingOnly":false,"source":"drive_core_v2"}
06-04 21:01:41.972 I/ReactNativeJS(27948): [VROOM-TEL] 2026-06-04T19:01:41.972Z | GPS_ACCEPT | {"lat":51.359766,"lng":19.36804,"acc":4,"speedKmh":55.5,"gpsLock":true}
06-04 21:01:42.250 I/ReactNativeJS(27948): [VROOM-TEL] 2026-06-04T19:01:42.250Z | DRIVE_TRACE_CAMERA | {"t":1780599702250,"seq":719,"gpsTickId":1780599701945,"gpsTickAgeMs":280,"lat":51.359546,"lng":19.368254,"hdg":329,"speedKmh":55.5,"exploring":false,"frameMoveM":0}
06-04 21:01:42.467 I/ReactNativeJS(27948): [VROOM-TEL] 2026-06-04T19:01:42.467Z | CAMERA_HEADING | {"t":1780599702467,"speedKmh":55,"movedM":0.37,"moveBearing":329,"snapHdg":329,"headingOut":329,"flipFromPrevDeg":0,"lookaheadM":46,"nativeFollow":true}
06-04 21:01:42.550 I/ReactNativeJS(27948): [VROOM-TEL] 2026-06-04T19:01:42.550Z | DRIVE_TRACE_CAMERA | {"t":1780599702550,"seq":720,"gpsTickId":1780599701945,"gpsTickAgeMs":580,"lat":51.359597,"lng":19.368206,"hdg":329,"speedKmh":55.5,"exploring":false,"frameMoveM":0}
06-04 21:01:42.617 I/ReactNativeJS(27948): [VROOM-TEL] 2026-06-04T19:01:42.617Z | CAM_FOLLOW_PUSH | {"t":1780599702617,"lat":51.359608,"lng":19.368196,"hdg":329,"snapHdg":328,"speedKmh":55,"exploring":false,"source":"drive_marker_sv_60fps"}
06-04 21:01:42.850 I/ReactNativeJS(27948): [VROOM-TEL] 2026-06-04T19:01:42.850Z | DRIVE_TRACE_CAMERA | {"t":1780599702850,"seq":721,"gpsTickId":1780599701945,"gpsTickAgeMs":880,"lat":51.359638,"lng":19.368167,"hdg":329,"speedKmh":55.5,"exploring":false,"frameMoveM":0}
06-04 21:01:42.965 I/ReactNativeJS(27948): [VROOM-TEL] 2026-06-04T19:01:42.964Z | RAW_GPS_TICK | {"t":1780599702964,"gpsTickId":1780599702946,"gpsTickAgeMs":0,"lat":51.359881,"lng":19.367914,"speed":15.48,"speedKmh":55.7,"accuracy":4,"osTimestamp":1780599702946,"tripActive":true,"appState":"active"}
06-04 21:01:42.965 I/ReactNativeJS(27948): [VROOM-TEL] 2026-06-04T19:01:42.965Z | DRIVE_TRACE_RAW | {"t":1780599702965,"seq":722,"gpsTickId":1780599702946,"gpsTickAgeMs":1,"rawLat":51.359881,"rawLng":19.367914,"accM":4,"speedKmh":55.7,"speedMs":15.5,"heading":325,"tripActive":true,"driving":true,"navigating":false,"osTimestamp":1780599702946}
06-04 21:01:42.966 I/ReactNativeJS(27948): [VROOM-TEL] 2026-06-04T19:01:42.966Z | DRIVE_TRACE_FEED | {"t":1780599702966,"seq":723,"gpsTickId":1780599702946,"gpsTickAgeMs":2,"lat":51.359697,"lng":19.368105,"hdg":326,"durationMs":689,"speedKmh":55.7}
06-04 21:01:42.967 I/ReactNativeJS(27948): [VROOM-TEL] 2026-06-04T19:01:42.967Z | DRIVE_TRACE_TICK | {"t":1780599702967,"seq":724,"gpsTickId":1780599702946,"gpsTickAgeMs":3,"rawLat":51.359881,"rawLng":19.367914,"snapLat":51.359697,"snapLng":19.368105,"markerLat":51.359697,"markerLng":19.368105,"markerHdg":326,"markerSvLat":51.35964,"markerSvLng":19.368166,"markerSvHdg":329,"accM":4,"hudKmh":55.7,"engineKmh":55,"dopplerKmh":55.7,"feedDurMs":689,"cadenceMs":997,"feedSpeedMs":15.5,"isNavigating":false,"isFreeDrive":true,"isMoving":true,"feedSkipGate":false,"feedAccepted":true,"feedHeadingOnly":false,"source":"drive_core_v2"}
06-04 21:01:42.967 I/ReactNativeJS(27948): [VROOM-TEL] 2026-06-04T19:01:42.967Z | GPS_ACCEPT | {"lat":51.359881,"lng":19.367914,"acc":4,"speedKmh":56,"gpsLock":true}
06-04 21:01:43.209 I/ReactNativeJS(27948): [VROOM-TEL] 2026-06-04T19:01:43.209Z | DRIVE_TRACE_CAMERA | {"t":1780599703209,"seq":725,"gpsTickId":1780599702946,"gpsTickAgeMs":245,"lat":51.359655,"lng":19.36815,"hdg":324,"speedKmh":55.7,"exploring":false,"frameMoveM":0}
06-04 21:01:43.417 I/ReactNativeJS(27948): [VROOM-TEL] 2026-06-04T19:01:43.417Z | CAM_FOLLOW_PUSH | {"t":1780599703417,"lat":51.359677,"lng":19.368126,"hdg":327,"snapHdg":326,"speedKmh":56,"exploring":false,"source":"drive_marker_sv_60fps"}
06-04 21:01:43.518 I/ReactNativeJS(27948): [VROOM-TEL] 2026-06-04T19:01:43.518Z | DRIVE_TRACE_CAMERA | {"t":1780599703518,"seq":726,"gpsTickId":1780599702946,"gpsTickAgeMs":554,"lat":51.359685,"lng":19.368118,"hdg":327,"speedKmh":55.7,"exploring":false,"frameMoveM":0}
06-04 21:01:43.567 I/ReactNativeJS(27948): [VROOM-TEL] 2026-06-04T19:01:43.567Z | CAMERA_HEADING | {"t":1780599703567,"speedKmh":56,"movedM":0.18,"moveBearing":327,"snapHdg":327,"headingOut":327,"flipFromPrevDeg":0,"lookaheadM":46,"nativeFollow":true}
06-04 21:01:43.835 I/ReactNativeJS(27948): [VROOM-TEL] 2026-06-04T19:01:43.835Z | DRIVE_TRACE_CAMERA | {"t":1780599703835,"seq":727,"gpsTickId":1780599702946,"gpsTickAgeMs":871,"lat":51.359716,"lng":19.368086,"hdg":329,"speedKmh":55.7,"exploring":false,"frameMoveM":0}
06-04 21:01:43.969 I/ReactNativeJS(27948): [VROOM-TEL] 2026-06-04T19:01:43.969Z | RAW_GPS_TICK | {"t":1780599703969,"gpsTickId":1780599703945,"gpsTickAgeMs":0,"lat":51.359995,"lng":19.36779,"speed":15.49,"speedKmh":55.8,"accuracy":4,"osTimestamp":1780599703945,"tripActive":true,"appState":"active"}
06-04 21:01:43.969 I/ReactNativeJS(27948): [VROOM-TEL] 2026-06-04T19:01:43.969Z | DRIVE_TRACE_RAW | {"t":1780599703969,"seq":728,"gpsTickId":1780599703945,"gpsTickAgeMs":0,"rawLat":51.359995,"rawLng":19.36779,"accM":4,"speedKmh":55.8,"speedMs":15.5,"heading":325,"tripActive":true,"driving":true,"navigating":false,"osTimestamp":1780599703945}
06-04 21:01:43.970 I/ReactNativeJS(27948): [VROOM-TEL] 2026-06-04T19:01:43.970Z | DRIVE_TRACE_FEED | {"t":1780599703970,"seq":729,"gpsTickId":1780599703945,"gpsTickAgeMs":1,"lat":51.359777,"lng":19.368021,"hdg":326,"durationMs":689,"speedKmh":55.8}
06-04 21:01:43.971 I/ReactNativeJS(27948): [VROOM-TEL] 2026-06-04T19:01:43.971Z | DRIVE_TRACE_TICK | {"t":1780599703971,"seq":730,"gpsTickId":1780599703945,"gpsTickAgeMs":2,"rawLat":51.359995,"rawLng":19.36779,"snapLat":51.359777,"snapLng":19.368021,"markerLat":51.359777,"markerLng":19.368021,"markerHdg":326,"markerSvLat":51.35972,"markerSvLng":19.368082,"markerSvHdg":329,"accM":4,"hudKmh":55.8,"engineKmh":55.4,"dopplerKmh":55.8,"feedDurMs":689,"cadenceMs":1000,"feedSpeedMs":15.5,"isNavigating":false,"isFreeDrive":true,"isMoving":true,"feedSkipGate":false,"feedAccepted":true,"feedHeadingOnly":false,"source":"drive_core_v2"}
06-04 21:01:43.971 I/ReactNativeJS(27948): [VROOM-TEL] 2026-06-04T19:01:43.971Z | GPS_ACCEPT | {"lat":51.359995,"lng":19.36779,"acc":4,"speedKmh":55.8,"gpsLock":true}
06-04 21:01:44.152 I/ReactNativeJS(27948): [VROOM-TEL] 2026-06-04T19:01:44.152Z | DRIVE_TRACE_CAMERA | {"t":1780599704152,"seq":731,"gpsTickId":1780599703945,"gpsTickAgeMs":183,"lat":51.359735,"lng":19.368066,"hdg":326,"speedKmh":55.8,"exploring":false,"frameMoveM":0}
06-04 21:01:44.219 I/ReactNativeJS(27948): [VROOM-TEL] 2026-06-04T19:01:44.218Z | CAM_FOLLOW_PUSH | {"t":1780599704218,"lat":51.359741,"lng":19.368061,"hdg":326,"snapHdg":326,"speedKmh":56,"exploring":false,"source":"drive_marker_sv_60fps"}
06-04 21:01:44.467 I/ReactNativeJS(27948): [VROOM-TEL] 2026-06-04T19:01:44.467Z | DRIVE_TRACE_CAMERA | {"t":1780599704467,"seq":732,"gpsTickId":1780599703945,"gpsTickAgeMs":498,"lat":51.359761,"lng":19.368038,"hdg":326,"speedKmh":55.8,"exploring":false,"frameMoveM":0}
06-04 21:01:44.683 I/ReactNativeJS(27948): [VROOM-TEL] 2026-06-04T19:01:44.683Z | CAMERA_HEADING | {"t":1780599704683,"speedKmh":56,"movedM":0.26,"moveBearing":326,"snapHdg":326,"headingOut":326,"flipFromPrevDeg":0,"lookaheadM":46,"nativeFollow":true}
06-04 21:01:44.767 I/ReactNativeJS(27948): [VROOM-TEL] 2026-06-04T19:01:44.767Z | DRIVE_TRACE_CAMERA | {"t":1780599704767,"seq":733,"gpsTickId":1780599703945,"gpsTickAgeMs":798,"lat":51.359789,"lng":19.368009,"hdg":328,"speedKmh":55.8,"exploring":false,"frameMoveM":0}
06-04 21:01:44.971 I/ReactNativeJS(27948): [VROOM-TEL] 2026-06-04T19:01:44.971Z | RAW_GPS_TICK | {"t":1780599704971,"gpsTickId":1780599704944,"gpsTickAgeMs":0,"lat":51.360111,"lng":19.367659,"speed":15.46,"speedKmh":55.7,"accuracy":4,"osTimestamp":1780599704944,"tripActive":true,"appState":"active"}
06-04 21:01:44.972 I/ReactNativeJS(27948): [VROOM-TEL] 2026-06-04T19:01:44.972Z | DRIVE_TRACE_RAW | {"t":1780599704972,"seq":734,"gpsTickId":1780599704944,"gpsTickAgeMs":1,"rawLat":51.360111,"rawLng":19.367659,"accM":4,"speedKmh":55.7,"speedMs":15.5,"heading":324,"tripActive":true,"driving":true,"navigating":false,"osTimestamp":1780599704944}
06-04 21:01:44.982 I/ReactNativeJS(27948): [VROOM-TEL] 2026-06-04T19:01:44.982Z | DRIVE_TRACE_FEED | {"t":1780599704982,"seq":735,"gpsTickId":1780599704944,"gpsTickAgeMs":11,"lat":51.359997,"lng":19.367784,"hdg":325,"durationMs":1200,"speedKmh":55.7}
06-04 21:01:44.983 I/ReactNativeJS(27948): [VROOM-TEL] 2026-06-04T19:01:44.983Z | DRIVE_TRACE_TICK | {"t":1780599704983,"seq":736,"gpsTickId":1780599704944,"gpsTickAgeMs":11,"rawLat":51.360111,"rawLng":19.367659,"snapLat":51.359997,"snapLng":19.367784,"markerLat":51.359997,"markerLng":19.367784,"markerHdg":325,"markerSvLat":51.359801,"markerSvLng":19.367998,"markerSvHdg":328,"accM":4,"hudKmh":55.7,"engineKmh":55.7,"dopplerKmh":55.7,"feedDurMs":1200,"cadenceMs":1001,"feedSpeedMs":15.5,"isNavigating":false,"isFreeDrive":true,"isMoving":true,"feedSkipGate":false,"feedAccepted":true,"feedHeadingOnly":false,"source":"drive_core_v2"}
06-04 21:01:44.983 I/ReactNativeJS(27948): [VROOM-TEL] 2026-06-04T19:01:44.983Z | GPS_ACCEPT | {"lat":51.360111,"lng":19.367659,"acc":4,"speedKmh":56.5,"gpsLock":true}
06-04 21:01:45.045 I/ReactNativeJS(27948): [VROOM-TEL] 2026-06-04T19:01:45.045Z | CAM_FOLLOW_PUSH | {"t":1780599705045,"lat":51.359803,"lng":19.367995,"hdg":315,"snapHdg":325,"speedKmh":56,"exploring":false,"source":"drive_marker_sv_60fps"}
06-04 21:01:45.069 I/ReactNativeJS(27948): [VROOM-TEL] 2026-06-04T19:01:45.069Z | DRIVE_TRACE_CAMERA | {"t":1780599705069,"seq":737,"gpsTickId":1780599704944,"gpsTickAgeMs":97,"lat":51.359812,"lng":19.367986,"hdg":323,"speedKmh":55.7,"exploring":false,"frameMoveM":0}
06-04 21:01:45.384 I/ReactNativeJS(27948): [VROOM-TEL] 2026-06-04T19:01:45.384Z | DRIVE_TRACE_CAMERA | {"t":1780599705384,"seq":738,"gpsTickId":1780599704944,"gpsTickAgeMs":413,"lat":51.359866,"lng":19.367926,"hdg":326,"speedKmh":55.7,"exploring":false,"frameMoveM":0}
06-04 21:01:45.701 I/ReactNativeJS(27948): [VROOM-TEL] 2026-06-04T19:01:45.701Z | DRIVE_TRACE_CAMERA | {"t":1780599705701,"seq":739,"gpsTickId":1780599704944,"gpsTickAgeMs":730,"lat":51.359918,"lng":19.36787,"hdg":326,"speedKmh":55.7,"exploring":false,"frameMoveM":0}
06-04 21:01:45.783 I/ReactNativeJS(27948): [VROOM-TEL] 2026-06-04T19:01:45.783Z | CAMERA_HEADING | {"t":1780599705783,"speedKmh":56,"movedM":0.37,"moveBearing":326,"snapHdg":326,"headingOut":326,"flipFromPrevDeg":0,"lookaheadM":46,"nativeFollow":true}
06-04 21:01:45.850 I/ReactNativeJS(27948): [VROOM-TEL] 2026-06-04T19:01:45.849Z | CAM_FOLLOW_PUSH | {"t":1780599705849,"lat":51.359942,"lng":19.367844,"hdg":326,"snapHdg":325,"speedKmh":56,"exploring":false,"source":"drive_marker_sv_60fps"}
06-04 21:01:45.968 I/ReactNativeJS(27948): [VROOM-TEL] 2026-06-04T19:01:45.968Z | RAW_GPS_TICK | {"t":1780599705968,"gpsTickId":1780599705946,"gpsTickAgeMs":0,"lat":51.360224,"lng":19.36753,"speed":15.46,"speedKmh":55.7,"accuracy":4,"osTimestamp":1780599705946,"tripActive":true,"appState":"active"}
06-04 21:01:45.968 I/ReactNativeJS(27948): [VROOM-TEL] 2026-06-04T19:01:45.968Z | DRIVE_TRACE_RAW | {"t":1780599705968,"seq":740,"gpsTickId":1780599705946,"gpsTickAgeMs":0,"rawLat":51.360224,"rawLng":19.36753,"accM":4,"speedKmh":55.7,"speedMs":15.5,"heading":325,"tripActive":true,"driving":true,"navigating":false,"osTimestamp":1780599705946}
06-04 21:01:45.969 I/ReactNativeJS(27948): [VROOM-TEL] 2026-06-04T19:01:45.969Z | DRIVE_TRACE_FEED | {"t":1780599705969,"seq":741,"gpsTickId":1780599705946,"gpsTickAgeMs":1,"lat":51.360075,"lng":19.367697,"hdg":325,"durationMs":689,"speedKmh":55.7}
06-04 21:01:45.969 I/ReactNativeJS(27948): [VROOM-TEL] 2026-06-04T19:01:45.969Z | DRIVE_TRACE_TICK | {"t":1780599705969,"seq":742,"gpsTickId":1780599705946,"gpsTickAgeMs":1,"rawLat":51.360224,"rawLng":19.36753,"snapLat":51.360075,"snapLng":19.367697,"markerLat":51.360075,"markerLng":19.367697,"markerHdg":325,"markerSvLat":51.359961,"markerSvLng":19.367823,"markerSvHdg":326,"accM":4,"hudKmh":55.7,"engineKmh":55.7,"dopplerKmh":55.7,"feedDurMs":689,"cadenceMs":1000,"feedSpeedMs":15.5,"isNavigating":false,"isFreeDrive":true,"isMoving":true,"feedSkipGate":false,"feedAccepted":true,"feedHeadingOnly":false,"source":"drive_core_v2"}
06-04 21:01:45.969 I/ReactNativeJS(27948): [VROOM-TEL] 2026-06-04T19:01:45.969Z | GPS_ACCEPT | {"lat":51.360224,"lng":19.36753,"acc":4,"speedKmh":55.8,"gpsLock":true}
06-04 21:01:46.023 I/ReactNativeJS(27948): [VROOM-TEL] 2026-06-04T19:01:46.023Z | DRIVE_TRACE_CAMERA | {"t":1780599706023,"seq":743,"gpsTickId":1780599705946,"gpsTickAgeMs":55,"lat":51.359964,"lng":19.36782,"hdg":323,"speedKmh":55.7,"exploring":false,"frameMoveM":0}
06-04 21:01:46.334 I/ReactNativeJS(27948): [VROOM-TEL] 2026-06-04T19:01:46.334Z | DRIVE_TRACE_CAMERA | {"t":1780599706334,"seq":744,"gpsTickId":1780599705946,"gpsTickAgeMs":366,"lat":51.360022,"lng":19.367756,"hdg":325,"speedKmh":55.7,"exploring":false,"frameMoveM":0}
06-04 21:01:46.692 I/ReactNativeJS(27948): [VROOM-TEL] 2026-06-04T19:01:46.692Z | CAM_FOLLOW_PUSH | {"t":1780599706692,"lat":51.360066,"lng":19.367707,"hdg":323,"snapHdg":325,"speedKmh":56,"exploring":false,"source":"drive_marker_sv_60fps"}
06-04 21:01:46.692 I/ReactNativeJS(27948): [VROOM-TEL] 2026-06-04T19:01:46.692Z | DRIVE_TRACE_CAMERA | {"t":1780599706692,"seq":745,"gpsTickId":1780599705946,"gpsTickAgeMs":724,"lat":51.360066,"lng":19.367707,"hdg":323,"speedKmh":55.7,"exploring":false,"frameMoveM":0}
06-04 21:01:46.973 I/ReactNativeJS(27948): [VROOM-TEL] 2026-06-04T19:01:46.973Z | RAW_GPS_TICK | {"t":1780599706973,"gpsTickId":1780599706946,"gpsTickAgeMs":0,"lat":51.360341,"lng":19.367404,"speed":15.48,"speedKmh":55.7,"accuracy":4,"osTimestamp":1780599706946,"tripActive":true,"appState":"active"}
06-04 21:01:46.973 I/ReactNativeJS(27948): [VROOM-TEL] 2026-06-04T19:01:46.973Z | DRIVE_TRACE_RAW | {"t":1780599706973,"seq":746,"gpsTickId":1780599706946,"gpsTickAgeMs":0,"rawLat":51.360341,"rawLng":19.367404,"accM":4,"speedKmh":55.7,"speedMs":15.5,"heading":325,"tripActive":true,"driving":true,"navigating":false,"osTimestamp":1780599706946}
06-04 21:01:46.974 I/ReactNativeJS(27948): [VROOM-TEL] 2026-06-04T19:01:46.974Z | DRIVE_TRACE_FEED | {"t":1780599706974,"seq":747,"gpsTickId":1780599706946,"gpsTickAgeMs":1,"lat":51.360155,"lng":19.367609,"hdg":325,"durationMs":689,"speedKmh":55.9}
06-04 21:01:46.974 I/ReactNativeJS(27948): [VROOM-TEL] 2026-06-04T19:01:46.974Z | DRIVE_TRACE_TICK | {"t":1780599706974,"seq":748,"gpsTickId":1780599706946,"gpsTickAgeMs":1,"rawLat":51.360341,"rawLng":19.367404,"snapLat":51.360155,"snapLng":19.367609,"markerLat":51.360155,"markerLng":19.367609,"markerHdg":325,"markerSvLat":51.360098,"markerSvLng":19.367671,"markerSvHdg":325,"accM":4,"hudKmh":55.9,"engineKmh":55.9,"dopplerKmh":55.7,"feedDurMs":689,"cadenceMs":1002,"feedSpeedMs":15.5,"isNavigating":false,"isFreeDrive":true,"isMoving":true,"feedSkipGate":false,"feedAccepted":true,"feedHeadingOnly":false,"source":"drive_core_v2"}
06-04 21:01:46.974 I/ReactNativeJS(27948): [VROOM-TEL] 2026-06-04T19:01:46.974Z | GPS_ACCEPT | {"lat":51.360341,"lng":19.367404,"acc":4,"speedKmh":56.4,"gpsLock":true}
06-04 21:01:47.009 I/ReactNativeJS(27948): [VROOM-TEL] 2026-06-04T19:01:47.009Z | CAMERA_HEADING | {"t":1780599707009,"speedKmh":56,"movedM":0.28,"moveBearing":null,"snapHdg":326,"headingOut":326,"flipFromPrevDeg":0,"lookaheadM":46,"nativeFollow":true}
06-04 21:01:47.016 I/ReactNativeJS(27948): [VROOM-TEL] 2026-06-04T19:01:47.016Z | DRIVE_TRACE_CAMERA | {"t":1780599707016,"seq":749,"gpsTickId":1780599706946,"gpsTickAgeMs":43,"lat":51.3601,"lng":19.367669,"hdg":325,"speedKmh":55.9,"exploring":false,"frameMoveM":0}
06-04 21:01:47.317 I/ReactNativeJS(27948): [VROOM-TEL] 2026-06-04T19:01:47.317Z | DRIVE_TRACE_CAMERA | {"t":1780599707317,"seq":750,"gpsTickId":1780599706946,"gpsTickAgeMs":344,"lat":51.360126,"lng":19.367641,"hdg":326,"speedKmh":55.9,"exploring":false,"frameMoveM":0}
06-04 21:01:47.500 I/ReactNativeJS(27948): [VROOM-TEL] 2026-06-04T19:01:47.500Z | CAM_FOLLOW_PUSH | {"t":1780599707500,"lat":51.360141,"lng":19.367624,"hdg":326,"snapHdg":325,"speedKmh":56,"exploring":false,"source":"drive_marker_sv_60fps"}
06-04 21:01:47.617 I/ReactNativeJS(27948): [VROOM-TEL] 2026-06-04T19:01:47.617Z | DRIVE_TRACE_CAMERA | {"t":1780599707617,"seq":751,"gpsTickId":1780599706946,"gpsTickAgeMs":644,"lat":51.360151,"lng":19.367614,"hdg":326,"speedKmh":55.9,"exploring":false,"frameMoveM":0}
06-04 21:01:47.968 I/ReactNativeJS(27948): [VROOM-TEL] 2026-06-04T19:01:47.968Z | RAW_GPS_TICK | {"t":1780599707968,"gpsTickId":1780599707946,"gpsTickAgeMs":0,"lat":51.360455,"lng":19.36728,"speed":15.48,"speedKmh":55.7,"accuracy":4,"osTimestamp":1780599707946,"tripActive":true,"appState":"active"}
06-04 21:01:47.968 I/ReactNativeJS(27948): [VROOM-TEL] 2026-06-04T19:01:47.968Z | DRIVE_TRACE_RAW | {"t":1780599707968,"seq":752,"gpsTickId":1780599707946,"gpsTickAgeMs":0,"rawLat":51.360455,"rawLng":19.36728,"accM":4,"speedKmh":55.7,"speedMs":15.5,"heading":325,"tripActive":true,"driving":true,"navigating":false,"osTimestamp":1780599707946}
06-04 21:01:47.970 I/ReactNativeJS(27948): [VROOM-TEL] 2026-06-04T19:01:47.970Z | DRIVE_TRACE_FEED | {"t":1780599707970,"seq":753,"gpsTickId":1780599707946,"gpsTickAgeMs":2,"lat":51.360234,"lng":19.367522,"hdg":326,"durationMs":689,"speedKmh":55.8}
06-04 21:01:47.971 I/ReactNativeJS(27948): [VROOM-TEL] 2026-06-04T19:01:47.971Z | DRIVE_TRACE_TICK | {"t":1780599707971,"seq":754,"gpsTickId":1780599707946,"gpsTickAgeMs":3,"rawLat":51.360455,"rawLng":19.36728,"snapLat":51.360234,"snapLng":19.367522,"markerLat":51.360234,"markerLng":19.367522,"markerHdg":326,"markerSvLat":51.360178,"markerSvLng":19.367584,"markerSvHdg":326,"accM":4,"hudKmh":55.8,"engineKmh":55.8,"dopplerKmh":55.7,"feedDurMs":689,"cadenceMs":1000,"feedSpeedMs":15.5,"isNavigating":false,"isFreeDrive":true,"isMoving":true,"feedSkipGate":false,"feedAccepted":true,"feedHeadingOnly":false,"source":"drive_core_v2"}
06-04 21:01:47.971 I/ReactNativeJS(27948): [VROOM-TEL] 2026-06-04T19:01:47.971Z | GPS_ACCEPT | {"lat":51.360455,"lng":19.36728,"acc":4,"speedKmh":55.7,"gpsLock":true}
06-04 21:01:48.054 I/ReactNativeJS(27948): [VROOM-TEL] 2026-06-04T19:01:48.054Z | DRIVE_TRACE_CAMERA | {"t":1780599708054,"seq":755,"gpsTickId":1780599707946,"gpsTickAgeMs":86,"lat":51.360179,"lng":19.367583,"hdg":328,"speedKmh":55.8,"exploring":false,"frameMoveM":0}
06-04 21:01:48.116 I/ReactNativeJS(27948): [VROOM-TEL] 2026-06-04T19:01:48.116Z | CAMERA_HEADING | {"t":1780599708116,"speedKmh":56,"movedM":0.19,"moveBearing":326,"snapHdg":326,"headingOut":326,"flipFromPrevDeg":0,"lookaheadM":46,"nativeFollow":true}
06-04 21:01:48.300 I/ReactNativeJS(27948): [VROOM-TEL] 2026-06-04T19:01:48.300Z | CAM_FOLLOW_PUSH | {"t":1780599708300,"lat":51.360205,"lng":19.367555,"hdg":326,"snapHdg":326,"speedKmh":56,"exploring":false,"source":"drive_marker_sv_60fps"}
06-04 21:01:48.367 I/ReactNativeJS(27948): [VROOM-TEL] 2026-06-04T19:01:48.367Z | DRIVE_TRACE_CAMERA | {"t":1780599708367,"seq":756,"gpsTickId":1780599707946,"gpsTickAgeMs":399,"lat":51.36021,"lng":19.367549,"hdg":326,"speedKmh":55.8,"exploring":false,"frameMoveM":0}
06-04 21:01:48.683 I/ReactNativeJS(27948): [VROOM-TEL] 2026-06-04T19:01:48.683Z | DRIVE_TRACE_CAMERA | {"t":1780599708683,"seq":757,"gpsTickId":1780599707946,"gpsTickAgeMs":715,"lat":51.360236,"lng":19.36752,"hdg":326,"speedKmh":55.8,"exploring":false,"frameMoveM":0}
06-04 21:01:48.969 I/ReactNativeJS(27948): [VROOM-TEL] 2026-06-04T19:01:48.969Z | RAW_GPS_TICK | {"t":1780599708969,"gpsTickId":1780599708945,"gpsTickAgeMs":0,"lat":51.360566,"lng":19.367152,"speed":15.52,"speedKmh":55.9,"accuracy":4,"osTimestamp":1780599708945,"tripActive":true,"appState":"active"}
06-04 21:01:48.969 I/ReactNativeJS(27948): [VROOM-TEL] 2026-06-04T19:01:48.969Z | DRIVE_TRACE_RAW | {"t":1780599708969,"seq":758,"gpsTickId":1780599708945,"gpsTickAgeMs":0,"rawLat":51.360566,"rawLng":19.367152,"accM":4,"speedKmh":55.9,"speedMs":15.5,"heading":324,"tripActive":true,"driving":true,"navigating":false,"osTimestamp":1780599708945}
06-04 21:01:48.971 I/ReactNativeJS(27948): [VROOM-TEL] 2026-06-04T19:01:48.971Z | DRIVE_TRACE_FEED | {"t":1780599708971,"seq":759,"gpsTickId":1780599708945,"gpsTickAgeMs":2,"lat":51.360452,"lng":19.36728,"hdg":325,"durationMs":1200,"speedKmh":55.9}
06-04 21:01:48.971 I/ReactNativeJS(27948): [VROOM-TEL] 2026-06-04T19:01:48.971Z | DRIVE_TRACE_TICK | {"t":1780599708971,"seq":760,"gpsTickId":1780599708945,"gpsTickAgeMs":2,"rawLat":51.360566,"rawLng":19.367152,"snapLat":51.360452,"snapLng":19.36728,"markerLat":51.360452,"markerLng":19.36728,"markerHdg":325,"markerSvLat":51.360257,"markerSvLng":19.367497,"markerSvHdg":326,"accM":4,"hudKmh":55.9,"engineKmh":55.7,"dopplerKmh":55.9,"feedDurMs":1200,"cadenceMs":1000,"feedSpeedMs":15.5,"isNavigating":false,"isFreeDrive":true,"isMoving":true,"feedSkipGate":false,"feedAccepted":true,"feedHeadingOnly":false,"source":"drive_core_v2"}
06-04 21:01:48.971 I/ReactNativeJS(27948): [VROOM-TEL] 2026-06-04T19:01:48.971Z | GPS_ACCEPT | {"lat":51.360566,"lng":19.367152,"acc":4,"speedKmh":55.9,"gpsLock":true}
06-04 21:01:49.019 I/ReactNativeJS(27948): [VROOM-TEL] 2026-06-04T19:01:49.019Z | DRIVE_TRACE_CAMERA | {"t":1780599709019,"seq":761,"gpsTickId":1780599708945,"gpsTickAgeMs":50,"lat":51.360261,"lng":19.367492,"hdg":325,"speedKmh":55.9,"exploring":false,"frameMoveM":0}
06-04 21:01:49.019 I/ReactNativeJS(27948): [VROOM-TEL] 2026-06-04T19:01:49.019Z | DRIVE_TRACE_HEARTBEAT | {"t":1780599709019,"seq":762,"gpsTickId":1780599708945,"gpsTickAgeMs":50,"driving":true,"navigating":false,"tripActive":true,"lat":51.3605661,"lng":19.3671525,"gpsAgeMs":50}
06-04 21:01:49.101 I/ReactNativeJS(27948): [VROOM-TEL] 2026-06-04T19:01:49.101Z | CAM_FOLLOW_PUSH | {"t":1780599709101,"lat":51.360278,"lng":19.367474,"hdg":325,"snapHdg":325,"speedKmh":56,"exploring":false,"source":"drive_marker_sv_60fps"}
06-04 21:01:49.216 I/ReactNativeJS(27948): [VROOM-TEL] 2026-06-04T19:01:49.216Z | CAMERA_HEADING | {"t":1780599709216,"speedKmh":56,"movedM":0.35,"moveBearing":325,"snapHdg":325,"headingOut":325,"flipFromPrevDeg":0,"lookaheadM":46,"nativeFollow":true}
06-04 21:01:49.334 I/ReactNativeJS(27948): [VROOM-TEL] 2026-06-04T19:01:49.334Z | DRIVE_TRACE_CAMERA | {"t":1780599709334,"seq":763,"gpsTickId":1780599708945,"gpsTickAgeMs":365,"lat":51.360316,"lng":19.367432,"hdg":325,"speedKmh":55.9,"exploring":false,"frameMoveM":0}
06-04 21:01:49.651 I/ReactNativeJS(27948): [VROOM-TEL] 2026-06-04T19:01:49.651Z | DRIVE_TRACE_CAMERA | {"t":1780599709651,"seq":764,"gpsTickId":1780599708945,"gpsTickAgeMs":682,"lat":51.360367,"lng":19.367374,"hdg":325,"speedKmh":55.9,"exploring":false,"frameMoveM":0}
06-04 21:01:49.917 I/ReactNativeJS(27948): [VROOM-TEL] 2026-06-04T19:01:49.917Z | CAM_FOLLOW_PUSH | {"t":1780599709917,"lat":51.360411,"lng":19.367326,"hdg":325,"snapHdg":325,"speedKmh":56,"exploring":false,"source":"drive_marker_sv_60fps"}
06-04 21:01:49.966 I/ReactNativeJS(27948): [VROOM-TEL] 2026-06-04T19:01:49.966Z | DRIVE_TRACE_CAMERA | {"t":1780599709966,"seq":765,"gpsTickId":1780599708945,"gpsTickAgeMs":997,"lat":51.360419,"lng":19.367317,"hdg":325,"speedKmh":55.9,"exploring":false,"frameMoveM":0}
06-04 21:01:49.976 I/ReactNativeJS(27948): [VROOM-TEL] 2026-06-04T19:01:49.976Z | RAW_GPS_TICK | {"t":1780599709976,"gpsTickId":1780599709945,"gpsTickAgeMs":0,"lat":51.360681,"lng":19.367023,"speed":15.51,"speedKmh":55.8,"accuracy":4,"osTimestamp":1780599709945,"tripActive":true,"appState":"active"}
06-04 21:01:49.976 I/ReactNativeJS(27948): [VROOM-TEL] 2026-06-04T19:01:49.976Z | DRIVE_TRACE_RAW | {"t":1780599709976,"seq":766,"gpsTickId":1780599709945,"gpsTickAgeMs":0,"rawLat":51.360681,"rawLng":19.367023,"accM":4,"speedKmh":55.8,"speedMs":15.5,"heading":324,"tripActive":true,"driving":true,"navigating":false,"osTimestamp":1780599709945}
06-04 21:01:49.977 I/ReactNativeJS(27948): [VROOM-TEL] 2026-06-04T19:01:49.977Z | DRIVE_TRACE_FEED | {"t":1780599709977,"seq":767,"gpsTickId":1780599709945,"gpsTickAgeMs":1,"lat":51.360531,"lng":19.367192,"hdg":325,"durationMs":689,"speedKmh":55.8}
06-04 21:01:49.978 I/ReactNativeJS(27948): [VROOM-TEL] 2026-06-04T19:01:49.978Z | DRIVE_TRACE_TICK | {"t":1780599709978,"seq":768,"gpsTickId":1780599709945,"gpsTickAgeMs":2,"rawLat":51.360681,"rawLng":19.367023,"snapLat":51.360531,"snapLng":19.367192,"markerLat":51.360531,"markerLng":19.367192,"markerHdg":325,"markerSvLat":51.360419,"markerSvLng":19.367317,"markerSvHdg":325,"accM":4,"hudKmh":55.8,"engineKmh":55.7,"dopplerKmh":55.8,"feedDurMs":689,"cadenceMs":1002,"feedSpeedMs":15.5,"isNavigating":false,"isFreeDrive":true,"isMoving":true,"feedSkipGate":false,"feedAccepted":true,"feedHeadingOnly":false,"source":"drive_core_v2"}
06-04 21:01:49.978 I/ReactNativeJS(27948): [VROOM-TEL] 2026-06-04T19:01:49.978Z | GPS_ACCEPT | {"lat":51.360681,"lng":19.367023,"acc":4,"speedKmh":56.1,"gpsLock":true}
06-04 21:01:50.266 I/ReactNativeJS(27948): [VROOM-TEL] 2026-06-04T19:01:50.266Z | DRIVE_TRACE_CAMERA | {"t":1780599710266,"seq":769,"gpsTickId":1780599709945,"gpsTickAgeMs":290,"lat":51.360466,"lng":19.367264,"hdg":325,"speedKmh":55.8,"exploring":false,"frameMoveM":0}
06-04 21:01:50.317 I/ReactNativeJS(27948): [VROOM-TEL] 2026-06-04T19:01:50.317Z | CAMERA_HEADING | {"t":1780599710317,"speedKmh":56,"movedM":0.35,"moveBearing":325,"snapHdg":325,"headingOut":325,"flipFromPrevDeg":0,"lookaheadM":46,"nativeFollow":true}
06-04 21:01:50.567 I/ReactNativeJS(27948): [VROOM-TEL] 2026-06-04T19:01:50.567Z | DRIVE_TRACE_CAMERA | {"t":1780599710567,"seq":770,"gpsTickId":1780599709945,"gpsTickAgeMs":591,"lat":51.360515,"lng":19.36721,"hdg":325,"speedKmh":55.8,"exploring":false,"frameMoveM":0}
06-04 21:01:50.717 I/ReactNativeJS(27948): [VROOM-TEL] 2026-06-04T19:01:50.717Z | CAM_FOLLOW_PUSH | {"t":1780599710717,"lat":51.360537,"lng":19.367185,"hdg":325,"snapHdg":325,"speedKmh":56,"exploring":false,"source":"drive_marker_sv_60fps"}
06-04 21:01:50.867 I/ReactNativeJS(27948): [VROOM-TEL] 2026-06-04T19:01:50.867Z | DRIVE_TRACE_CAMERA | {"t":1780599710867,"seq":771,"gpsTickId":1780599709945,"gpsTickAgeMs":891,"lat":51.360554,"lng":19.367166,"hdg":325,"speedKmh":55.8,"exploring":false,"frameMoveM":0}
06-04 21:01:50.972 I/ReactNativeJS(27948): [VROOM-TEL] 2026-06-04T19:01:50.972Z | RAW_GPS_TICK | {"t":1780599710972,"gpsTickId":1780599710946,"gpsTickAgeMs":0,"lat":51.360797,"lng":19.366892,"speed":15.54,"speedKmh":55.9,"accuracy":4,"osTimestamp":1780599710946,"tripActive":true,"appState":"active"}
06-04 21:01:50.972 I/ReactNativeJS(27948): [VROOM-TEL] 2026-06-04T19:01:50.972Z | DRIVE_TRACE_RAW | {"t":1780599710972,"seq":772,"gpsTickId":1780599710946,"gpsTickAgeMs":0,"rawLat":51.360797,"rawLng":19.366892,"accM":4,"speedKmh":55.9,"speedMs":15.5,"heading":325,"tripActive":true,"driving":true,"navigating":false,"osTimestamp":1780599710946}
06-04 21:01:50.974 I/ReactNativeJS(27948): [VROOM-TEL] 2026-06-04T19:01:50.974Z | DRIVE_TRACE_FEED | {"t":1780599710974,"seq":773,"gpsTickId":1780599710946,"gpsTickAgeMs":2,"lat":51.36061,"lng":19.367103,"hdg":325,"durationMs":689,"speedKmh":55.9}
06-04 21:01:50.974 I/ReactNativeJS(27948): [VROOM-TEL] 2026-06-04T19:01:50.974Z | DRIVE_TRACE_TICK | {"t":1780599710974,"seq":774,"gpsTickId":1780599710946,"gpsTickAgeMs":2,"rawLat":51.360797,"rawLng":19.366892,"snapLat":51.36061,"snapLng":19.367103,"markerLat":51.36061,"markerLng":19.367103,"markerHdg":325,"markerSvLat":51.360554,"markerSvLng":19.367166,"markerSvHdg":325,"accM":4,"hudKmh":55.9,"engineKmh":55.8,"dopplerKmh":55.9,"feedDurMs":689,"cadenceMs":1000,"feedSpeedMs":15.5,"isNavigating":false,"isFreeDrive":true,"isMoving":true,"feedSkipGate":false,"feedAccepted":true,"feedHeadingOnly":false,"source":"drive_core_v2"}
06-04 21:01:50.974 I/ReactNativeJS(27948): [VROOM-TEL] 2026-06-04T19:01:50.974Z | GPS_ACCEPT | {"lat":51.360797,"lng":19.366892,"acc":4,"speedKmh":56.9,"gpsLock":true}
06-04 21:01:51.261 I/ReactNativeJS(27948): [VROOM-TEL] 2026-06-04T19:01:51.261Z | DRIVE_TRACE_CAMERA | {"t":1780599711261,"seq":775,"gpsTickId":1780599710946,"gpsTickAgeMs":289,"lat":51.360571,"lng":19.367147,"hdg":335,"speedKmh":55.9,"exploring":false,"frameMoveM":0}
06-04 21:01:51.417 I/ReactNativeJS(27948): [VROOM-TEL] 2026-06-04T19:01:51.417Z | CAMERA_HEADING | {"t":1780599711417,"speedKmh":56,"movedM":0.19,"moveBearing":325,"snapHdg":325,"headingOut":325,"flipFromPrevDeg":0,"lookaheadM":46,"nativeFollow":true}
06-04 21:01:51.517 I/ReactNativeJS(27948): [VROOM-TEL] 2026-06-04T19:01:51.517Z | CAM_FOLLOW_PUSH | {"t":1780599711517,"lat":51.360598,"lng":19.367116,"hdg":325,"snapHdg":325,"speedKmh":56,"exploring":false,"source":"drive_marker_sv_60fps"}
06-04 21:01:51.567 I/ReactNativeJS(27948): [VROOM-TEL] 2026-06-04T19:01:51.566Z | DRIVE_TRACE_CAMERA | {"t":1780599711566,"seq":776,"gpsTickId":1780599710946,"gpsTickAgeMs":594,"lat":51.360602,"lng":19.367112,"hdg":325,"speedKmh":55.9,"exploring":false,"frameMoveM":0}
06-04 21:01:51.867 I/ReactNativeJS(27948): [VROOM-TEL] 2026-06-04T19:01:51.867Z | DRIVE_TRACE_CAMERA | {"t":1780599711867,"seq":777,"gpsTickId":1780599710946,"gpsTickAgeMs":895,"lat":51.360633,"lng":19.367077,"hdg":325,"speedKmh":55.9,"exploring":false,"frameMoveM":0}
06-04 21:01:51.974 I/ReactNativeJS(27948): [VROOM-TEL] 2026-06-04T19:01:51.974Z | RAW_GPS_TICK | {"t":1780599711974,"gpsTickId":1780599711946,"gpsTickAgeMs":0,"lat":51.36091,"lng":19.366765,"speed":15.57,"speedKmh":56.1,"accuracy":4,"osTimestamp":1780599711946,"tripActive":true,"appState":"active"}
06-04 21:01:51.974 I/ReactNativeJS(27948): [VROOM-TEL] 2026-06-04T19:01:51.974Z | DRIVE_TRACE_RAW | {"t":1780599711974,"seq":778,"gpsTickId":1780599711946,"gpsTickAgeMs":0,"rawLat":51.36091,"rawLng":19.366765,"accM":4,"speedKmh":56.1,"speedMs":15.6,"heading":324,"tripActive":true,"driving":true,"navigating":false,"osTimestamp":1780599711946}
06-04 21:01:51.976 I/ReactNativeJS(27948): [VROOM-TEL] 2026-06-04T19:01:51.976Z | DRIVE_TRACE_FEED | {"t":1780599711976,"seq":779,"gpsTickId":1780599711946,"gpsTickAgeMs":2,"lat":51.360689,"lng":19.367014,"hdg":325,"durationMs":688,"speedKmh":56.1}
06-04 21:01:51.977 I/ReactNativeJS(27948): [VROOM-TEL] 2026-06-04T19:01:51.977Z | DRIVE_TRACE_TICK | {"t":1780599711977,"seq":780,"gpsTickId":1780599711946,"gpsTickAgeMs":3,"rawLat":51.36091,"rawLng":19.366765,"snapLat":51.360689,"snapLng":19.367014,"markerLat":51.360689,"markerLng":19.367014,"markerHdg":325,"markerSvLat":51.360633,"markerSvLng":19.367077,"markerSvHdg":325,"accM":4,"hudKmh":56.1,"engineKmh":56,"dopplerKmh":56.1,"feedDurMs":688,"cadenceMs":1001,"feedSpeedMs":15.6,"isNavigating":false,"isFreeDrive":true,"isMoving":true,"feedSkipGate":false,"feedAccepted":true,"feedHeadingOnly":false,"source":"drive_core_v2"}
06-04 21:01:51.977 I/ReactNativeJS(27948): [VROOM-TEL] 2026-06-04T19:01:51.977Z | GPS_ACCEPT | {"lat":51.36091,"lng":19.366765,"acc":4,"speedKmh":56.1,"gpsLock":true}
06-04 21:01:52.167 I/ReactNativeJS(27948): [VROOM-TEL] 2026-06-04T19:01:52.167Z | DRIVE_TRACE_CAMERA | {"t":1780599712167,"seq":781,"gpsTickId":1780599711946,"gpsTickAgeMs":193,"lat":51.360648,"lng":19.36706,"hdg":325,"speedKmh":56.1,"exploring":false,"frameMoveM":0}
06-04 21:01:52.338 I/ReactNativeJS(27948): [VROOM-TEL] 2026-06-04T19:01:52.333Z | CAM_FOLLOW_PUSH | {"t":1780599712333,"lat":51.360662,"lng":19.367045,"hdg":325,"snapHdg":325,"speedKmh":56,"exploring":false,"source":"drive_marker_sv_60fps"}
06-04 21:01:52.561 I/ReactNativeJS(27948): [VROOM-TEL] 2026-06-04T19:01:52.561Z | CAMERA_HEADING | {"t":1780599712561,"speedKmh":56,"movedM":1.1,"moveBearing":null,"snapHdg":325,"headingOut":325,"flipFromPrevDeg":0,"lookaheadM":46,"nativeFollow":true}
06-04 21:01:52.564 I/ReactNativeJS(27948): [VROOM-TEL] 2026-06-04T19:01:52.564Z | DRIVE_TRACE_CAMERA | {"t":1780599712564,"seq":782,"gpsTickId":1780599711946,"gpsTickAgeMs":590,"lat":51.360673,"lng":19.367032,"hdg":323,"speedKmh":56.1,"exploring":false,"frameMoveM":0}
06-04 21:01:52.868 I/ReactNativeJS(27948): [VROOM-TEL] 2026-06-04T19:01:52.868Z | DRIVE_TRACE_CAMERA | {"t":1780599712868,"seq":783,"gpsTickId":1780599711946,"gpsTickAgeMs":894,"lat":51.360712,"lng":19.366989,"hdg":325,"speedKmh":56.1,"exploring":false,"frameMoveM":0}
06-04 21:01:52.975 I/ReactNativeJS(27948): [VROOM-TEL] 2026-06-04T19:01:52.975Z | RAW_GPS_TICK | {"t":1780599712975,"gpsTickId":1780599712944,"gpsTickAgeMs":0,"lat":51.361022,"lng":19.366635,"speed":15.54,"speedKmh":55.9,"accuracy":4,"osTimestamp":1780599712944,"tripActive":true,"appState":"active"}
06-04 21:01:52.975 I/ReactNativeJS(27948): [VROOM-TEL] 2026-06-04T19:01:52.975Z | DRIVE_TRACE_RAW | {"t":1780599712975,"seq":784,"gpsTickId":1780599712944,"gpsTickAgeMs":0,"rawLat":51.361022,"rawLng":19.366635,"accM":4,"speedKmh":55.9,"speedMs":15.5,"heading":324,"tripActive":true,"driving":true,"navigating":false,"osTimestamp":1780599712944}
06-04 21:01:52.976 I/ReactNativeJS(27948): [VROOM-TEL] 2026-06-04T19:01:52.976Z | DRIVE_TRACE_FEED | {"t":1780599712976,"seq":785,"gpsTickId":1780599712944,"gpsTickAgeMs":1,"lat":51.360907,"lng":19.366766,"hdg":324,"durationMs":1200,"speedKmh":55.9}
06-04 21:01:52.977 I/ReactNativeJS(27948): [VROOM-TEL] 2026-06-04T19:01:52.977Z | DRIVE_TRACE_TICK | {"t":1780599712977,"seq":786,"gpsTickId":1780599712944,"gpsTickAgeMs":2,"rawLat":51.361022,"rawLng":19.366635,"snapLat":51.360907,"snapLng":19.366766,"markerLat":51.360907,"markerLng":19.366766,"markerHdg":324,"markerSvLat":51.360712,"markerSvLng":19.366989,"markerSvHdg":325,"accM":4,"hudKmh":55.9,"engineKmh":55.9,"dopplerKmh":55.9,"feedDurMs":1200,"cadenceMs":1001,"feedSpeedMs":15.5,"isNavigating":false,"isFreeDrive":true,"isMoving":true,"feedSkipGate":false,"feedAccepted":true,"feedHeadingOnly":false,"source":"drive_core_v2"}
06-04 21:01:52.977 I/ReactNativeJS(27948): [VROOM-TEL] 2026-06-04T19:01:52.977Z | GPS_ACCEPT | {"lat":51.361022,"lng":19.366635,"acc":4,"speedKmh":55.9,"gpsLock":true}
06-04 21:01:53.133 I/ReactNativeJS(27948): [VROOM-TEL] 2026-06-04T19:01:53.133Z | CAM_FOLLOW_PUSH | {"t":1780599713133,"lat":51.360737,"lng":19.366959,"hdg":325,"snapHdg":324,"speedKmh":56,"exploring":false,"source":"drive_marker_sv_60fps"}
06-04 21:01:53.184 I/ReactNativeJS(27948): [VROOM-TEL] 2026-06-04T19:01:53.183Z | DRIVE_TRACE_CAMERA | {"t":1780599713183,"seq":787,"gpsTickId":1780599712944,"gpsTickAgeMs":208,"lat":51.360745,"lng":19.36695,"hdg":325,"speedKmh":55.9,"exploring":false,"frameMoveM":0}
06-04 21:01:53.483 I/ReactNativeJS(27948): [VROOM-TEL] 2026-06-04T19:01:53.483Z | DRIVE_TRACE_CAMERA | {"t":1780599713483,"seq":788,"gpsTickId":1780599712944,"gpsTickAgeMs":508,"lat":51.360794,"lng":19.366894,"hdg":325,"speedKmh":55.9,"exploring":false,"frameMoveM":0}
06-04 21:01:53.731 I/ReactNativeJS(27948): [VROOM-TEL] 2026-06-04T19:01:53.731Z | CAMERA_HEADING | {"t":1780599713731,"speedKmh":56,"movedM":2.23,"moveBearing":325,"snapHdg":325,"headingOut":325,"flipFromPrevDeg":0,"lookaheadM":46,"nativeFollow":true}
06-04 21:01:53.799 I/ReactNativeJS(27948): [VROOM-TEL] 2026-06-04T19:01:53.798Z | DRIVE_TRACE_CAMERA | {"t":1780599713798,"seq":789,"gpsTickId":1780599712944,"gpsTickAgeMs":823,"lat":51.360838,"lng":19.366845,"hdg":322,"speedKmh":55.9,"exploring":false,"frameMoveM":0}
06-04 21:01:53.933 I/ReactNativeJS(27948): [VROOM-TEL] 2026-06-04T19:01:53.933Z | CAM_FOLLOW_PUSH | {"t":1780599713933,"lat":51.360868,"lng":19.366811,"hdg":325,"snapHdg":324,"speedKmh":56,"exploring":false,"source":"drive_marker_sv_60fps"}
06-04 21:01:53.973 I/ReactNativeJS(27948): [VROOM-TEL] 2026-06-04T19:01:53.973Z | RAW_GPS_TICK | {"t":1780599713973,"gpsTickId":1780599713945,"gpsTickAgeMs":0,"lat":51.361136,"lng":19.366508,"speed":15.51,"speedKmh":55.8,"accuracy":4,"osTimestamp":1780599713945,"tripActive":true,"appState":"active"}
06-04 21:01:53.973 I/ReactNativeJS(27948): [VROOM-TEL] 2026-06-04T19:01:53.973Z | DRIVE_TRACE_RAW | {"t":1780599713973,"seq":790,"gpsTickId":1780599713945,"gpsTickAgeMs":0,"rawLat":51.361136,"rawLng":19.366508,"accM":4,"speedKmh":55.8,"speedMs":15.5,"heading":325,"tripActive":true,"driving":true,"navigating":false,"osTimestamp":1780599713945}
06-04 21:01:53.975 I/ReactNativeJS(27948): [VROOM-TEL] 2026-06-04T19:01:53.975Z | DRIVE_TRACE_FEED | {"t":1780599713975,"seq":791,"gpsTickId":1780599713945,"gpsTickAgeMs":2,"lat":51.360986,"lng":19.366677,"hdg":325,"durationMs":689,"speedKmh":55.8}
06-04 21:01:53.976 I/ReactNativeJS(27948): [VROOM-TEL] 2026-06-04T19:01:53.976Z | DRIVE_TRACE_TICK | {"t":1780599713976,"seq":792,"gpsTickId":1780599713945,"gpsTickAgeMs":3,"rawLat":51.361136,"rawLng":19.366508,"snapLat":51.360986,"snapLng":19.366677,"markerLat":51.360986,"markerLng":19.366677,"markerHdg":325,"markerSvLat":51.360873,"markerSvLng":19.366805,"markerSvHdg":325,"accM":4,"hudKmh":55.8,"engineKmh":55.8,"dopplerKmh":55.8,"feedDurMs":689,"cadenceMs":1000,"feedSpeedMs":15.5,"isNavigating":false,"isFreeDrive":true,"isMoving":true,"feedSkipGate":false,"feedAccepted":true,"feedHeadingOnly":false,"source":"drive_core_v2"}
06-04 21:01:53.976 I/ReactNativeJS(27948): [VROOM-TEL] 2026-06-04T19:01:53.976Z | GPS_ACCEPT | {"lat":51.361136,"lng":19.366508,"acc":4,"speedKmh":55.8,"gpsLock":true}
06-04 21:01:54.034 I/ReactNativeJS(27948): [VROOM-TEL] 2026-06-04T19:01:54.034Z | DRIVE_TRACE_HEARTBEAT | {"t":1780599714034,"seq":793,"gpsTickId":1780599713945,"gpsTickAgeMs":61,"driving":true,"navigating":false,"tripActive":true,"lat":51.361136,"lng":19.3665084,"gpsAgeMs":61}
06-04 21:01:54.034 I/ReactNativeJS(27948): [VROOM-TEL] 2026-06-04T19:01:54.034Z | DRIVE_HEALTH | {"t":1780599714034,"mode":"driving","speedHudKmh":55.8,"speedPipeKmh":55.8,"gpsAgeMs":61,"drAgeMs":59,"gpsToDriftM":20,"snapAnchorDriftM":0,"offRoute":false,"reroutePending":false,"rerouteLoading":false,"hasRoutePts":0}
06-04 21:01:54.100 I/ReactNativeJS(27948): [VROOM-TEL] 2026-06-04T19:01:54.100Z | DRIVE_TRACE_CAMERA | {"t":1780599714100,"seq":794,"gpsTickId":1780599713945,"gpsTickAgeMs":127,"lat":51.360893,"lng":19.366782,"hdg":325,"speedKmh":55.8,"exploring":false,"frameMoveM":0}
06-04 21:01:54.400 I/ReactNativeJS(27948): [VROOM-TEL] 2026-06-04T19:01:54.400Z | DRIVE_TRACE_CAMERA | {"t":1780599714400,"seq":795,"gpsTickId":1780599713945,"gpsTickAgeMs":427,"lat":51.360943,"lng":19.366726,"hdg":325,"speedKmh":55.8,"exploring":false,"frameMoveM":0}
06-04 21:01:54.700 I/ReactNativeJS(27948): [VROOM-TEL] 2026-06-04T19:01:54.700Z | DRIVE_TRACE_CAMERA | {"t":1780599714700,"seq":796,"gpsTickId":1780599713945,"gpsTickAgeMs":727,"lat":51.36099,"lng":19.366673,"hdg":325,"speedKmh":55.8,"exploring":false,"frameMoveM":0}
06-04 21:01:54.750 I/ReactNativeJS(27948): [VROOM-TEL] 2026-06-04T19:01:54.750Z | CAM_FOLLOW_PUSH | {"t":1780599714750,"lat":51.360995,"lng":19.366667,"hdg":325,"snapHdg":325,"speedKmh":56,"exploring":false,"source":"drive_marker_sv_60fps"}
06-04 21:01:54.834 I/ReactNativeJS(27948): [VROOM-TEL] 2026-06-04T19:01:54.834Z | CAMERA_HEADING | {"t":1780599714834,"speedKmh":56,"movedM":0.26,"moveBearing":325,"snapHdg":325,"headingOut":325,"flipFromPrevDeg":0,"lookaheadM":46,"nativeFollow":true}
06-04 21:01:54.997 I/ReactNativeJS(27948): [VROOM-TEL] 2026-06-04T19:01:54.997Z | RAW_GPS_TICK | {"t":1780599714997,"gpsTickId":1780599714945,"gpsTickAgeMs":0,"lat":51.361251,"lng":19.36638,"speed":15.55,"speedKmh":56,"accuracy":4,"osTimestamp":1780599714945,"tripActive":true,"appState":"active"}
06-04 21:01:54.997 I/ReactNativeJS(27948): [VROOM-TEL] 2026-06-04T19:01:54.997Z | DRIVE_TRACE_RAW | {"t":1780599714997,"seq":797,"gpsTickId":1780599714945,"gpsTickAgeMs":0,"rawLat":51.361251,"rawLng":19.36638,"accM":4,"speedKmh":56,"speedMs":15.6,"heading":325,"tripActive":true,"driving":true,"navigating":false,"osTimestamp":1780599714945}
06-04 21:01:54.998 I/ReactNativeJS(27948): [VROOM-TEL] 2026-06-04T19:01:54.998Z | DRIVE_TRACE_FEED | {"t":1780599714998,"seq":798,"gpsTickId":1780599714945,"gpsTickAgeMs":1,"lat":51.361065,"lng":19.366589,"hdg":325,"durationMs":689,"speedKmh":56}
06-04 21:01:54.998 I/ReactNativeJS(27948): [VROOM-TEL] 2026-06-04T19:01:54.998Z | DRIVE_TRACE_TICK | {"t":1780599714998,"seq":799,"gpsTickId":1780599714945,"gpsTickAgeMs":1,"rawLat":51.361251,"rawLng":19.36638,"snapLat":51.361065,"snapLng":19.366589,"markerLat":51.361065,"markerLng":19.366589,"markerHdg":325,"markerSvLat":51.361009,"markerSvLng":19.366651,"markerSvHdg":325,"accM":4,"hudKmh":56,"engineKmh":55.8,"dopplerKmh":56,"feedDurMs":689,"cadenceMs":1008,"feedSpeedMs":15.6,"isNavigating":false,"isFreeDrive":true,"isMoving":true,"feedSkipGate":false,"feedAccepted":true,"feedHeadingOnly":false,"source":"drive_core_v2"}
06-04 21:01:54.998 I/ReactNativeJS(27948): [VROOM-TEL] 2026-06-04T19:01:54.998Z | GPS_ACCEPT | {"lat":51.361251,"lng":19.36638,"acc":4,"speedKmh":56,"gpsLock":true}
06-04 21:01:55.092 I/ReactNativeJS(27948): [VROOM-TEL] 2026-06-04T19:01:55.092Z | DRIVE_TRACE_CAMERA | {"t":1780599715092,"seq":800,"gpsTickId":1780599714945,"gpsTickAgeMs":95,"lat":51.36101,"lng":19.36665,"hdg":327,"speedKmh":56,"exploring":false,"frameMoveM":0}
06-04 21:01:55.402 I/ReactNativeJS(27948): [VROOM-TEL] 2026-06-04T19:01:55.402Z | DRIVE_TRACE_CAMERA | {"t":1780599715402,"seq":801,"gpsTickId":1780599714945,"gpsTickAgeMs":405,"lat":51.361042,"lng":19.366615,"hdg":325,"speedKmh":56,"exploring":false,"frameMoveM":0}
06-04 21:01:55.550 I/ReactNativeJS(27948): [VROOM-TEL] 2026-06-04T19:01:55.550Z | CAM_FOLLOW_PUSH | {"t":1780599715550,"lat":51.361054,"lng":19.366601,"hdg":325,"snapHdg":325,"speedKmh":56,"exploring":false,"source":"drive_marker_sv_60fps"}
06-04 21:01:55.717 I/ReactNativeJS(27948): [VROOM-TEL] 2026-06-04T19:01:55.717Z | DRIVE_TRACE_CAMERA | {"t":1780599715717,"seq":802,"gpsTickId":1780599714945,"gpsTickAgeMs":720,"lat":51.361067,"lng":19.366587,"hdg":325,"speedKmh":56,"exploring":false,"frameMoveM":0}
06-04 21:01:55.957 I/ReactNativeJS(27948): [VROOM-TEL] 2026-06-04T19:01:55.957Z | RAW_GPS_TICK | {"t":1780599715957,"gpsTickId":1780599715945,"gpsTickAgeMs":0,"lat":51.361367,"lng":19.366256,"speed":15.55,"speedKmh":56,"accuracy":4,"osTimestamp":1780599715945,"tripActive":true,"appState":"active"}
06-04 21:01:55.957 I/ReactNativeJS(27948): [VROOM-TEL] 2026-06-04T19:01:55.957Z | DRIVE_TRACE_RAW | {"t":1780599715957,"seq":803,"gpsTickId":1780599715945,"gpsTickAgeMs":0,"rawLat":51.361367,"rawLng":19.366256,"accM":4,"speedKmh":56,"speedMs":15.6,"heading":326,"tripActive":true,"driving":true,"navigating":false,"osTimestamp":1780599715945}
06-04 21:01:55.959 I/ReactNativeJS(27948): [VROOM-TEL] 2026-06-04T19:01:55.959Z | DRIVE_TRACE_FEED | {"t":1780599715959,"seq":804,"gpsTickId":1780599715945,"gpsTickAgeMs":2,"lat":51.361144,"lng":19.366501,"hdg":326,"durationMs":689,"speedKmh":56}
06-04 21:01:55.960 I/ReactNativeJS(27948): [VROOM-TEL] 2026-06-04T19:01:55.960Z | DRIVE_TRACE_TICK | {"t":1780599715960,"seq":805,"gpsTickId":1780599715945,"gpsTickAgeMs":3,"rawLat":51.361367,"rawLng":19.366256,"snapLat":51.361144,"snapLng":19.366501,"markerLat":51.361144,"markerLng":19.366501,"markerHdg":326,"markerSvLat":51.361086,"markerSvLng":19.366565,"markerSvHdg":325,"accM":4,"hudKmh":56,"engineKmh":55.9,"dopplerKmh":56,"feedDurMs":689,"cadenceMs":991,"feedSpeedMs":15.6,"isNavigating":false,"isFreeDrive":true,"isMoving":true,"feedSkipGate":false,"feedAccepted":true,"feedHeadingOnly":false,"source":"drive_core_v2"}
06-04 21:01:55.960 I/ReactNativeJS(27948): [VROOM-TEL] 2026-06-04T19:01:55.960Z | GPS_ACCEPT | {"lat":51.361367,"lng":19.366256,"acc":4,"speedKmh":58.1,"gpsLock":true}
06-04 21:01:56.007 I/ReactNativeJS(27948): [VROOM-TEL] 2026-06-04T19:01:56.007Z | CAMERA_HEADING | {"t":1780599716007,"speedKmh":56,"movedM":0.46,"moveBearing":null,"snapHdg":326,"headingOut":326,"flipFromPrevDeg":0,"lookaheadM":46,"nativeFollow":true}
06-04 21:01:56.033 I/ReactNativeJS(27948): [VROOM-TEL] 2026-06-04T19:01:56.033Z | DRIVE_TRACE_CAMERA | {"t":1780599716033,"seq":806,"gpsTickId":1780599715945,"gpsTickAgeMs":76,"lat":51.361092,"lng":19.366558,"hdg":326,"speedKmh":56,"exploring":false,"frameMoveM":0}
06-04 21:01:56.333 I/ReactNativeJS(27948): [VROOM-TEL] 2026-06-04T19:01:56.333Z | DRIVE_TRACE_CAMERA | {"t":1780599716333,"seq":807,"gpsTickId":1780599715945,"gpsTickAgeMs":376,"lat":51.361118,"lng":19.366531,"hdg":326,"speedKmh":56,"exploring":false,"frameMoveM":0}
06-04 21:01:56.350 I/ReactNativeJS(27948): [VROOM-TEL] 2026-06-04T19:01:56.350Z | CAM_FOLLOW_PUSH | {"t":1780599716350,"lat":51.361119,"lng":19.366529,"hdg":326,"snapHdg":326,"speedKmh":56,"exploring":false,"source":"drive_marker_sv_60fps"}
06-04 21:01:56.634 I/ReactNativeJS(27948): [VROOM-TEL] 2026-06-04T19:01:56.634Z | DRIVE_TRACE_CAMERA | {"t":1780599716634,"seq":808,"gpsTickId":1780599715945,"gpsTickAgeMs":677,"lat":51.361143,"lng":19.366503,"hdg":326,"speedKmh":56,"exploring":false,"frameMoveM":0}
06-04 21:01:56.944 I/ReactNativeJS(27948): [VROOM-TEL] 2026-06-04T19:01:56.944Z | DRIVE_TRACE_CAMERA | {"t":1780599716944,"seq":809,"gpsTickId":1780599715945,"gpsTickAgeMs":987,"lat":51.361167,"lng":19.366476,"hdg":326,"speedKmh":56,"exploring":false,"frameMoveM":0}
06-04 21:01:57.008 I/ReactNativeJS(27948): [VROOM-TEL] 2026-06-04T19:01:57.008Z | RAW_GPS_TICK | {"t":1780599717008,"gpsTickId":1780599716945,"gpsTickAgeMs":0,"lat":51.361486,"lng":19.366136,"speed":15.54,"speedKmh":55.9,"accuracy":4,"osTimestamp":1780599716945,"tripActive":true,"appState":"active"}
06-04 21:01:57.008 I/ReactNativeJS(27948): [VROOM-TEL] 2026-06-04T19:01:57.008Z | DRIVE_TRACE_RAW | {"t":1780599717008,"seq":810,"gpsTickId":1780599716945,"gpsTickAgeMs":0,"rawLat":51.361486,"rawLng":19.366136,"accM":4,"speedKmh":55.9,"speedMs":15.5,"heading":328,"tripActive":true,"driving":true,"navigating":false,"osTimestamp":1780599716945}
06-04 21:01:57.009 I/ReactNativeJS(27948): [VROOM-TEL] 2026-06-04T19:01:57.009Z | DRIVE_TRACE_FEED | {"t":1780599717009,"seq":811,"gpsTickId":1780599716945,"gpsTickAgeMs":1,"lat":51.361368,"lng":19.366261,"hdg":327,"durationMs":1200,"speedKmh":56}
06-04 21:01:57.009 I/ReactNativeJS(27948): [VROOM-TEL] 2026-06-04T19:01:57.009Z | DRIVE_TRACE_TICK | {"t":1780599717009,"seq":812,"gpsTickId":1780599716945,"gpsTickAgeMs":1,"rawLat":51.361486,"rawLng":19.366136,"snapLat":51.361368,"snapLng":19.366261,"markerLat":51.361368,"markerLng":19.366261,"markerHdg":327,"markerSvLat":51.361167,"markerSvLng":19.366476,"markerSvHdg":326,"accM":4,"hudKmh":56,"engineKmh":56,"dopplerKmh":55.9,"feedDurMs":1200,"cadenceMs":1012,"feedSpeedMs":15.6,"isNavigating":false,"isFreeDrive":true,"isMoving":true,"feedSkipGate":false,"feedAccepted":true,"feedHeadingOnly":false,"source":"drive_core_v2"}
06-04 21:01:57.009 I/ReactNativeJS(27948): [VROOM-TEL] 2026-06-04T19:01:57.009Z | GPS_ACCEPT | {"lat":51.361486,"lng":19.366136,"acc":4,"speedKmh":55.9,"gpsLock":true}
06-04 21:01:57.116 I/ReactNativeJS(27948): [VROOM-TEL] 2026-06-04T19:01:57.116Z | CAMERA_HEADING | {"t":1780599717116,"speedKmh":56,"movedM":0.38,"moveBearing":326,"snapHdg":326,"headingOut":326,"flipFromPrevDeg":0,"lookaheadM":46,"nativeFollow":true}
06-04 21:01:57.150 I/ReactNativeJS(27948): [VROOM-TEL] 2026-06-04T19:01:57.150Z | CAM_FOLLOW_PUSH | {"t":1780599717150,"lat":51.361191,"lng":19.366451,"hdg":326,"snapHdg":327,"speedKmh":56,"exploring":false,"source":"drive_marker_sv_60fps"}
06-04 21:01:57.250 I/ReactNativeJS(27948): [VROOM-TEL] 2026-06-04T19:01:57.250Z | DRIVE_TRACE_CAMERA | {"t":1780599717250,"seq":813,"gpsTickId":1780599716945,"gpsTickAgeMs":242,"lat":51.361207,"lng":19.366433,"hdg":326,"speedKmh":56,"exploring":false,"frameMoveM":0}
06-04 21:01:57.550 I/ReactNativeJS(27948): [VROOM-TEL] 2026-06-04T19:01:57.550Z | DRIVE_TRACE_CAMERA | {"t":1780599717550,"seq":814,"gpsTickId":1780599716945,"gpsTickAgeMs":542,"lat":51.361257,"lng":19.366379,"hdg":326,"speedKmh":56,"exploring":false,"frameMoveM":0}
06-04 21:01:57.850 I/ReactNativeJS(27948): [VROOM-TEL] 2026-06-04T19:01:57.850Z | DRIVE_TRACE_CAMERA | {"t":1780599717850,"seq":815,"gpsTickId":1780599716945,"gpsTickAgeMs":842,"lat":51.361308,"lng":19.366325,"hdg":326,"speedKmh":56,"exploring":false,"frameMoveM":0}
06-04 21:01:57.950 I/ReactNativeJS(27948): [VROOM-TEL] 2026-06-04T19:01:57.950Z | CAM_FOLLOW_PUSH | {"t":1780599717950,"lat":51.361324,"lng":19.366307,"hdg":326,"snapHdg":327,"speedKmh":56,"exploring":false,"source":"drive_marker_sv_60fps"}
06-04 21:01:57.959 I/ReactNativeJS(27948): [VROOM-TEL] 2026-06-04T19:01:57.959Z | RAW_GPS_TICK | {"t":1780599717959,"gpsTickId":1780599717945,"gpsTickAgeMs":0,"lat":51.361612,"lng":19.366023,"speed":15.53,"speedKmh":55.9,"accuracy":4,"osTimestamp":1780599717945,"tripActive":true,"appState":"active"}
06-04 21:01:57.959 I/ReactNativeJS(27948): [VROOM-TEL] 2026-06-04T19:01:57.959Z | DRIVE_TRACE_RAW | {"t":1780599717959,"seq":816,"gpsTickId":1780599717945,"gpsTickAgeMs":0,"rawLat":51.361612,"rawLng":19.366023,"accM":4,"speedKmh":55.9,"speedMs":15.5,"heading":330,"tripActive":true,"driving":true,"navigating":false,"osTimestamp":1780599717945}
06-04 21:01:57.961 I/ReactNativeJS(27948): [VROOM-TEL] 2026-06-04T19:01:57.960Z | DRIVE_TRACE_FEED | {"t":1780599717960,"seq":817,"gpsTickId":1780599717945,"gpsTickAgeMs":1,"lat":51.36145,"lng":19.36618,"hdg":329,"durationMs":688,"speedKmh":56.1}
06-04 21:01:57.961 I/ReactNativeJS(27948): [VROOM-TEL] 2026-06-04T19:01:57.961Z | DRIVE_TRACE_TICK | {"t":1780599717961,"seq":818,"gpsTickId":1780599717945,"gpsTickAgeMs":2,"rawLat":51.361612,"rawLng":19.366023,"snapLat":51.36145,"snapLng":19.36618,"markerLat":51.36145,"markerLng":19.36618,"markerHdg":329,"markerSvLat":51.361324,"markerSvLng":19.366307,"markerSvHdg":326,"accM":4,"hudKmh":56.1,"engineKmh":56.1,"dopplerKmh":55.9,"feedDurMs":688,"cadenceMs":991,"feedSpeedMs":15.6,"isNavigating":false,"isFreeDrive":true,"isMoving":true,"feedSkipGate":false,"feedAccepted":true,"feedHeadingOnly":false,"source":"drive_core_v2"}
06-04 21:01:57.961 I/ReactNativeJS(27948): [VROOM-TEL] 2026-06-04T19:01:57.961Z | GPS_ACCEPT | {"lat":51.361612,"lng":19.366023,"acc":4,"speedKmh":60.8,"gpsLock":true}
06-04 21:01:58.150 I/ReactNativeJS(27948): [VROOM-TEL] 2026-06-04T19:01:58.150Z | DRIVE_TRACE_CAMERA | {"t":1780599718150,"seq":819,"gpsTickId":1780599717945,"gpsTickAgeMs":191,"lat":51.361359,"lng":19.366272,"hdg":328,"speedKmh":56.1,"exploring":false,"frameMoveM":0}
06-04 21:01:58.216 I/ReactNativeJS(27948): [VROOM-TEL] 2026-06-04T19:01:58.216Z | CAMERA_HEADING | {"t":1780599718216,"speedKmh":56,"movedM":0.41,"moveBearing":328,"snapHdg":328,"headingOut":328,"flipFromPrevDeg":0,"lookaheadM":46,"nativeFollow":true}
06-04 21:01:58.450 I/ReactNativeJS(27948): [VROOM-TEL] 2026-06-04T19:01:58.450Z | DRIVE_TRACE_CAMERA | {"t":1780599718450,"seq":820,"gpsTickId":1780599717945,"gpsTickAgeMs":491,"lat":51.361414,"lng":19.366217,"hdg":328,"speedKmh":56.1,"exploring":false,"frameMoveM":0}
06-04 21:01:58.750 I/ReactNativeJS(27948): [VROOM-TEL] 2026-06-04T19:01:58.750Z | CAM_FOLLOW_PUSH | {"t":1780599718750,"lat":51.361462,"lng":19.366168,"hdg":328,"snapHdg":329,"speedKmh":56,"exploring":false,"source":"drive_marker_sv_60fps"}
06-04 21:01:58.750 I/ReactNativeJS(27948): [VROOM-TEL] 2026-06-04T19:01:58.750Z | DRIVE_TRACE_CAMERA | {"t":1780599718750,"seq":821,"gpsTickId":1780599717945,"gpsTickAgeMs":791,"lat":51.361462,"lng":19.366168,"hdg":328,"speedKmh":56.1,"exploring":false,"frameMoveM":0}
06-04 21:01:58.968 I/ReactNativeJS(27948): [VROOM-TEL] 2026-06-04T19:01:58.968Z | RAW_GPS_TICK | {"t":1780599718968,"gpsTickId":1780599718945,"gpsTickAgeMs":0,"lat":51.361729,"lng":19.365932,"speed":14.53,"speedKmh":52.3,"accuracy":4,"osTimestamp":1780599718945,"tripActive":true,"appState":"active"}
06-04 21:01:58.968 I/ReactNativeJS(27948): [VROOM-TEL] 2026-06-04T19:01:58.968Z | DRIVE_TRACE_RAW | {"t":1780599718968,"seq":822,"gpsTickId":1780599718945,"gpsTickAgeMs":0,"rawLat":51.361729,"rawLng":19.365932,"accM":4,"speedKmh":52.3,"speedMs":14.5,"heading":333,"tripActive":true,"driving":true,"navigating":false,"osTimestamp":1780599718945}
06-04 21:01:58.969 I/ReactNativeJS(27948): [VROOM-TEL] 2026-06-04T19:01:58.969Z | DRIVE_TRACE_FEED | {"t":1780599718969,"seq":823,"gpsTickId":1780599718945,"gpsTickAgeMs":1,"lat":51.361533,"lng":19.366105,"hdg":332,"durationMs":690,"speedKmh":55.2}
06-04 21:01:58.970 I/ReactNativeJS(27948): [VROOM-TEL] 2026-06-04T19:01:58.969Z | DRIVE_TRACE_TICK | {"t":1780599718969,"seq":824,"gpsTickId":1780599718945,"gpsTickAgeMs":1,"rawLat":51.361729,"rawLng":19.365932,"snapLat":51.361533,"snapLng":19.366105,"markerLat":51.361533,"markerLng":19.366105,"markerHdg":332,"markerSvLat":51.361474,"markerSvLng":19.366156,"markerSvHdg":328,"accM":4,"hudKmh":55.2,"engineKmh":55.2,"dopplerKmh":52.3,"feedDurMs":690,"cadenceMs":997,"feedSpeedMs":15.3,"isNavigating":false,"isFreeDrive":true,"isMoving":true,"feedSkipGate":false,"feedAccepted":true,"feedHeadingOnly":false,"source":"drive_core_v2"}
06-04 21:01:58.970 I/ReactNativeJS(27948): [VROOM-TEL] 2026-06-04T19:01:58.970Z | GPS_ACCEPT | {"lat":51.361729,"lng":19.365932,"acc":4,"speedKmh":52.3,"gpsLock":true}
06-04 21:01:59.063 I/ReactNativeJS(27948): [VROOM-TEL] 2026-06-04T19:01:59.063Z | DRIVE_TRACE_CAMERA | {"t":1780599719063,"seq":825,"gpsTickId":1780599718945,"gpsTickAgeMs":95,"lat":51.361478,"lng":19.366152,"hdg":330,"speedKmh":55.2,"exploring":false,"frameMoveM":0}
06-04 21:01:59.068 I/ReactNativeJS(27948): [VROOM-TEL] 2026-06-04T19:01:59.068Z | DRIVE_TRACE_HEARTBEAT | {"t":1780599719068,"seq":826,"gpsTickId":1780599718945,"gpsTickAgeMs":100,"driving":true,"navigating":false,"tripActive":true,"lat":51.3617288,"lng":19.3659325,"gpsAgeMs":100}
06-04 21:01:59.316 I/ReactNativeJS(27948): [VROOM-TEL] 2026-06-04T19:01:59.316Z | CAMERA_HEADING | {"t":1780599719316,"speedKmh":55,"movedM":0.18,"moveBearing":332,"snapHdg":332,"headingOut":332,"flipFromPrevDeg":0,"lookaheadM":46,"nativeFollow":true}
06-04 21:01:59.366 I/ReactNativeJS(27948): [VROOM-TEL] 2026-06-04T19:01:59.366Z | DRIVE_TRACE_CAMERA | {"t":1780599719366,"seq":827,"gpsTickId":1780599718945,"gpsTickAgeMs":398,"lat":51.361508,"lng":19.366127,"hdg":332,"speedKmh":55.2,"exploring":false,"frameMoveM":0}
06-04 21:01:59.550 I/ReactNativeJS(27948): [VROOM-TEL] 2026-06-04T19:01:59.550Z | CAM_FOLLOW_PUSH | {"t":1780599719550,"lat":51.361523,"lng":19.366113,"hdg":332,"snapHdg":332,"speedKmh":55,"exploring":false,"source":"drive_marker_sv_60fps"}
06-04 21:01:59.666 I/ReactNativeJS(27948): [VROOM-TEL] 2026-06-04T19:01:59.666Z | DRIVE_TRACE_CAMERA | {"t":1780599719666,"seq":828,"gpsTickId":1780599718945,"gpsTickAgeMs":698,"lat":51.361533,"lng":19.366105,"hdg":332,"speedKmh":55.2,"exploring":false,"frameMoveM":0}
06-04 21:01:59.968 I/ReactNativeJS(27948): [VROOM-TEL] 2026-06-04T19:01:59.968Z | RAW_GPS_TICK | {"t":1780599719968,"gpsTickId":1780599719945,"gpsTickAgeMs":0,"lat":51.36183,"lng":19.365862,"speed":12.37,"speedKmh":44.5,"accuracy":4,"osTimestamp":1780599719945,"tripActive":true,"appState":"active"}
06-04 21:01:59.969 I/ReactNativeJS(27948): [VROOM-TEL] 2026-06-04T19:01:59.969Z | DRIVE_TRACE_RAW | {"t":1780599719969,"seq":829,"gpsTickId":1780599719945,"gpsTickAgeMs":0,"rawLat":51.36183,"rawLng":19.365862,"accM":4,"speedKmh":44.5,"speedMs":12.4,"heading":335,"tripActive":true,"driving":true,"navigating":false,"osTimestamp":1780599719945}
06-04 21:01:59.970 I/ReactNativeJS(27948): [VROOM-TEL] 2026-06-04T19:01:59.970Z | DRIVE_TRACE_FEED | {"t":1780599719970,"seq":830,"gpsTickId":1780599719945,"gpsTickAgeMs":2,"lat":51.361613,"lng":19.366038,"hdg":335,"durationMs":699,"speedKmh":51.9}
06-04 21:01:59.979 I/ReactNativeJS(27948): [VROOM-TEL] 2026-06-04T19:01:59.979Z | DRIVE_TRACE_TICK | {"t":1780599719979,"seq":831,"gpsTickId":1780599719945,"gpsTickAgeMs":11,"rawLat":51.36183,"rawLng":19.365862,"snapLat":51.361613,"snapLng":19.366038,"markerLat":51.361613,"markerLng":19.366038,"markerHdg":335,"markerSvLat":51.361556,"markerSvLng":19.366082,"markerSvHdg":328,"accM":4,"hudKmh":51.9,"engineKmh":51.9,"dopplerKmh":44.5,"feedDurMs":699,"cadenceMs":998,"feedSpeedMs":14.4,"isNavigating":false,"isFreeDrive":true,"isMoving":true,"feedSkipGate":false,"feedAccepted":true,"feedHeadingOnly":false,"source":"drive_core_v2"}
06-04 21:01:59.979 I/ReactNativeJS(27948): [VROOM-TEL] 2026-06-04T19:01:59.979Z | GPS_ACCEPT | {"lat":51.36183,"lng":19.365862,"acc":4,"speedKmh":44.5,"gpsLock":true}
06-04 21:02:00.042 I/ReactNativeJS(27948): [VROOM-TEL] 2026-06-04T19:02:00.042Z | DRIVE_TRACE_CAMERA | {"t":1780599720042,"seq":832,"gpsTickId":1780599719945,"gpsTickAgeMs":74,"lat":51.361559,"lng":19.36608,"hdg":337,"speedKmh":51.9,"exploring":false,"frameMoveM":0}
06-04 21:02:00.349 I/ReactNativeJS(27948): [VROOM-TEL] 2026-06-04T19:02:00.349Z | DRIVE_TRACE_CAMERA | {"t":1780599720349,"seq":833,"gpsTickId":1780599719945,"gpsTickAgeMs":381,"lat":51.361587,"lng":19.366058,"hdg":334,"speedKmh":51.9,"exploring":false,"frameMoveM":0}
06-04 21:02:00.366 I/ReactNativeJS(27948): [VROOM-TEL] 2026-06-04T19:02:00.366Z | CAM_FOLLOW_PUSH | {"t":1780599720366,"lat":51.361589,"lng":19.366057,"hdg":334,"snapHdg":335,"speedKmh":52,"exploring":false,"source":"drive_marker_sv_60fps"}
06-04 21:02:00.416 I/ReactNativeJS(27948): [VROOM-TEL] 2026-06-04T19:02:00.416Z | CAMERA_HEADING | {"t":1780599720416,"speedKmh":52,"movedM":0.17,"moveBearing":334,"snapHdg":334,"headingOut":334,"flipFromPrevDeg":0,"lookaheadM":46,"nativeFollow":true}
06-04 21:02:00.650 I/ReactNativeJS(27948): [VROOM-TEL] 2026-06-04T19:02:00.649Z | DRIVE_TRACE_CAMERA | {"t":1780599720649,"seq":834,"gpsTickId":1780599719945,"gpsTickAgeMs":681,"lat":51.361612,"lng":19.366039,"hdg":334,"speedKmh":51.9,"exploring":false,"frameMoveM":0}
06-04 21:02:00.972 I/ReactNativeJS(27948): [VROOM-TEL] 2026-06-04T19:02:00.972Z | RAW_GPS_TICK | {"t":1780599720972,"gpsTickId":1780599720944,"gpsTickAgeMs":0,"lat":51.361909,"lng":19.365814,"speed":9.7,"speedKmh":34.9,"accuracy":4,"osTimestamp":1780599720944,"tripActive":true,"appState":"active"}
06-04 21:02:00.972 I/ReactNativeJS(27948): [VROOM-TEL] 2026-06-04T19:02:00.972Z | DRIVE_TRACE_RAW | {"t":1780599720972,"seq":835,"gpsTickId":1780599720944,"gpsTickAgeMs":0,"rawLat":51.361909,"rawLng":19.365814,"accM":4,"speedKmh":34.9,"speedMs":9.7,"heading":338,"tripActive":true,"driving":true,"navigating":false,"osTimestamp":1780599720944}
06-04 21:02:00.973 I/ReactNativeJS(27948): [VROOM-TEL] 2026-06-04T19:02:00.973Z | DRIVE_TRACE_FEED | {"t":1780599720973,"seq":836,"gpsTickId":1780599720944,"gpsTickAgeMs":1,"lat":51.361686,"lng":19.365979,"hdg":338,"durationMs":719,"speedKmh":45.4}
06-04 21:02:00.974 I/ReactNativeJS(27948): [VROOM-TEL] 2026-06-04T19:02:00.974Z | DRIVE_TRACE_TICK | {"t":1780599720974,"seq":837,"gpsTickId":1780599720944,"gpsTickAgeMs":2,"rawLat":51.361909,"rawLng":19.365814,"snapLat":51.361686,"snapLng":19.365979,"markerLat":51.361686,"markerLng":19.365979,"markerHdg":338,"markerSvLat":51.361634,"markerSvLng":19.366018,"markerSvHdg":328,"accM":4,"hudKmh":45.4,"engineKmh":45.4,"dopplerKmh":34.9,"feedDurMs":719,"cadenceMs":1000,"feedSpeedMs":12.6,"isNavigating":false,"isFreeDrive":true,"isMoving":true,"feedSkipGate":false,"feedAccepted":true,"feedHeadingOnly":false,"source":"drive_core_v2"}
06-04 21:02:00.974 I/ReactNativeJS(27948): [VROOM-TEL] 2026-06-04T19:02:00.974Z | GPS_ACCEPT | {"lat":51.361909,"lng":19.365814,"acc":4,"speedKmh":34.9,"gpsLock":true}
06-04 21:02:01.017 I/ReactNativeJS(27948): [VROOM-TEL] 2026-06-04T19:02:01.017Z | DRIVE_TRACE_CAMERA | {"t":1780599721017,"seq":838,"gpsTickId":1780599720944,"gpsTickAgeMs":45,"lat":51.361635,"lng":19.366017,"hdg":330,"speedKmh":45.4,"exploring":false,"frameMoveM":0}
06-04 21:02:01.184 I/ReactNativeJS(27948): [VROOM-TEL] 2026-06-04T19:02:01.183Z | CAM_FOLLOW_PUSH | {"t":1780599721183,"lat":51.361649,"lng":19.366007,"hdg":335,"snapHdg":338,"speedKmh":45,"exploring":false,"source":"drive_marker_sv_60fps"}
06-04 21:02:01.318 I/ReactNativeJS(27948): [VROOM-TEL] 2026-06-04T19:02:01.317Z | DRIVE_TRACE_CAMERA | {"t":1780599721317,"seq":839,"gpsTickId":1780599720944,"gpsTickAgeMs":345,"lat":51.361659,"lng":19.365999,"hdg":335,"speedKmh":45.4,"exploring":false,"frameMoveM":0}
06-04 21:02:01.516 I/ReactNativeJS(27948): [VROOM-TEL] 2026-06-04T19:02:01.516Z | CAMERA_HEADING | {"t":1780599721516,"speedKmh":45,"movedM":0.15,"moveBearing":335,"snapHdg":335,"headingOut":335,"flipFromPrevDeg":0,"lookaheadM":39,"nativeFollow":true}
06-04 21:02:01.638 I/ReactNativeJS(27948): [VROOM-TEL] 2026-06-04T19:02:01.637Z | DRIVE_TRACE_CAMERA | {"t":1780599721637,"seq":840,"gpsTickId":1780599720944,"gpsTickAgeMs":665,"lat":51.361682,"lng":19.365982,"hdg":335,"speedKmh":45.4,"exploring":false,"frameMoveM":0}
06-04 21:02:01.961 I/ReactNativeJS(27948): [VROOM-TEL] 2026-06-04T19:02:01.961Z | RAW_GPS_TICK | {"t":1780599721961,"gpsTickId":1780599721945,"gpsTickAgeMs":0,"lat":51.361973,"lng":19.365779,"speed":7.65,"speedKmh":27.5,"accuracy":4,"osTimestamp":1780599721945,"tripActive":true,"appState":"active"}
06-04 21:02:01.961 I/ReactNativeJS(27948): [VROOM-TEL] 2026-06-04T19:02:01.961Z | DRIVE_TRACE_RAW | {"t":1780599721961,"seq":841,"gpsTickId":1780599721945,"gpsTickAgeMs":0,"rawLat":51.361973,"rawLng":19.365779,"accM":4,"speedKmh":27.5,"speedMs":7.7,"heading":340,"tripActive":true,"driving":true,"navigating":false,"osTimestamp":1780599721945}
06-04 21:02:01.963 I/ReactNativeJS(27948): [VROOM-TEL] 2026-06-04T19:02:01.963Z | DRIVE_TRACE_FEED | {"t":1780599721963,"seq":842,"gpsTickId":1780599721945,"gpsTickAgeMs":2,"lat":51.361749,"lng":19.365929,"hdg":340,"durationMs":751,"speedKmh":37.6}
06-04 21:02:01.963 I/ReactNativeJS(27948): [VROOM-TEL] 2026-06-04T19:02:01.963Z | DRIVE_TRACE_TICK | {"t":1780599721963,"seq":843,"gpsTickId":1780599721945,"gpsTickAgeMs":2,"rawLat":51.361973,"rawLng":19.365779,"snapLat":51.361749,"snapLng":19.365929,"markerLat":51.361749,"markerLng":19.365929,"markerHdg":340,"markerSvLat":51.361703,"markerSvLng":19.365967,"markerSvHdg":337,"accM":4,"hudKmh":37.6,"engineKmh":37.6,"dopplerKmh":27.5,"feedDurMs":751,"cadenceMs":996,"feedSpeedMs":10.4,"isNavigating":false,"isFreeDrive":true,"isMoving":true,"feedSkipGate":false,"feedAccepted":true,"feedHeadingOnly":false,"source":"drive_core_v2"}
06-04 21:02:01.964 I/ReactNativeJS(27948): [VROOM-TEL] 2026-06-04T19:02:01.964Z | GPS_ACCEPT | {"lat":51.361973,"lng":19.365779,"acc":4,"speedKmh":27.5,"gpsLock":true}
06-04 21:02:01.969 I/ReactNativeJS(27948): [VROOM-TEL] 2026-06-04T19:02:01.969Z | DRIVE_TRACE_CAMERA | {"t":1780599721969,"seq":844,"gpsTickId":1780599721945,"gpsTickAgeMs":8,"lat":51.361704,"lng":19.365967,"hdg":340,"speedKmh":37.6,"exploring":false,"frameMoveM":0}
06-04 21:02:01.983 I/ReactNativeJS(27948): [VROOM-TEL] 2026-06-04T19:02:01.983Z | CAM_FOLLOW_PUSH | {"t":1780599721983,"lat":51.361705,"lng":19.365966,"hdg":332,"snapHdg":340,"speedKmh":38,"exploring":false,"source":"drive_marker_sv_60fps"}
06-04 21:02:02.284 I/ReactNativeJS(27948): [VROOM-TEL] 2026-06-04T19:02:02.284Z | DRIVE_TRACE_CAMERA | {"t":1780599722284,"seq":845,"gpsTickId":1780599721945,"gpsTickAgeMs":323,"lat":51.361723,"lng":19.365951,"hdg":332,"speedKmh":37.6,"exploring":false,"frameMoveM":0}
06-04 21:02:02.601 I/ReactNativeJS(27948): [VROOM-TEL] 2026-06-04T19:02:02.584Z | DRIVE_TRACE_CAMERA | {"t":1780599722584,"seq":846,"gpsTickId":1780599721945,"gpsTickAgeMs":623,"lat":51.361741,"lng":19.365935,"hdg":332,"speedKmh":37.6,"exploring":false,"frameMoveM":0}
06-04 21:02:02.633 I/ReactNativeJS(27948): [VROOM-TEL] 2026-06-04T19:02:02.633Z | CAMERA_HEADING | {"t":1780599722633,"speedKmh":38,"movedM":0.25,"moveBearing":332,"snapHdg":332,"headingOut":332,"flipFromPrevDeg":0,"lookaheadM":33,"nativeFollow":true}
06-04 21:02:02.783 I/ReactNativeJS(27948): [VROOM-TEL] 2026-06-04T19:02:02.783Z | CAM_FOLLOW_PUSH | {"t":1780599722783,"lat":51.361755,"lng":19.365925,"hdg":337,"snapHdg":340,"speedKmh":38,"exploring":false,"source":"drive_marker_sv_60fps"}
06-04 21:02:02.968 I/ReactNativeJS(27948): [VROOM-TEL] 2026-06-04T19:02:02.968Z | RAW_GPS_TICK | {"t":1780599722968,"gpsTickId":1780599722945,"gpsTickAgeMs":0,"lat":51.36203,"lng":19.36575,"speed":6.89,"speedKmh":24.8,"accuracy":4,"osTimestamp":1780599722945,"tripActive":true,"appState":"active"}
06-04 21:02:02.968 I/ReactNativeJS(27948): [VROOM-TEL] 2026-06-04T19:02:02.968Z | DRIVE_TRACE_RAW | {"t":1780599722968,"seq":847,"gpsTickId":1780599722945,"gpsTickAgeMs":0,"rawLat":51.36203,"rawLng":19.36575,"accM":4,"speedKmh":24.8,"speedMs":6.9,"heading":340,"tripActive":true,"driving":true,"navigating":false,"osTimestamp":1780599722945}
06-04 21:02:02.970 I/ReactNativeJS(27948): [VROOM-TEL] 2026-06-04T19:02:02.969Z | DRIVE_TRACE_FEED | {"t":1780599722969,"seq":848,"gpsTickId":1780599722945,"gpsTickAgeMs":1,"lat":51.361804,"lng":19.365885,"hdg":342,"durationMs":793,"speedKmh":30.9}
06-04 21:02:02.970 I/ReactNativeJS(27948): [VROOM-TEL] 2026-06-04T19:02:02.970Z | DRIVE_TRACE_TICK | {"t":1780599722970,"seq":849,"gpsTickId":1780599722945,"gpsTickAgeMs":2,"rawLat":51.36203,"rawLng":19.36575,"snapLat":51.361804,"snapLng":19.365885,"markerLat":51.361804,"markerLng":19.365885,"markerHdg":342,"markerSvLat":51.361761,"markerSvLng":19.365921,"markerSvHdg":337,"accM":4,"hudKmh":30.9,"engineKmh":30.9,"dopplerKmh":24.8,"feedDurMs":793,"cadenceMs":1000,"feedSpeedMs":8.6,"isNavigating":false,"isFreeDrive":true,"isMoving":true,"feedSkipGate":false,"feedAccepted":true,"feedHeadingOnly":false,"source":"drive_core_v2"}
06-04 21:02:02.970 I/ReactNativeJS(27948): [VROOM-TEL] 2026-06-04T19:02:02.970Z | GPS_ACCEPT | {"lat":51.36203,"lng":19.36575,"acc":4,"speedKmh":24.8,"gpsLock":true}
06-04 21:02:03.038 I/ReactNativeJS(27948): [VROOM-TEL] 2026-06-04T19:02:03.038Z | DRIVE_TRACE_CAMERA | {"t":1780599723038,"seq":850,"gpsTickId":1780599722945,"gpsTickAgeMs":70,"lat":51.361762,"lng":19.365919,"hdg":343,"speedKmh":30.9,"exploring":false,"frameMoveM":0}
06-04 21:02:03.351 I/ReactNativeJS(27948): [VROOM-TEL] 2026-06-04T19:02:03.351Z | DRIVE_TRACE_CAMERA | {"t":1780599723351,"seq":851,"gpsTickId":1780599722945,"gpsTickAgeMs":383,"lat":51.361782,"lng":19.365904,"hdg":336,"speedKmh":30.9,"exploring":false,"frameMoveM":0}
06-04 21:02:03.584 I/ReactNativeJS(27948): [VROOM-TEL] 2026-06-04T19:02:03.584Z | CAM_FOLLOW_PUSH | {"t":1780599723584,"lat":51.361794,"lng":19.365893,"hdg":336,"snapHdg":342,"speedKmh":31,"exploring":false,"source":"drive_marker_sv_60fps"}
06-04 21:02:03.667 I/ReactNativeJS(27948): [VROOM-TEL] 2026-06-04T19:02:03.667Z | DRIVE_TRACE_CAMERA | {"t":1780599723667,"seq":852,"gpsTickId":1780599722945,"gpsTickAgeMs":699,"lat":51.361799,"lng":19.36589,"hdg":333,"speedKmh":30.9,"exploring":false,"frameMoveM":0}
06-04 21:02:03.733 I/ReactNativeJS(27948): [VROOM-TEL] 2026-06-04T19:02:03.733Z | CAMERA_HEADING | {"t":1780599723733,"speedKmh":31,"movedM":0.11,"moveBearing":333,"snapHdg":333,"headingOut":333,"flipFromPrevDeg":0,"lookaheadM":27,"nativeFollow":true}
06-04 21:02:03.967 I/ReactNativeJS(27948): [VROOM-TEL] 2026-06-04T19:02:03.967Z | RAW_GPS_TICK | {"t":1780599723967,"gpsTickId":1780599723945,"gpsTickAgeMs":0,"lat":51.362088,"lng":19.36572,"speed":6.67,"speedKmh":24,"accuracy":4,"osTimestamp":1780599723945,"tripActive":true,"appState":"active"}
06-04 21:02:03.967 I/ReactNativeJS(27948): [VROOM-TEL] 2026-06-04T19:02:03.967Z | DRIVE_TRACE_RAW | {"t":1780599723967,"seq":853,"gpsTickId":1780599723945,"gpsTickAgeMs":0,"rawLat":51.362088,"rawLng":19.36572,"accM":4,"speedKmh":24,"speedMs":6.7,"heading":341,"tripActive":true,"driving":true,"navigating":false,"osTimestamp":1780599723945}
06-04 21:02:03.969 I/ReactNativeJS(27948): [VROOM-TEL] 2026-06-04T19:02:03.969Z | DRIVE_TRACE_FEED | {"t":1780599723969,"seq":854,"gpsTickId":1780599723945,"gpsTickAgeMs":2,"lat":51.361854,"lng":19.365847,"hdg":342,"durationMs":829,"speedKmh":26.8}
06-04 21:02:03.969 I/ReactNativeJS(27948): [VROOM-TEL] 2026-06-04T19:02:03.969Z | DRIVE_TRACE_TICK | {"t":1780599723969,"seq":855,"gpsTickId":1780599723945,"gpsTickAgeMs":2,"rawLat":51.362088,"rawLng":19.36572,"snapLat":51.361854,"snapLng":19.365847,"markerLat":51.361854,"markerLng":19.365847,"markerHdg":342,"markerSvLat":51.361811,"markerSvLng":19.36588,"markerSvHdg":336,"accM":4,"hudKmh":26.8,"engineKmh":26.8,"dopplerKmh":24,"feedDurMs":829,"cadenceMs":1000,"feedSpeedMs":7.4,"isNavigating":false,"isFreeDrive":true,"isMoving":true,"feedSkipGate":false,"feedAccepted":true,"feedHeadingOnly":false,"source":"drive_core_v2"}
06-04 21:02:03.969 I/ReactNativeJS(27948): [VROOM-TEL] 2026-06-04T19:02:03.969Z | GPS_ACCEPT | {"lat":51.362088,"lng":19.36572,"acc":4,"speedKmh":24.3,"gpsLock":true}
06-04 21:02:04.004 I/ReactNativeJS(27948): [VROOM-TEL] 2026-06-04T19:02:04.004Z | DRIVE_TRACE_CAMERA | {"t":1780599724004,"seq":856,"gpsTickId":1780599723945,"gpsTickAgeMs":37,"lat":51.361812,"lng":19.36588,"hdg":343,"speedKmh":26.8,"exploring":false,"frameMoveM":0}
06-04 21:02:04.317 I/ReactNativeJS(27948): [VROOM-TEL] 2026-06-04T19:02:04.317Z | DRIVE_TRACE_CAMERA | {"t":1780599724317,"seq":857,"gpsTickId":1780599723945,"gpsTickAgeMs":350,"lat":51.361829,"lng":19.365866,"hdg":334,"speedKmh":26.8,"exploring":false,"frameMoveM":0}
06-04 21:02:04.400 I/ReactNativeJS(27948): [VROOM-TEL] 2026-06-04T19:02:04.400Z | CAM_FOLLOW_PUSH | {"t":1780599724400,"lat":51.361833,"lng":19.365863,"hdg":336,"snapHdg":342,"speedKmh":27,"exploring":false,"source":"drive_marker_sv_60fps"}
06-04 21:02:04.634 I/ReactNativeJS(27948): [VROOM-TEL] 2026-06-04T19:02:04.634Z | DRIVE_TRACE_CAMERA | {"t":1780599724634,"seq":858,"gpsTickId":1780599723945,"gpsTickAgeMs":667,"lat":51.36184,"lng":19.365857,"hdg":343,"speedKmh":26.8,"exploring":false,"frameMoveM":0}
06-04 21:02:04.850 I/ReactNativeJS(27948): [VROOM-TEL] 2026-06-04T19:02:04.850Z | CAMERA_HEADING | {"t":1780599724850,"speedKmh":27,"movedM":0.68,"moveBearing":334,"snapHdg":336,"headingOut":336,"flipFromPrevDeg":10,"lookaheadM":27,"nativeFollow":true}
06-04 21:02:04.968 I/ReactNativeJS(27948): [VROOM-TEL] 2026-06-04T19:02:04.968Z | RAW_GPS_TICK | {"t":1780599724968,"gpsTickId":1780599724944,"gpsTickAgeMs":0,"lat":51.362144,"lng":19.365691,"speed":6.48,"speedKmh":23.3,"accuracy":4,"osTimestamp":1780599724944,"tripActive":true,"appState":"active"}
06-04 21:02:04.968 I/ReactNativeJS(27948): [VROOM-TEL] 2026-06-04T19:02:04.968Z | DRIVE_TRACE_RAW | {"t":1780599724968,"seq":859,"gpsTickId":1780599724944,"gpsTickAgeMs":0,"rawLat":51.362144,"rawLng":19.365691,"accM":4,"speedKmh":23.3,"speedMs":6.5,"heading":341,"tripActive":true,"driving":true,"navigating":false,"osTimestamp":1780599724944}
06-04 21:02:04.970 I/ReactNativeJS(27948): [VROOM-TEL] 2026-06-04T19:02:04.970Z | DRIVE_TRACE_FEED | {"t":1780599724970,"seq":860,"gpsTickId":1780599724944,"gpsTickAgeMs":2,"lat":51.361905,"lng":19.365807,"hdg":342,"durationMs":818,"speedKmh":27.9}
06-04 21:02:04.971 I/ReactNativeJS(27948): [VROOM-TEL] 2026-06-04T19:02:04.971Z | DRIVE_TRACE_TICK | {"t":1780599724971,"seq":861,"gpsTickId":1780599724944,"gpsTickAgeMs":3,"rawLat":51.362144,"rawLng":19.365691,"snapLat":51.361905,"snapLng":19.365807,"markerLat":51.361905,"markerLng":19.365807,"markerHdg":342,"markerSvLat":51.361858,"markerSvLng":19.365844,"markerSvHdg":336,"accM":4,"hudKmh":27.9,"engineKmh":27.9,"dopplerKmh":23.3,"feedDurMs":818,"cadenceMs":1000,"feedSpeedMs":7.7,"isNavigating":false,"isFreeDrive":true,"isMoving":true,"feedSkipGate":false,"feedAccepted":true,"feedHeadingOnly":false,"source":"drive_core_v2"}
06-04 21:02:04.971 I/ReactNativeJS(27948): [VROOM-TEL] 2026-06-04T19:02:04.971Z | GPS_ACCEPT | {"lat":51.362144,"lng":19.365691,"acc":4,"speedKmh":23.7,"gpsLock":true}
06-04 21:02:05.031 I/ReactNativeJS(27948): [VROOM-TEL] 2026-06-04T19:02:05.031Z | DRIVE_TRACE_CAMERA | {"t":1780599725031,"seq":862,"gpsTickId":1780599724944,"gpsTickAgeMs":63,"lat":51.36186,"lng":19.365842,"hdg":343,"speedKmh":27.9,"exploring":false,"frameMoveM":0}
06-04 21:02:05.200 I/ReactNativeJS(27948): [VROOM-TEL] 2026-06-04T19:02:05.200Z | CAM_FOLLOW_PUSH | {"t":1780599725200,"lat":51.361871,"lng":19.365833,"hdg":334,"snapHdg":342,"speedKmh":28,"exploring":false,"source":"drive_marker_sv_60fps"}
06-04 21:02:05.349 I/ReactNativeJS(27948): [VROOM-TEL] 2026-06-04T19:02:05.349Z | DRIVE_TRACE_CAMERA | {"t":1780599725349,"seq":863,"gpsTickId":1780599724944,"gpsTickAgeMs":381,"lat":51.361877,"lng":19.365829,"hdg":343,"speedKmh":27.9,"exploring":false,"frameMoveM":0}
06-04 21:02:05.650 I/ReactNativeJS(27948): [VROOM-TEL] 2026-06-04T19:02:05.650Z | DRIVE_TRACE_CAMERA | {"t":1780599725650,"seq":864,"gpsTickId":1780599724944,"gpsTickAgeMs":682,"lat":51.361897,"lng":19.365813,"hdg":334,"speedKmh":27.9,"exploring":false,"frameMoveM":0}
06-04 21:02:05.971 I/ReactNativeJS(27948): [VROOM-TEL] 2026-06-04T19:02:05.971Z | RAW_GPS_TICK | {"t":1780599725971,"gpsTickId":1780599725945,"gpsTickAgeMs":0,"lat":51.362196,"lng":19.365666,"speed":6.06,"speedKmh":21.8,"accuracy":4,"osTimestamp":1780599725945,"tripActive":true,"appState":"active"}
06-04 21:02:05.971 I/ReactNativeJS(27948): [VROOM-TEL] 2026-06-04T19:02:05.971Z | DRIVE_TRACE_RAW | {"t":1780599725971,"seq":865,"gpsTickId":1780599725945,"gpsTickAgeMs":0,"rawLat":51.362196,"rawLng":19.365666,"accM":4,"speedKmh":21.8,"speedMs":6.1,"heading":341,"tripActive":true,"driving":true,"navigating":false,"osTimestamp":1780599725945}
06-04 21:02:05.974 I/ReactNativeJS(27948): [VROOM-TEL] 2026-06-04T19:02:05.974Z | DRIVE_TRACE_FEED | {"t":1780599725974,"seq":866,"gpsTickId":1780599725945,"gpsTickAgeMs":3,"lat":51.361955,"lng":19.365768,"hdg":343,"durationMs":832,"speedKmh":26.5}
06-04 21:02:05.974 I/ReactNativeJS(27948): [VROOM-TEL] 2026-06-04T19:02:05.974Z | DRIVE_TRACE_TICK | {"t":1780599725974,"seq":867,"gpsTickId":1780599725945,"gpsTickAgeMs":3,"rawLat":51.362196,"rawLng":19.365666,"snapLat":51.361955,"snapLng":19.365768,"markerLat":51.361955,"markerLng":19.365768,"markerHdg":343,"markerSvLat":51.36191,"markerSvLng":19.365804,"markerSvHdg":336,"accM":4,"hudKmh":26.5,"engineKmh":26.5,"dopplerKmh":21.8,"feedDurMs":832,"cadenceMs":1001,"feedSpeedMs":7.4,"isNavigating":false,"isFreeDrive":true,"isMoving":true,"feedSkipGate":false,"feedAccepted":true,"feedHeadingOnly":false,"source":"drive_core_v2"}
06-04 21:02:05.974 I/ReactNativeJS(27948): [VROOM-TEL] 2026-06-04T19:02:05.974Z | GPS_ACCEPT | {"lat":51.362196,"lng":19.365666,"acc":4,"speedKmh":21.8,"gpsLock":true}
06-04 21:02:05.999 I/ReactNativeJS(27948): [VROOM-TEL] 2026-06-04T19:02:05.999Z | CAMERA_HEADING | {"t":1780599725999,"speedKmh":27,"movedM":0,"moveBearing":null,"snapHdg":336,"headingOut":336,"flipFromPrevDeg":0,"lookaheadM":27,"nativeFollow":true}
06-04 21:02:06.002 I/ReactNativeJS(27948): [VROOM-TEL] 2026-06-04T19:02:06.002Z | CAM_FOLLOW_PUSH | {"t":1780599726002,"lat":51.361911,"lng":19.365803,"hdg":335,"snapHdg":343,"speedKmh":27,"exploring":false,"source":"drive_marker_sv_60fps"}
06-04 21:02:06.002 I/ReactNativeJS(27948): [VROOM-TEL] 2026-06-04T19:02:06.002Z | DRIVE_TRACE_CAMERA | {"t":1780599726002,"seq":868,"gpsTickId":1780599725945,"gpsTickAgeMs":31,"lat":51.361911,"lng":19.365803,"hdg":335,"speedKmh":26.5,"exploring":false,"frameMoveM":0}
06-04 21:02:06.361 I/ReactNativeJS(27948): [VROOM-TEL] 2026-06-04T19:02:06.361Z | DRIVE_TRACE_CAMERA | {"t":1780599726361,"seq":869,"gpsTickId":1780599725945,"gpsTickAgeMs":390,"lat":51.361925,"lng":19.365791,"hdg":344,"speedKmh":26.5,"exploring":false,"frameMoveM":0}
06-04 21:02:06.667 I/ReactNativeJS(27948): [VROOM-TEL] 2026-06-04T19:02:06.667Z | DRIVE_TRACE_CAMERA | {"t":1780599726667,"seq":870,"gpsTickId":1780599725945,"gpsTickAgeMs":696,"lat":51.361947,"lng":19.365774,"hdg":334,"speedKmh":26.5,"exploring":false,"frameMoveM":0}
06-04 21:02:06.817 I/ReactNativeJS(27948): [VROOM-TEL] 2026-06-04T19:02:06.817Z | CAM_FOLLOW_PUSH | {"t":1780599726817,"lat":51.361955,"lng":19.365768,"hdg":338,"snapHdg":343,"speedKmh":27,"exploring":false,"source":"drive_marker_sv_60fps"}
06-04 21:02:06.963 I/ReactNativeJS(27948): [VROOM-TEL] 2026-06-04T19:02:06.963Z | RAW_GPS_TICK | {"t":1780599726963,"gpsTickId":1780599726944,"gpsTickAgeMs":0,"lat":51.362243,"lng":19.365642,"speed":5.49,"speedKmh":19.8,"accuracy":4,"osTimestamp":1780599726944,"tripActive":true,"appState":"active"}
06-04 21:02:06.963 I/ReactNativeJS(27948): [VROOM-TEL] 2026-06-04T19:02:06.963Z | DRIVE_TRACE_RAW | {"t":1780599726963,"seq":871,"gpsTickId":1780599726944,"gpsTickAgeMs":0,"rawLat":51.362243,"rawLng":19.365642,"accM":4,"speedKmh":19.8,"speedMs":5.5,"heading":342,"tripActive":true,"driving":true,"navigating":false,"osTimestamp":1780599726944}
06-04 21:02:06.964 I/ReactNativeJS(27948): [VROOM-TEL] 2026-06-04T19:02:06.964Z | DRIVE_TRACE_FEED | {"t":1780599726964,"seq":872,"gpsTickId":1780599726944,"gpsTickAgeMs":1,"lat":51.362002,"lng":19.365732,"hdg":343,"durationMs":850,"speedKmh":24.8}
06-04 21:02:06.965 I/ReactNativeJS(27948): [VROOM-TEL] 2026-06-04T19:02:06.965Z | DRIVE_TRACE_TICK | {"t":1780599726965,"seq":873,"gpsTickId":1780599726944,"gpsTickAgeMs":2,"rawLat":51.362243,"rawLng":19.365642,"snapLat":51.362002,"snapLng":19.365732,"markerLat":51.362002,"markerLng":19.365732,"markerHdg":343,"markerSvLat":51.361958,"markerSvLng":19.365766,"markerSvHdg":334,"accM":4,"hudKmh":24.8,"engineKmh":24.8,"dopplerKmh":19.8,"feedDurMs":850,"cadenceMs":998,"feedSpeedMs":6.9,"isNavigating":false,"isFreeDrive":true,"isMoving":true,"feedSkipGate":false,"feedAccepted":true,"feedHeadingOnly":false,"source":"drive_core_v2"}
06-04 21:02:06.965 I/ReactNativeJS(27948): [VROOM-TEL] 2026-06-04T19:02:06.965Z | GPS_ACCEPT | {"lat":51.362243,"lng":19.365642,"acc":4,"speedKmh":19.8,"gpsLock":true}
06-04 21:02:06.998 I/ReactNativeJS(27948): [VROOM-TEL] 2026-06-04T19:02:06.998Z | DRIVE_TRACE_CAMERA | {"t":1780599726998,"seq":874,"gpsTickId":1780599726944,"gpsTickAgeMs":35,"lat":51.361958,"lng":19.365766,"hdg":349,"speedKmh":24.8,"exploring":false,"frameMoveM":0}
06-04 21:02:07.124 I/ReactNativeJS(27948): [VROOM-TEL] 2026-06-04T19:02:07.124Z | CAMERA_HEADING | {"t":1780599727124,"speedKmh":25,"movedM":0.21,"moveBearing":null,"snapHdg":334,"headingOut":334,"flipFromPrevDeg":3,"lookaheadM":22,"nativeFollow":true}
06-04 21:02:07.300 I/ReactNativeJS(27948): [VROOM-TEL] 2026-06-04T19:02:07.300Z | DRIVE_TRACE_CAMERA | {"t":1780599727300,"seq":875,"gpsTickId":1780599726944,"gpsTickAgeMs":337,"lat":51.361975,"lng":19.365753,"hdg":334,"speedKmh":24.8,"exploring":false,"frameMoveM":0}
06-04 21:02:07.601 I/ReactNativeJS(27948): [VROOM-TEL] 2026-06-04T19:02:07.601Z | DRIVE_TRACE_CAMERA | {"t":1780599727601,"seq":876,"gpsTickId":1780599726944,"gpsTickAgeMs":638,"lat":51.361991,"lng":19.36574,"hdg":334,"speedKmh":24.8,"exploring":false,"frameMoveM":0}
06-04 21:02:07.706 I/ReactNativeJS(27948): [VROOM-TEL] 2026-06-04T19:02:07.706Z | CAM_FOLLOW_PUSH | {"t":1780599727706,"lat":51.361992,"lng":19.36574,"hdg":344,"snapHdg":343,"speedKmh":25,"exploring":false,"source":"drive_marker_sv_60fps"}
06-04 21:02:07.967 I/ReactNativeJS(27948): [VROOM-TEL] 2026-06-04T19:02:07.967Z | RAW_GPS_TICK | {"t":1780599727967,"gpsTickId":1780599727946,"gpsTickAgeMs":0,"lat":51.362289,"lng":19.365619,"speed":5.58,"speedKmh":20.1,"accuracy":4,"osTimestamp":1780599727946,"tripActive":true,"appState":"active"}
06-04 21:02:07.967 I/ReactNativeJS(27948): [VROOM-TEL] 2026-06-04T19:02:07.967Z | DRIVE_TRACE_RAW | {"t":1780599727967,"seq":877,"gpsTickId":1780599727946,"gpsTickAgeMs":0,"rawLat":51.362289,"rawLng":19.365619,"accM":4,"speedKmh":20.1,"speedMs":5.6,"heading":342,"tripActive":true,"driving":true,"navigating":false,"osTimestamp":1780599727946}
06-04 21:02:07.968 I/ReactNativeJS(27948): [VROOM-TEL] 2026-06-04T19:02:07.968Z | DRIVE_TRACE_FEED | {"t":1780599727968,"seq":878,"gpsTickId":1780599727946,"gpsTickAgeMs":1,"lat":51.362049,"lng":19.365696,"hdg":342,"durationMs":863,"speedKmh":23.8}
06-04 21:02:07.968 I/ReactNativeJS(27948): [VROOM-TEL] 2026-06-04T19:02:07.968Z | DRIVE_TRACE_TICK | {"t":1780599727968,"seq":879,"gpsTickId":1780599727946,"gpsTickAgeMs":1,"rawLat":51.362289,"rawLng":19.365619,"snapLat":51.362049,"snapLng":19.365696,"markerLat":51.362049,"markerLng":19.365696,"markerHdg":342,"markerSvLat":51.362004,"markerSvLng":19.36573,"markerSvHdg":341,"accM":4,"hudKmh":23.8,"engineKmh":23.8,"dopplerKmh":20.1,"feedDurMs":863,"cadenceMs":1000,"feedSpeedMs":6.6,"isNavigating":false,"isFreeDrive":true,"isMoving":true,"feedSkipGate":false,"feedAccepted":true,"feedHeadingOnly":false,"source":"drive_core_v2"}
06-04 21:02:07.969 I/ReactNativeJS(27948): [VROOM-TEL] 2026-06-04T19:02:07.969Z | GPS_ACCEPT | {"lat":51.362289,"lng":19.365619,"acc":4,"speedKmh":20.1,"gpsLock":true}
06-04 21:02:08.016 I/ReactNativeJS(27948): [VROOM-TEL] 2026-06-04T19:02:08.016Z | DRIVE_TRACE_CAMERA | {"t":1780599728016,"seq":880,"gpsTickId":1780599727946,"gpsTickAgeMs":49,"lat":51.362006,"lng":19.365729,"hdg":342,"speedKmh":23.8,"exploring":false,"frameMoveM":0}
06-04 21:02:08.233 I/ReactNativeJS(27948): [VROOM-TEL] 2026-06-04T19:02:08.233Z | CAMERA_HEADING | {"t":1780599728233,"speedKmh":24,"movedM":0.11,"moveBearing":334,"snapHdg":336,"headingOut":334,"flipFromPrevDeg":0,"lookaheadM":22,"nativeFollow":true}
06-04 21:02:08.317 I/ReactNativeJS(27948): [VROOM-TEL] 2026-06-04T19:02:08.317Z | DRIVE_TRACE_CAMERA | {"t":1780599728317,"seq":881,"gpsTickId":1780599727946,"gpsTickAgeMs":350,"lat":51.362022,"lng":19.365717,"hdg":334,"speedKmh":23.8,"exploring":false,"frameMoveM":0}
06-04 21:02:08.518 I/ReactNativeJS(27948): [VROOM-TEL] 2026-06-04T19:02:08.518Z | CAM_FOLLOW_PUSH | {"t":1780599728518,"lat":51.362032,"lng":19.365709,"hdg":336,"snapHdg":342,"speedKmh":24,"exploring":false,"source":"drive_marker_sv_60fps"}
06-04 21:02:08.617 I/ReactNativeJS(27948): [VROOM-TEL] 2026-06-04T19:02:08.617Z | DRIVE_TRACE_CAMERA | {"t":1780599728617,"seq":882,"gpsTickId":1780599727946,"gpsTickAgeMs":650,"lat":51.362038,"lng":19.365705,"hdg":334,"speedKmh":23.8,"exploring":false,"frameMoveM":0}
06-04 21:02:08.969 I/ReactNativeJS(27948): [VROOM-TEL] 2026-06-04T19:02:08.969Z | RAW_GPS_TICK | {"t":1780599728969,"gpsTickId":1780599728945,"gpsTickAgeMs":0,"lat":51.362341,"lng":19.365598,"speed":5.98,"speedKmh":21.5,"accuracy":4,"osTimestamp":1780599728945,"tripActive":true,"appState":"active"}
06-04 21:02:08.969 I/ReactNativeJS(27948): [VROOM-TEL] 2026-06-04T19:02:08.969Z | DRIVE_TRACE_RAW | {"t":1780599728969,"seq":883,"gpsTickId":1780599728945,"gpsTickAgeMs":0,"rawLat":51.362341,"rawLng":19.365598,"accM":4,"speedKmh":21.5,"speedMs":6,"heading":344,"tripActive":true,"driving":true,"navigating":false,"osTimestamp":1780599728945}
06-04 21:02:08.971 I/ReactNativeJS(27948): [VROOM-TEL] 2026-06-04T19:02:08.971Z | DRIVE_TRACE_FEED | {"t":1780599728971,"seq":884,"gpsTickId":1780599728945,"gpsTickAgeMs":2,"lat":51.362098,"lng":19.365659,"hdg":344,"durationMs":836,"speedKmh":26.1}
06-04 21:02:08.972 I/ReactNativeJS(27948): [VROOM-TEL] 2026-06-04T19:02:08.972Z | DRIVE_TRACE_TICK | {"t":1780599728972,"seq":885,"gpsTickId":1780599728945,"gpsTickAgeMs":3,"rawLat":51.362341,"rawLng":19.365598,"snapLat":51.362098,"snapLng":19.365659,"markerLat":51.362098,"markerLng":19.365659,"markerHdg":344,"markerSvLat":51.36205,"markerSvLng":19.365695,"markerSvHdg":341,"accM":4,"hudKmh":26.1,"engineKmh":26.1,"dopplerKmh":21.5,"feedDurMs":836,"cadenceMs":1001,"feedSpeedMs":7.3,"isNavigating":false,"isFreeDrive":true,"isMoving":true,"feedSkipGate":false,"feedAccepted":true,"feedHeadingOnly":false,"source":"drive_core_v2"}
06-04 21:02:08.972 I/ReactNativeJS(27948): [VROOM-TEL] 2026-06-04T19:02:08.972Z | GPS_ACCEPT | {"lat":51.362341,"lng":19.365598,"acc":4,"speedKmh":21.5,"gpsLock":true}
06-04 21:02:09.044 I/ReactNativeJS(27948): [VROOM-TEL] 2026-06-04T19:02:09.044Z | DRIVE_TRACE_CAMERA | {"t":1780599729044,"seq":886,"gpsTickId":1780599728945,"gpsTickAgeMs":75,"lat":51.362052,"lng":19.365694,"hdg":345,"speedKmh":26.1,"exploring":false,"frameMoveM":0}
06-04 21:02:09.083 I/ReactNativeJS(27948): [VROOM-TEL] 2026-06-04T19:02:09.083Z | DRIVE_HEALTH | {"t":1780599729083,"mode":"driving","speedHudKmh":26.1,"speedPipeKmh":26.1,"gpsAgeMs":114,"drAgeMs":112,"gpsToDriftM":27,"snapAnchorDriftM":0,"offRoute":false,"reroutePending":false,"rerouteLoading":false,"hasRoutePts":0}
06-04 21:02:09.083 I/ReactNativeJS(27948): [VROOM-TEL] 2026-06-04T19:02:09.083Z | DRIVE_TRACE_HEARTBEAT | {"t":1780599729083,"seq":887,"gpsTickId":1780599728945,"gpsTickAgeMs":114,"driving":true,"navigating":false,"tripActive":true,"lat":51.3623406,"lng":19.3655979,"gpsAgeMs":114}
06-04 21:02:09.333 I/ReactNativeJS(27948): [VROOM-TEL] 2026-06-04T19:02:09.333Z | CAMERA_HEADING | {"t":1780599729333,"speedKmh":26,"movedM":0.22,"moveBearing":334,"snapHdg":334,"headingOut":334,"flipFromPrevDeg":0,"lookaheadM":22,"nativeFollow":true}
06-04 21:02:09.333 I/ReactNativeJS(27948): [VROOM-TEL] 2026-06-04T19:02:09.333Z | CAM_FOLLOW_PUSH | {"t":1780599729333,"lat":51.362071,"lng":19.365679,"hdg":334,"snapHdg":344,"speedKmh":26,"exploring":false,"source":"drive_marker_sv_60fps"}
06-04 21:02:09.351 I/ReactNativeJS(27948): [VROOM-TEL] 2026-06-04T19:02:09.350Z | DRIVE_TRACE_CAMERA | {"t":1780599729350,"seq":888,"gpsTickId":1780599728945,"gpsTickAgeMs":381,"lat":51.362072,"lng":19.365678,"hdg":334,"speedKmh":26.1,"exploring":false,"frameMoveM":0}
06-04 21:02:09.584 I/ReactNativeJS(27948): [VROOM-TEL] 2026-06-04T19:02:09.584Z | TRIP_SEGMENT_STATS | {"t":1780599729584,"totalDistanceKm":1.517,"acceptedMain":118,"acceptedMainKm":1.422,"fallbackAccepted":6,"fallbackKm":0.094,"derivedSpeedUsed":3,"derivedSpeedRejected":0,"lowSpeedDropped":0,"zeroMove":0,"rejectedTotal":23,"rejectedJitter":16,"rejectedJump":0,"rejectedStaleGap":0,"rejectedMinSpeed":1,"rejectedAccuracy":0,"rejectedImpossible":6,"rejectedInvalidTime":0}
06-04 21:02:09.655 I/ReactNativeJS(27948): [VROOM-TEL] 2026-06-04T19:02:09.655Z | DRIVE_TRACE_CAMERA | {"t":1780599729655,"seq":889,"gpsTickId":1780599728945,"gpsTickAgeMs":686,"lat":51.362089,"lng":19.365665,"hdg":334,"speedKmh":26.1,"exploring":false,"frameMoveM":0}
06-04 21:02:09.980 I/ReactNativeJS(27948): [VROOM-TEL] 2026-06-04T19:02:09.980Z | RAW_GPS_TICK | {"t":1780599729980,"gpsTickId":1780599729945,"gpsTickAgeMs":0,"lat":51.362398,"lng":19.365579,"speed":6.46,"speedKmh":23.3,"accuracy":4,"osTimestamp":1780599729945,"tripActive":true,"appState":"active"}
06-04 21:02:09.980 I/ReactNativeJS(27948): [VROOM-TEL] 2026-06-04T19:02:09.980Z | DRIVE_TRACE_RAW | {"t":1780599729980,"seq":890,"gpsTickId":1780599729945,"gpsTickAgeMs":0,"rawLat":51.362398,"rawLng":19.365579,"accM":4,"speedKmh":23.3,"speedMs":6.5,"heading":349,"tripActive":true,"driving":true,"navigating":false,"osTimestamp":1780599729945}
06-04 21:02:09.981 I/ReactNativeJS(27948): [VROOM-TEL] 2026-06-04T19:02:09.981Z | DRIVE_TRACE_FEED | {"t":1780599729981,"seq":891,"gpsTickId":1780599729945,"gpsTickAgeMs":1,"lat":51.362148,"lng":19.36562,"hdg":347,"durationMs":824,"speedKmh":27.3}
06-04 21:02:09.981 I/ReactNativeJS(27948): [VROOM-TEL] 2026-06-04T19:02:09.981Z | DRIVE_TRACE_TICK | {"t":1780599729981,"seq":892,"gpsTickId":1780599729945,"gpsTickAgeMs":1,"rawLat":51.362398,"rawLng":19.365579,"snapLat":51.362148,"snapLng":19.36562,"markerLat":51.362148,"markerLng":19.36562,"markerHdg":347,"markerSvLat":51.362101,"markerSvLng":19.365656,"markerSvHdg":341,"accM":4,"hudKmh":27.3,"engineKmh":27.3,"dopplerKmh":23.3,"feedDurMs":824,"cadenceMs":1005,"feedSpeedMs":7.6,"isNavigating":false,"isFreeDrive":true,"isMoving":true,"feedSkipGate":false,"feedAccepted":true,"feedHeadingOnly":false,"source":"drive_core_v2"}
06-04 21:02:09.981 I/ReactNativeJS(27948): [VROOM-TEL] 2026-06-04T19:02:09.981Z | GPS_ACCEPT | {"lat":51.362398,"lng":19.365579,"acc":4,"speedKmh":23.3,"gpsLock":true}
06-04 21:02:10.068 I/ReactNativeJS(27948): [VROOM-TEL] 2026-06-04T19:02:10.068Z | DRIVE_TRACE_CAMERA | {"t":1780599730068,"seq":893,"gpsTickId":1780599729945,"gpsTickAgeMs":88,"lat":51.362102,"lng":19.365656,"hdg":348,"speedKmh":27.3,"exploring":false,"frameMoveM":0}
06-04 21:02:10.189 I/ReactNativeJS(27948): [VROOM-TEL] 2026-06-04T19:02:10.189Z | CAM_FOLLOW_PUSH | {"t":1780599730189,"lat":51.362108,"lng":19.365651,"hdg":353,"snapHdg":347,"speedKmh":27,"exploring":false,"source":"drive_marker_sv_60fps"}
06-04 21:02:10.387 I/ReactNativeJS(27948): [VROOM-TEL] 2026-06-04T19:02:10.387Z | DRIVE_TRACE_CAMERA | {"t":1780599730387,"seq":894,"gpsTickId":1780599729945,"gpsTickAgeMs":407,"lat":51.362121,"lng":19.365641,"hdg":348,"speedKmh":27.3,"exploring":false,"frameMoveM":0}
06-04 21:02:10.445 I/ReactNativeJS(27948): [VROOM-TEL] 2026-06-04T19:02:10.445Z | CAMERA_HEADING | {"t":1780599730445,"speedKmh":27,"movedM":0.7,"moveBearing":null,"snapHdg":334,"headingOut":334,"flipFromPrevDeg":10,"lookaheadM":22,"nativeFollow":true}
06-04 21:02:10.740 I/ReactNativeJS(27948): [VROOM-TEL] 2026-06-04T19:02:10.740Z | DRIVE_TRACE_CAMERA | {"t":1780599730740,"seq":895,"gpsTickId":1780599729945,"gpsTickAgeMs":760,"lat":51.362141,"lng":19.365625,"hdg":336,"speedKmh":27.3,"exploring":false,"frameMoveM":0}
06-04 21:02:10.962 I/ReactNativeJS(27948): [VROOM-TEL] 2026-06-04T19:02:10.962Z | RAW_GPS_TICK | {"t":1780599730962,"gpsTickId":1780599730946,"gpsTickAgeMs":0,"lat":51.362458,"lng":19.365586,"speed":6.64,"speedKmh":23.9,"accuracy":4,"osTimestamp":1780599730946,"tripActive":true,"appState":"active"}
06-04 21:02:10.962 I/ReactNativeJS(27948): [VROOM-TEL] 2026-06-04T19:02:10.962Z | DRIVE_TRACE_RAW | {"t":1780599730962,"seq":896,"gpsTickId":1780599730946,"gpsTickAgeMs":0,"rawLat":51.362458,"rawLng":19.365586,"accM":4,"speedKmh":23.9,"speedMs":6.6,"heading":2,"tripActive":true,"driving":true,"navigating":false,"osTimestamp":1780599730946}
06-04 21:02:10.967 I/ReactNativeJS(27948): [VROOM-TEL] 2026-06-04T19:02:10.967Z | DRIVE_TRACE_FEED | {"t":1780599730967,"seq":897,"gpsTickId":1780599730946,"gpsTickAgeMs":5,"lat":51.3622,"lng":19.365597,"hdg":356,"durationMs":845,"speedKmh":25.3}
06-04 21:02:10.968 I/ReactNativeJS(27948): [VROOM-TEL] 2026-06-04T19:02:10.968Z | DRIVE_TRACE_TICK | {"t":1780599730968,"seq":898,"gpsTickId":1780599730946,"gpsTickAgeMs":6,"rawLat":51.362458,"rawLng":19.365586,"snapLat":51.3622,"snapLng":19.365597,"markerLat":51.3622,"markerLng":19.365597,"markerHdg":356,"markerSvLat":51.362152,"markerSvLng":19.365617,"markerSvHdg":341,"accM":4,"hudKmh":25.3,"engineKmh":25.3,"dopplerKmh":23.9,"feedDurMs":845,"cadenceMs":997,"feedSpeedMs":7,"isNavigating":false,"isFreeDrive":true,"isMoving":true,"feedSkipGate":false,"feedAccepted":true,"feedHeadingOnly":false,"source":"drive_core_v2"}
06-04 21:02:10.968 I/ReactNativeJS(27948): [VROOM-TEL] 2026-06-04T19:02:10.968Z | GPS_ACCEPT | {"lat":51.362458,"lng":19.365586,"acc":4,"speedKmh":24.8,"gpsLock":true}
06-04 21:02:11.000 I/ReactNativeJS(27948): [VROOM-TEL] 2026-06-04T19:02:11.000Z | CAM_FOLLOW_PUSH | {"t":1780599731000,"lat":51.362153,"lng":19.365617,"hdg":345,"snapHdg":356,"speedKmh":25,"exploring":false,"source":"drive_marker_sv_60fps"}
06-04 21:02:11.068 I/ReactNativeJS(27948): [VROOM-TEL] 2026-06-04T19:02:11.068Z | DRIVE_TRACE_CAMERA | {"t":1780599731068,"seq":899,"gpsTickId":1780599730946,"gpsTickAgeMs":106,"lat":51.362155,"lng":19.365616,"hdg":345,"speedKmh":25.3,"exploring":false,"frameMoveM":0}
06-04 21:02:11.383 I/ReactNativeJS(27948): [VROOM-TEL] 2026-06-04T19:02:11.383Z | DRIVE_TRACE_CAMERA | {"t":1780599731383,"seq":900,"gpsTickId":1780599730946,"gpsTickAgeMs":421,"lat":51.362175,"lng":19.365607,"hdg":345,"speedKmh":25.3,"exploring":false,"frameMoveM":0}
06-04 21:02:11.551 I/ReactNativeJS(27948): [VROOM-TEL] 2026-06-04T19:02:11.551Z | CAMERA_HEADING | {"t":1780599731551,"speedKmh":25,"movedM":0.11,"moveBearing":345,"snapHdg":350,"headingOut":345,"flipFromPrevDeg":0,"lookaheadM":22,"nativeFollow":true}
06-04 21:02:11.684 I/ReactNativeJS(27948): [VROOM-TEL] 2026-06-04T19:02:11.684Z | DRIVE_TRACE_CAMERA | {"t":1780599731684,"seq":901,"gpsTickId":1780599730946,"gpsTickAgeMs":722,"lat":51.362192,"lng":19.3656,"hdg":345,"speedKmh":25.3,"exploring":false,"frameMoveM":0}
06-04 21:02:11.800 I/ReactNativeJS(27948): [VROOM-TEL] 2026-06-04T19:02:11.800Z | CAM_FOLLOW_PUSH | {"t":1780599731800,"lat":51.362199,"lng":19.365597,"hdg":350,"snapHdg":356,"speedKmh":25,"exploring":false,"source":"drive_marker_sv_60fps"}
06-04 21:02:11.969 I/ReactNativeJS(27948): [VROOM-TEL] 2026-06-04T19:02:11.969Z | RAW_GPS_TICK | {"t":1780599731969,"gpsTickId":1780599731945,"gpsTickAgeMs":0,"lat":51.362512,"lng":19.365622,"speed":6.6,"speedKmh":23.8,"accuracy":4,"osTimestamp":1780599731945,"tripActive":true,"appState":"active"}
06-04 21:02:11.969 I/ReactNativeJS(27948): [VROOM-TEL] 2026-06-04T19:02:11.969Z | DRIVE_TRACE_RAW | {"t":1780599731969,"seq":902,"gpsTickId":1780599731945,"gpsTickAgeMs":0,"rawLat":51.362512,"rawLng":19.365622,"accM":4,"speedKmh":23.8,"speedMs":6.6,"heading":24,"tripActive":true,"driving":true,"navigating":false,"osTimestamp":1780599731945}
06-04 21:02:11.971 I/ReactNativeJS(27948): [VROOM-TEL] 2026-06-04T19:02:11.971Z | DRIVE_TRACE_FEED | {"t":1780599731971,"seq":903,"gpsTickId":1780599731945,"gpsTickAgeMs":2,"lat":51.362255,"lng":19.365594,"hdg":13,"durationMs":832,"speedKmh":26.5}
06-04 21:02:11.980 I/ReactNativeJS(27948): [VROOM-TEL] 2026-06-04T19:02:11.980Z | DRIVE_TRACE_TICK | {"t":1780599731980,"seq":904,"gpsTickId":1780599731945,"gpsTickAgeMs":11,"rawLat":51.362512,"rawLng":19.365622,"snapLat":51.362255,"snapLng":19.365594,"markerLat":51.362255,"markerLng":19.365594,"markerHdg":13,"markerSvLat":51.362203,"markerSvLng":19.365596,"markerSvHdg":356,"accM":4,"hudKmh":26.5,"engineKmh":26.5,"dopplerKmh":23.8,"feedDurMs":832,"cadenceMs":1001,"feedSpeedMs":7.4,"isNavigating":false,"isFreeDrive":true,"isMoving":true,"feedSkipGate":false,"feedAccepted":true,"feedHeadingOnly":false,"source":"drive_core_v2"}
06-04 21:02:11.980 I/ReactNativeJS(27948): [VROOM-TEL] 2026-06-04T19:02:11.980Z | GPS_ACCEPT | {"lat":51.362512,"lng":19.365622,"acc":4,"speedKmh":23.8,"gpsLock":true}
06-04 21:02:12.012 I/ReactNativeJS(27948): [VROOM-TEL] 2026-06-04T19:02:12.012Z | DRIVE_TRACE_CAMERA | {"t":1780599732012,"seq":905,"gpsTickId":1780599731945,"gpsTickAgeMs":43,"lat":51.362205,"lng":19.365596,"hdg":8,"speedKmh":26.5,"exploring":false,"frameMoveM":0}
06-04 21:02:12.317 I/ReactNativeJS(27948): [VROOM-TEL] 2026-06-04T19:02:12.317Z | DRIVE_TRACE_CAMERA | {"t":1780599732317,"seq":906,"gpsTickId":1780599731945,"gpsTickAgeMs":348,"lat":51.362225,"lng":19.365595,"hdg":7,"speedKmh":26.5,"exploring":false,"frameMoveM":0}
06-04 21:02:12.600 I/ReactNativeJS(27948): [VROOM-TEL] 2026-06-04T19:02:12.600Z | CAM_FOLLOW_PUSH | {"t":1780599732600,"lat":51.362242,"lng":19.365595,"hdg":2,"snapHdg":13,"speedKmh":27,"exploring":false,"source":"drive_marker_sv_60fps"}
06-04 21:02:12.633 I/ReactNativeJS(27948): [VROOM-TEL] 2026-06-04T19:02:12.633Z | DRIVE_TRACE_CAMERA | {"t":1780599732633,"seq":907,"gpsTickId":1780599731945,"gpsTickAgeMs":664,"lat":51.362244,"lng":19.365594,"hdg":2,"speedKmh":26.5,"exploring":false,"frameMoveM":0}
06-04 21:02:12.666 I/ReactNativeJS(27948): [VROOM-TEL] 2026-06-04T19:02:12.666Z | CAMERA_HEADING | {"t":1780599732666,"speedKmh":27,"movedM":0.12,"moveBearing":359,"snapHdg":2,"headingOut":359,"flipFromPrevDeg":0,"lookaheadM":22,"nativeFollow":true}
06-04 21:02:12.974 I/ReactNativeJS(27948): [VROOM-TEL] 2026-06-04T19:02:12.974Z | RAW_GPS_TICK | {"t":1780599732974,"gpsTickId":1780599732944,"gpsTickAgeMs":0,"lat":51.362555,"lng":19.365689,"speed":6.93,"speedKmh":24.9,"accuracy":4,"osTimestamp":1780599732944,"tripActive":true,"appState":"active"}
06-04 21:02:12.974 I/ReactNativeJS(27948): [VROOM-TEL] 2026-06-04T19:02:12.974Z | DRIVE_TRACE_RAW | {"t":1780599732974,"seq":908,"gpsTickId":1780599732944,"gpsTickAgeMs":0,"rawLat":51.362555,"rawLng":19.365689,"accM":4,"speedKmh":24.9,"speedMs":6.9,"heading":43,"tripActive":true,"driving":true,"navigating":false,"osTimestamp":1780599732944}
06-04 21:02:12.975 I/ReactNativeJS(27948): [VROOM-TEL] 2026-06-04T19:02:12.975Z | DRIVE_TRACE_FEED | {"t":1780599732975,"seq":909,"gpsTickId":1780599732944,"gpsTickAgeMs":1,"lat":51.362309,"lng":19.36562,"hdg":34,"durationMs":822,"speedKmh":27.5}
06-04 21:02:12.976 I/ReactNativeJS(27948): [VROOM-TEL] 2026-06-04T19:02:12.976Z | DRIVE_TRACE_TICK | {"t":1780599732976,"seq":910,"gpsTickId":1780599732944,"gpsTickAgeMs":2,"rawLat":51.362555,"rawLng":19.365689,"snapLat":51.362309,"snapLng":19.36562,"markerLat":51.362309,"markerLng":19.36562,"markerHdg":34,"markerSvLat":51.362258,"markerSvLng":19.365594,"markerSvHdg":13,"accM":4,"hudKmh":27.5,"engineKmh":27.5,"dopplerKmh":24.9,"feedDurMs":822,"cadenceMs":1002,"feedSpeedMs":7.6,"isNavigating":false,"isFreeDrive":true,"isMoving":true,"feedSkipGate":false,"feedAccepted":true,"feedHeadingOnly":false,"source":"drive_core_v2"}
06-04 21:02:12.976 I/ReactNativeJS(27948): [VROOM-TEL] 2026-06-04T19:02:12.976Z | GPS_ACCEPT | {"lat":51.362555,"lng":19.365689,"acc":4,"speedKmh":24.9,"gpsLock":true}
06-04 21:02:13.047 I/ReactNativeJS(27948): [VROOM-TEL] 2026-06-04T19:02:13.047Z | DRIVE_TRACE_CAMERA | {"t":1780599733047,"seq":911,"gpsTickId":1780599732944,"gpsTickAgeMs":73,"lat":51.362259,"lng":19.365595,"hdg":35,"speedKmh":27.5,"exploring":false,"frameMoveM":0}
06-04 21:02:13.366 I/ReactNativeJS(27948): [VROOM-TEL] 2026-06-04T19:02:13.366Z | DRIVE_TRACE_CAMERA | {"t":1780599733366,"seq":912,"gpsTickId":1780599732944,"gpsTickAgeMs":392,"lat":51.362282,"lng":19.365607,"hdg":23,"speedKmh":27.5,"exploring":false,"frameMoveM":0}
06-04 21:02:13.400 I/ReactNativeJS(27948): [VROOM-TEL] 2026-06-04T19:02:13.400Z | CAM_FOLLOW_PUSH | {"t":1780599733400,"lat":51.362284,"lng":19.365608,"hdg":23,"snapHdg":34,"speedKmh":28,"exploring":false,"source":"drive_marker_sv_60fps"}
06-04 21:02:13.666 I/ReactNativeJS(27948): [VROOM-TEL] 2026-06-04T19:02:13.666Z | DRIVE_TRACE_CAMERA | {"t":1780599733666,"seq":913,"gpsTickId":1780599732944,"gpsTickAgeMs":692,"lat":51.362301,"lng":19.365616,"hdg":23,"speedKmh":27.5,"exploring":false,"frameMoveM":0}
06-04 21:02:13.767 I/ReactNativeJS(27948): [VROOM-TEL] 2026-06-04T19:02:13.767Z | CAMERA_HEADING | {"t":1780599733767,"speedKmh":28,"movedM":0.12,"moveBearing":18,"snapHdg":28,"headingOut":18,"flipFromPrevDeg":0,"lookaheadM":22,"nativeFollow":true}
06-04 21:02:13.973 I/ReactNativeJS(27948): [VROOM-TEL] 2026-06-04T19:02:13.973Z | RAW_GPS_TICK | {"t":1780599733973,"gpsTickId":1780599733945,"gpsTickAgeMs":1,"lat":51.362592,"lng":19.365779,"speed":7.58,"speedKmh":27.3,"accuracy":4,"osTimestamp":1780599733945,"tripActive":true,"appState":"active"}
06-04 21:02:13.973 I/ReactNativeJS(27948): [VROOM-TEL] 2026-06-04T19:02:13.973Z | DRIVE_TRACE_RAW | {"t":1780599733973,"seq":914,"gpsTickId":1780599733945,"gpsTickAgeMs":1,"rawLat":51.362592,"rawLng":19.365779,"accM":4,"speedKmh":27.3,"speedMs":7.6,"heading":55,"tripActive":true,"driving":true,"navigating":false,"osTimestamp":1780599733945}
06-04 21:02:13.975 I/ReactNativeJS(27948): [VROOM-TEL] 2026-06-04T19:02:13.975Z | DRIVE_TRACE_FEED | {"t":1780599733975,"seq":915,"gpsTickId":1780599733945,"gpsTickAgeMs":3,"lat":51.362326,"lng":19.365715,"hdg":50,"durationMs":790,"speedKmh":31.3}
06-04 21:02:13.976 I/ReactNativeJS(27948): [VROOM-TEL] 2026-06-04T19:02:13.976Z | DRIVE_TRACE_TICK | {"t":1780599733976,"seq":916,"gpsTickId":1780599733945,"gpsTickAgeMs":4,"rawLat":51.362592,"rawLng":19.365779,"snapLat":51.362326,"snapLng":19.365715,"markerLat":51.362326,"markerLng":19.365715,"markerHdg":50,"markerSvLat":51.362313,"markerSvLng":19.365623,"markerSvHdg":34,"accM":4,"hudKmh":31.3,"engineKmh":31.3,"dopplerKmh":27.3,"feedDurMs":790,"cadenceMs":1001,"feedSpeedMs":8.7,"isNavigating":false,"isFreeDrive":true,"isMoving":true,"feedSkipGate":false,"feedAccepted":true,"feedHeadingOnly":false,"source":"drive_core_v2"}
06-04 21:02:13.976 I/ReactNativeJS(27948): [VROOM-TEL] 2026-06-04T19:02:13.976Z | GPS_ACCEPT | {"lat":51.362592,"lng":19.365779,"acc":4,"speedKmh":27.3,"gpsLock":true}
06-04 21:02:14.006 I/ReactNativeJS(27948): [VROOM-TEL] 2026-06-04T19:02:14.006Z | DRIVE_TRACE_CAMERA | {"t":1780599734006,"seq":917,"gpsTickId":1780599733945,"gpsTickAgeMs":34,"lat":51.362313,"lng":19.365624,"hdg":39,"speedKmh":31.3,"exploring":false,"frameMoveM":0}
06-04 21:02:14.100 I/ReactNativeJS(27948): [VROOM-TEL] 2026-06-04T19:02:14.100Z | DRIVE_TRACE_HEARTBEAT | {"t":1780599734100,"seq":918,"gpsTickId":1780599733945,"gpsTickAgeMs":128,"driving":true,"navigating":false,"tripActive":true,"lat":51.3625924,"lng":19.3657787,"gpsAgeMs":128}
06-04 21:02:14.217 I/ReactNativeJS(27948): [VROOM-TEL] 2026-06-04T19:02:14.217Z | CAM_FOLLOW_PUSH | {"t":1780599734217,"lat":51.362317,"lng":19.365651,"hdg":61,"snapHdg":50,"speedKmh":31,"exploring":false,"source":"drive_marker_sv_60fps"}
06-04 21:02:14.317 I/ReactNativeJS(27948): [VROOM-TEL] 2026-06-04T19:02:14.317Z | DRIVE_TRACE_CAMERA | {"t":1780599734317,"seq":919,"gpsTickId":1780599733945,"gpsTickAgeMs":345,"lat":51.362319,"lng":19.365663,"hdg":61,"speedKmh":31.3,"exploring":false,"frameMoveM":0}
06-04 21:02:14.617 I/ReactNativeJS(27948): [VROOM-TEL] 2026-06-04T19:02:14.617Z | DRIVE_TRACE_CAMERA | {"t":1780599734617,"seq":920,"gpsTickId":1780599733945,"gpsTickAgeMs":645,"lat":51.362324,"lng":19.365698,"hdg":61,"speedKmh":31.3,"exploring":false,"frameMoveM":0}
06-04 21:02:14.884 I/ReactNativeJS(27948): [VROOM-TEL] 2026-06-04T19:02:14.884Z | CAMERA_HEADING | {"t":1780599734884,"speedKmh":31,"movedM":0,"moveBearing":null,"snapHdg":55,"headingOut":55,"flipFromPrevDeg":10,"lookaheadM":27,"nativeFollow":true}
06-04 21:02:14.933 I/ReactNativeJS(27948): [VROOM-TEL] 2026-06-04T19:02:14.933Z | DRIVE_TRACE_CAMERA | {"t":1780599734933,"seq":921,"gpsTickId":1780599733945,"gpsTickAgeMs":961,"lat":51.362329,"lng":19.365727,"hdg":55,"speedKmh":31.3,"exploring":false,"frameMoveM":0}
06-04 21:02:14.970 I/ReactNativeJS(27948): [VROOM-TEL] 2026-06-04T19:02:14.970Z | RAW_GPS_TICK | {"t":1780599734970,"gpsTickId":1780599734945,"gpsTickAgeMs":0,"lat":51.36263,"lng":19.365881,"speed":8.27,"speedKmh":29.8,"accuracy":4,"osTimestamp":1780599734945,"tripActive":true,"appState":"active"}
06-04 21:02:14.971 I/ReactNativeJS(27948): [VROOM-TEL] 2026-06-04T19:02:14.971Z | DRIVE_TRACE_RAW | {"t":1780599734971,"seq":922,"gpsTickId":1780599734945,"gpsTickAgeMs":1,"rawLat":51.36263,"rawLng":19.365881,"accM":4,"speedKmh":29.8,"speedMs":8.3,"heading":60,"tripActive":true,"driving":true,"navigating":false,"osTimestamp":1780599734945}
06-04 21:02:14.972 I/ReactNativeJS(27948): [VROOM-TEL] 2026-06-04T19:02:14.972Z | DRIVE_TRACE_FEED | {"t":1780599734972,"seq":923,"gpsTickId":1780599734945,"gpsTickAgeMs":2,"lat":51.362381,"lng":19.365755,"hdg":58,"durationMs":796,"speedKmh":30.5}
06-04 21:02:14.972 I/ReactNativeJS(27948): [VROOM-TEL] 2026-06-04T19:02:14.972Z | DRIVE_TRACE_TICK | {"t":1780599734972,"seq":924,"gpsTickId":1780599734945,"gpsTickAgeMs":2,"rawLat":51.36263,"rawLng":19.365881,"snapLat":51.362381,"snapLng":19.365755,"markerLat":51.362381,"markerLng":19.365755,"markerHdg":58,"markerSvLat":51.362329,"markerSvLng":19.365727,"markerSvHdg":51,"accM":4,"hudKmh":30.5,"engineKmh":30.5,"dopplerKmh":29.8,"feedDurMs":796,"cadenceMs":1000,"feedSpeedMs":8.5,"isNavigating":false,"isFreeDrive":true,"isMoving":true,"feedSkipGate":false,"feedAccepted":true,"feedHeadingOnly":false,"source":"drive_core_v2"}
06-04 21:02:14.972 I/ReactNativeJS(27948): [VROOM-TEL] 2026-06-04T19:02:14.972Z | GPS_ACCEPT | {"lat":51.36263,"lng":19.365881,"acc":4,"speedKmh":29.8,"gpsLock":true}
06-04 21:02:15.033 I/ReactNativeJS(27948): [VROOM-TEL] 2026-06-04T19:02:15.033Z | CAM_FOLLOW_PUSH | {"t":1780599735033,"lat":51.362333,"lng":19.365729,"hdg":47,"snapHdg":58,"speedKmh":31,"exploring":false,"source":"drive_marker_sv_60fps"}
06-04 21:02:15.233 I/ReactNativeJS(27948): [VROOM-TEL] 2026-06-04T19:02:15.233Z | DRIVE_TRACE_CAMERA | {"t":1780599735233,"seq":925,"gpsTickId":1780599734945,"gpsTickAgeMs":263,"lat":51.362346,"lng":19.365736,"hdg":47,"speedKmh":30.5,"exploring":false,"frameMoveM":0}
06-04 21:02:15.584 I/ReactNativeJS(27948): [VROOM-TEL] 2026-06-04T19:02:15.584Z | DRIVE_TRACE_CAMERA | {"t":1780599735584,"seq":926,"gpsTickId":1780599734945,"gpsTickAgeMs":614,"lat":51.362364,"lng":19.365746,"hdg":59,"speedKmh":30.5,"exploring":false,"frameMoveM":0}
06-04 21:02:15.834 I/ReactNativeJS(27948): [VROOM-TEL] 2026-06-04T19:02:15.834Z | CAM_FOLLOW_PUSH | {"t":1780599735834,"lat":51.362385,"lng":19.365758,"hdg":47,"snapHdg":58,"speedKmh":31,"exploring":false,"source":"drive_marker_sv_60fps"}
06-04 21:02:15.884 I/ReactNativeJS(27948): [VROOM-TEL] 2026-06-04T19:02:15.884Z | DRIVE_TRACE_CAMERA | {"t":1780599735884,"seq":927,"gpsTickId":1780599734945,"gpsTickAgeMs":914,"lat":51.362387,"lng":19.365759,"hdg":53,"speedKmh":30.5,"exploring":false,"frameMoveM":0}
06-04 21:02:15.968 I/ReactNativeJS(27948): [VROOM-TEL] 2026-06-04T19:02:15.968Z | RAW_GPS_TICK | {"t":1780599735968,"gpsTickId":1780599735944,"gpsTickAgeMs":0,"lat":51.362664,"lng":19.365991,"speed":8.57,"speedKmh":30.9,"accuracy":4,"osTimestamp":1780599735944,"tripActive":true,"appState":"active"}
06-04 21:02:15.968 I/ReactNativeJS(27948): [VROOM-TEL] 2026-06-04T19:02:15.968Z | DRIVE_TRACE_RAW | {"t":1780599735968,"seq":928,"gpsTickId":1780599735944,"gpsTickAgeMs":0,"rawLat":51.362664,"rawLng":19.365991,"accM":4,"speedKmh":30.9,"speedMs":8.6,"heading":62,"tripActive":true,"driving":true,"navigating":false,"osTimestamp":1780599735944}
06-04 21:02:15.970 I/ReactNativeJS(27948): [VROOM-TEL] 2026-06-04T19:02:15.970Z | DRIVE_TRACE_FEED | {"t":1780599735970,"seq":929,"gpsTickId":1780599735944,"gpsTickAgeMs":2,"lat":51.362443,"lng":19.365787,"hdg":62,"durationMs":774,"speedKmh":33.6}
06-04 21:02:15.970 I/ReactNativeJS(27948): [VROOM-TEL] 2026-06-04T19:02:15.970Z | DRIVE_TRACE_TICK | {"t":1780599735970,"seq":930,"gpsTickId":1780599735944,"gpsTickAgeMs":2,"rawLat":51.362664,"rawLng":19.365991,"snapLat":51.362443,"snapLng":19.365787,"markerLat":51.362443,"markerLng":19.365787,"markerHdg":62,"markerSvLat":51.362387,"markerSvLng":19.365759,"markerSvHdg":45,"accM":4,"hudKmh":33.6,"engineKmh":33.6,"dopplerKmh":30.9,"feedDurMs":774,"cadenceMs":999,"feedSpeedMs":9.3,"isNavigating":false,"isFreeDrive":true,"isMoving":true,"feedSkipGate":false,"feedAccepted":true,"feedHeadingOnly":false,"source":"drive_core_v2"}
06-04 21:02:15.970 I/ReactNativeJS(27948): [VROOM-TEL] 2026-06-04T19:02:15.970Z | GPS_ACCEPT | {"lat":51.362664,"lng":19.365991,"acc":4,"speedKmh":30.9,"gpsLock":true}
06-04 21:02:15.998 I/ReactNativeJS(27948): [VROOM-TEL] 2026-06-04T19:02:15.998Z | CAMERA_HEADING | {"t":1780599735998,"speedKmh":34,"movedM":0.1,"moveBearing":null,"snapHdg":42,"headingOut":42,"flipFromPrevDeg":11,"lookaheadM":27,"nativeFollow":true}
06-04 21:02:16.200 I/ReactNativeJS(27948): [VROOM-TEL] 2026-06-04T19:02:16.200Z | DRIVE_TRACE_CAMERA | {"t":1780599736200,"seq":931,"gpsTickId":1780599735944,"gpsTickAgeMs":232,"lat":51.362404,"lng":19.365768,"hdg":51,"speedKmh":33.6,"exploring":false,"frameMoveM":0}
06-04 21:02:16.500 I/ReactNativeJS(27948): [VROOM-TEL] 2026-06-04T19:02:16.500Z | DRIVE_TRACE_CAMERA | {"t":1780599736500,"seq":932,"gpsTickId":1780599735944,"gpsTickAgeMs":532,"lat":51.362425,"lng":19.365779,"hdg":51,"speedKmh":33.6,"exploring":false,"frameMoveM":0}
06-04 21:02:16.650 I/ReactNativeJS(27948): [VROOM-TEL] 2026-06-04T19:02:16.650Z | CAM_FOLLOW_PUSH | {"t":1780599736650,"lat":51.362436,"lng":19.365784,"hdg":51,"snapHdg":62,"speedKmh":34,"exploring":false,"source":"drive_marker_sv_60fps"}
06-04 21:02:16.800 I/ReactNativeJS(27948): [VROOM-TEL] 2026-06-04T19:02:16.800Z | DRIVE_TRACE_CAMERA | {"t":1780599736800,"seq":933,"gpsTickId":1780599735944,"gpsTickAgeMs":832,"lat":51.362447,"lng":19.36579,"hdg":56,"speedKmh":33.6,"exploring":false,"frameMoveM":0}
06-04 21:02:16.972 I/ReactNativeJS(27948): [VROOM-TEL] 2026-06-04T19:02:16.972Z | RAW_GPS_TICK | {"t":1780599736972,"gpsTickId":1780599736944,"gpsTickAgeMs":0,"lat":51.362699,"lng":19.366103,"speed":8.73,"speedKmh":31.4,"accuracy":4,"osTimestamp":1780599736944,"tripActive":true,"appState":"active"}
06-04 21:02:16.972 I/ReactNativeJS(27948): [VROOM-TEL] 2026-06-04T19:02:16.972Z | DRIVE_TRACE_RAW | {"t":1780599736972,"seq":934,"gpsTickId":1780599736944,"gpsTickAgeMs":0,"rawLat":51.362699,"rawLng":19.366103,"accM":4,"speedKmh":31.4,"speedMs":8.7,"heading":62,"tripActive":true,"driving":true,"navigating":false,"osTimestamp":1780599736944}
06-04 21:02:16.974 I/ReactNativeJS(27948): [VROOM-TEL] 2026-06-04T19:02:16.974Z | DRIVE_TRACE_FEED | {"t":1780599736974,"seq":935,"gpsTickId":1780599736944,"gpsTickAgeMs":2,"lat":51.362506,"lng":19.365814,"hdg":63,"durationMs":776,"speedKmh":33.4}
06-04 21:02:16.974 I/ReactNativeJS(27948): [VROOM-TEL] 2026-06-04T19:02:16.974Z | DRIVE_TRACE_TICK | {"t":1780599736974,"seq":936,"gpsTickId":1780599736944,"gpsTickAgeMs":2,"rawLat":51.362699,"rawLng":19.366103,"snapLat":51.362506,"snapLng":19.365814,"markerLat":51.362506,"markerLng":19.365814,"markerHdg":63,"markerSvLat":51.362452,"markerSvLng":19.365794,"markerSvHdg":48,"accM":4,"hudKmh":33.4,"engineKmh":33.4,"dopplerKmh":31.4,"feedDurMs":776,"cadenceMs":1001,"feedSpeedMs":9.3,"isNavigating":false,"isFreeDrive":true,"isMoving":true,"feedSkipGate":false,"feedAccepted":true,"feedHeadingOnly":false,"source":"drive_core_v2"}
06-04 21:02:16.974 I/ReactNativeJS(27948): [VROOM-TEL] 2026-06-04T19:02:16.974Z | GPS_ACCEPT | {"lat":51.362699,"lng":19.366103,"acc":4,"speedKmh":31.4,"gpsLock":true}
06-04 21:02:17.099 I/ReactNativeJS(27948): [VROOM-TEL] 2026-06-04T19:02:17.099Z | CAMERA_HEADING | {"t":1780599737099,"speedKmh":33,"movedM":0.13,"moveBearing":13,"snapHdg":57,"headingOut":13,"flipFromPrevDeg":10,"lookaheadM":27,"nativeFollow":true}
06-04 21:02:17.100 I/ReactNativeJS(27948): [VROOM-TEL] 2026-06-04T19:02:17.100Z | DRIVE_TRACE_CAMERA | {"t":1780599737100,"seq":937,"gpsTickId":1780599736944,"gpsTickAgeMs":128,"lat":51.362461,"lng":19.365797,"hdg":57,"speedKmh":33.4,"exploring":false,"frameMoveM":0}
06-04 21:02:17.400 I/ReactNativeJS(27948): [VROOM-TEL] 2026-06-04T19:02:17.400Z | DRIVE_TRACE_CAMERA | {"t":1780599737400,"seq":938,"gpsTickId":1780599736944,"gpsTickAgeMs":428,"lat":51.362481,"lng":19.365805,"hdg":52,"speedKmh":33.4,"exploring":false,"frameMoveM":0}
06-04 21:02:17.450 I/ReactNativeJS(27948): [VROOM-TEL] 2026-06-04T19:02:17.450Z | CAM_FOLLOW_PUSH | {"t":1780599737450,"lat":51.362485,"lng":19.365806,"hdg":52,"snapHdg":63,"speedKmh":33,"exploring":false,"source":"drive_marker_sv_60fps"}
06-04 21:02:17.700 I/ReactNativeJS(27948): [VROOM-TEL] 2026-06-04T19:02:17.700Z | DRIVE_TRACE_CAMERA | {"t":1780599737700,"seq":939,"gpsTickId":1780599736944,"gpsTickAgeMs":728,"lat":51.362502,"lng":19.365812,"hdg":57,"speedKmh":33.4,"exploring":false,"frameMoveM":0}
06-04 21:02:17.970 I/ReactNativeJS(27948): [VROOM-TEL] 2026-06-04T19:02:17.970Z | RAW_GPS_TICK | {"t":1780599737970,"gpsTickId":1780599737946,"gpsTickAgeMs":0,"lat":51.362736,"lng":19.366217,"speed":8.84,"speedKmh":31.8,"accuracy":4,"osTimestamp":1780599737946,"tripActive":true,"appState":"active"}
06-04 21:02:17.970 I/ReactNativeJS(27948): [VROOM-TEL] 2026-06-04T19:02:17.970Z | DRIVE_TRACE_RAW | {"t":1780599737970,"seq":940,"gpsTickId":1780599737946,"gpsTickAgeMs":0,"rawLat":51.362736,"rawLng":19.366217,"accM":4,"speedKmh":31.8,"speedMs":8.8,"heading":62,"tripActive":true,"driving":true,"navigating":false,"osTimestamp":1780599737946}
06-04 21:02:17.971 I/ReactNativeJS(27948): [VROOM-TEL] 2026-06-04T19:02:17.971Z | DRIVE_TRACE_FEED | {"t":1780599737971,"seq":941,"gpsTickId":1780599737946,"gpsTickAgeMs":1,"lat":51.36256,"lng":19.365882,"hdg":63,"durationMs":757,"speedKmh":36.5}
06-04 21:02:17.972 I/ReactNativeJS(27948): [VROOM-TEL] 2026-06-04T19:02:17.972Z | DRIVE_TRACE_TICK | {"t":1780599737972,"seq":942,"gpsTickId":1780599737946,"gpsTickAgeMs":2,"rawLat":51.362736,"rawLng":19.366217,"snapLat":51.36256,"snapLng":19.365882,"markerLat":51.36256,"markerLng":19.365882,"markerHdg":63,"markerSvLat":51.362515,"markerSvLng":19.365819,"markerSvHdg":44,"accM":4,"hudKmh":36.5,"engineKmh":36.5,"dopplerKmh":31.8,"feedDurMs":757,"cadenceMs":1000,"feedSpeedMs":10.1,"isNavigating":false,"isFreeDrive":true,"isMoving":true,"feedSkipGate":false,"feedAccepted":true,"feedHeadingOnly":false,"source":"drive_core_v2"}
06-04 21:02:17.972 I/ReactNativeJS(27948): [VROOM-TEL] 2026-06-04T19:02:17.972Z | GPS_ACCEPT | {"lat":51.362736,"lng":19.366217,"acc":4,"speedKmh":32.1,"gpsLock":true}
06-04 21:02:18.034 I/ReactNativeJS(27948): [VROOM-TEL] 2026-06-04T19:02:18.034Z | DRIVE_TRACE_CAMERA | {"t":1780599738034,"seq":943,"gpsTickId":1780599737946,"gpsTickAgeMs":64,"lat":51.362515,"lng":19.365819,"hdg":73,"speedKmh":36.5,"exploring":false,"frameMoveM":0}
06-04 21:02:18.199 I/ReactNativeJS(27948): [VROOM-TEL] 2026-06-04T19:02:18.199Z | CAMERA_HEADING | {"t":1780599738199,"speedKmh":37,"movedM":0.14,"moveBearing":41,"snapHdg":48,"headingOut":41,"flipFromPrevDeg":0,"lookaheadM":27,"nativeFollow":true}
06-04 21:02:18.250 I/ReactNativeJS(27948): [VROOM-TEL] 2026-06-04T19:02:18.250Z | CAM_FOLLOW_PUSH | {"t":1780599738250,"lat":51.362532,"lng":19.365842,"hdg":48,"snapHdg":63,"speedKmh":37,"exploring":false,"source":"drive_marker_sv_60fps"}
06-04 21:02:18.350 I/ReactNativeJS(27948): [VROOM-TEL] 2026-06-04T19:02:18.350Z | DRIVE_TRACE_CAMERA | {"t":1780599738350,"seq":944,"gpsTickId":1780599737946,"gpsTickAgeMs":380,"lat":51.362538,"lng":19.36585,"hdg":53,"speedKmh":36.5,"exploring":false,"frameMoveM":0}
06-04 21:02:18.666 I/ReactNativeJS(27948): [VROOM-TEL] 2026-06-04T19:02:18.666Z | DRIVE_TRACE_CAMERA | {"t":1780599738666,"seq":945,"gpsTickId":1780599737946,"gpsTickAgeMs":696,"lat":51.362557,"lng":19.365877,"hdg":48,"speedKmh":36.5,"exploring":false,"frameMoveM":0}
06-04 21:02:18.956 I/ReactNativeJS(27948): [VROOM-TEL] 2026-06-04T19:02:18.956Z | RAW_GPS_TICK | {"t":1780599738956,"gpsTickId":1780599738944,"gpsTickAgeMs":0,"lat":51.362773,"lng":19.366332,"speed":9.01,"speedKmh":32.4,"accuracy":4,"osTimestamp":1780599738944,"tripActive":true,"appState":"active"}
06-04 21:02:18.957 I/ReactNativeJS(27948): [VROOM-TEL] 2026-06-04T19:02:18.957Z | DRIVE_TRACE_RAW | {"t":1780599738957,"seq":946,"gpsTickId":1780599738944,"gpsTickAgeMs":1,"rawLat":51.362773,"rawLng":19.366332,"accM":4,"speedKmh":32.4,"speedMs":9,"heading":62,"tripActive":true,"driving":true,"navigating":false,"osTimestamp":1780599738944}
06-04 21:02:18.958 I/ReactNativeJS(27948): [VROOM-TEL] 2026-06-04T19:02:18.958Z | DRIVE_TRACE_FEED | {"t":1780599738958,"seq":947,"gpsTickId":1780599738944,"gpsTickAgeMs":2,"lat":51.362603,"lng":19.365968,"hdg":63,"durationMs":759,"speedKmh":36.2}
06-04 21:02:18.958 I/ReactNativeJS(27948): [VROOM-TEL] 2026-06-04T19:02:18.958Z | DRIVE_TRACE_TICK | {"t":1780599738958,"seq":948,"gpsTickId":1780599738944,"gpsTickAgeMs":2,"rawLat":51.362773,"rawLng":19.366332,"snapLat":51.362603,"snapLng":19.365968,"markerLat":51.362603,"markerLng":19.365968,"markerHdg":63,"markerSvLat":51.362568,"markerSvLng":19.365896,"markerSvHdg":62,"accM":4,"hudKmh":36.2,"engineKmh":36.2,"dopplerKmh":32.4,"feedDurMs":759,"cadenceMs":995,"feedSpeedMs":10.1,"isNavigating":false,"isFreeDrive":true,"isMoving":true,"feedSkipGate":false,"feedAccepted":true,"feedHeadingOnly":false,"source":"drive_core_v2"}
06-04 21:02:18.959 I/ReactNativeJS(27948): [VROOM-TEL] 2026-06-04T19:02:18.959Z | GPS_ACCEPT | {"lat":51.362773,"lng":19.366332,"acc":4,"speedKmh":32.8,"gpsLock":true}
06-04 21:02:18.969 I/ReactNativeJS(27948): [VROOM-TEL] 2026-06-04T19:02:18.969Z | DRIVE_TRACE_CAMERA | {"t":1780599738969,"seq":949,"gpsTickId":1780599738944,"gpsTickAgeMs":13,"lat":51.362568,"lng":19.365897,"hdg":53,"speedKmh":36.2,"exploring":false,"frameMoveM":0}
06-04 21:02:19.066 I/ReactNativeJS(27948): [VROOM-TEL] 2026-06-04T19:02:19.066Z | CAM_FOLLOW_PUSH | {"t":1780599739066,"lat":51.362573,"lng":19.365907,"hdg":53,"snapHdg":63,"speedKmh":36,"exploring":false,"source":"drive_marker_sv_60fps"}
06-04 21:02:19.117 I/ReactNativeJS(27948): [VROOM-TEL] 2026-06-04T19:02:19.117Z | DRIVE_TRACE_HEARTBEAT | {"t":1780599739117,"seq":950,"gpsTickId":1780599738944,"gpsTickAgeMs":160,"driving":true,"navigating":false,"tripActive":true,"lat":51.3627726,"lng":19.3663323,"gpsAgeMs":160}
06-04 21:02:19.283 I/ReactNativeJS(27948): [VROOM-TEL] 2026-06-04T19:02:19.283Z | DRIVE_TRACE_CAMERA | {"t":1780599739283,"seq":951,"gpsTickId":1780599738944,"gpsTickAgeMs":327,"lat":51.362583,"lng":19.365927,"hdg":52,"speedKmh":36.2,"exploring":false,"frameMoveM":0}
06-04 21:02:19.300 I/ReactNativeJS(27948): [VROOM-TEL] 2026-06-04T19:02:19.300Z | CAMERA_HEADING | {"t":1780599739300,"speedKmh":36,"movedM":0.14,"moveBearing":52,"snapHdg":53,"headingOut":52,"flipFromPrevDeg":0,"lookaheadM":27,"nativeFollow":true}
06-04 21:02:19.583 I/ReactNativeJS(27948): [VROOM-TEL] 2026-06-04T19:02:19.583Z | DRIVE_TRACE_CAMERA | {"t":1780599739583,"seq":952,"gpsTickId":1780599738944,"gpsTickAgeMs":627,"lat":51.362597,"lng":19.365955,"hdg":52,"speedKmh":36.2,"exploring":false,"frameMoveM":0}
06-04 21:02:19.968 I/ReactNativeJS(27948): [VROOM-TEL] 2026-06-04T19:02:19.968Z | RAW_GPS_TICK | {"t":1780599739968,"gpsTickId":1780599739944,"gpsTickAgeMs":0,"lat":51.362811,"lng":19.366449,"speed":9.29,"speedKmh":33.4,"accuracy":4,"osTimestamp":1780599739944,"tripActive":true,"appState":"active"}
06-04 21:02:19.968 I/ReactNativeJS(27948): [VROOM-TEL] 2026-06-04T19:02:19.968Z | DRIVE_TRACE_RAW | {"t":1780599739968,"seq":953,"gpsTickId":1780599739944,"gpsTickAgeMs":0,"rawLat":51.362811,"rawLng":19.366449,"accM":4,"speedKmh":33.4,"speedMs":9.3,"heading":62,"tripActive":true,"driving":true,"navigating":false,"osTimestamp":1780599739944}
06-04 21:02:19.971 I/ReactNativeJS(27948): [VROOM-TEL] 2026-06-04T19:02:19.971Z | DRIVE_TRACE_FEED | {"t":1780599739971,"seq":954,"gpsTickId":1780599739944,"gpsTickAgeMs":3,"lat":51.362716,"lng":19.366292,"hdg":63,"durationMs":1200,"speedKmh":36.1}
06-04 21:02:19.971 I/ReactNativeJS(27948): [VROOM-TEL] 2026-06-04T19:02:19.971Z | DRIVE_TRACE_TICK | {"t":1780599739971,"seq":955,"gpsTickId":1780599739944,"gpsTickAgeMs":3,"rawLat":51.362811,"rawLng":19.366449,"snapLat":51.362716,"snapLng":19.366292,"markerLat":51.362716,"markerLng":19.366292,"markerHdg":63,"markerSvLat":51.362608,"markerSvLng":19.365982,"markerSvHdg":62,"accM":4,"hudKmh":36.1,"engineKmh":36.1,"dopplerKmh":33.4,"feedDurMs":1200,"cadenceMs":1001,"feedSpeedMs":10,"isNavigating":false,"isFreeDrive":true,"isMoving":true,"feedSkipGate":false,"feedAccepted":true,"feedHeadingOnly":false,"source":"drive_core_v2"}
06-04 21:02:19.971 I/ReactNativeJS(27948): [VROOM-TEL] 2026-06-04T19:02:19.971Z | GPS_ACCEPT | {"lat":51.362811,"lng":19.366449,"acc":4,"speedKmh":33.4,"gpsLock":true}
06-04 21:02:20.062 I/ReactNativeJS(27948): [VROOM-TEL] 2026-06-04T19:02:20.057Z | CAM_FOLLOW_PUSH | {"t":1780599740057,"lat":51.362611,"lng":19.36599,"hdg":68,"snapHdg":63,"speedKmh":36,"exploring":false,"source":"drive_marker_sv_60fps"}
06-04 21:02:20.077 I/ReactNativeJS(27948): [VROOM-TEL] 2026-06-04T19:02:20.077Z | DRIVE_TRACE_CAMERA | {"t":1780599740077,"seq":956,"gpsTickId":1780599739944,"gpsTickAgeMs":101,"lat":51.362611,"lng":19.36599,"hdg":68,"speedKmh":36.1,"exploring":false,"frameMoveM":0}
06-04 21:02:20.383 I/ReactNativeJS(27948): [VROOM-TEL] 2026-06-04T19:02:20.383Z | DRIVE_TRACE_CAMERA | {"t":1780599740383,"seq":957,"gpsTickId":1780599739944,"gpsTickAgeMs":415,"lat":51.362645,"lng":19.366089,"hdg":61,"speedKmh":36.1,"exploring":false,"frameMoveM":0}
06-04 21:02:20.416 I/ReactNativeJS(27948): [VROOM-TEL] 2026-06-04T19:02:20.416Z | CAMERA_HEADING | {"t":1780599740416,"speedKmh":36,"movedM":0.35,"moveBearing":61,"snapHdg":61,"headingOut":61,"flipFromPrevDeg":0,"lookaheadM":27,"nativeFollow":true}
06-04 21:02:20.683 I/ReactNativeJS(27948): [VROOM-TEL] 2026-06-04T19:02:20.683Z | DRIVE_TRACE_CAMERA | {"t":1780599740683,"seq":958,"gpsTickId":1780599739944,"gpsTickAgeMs":715,"lat":51.362672,"lng":19.366166,"hdg":61,"speedKmh":36.1,"exploring":false,"frameMoveM":0}
06-04 21:02:20.866 I/ReactNativeJS(27948): [VROOM-TEL] 2026-06-04T19:02:20.866Z | CAM_FOLLOW_PUSH | {"t":1780599740866,"lat":51.362689,"lng":19.366214,"hdg":61,"snapHdg":63,"speedKmh":36,"exploring":false,"source":"drive_marker_sv_60fps"}
06-04 21:02:20.970 I/ReactNativeJS(27948): [VROOM-TEL] 2026-06-04T19:02:20.970Z | RAW_GPS_TICK | {"t":1780599740970,"gpsTickId":1780599740945,"gpsTickAgeMs":0,"lat":51.36285,"lng":19.366569,"speed":9.38,"speedKmh":33.8,"accuracy":4,"osTimestamp":1780599740945,"tripActive":true,"appState":"active"}
06-04 21:02:20.971 I/ReactNativeJS(27948): [VROOM-TEL] 2026-06-04T19:02:20.971Z | DRIVE_TRACE_RAW | {"t":1780599740971,"seq":959,"gpsTickId":1780599740945,"gpsTickAgeMs":1,"rawLat":51.36285,"rawLng":19.366569,"accM":4,"speedKmh":33.8,"speedMs":9.4,"heading":62,"tripActive":true,"driving":true,"navigating":false,"osTimestamp":1780599740945}
06-04 21:02:20.972 I/ReactNativeJS(27948): [VROOM-TEL] 2026-06-04T19:02:20.972Z | DRIVE_TRACE_FEED | {"t":1780599740972,"seq":960,"gpsTickId":1780599740945,"gpsTickAgeMs":2,"lat":51.362734,"lng":19.366395,"hdg":62,"durationMs":766,"speedKmh":34.9}
06-04 21:02:20.972 I/ReactNativeJS(27948): [VROOM-TEL] 2026-06-04T19:02:20.972Z | DRIVE_TRACE_TICK | {"t":1780599740972,"seq":961,"gpsTickId":1780599740945,"gpsTickAgeMs":2,"rawLat":51.36285,"rawLng":19.366569,"snapLat":51.362734,"snapLng":19.366395,"markerLat":51.362734,"markerLng":19.366395,"markerHdg":62,"markerSvLat":51.362698,"markerSvLng":19.366239,"markerSvHdg":61,"accM":4,"hudKmh":34.9,"engineKmh":34.9,"dopplerKmh":33.8,"feedDurMs":766,"cadenceMs":1001,"feedSpeedMs":9.7,"isNavigating":false,"isFreeDrive":true,"isMoving":true,"feedSkipGate":false,"feedAccepted":true,"feedHeadingOnly":false,"source":"drive_core_v2"}
06-04 21:02:20.972 I/ReactNativeJS(27948): [VROOM-TEL] 2026-06-04T19:02:20.972Z | GPS_ACCEPT | {"lat":51.36285,"lng":19.366569,"acc":4,"speedKmh":33.9,"gpsLock":true}
06-04 21:02:21.010 I/ReactNativeJS(27948): [VROOM-TEL] 2026-06-04T19:02:21.010Z | DRIVE_TRACE_CAMERA | {"t":1780599741010,"seq":962,"gpsTickId":1780599740945,"gpsTickAgeMs":40,"lat":51.362699,"lng":19.366244,"hdg":56,"speedKmh":34.9,"exploring":false,"frameMoveM":0}
06-04 21:02:21.317 I/ReactNativeJS(27948): [VROOM-TEL] 2026-06-04T19:02:21.317Z | DRIVE_TRACE_CAMERA | {"t":1780599741317,"seq":963,"gpsTickId":1780599740945,"gpsTickAgeMs":347,"lat":51.362714,"lng":19.366309,"hdg":69,"speedKmh":34.9,"exploring":false,"frameMoveM":0}
06-04 21:02:21.517 I/ReactNativeJS(27948): [VROOM-TEL] 2026-06-04T19:02:21.517Z | CAMERA_HEADING | {"t":1780599741517,"speedKmh":35,"movedM":0.26,"moveBearing":69,"snapHdg":69,"headingOut":69,"flipFromPrevDeg":0,"lookaheadM":27,"nativeFollow":true}
06-04 21:02:21.617 I/ReactNativeJS(27948): [VROOM-TEL] 2026-06-04T19:02:21.617Z | DRIVE_TRACE_CAMERA | {"t":1780599741617,"seq":964,"gpsTickId":1780599740945,"gpsTickAgeMs":647,"lat":51.362728,"lng":19.36637,"hdg":69,"speedKmh":34.9,"exploring":false,"frameMoveM":0}
06-04 21:02:21.666 I/ReactNativeJS(27948): [VROOM-TEL] 2026-06-04T19:02:21.666Z | CAM_FOLLOW_PUSH | {"t":1780599741666,"lat":51.362731,"lng":19.36638,"hdg":69,"snapHdg":62,"speedKmh":35,"exploring":false,"source":"drive_marker_sv_60fps"}
06-04 21:02:21.961 I/ReactNativeJS(27948): [VROOM-TEL] 2026-06-04T19:02:21.961Z | RAW_GPS_TICK | {"t":1780599741961,"gpsTickId":1780599741945,"gpsTickAgeMs":0,"lat":51.362889,"lng":19.366687,"speed":9.32,"speedKmh":33.6,"accuracy":4,"osTimestamp":1780599741945,"tripActive":true,"appState":"active"}
06-04 21:02:21.961 I/ReactNativeJS(27948): [VROOM-TEL] 2026-06-04T19:02:21.961Z | DRIVE_TRACE_RAW | {"t":1780599741961,"seq":965,"gpsTickId":1780599741945,"gpsTickAgeMs":0,"rawLat":51.362889,"rawLng":19.366687,"accM":4,"speedKmh":33.6,"speedMs":9.3,"heading":62,"tripActive":true,"driving":true,"navigating":false,"osTimestamp":1780599741945}
06-04 21:02:21.964 I/ReactNativeJS(27948): [VROOM-TEL] 2026-06-04T19:02:21.964Z | DRIVE_TRACE_FEED | {"t":1780599741964,"seq":966,"gpsTickId":1780599741945,"gpsTickAgeMs":3,"lat":51.362747,"lng":19.366501,"hdg":62,"durationMs":764,"speedKmh":35.3}
06-04 21:02:21.964 I/ReactNativeJS(27948): [VROOM-TEL] 2026-06-04T19:02:21.964Z | DRIVE_TRACE_TICK | {"t":1780599741964,"seq":967,"gpsTickId":1780599741945,"gpsTickAgeMs":3,"rawLat":51.362889,"rawLng":19.366687,"snapLat":51.362747,"snapLng":19.366501,"markerLat":51.362747,"markerLng":19.366501,"markerHdg":62,"markerSvLat":51.362739,"markerSvLng":19.36641,"markerSvHdg":62,"accM":4,"hudKmh":35.3,"engineKmh":35.3,"dopplerKmh":33.6,"feedDurMs":764,"cadenceMs":998,"feedSpeedMs":9.8,"isNavigating":false,"isFreeDrive":true,"isMoving":true,"feedSkipGate":false,"feedAccepted":true,"feedHeadingOnly":false,"source":"drive_core_v2"}
06-04 21:02:21.964 I/ReactNativeJS(27948): [VROOM-TEL] 2026-06-04T19:02:21.964Z | GPS_ACCEPT | {"lat":51.362889,"lng":19.366687,"acc":4,"speedKmh":33.7,"gpsLock":true}
06-04 21:02:22.017 I/ReactNativeJS(27948): [VROOM-TEL] 2026-06-04T19:02:22.017Z | DRIVE_TRACE_CAMERA | {"t":1780599742017,"seq":968,"gpsTickId":1780599741945,"gpsTickAgeMs":56,"lat":51.362739,"lng":19.366412,"hdg":52,"speedKmh":35.3,"exploring":false,"frameMoveM":0}
06-04 21:02:22.317 I/ReactNativeJS(27948): [VROOM-TEL] 2026-06-04T19:02:22.317Z | DRIVE_TRACE_CAMERA | {"t":1780599742317,"seq":969,"gpsTickId":1780599741945,"gpsTickAgeMs":356,"lat":51.362742,"lng":19.366452,"hdg":77,"speedKmh":35.3,"exploring":false,"frameMoveM":0}
06-04 21:02:22.466 I/ReactNativeJS(27948): [VROOM-TEL] 2026-06-04T19:02:22.466Z | CAM_FOLLOW_PUSH | {"t":1780599742466,"lat":51.362744,"lng":19.36647,"hdg":77,"snapHdg":62,"speedKmh":35,"exploring":false,"source":"drive_marker_sv_60fps"}
06-04 21:02:22.617 I/ReactNativeJS(27948): [VROOM-TEL] 2026-06-04T19:02:22.617Z | CAMERA_HEADING | {"t":1780599742617,"speedKmh":35,"movedM":0.13,"moveBearing":82,"snapHdg":77,"headingOut":82,"flipFromPrevDeg":0,"lookaheadM":27,"nativeFollow":true}
06-04 21:02:22.617 I/ReactNativeJS(27948): [VROOM-TEL] 2026-06-04T19:02:22.617Z | DRIVE_TRACE_CAMERA | {"t":1780599742617,"seq":970,"gpsTickId":1780599741945,"gpsTickAgeMs":656,"lat":51.362746,"lng":19.366488,"hdg":77,"speedKmh":35.3,"exploring":false,"frameMoveM":0}
06-04 21:02:22.973 I/ReactNativeJS(27948): [VROOM-TEL] 2026-06-04T19:02:22.973Z | RAW_GPS_TICK | {"t":1780599742973,"gpsTickId":1780599742944,"gpsTickAgeMs":0,"lat":51.362927,"lng":19.366805,"speed":9.39,"speedKmh":33.8,"accuracy":4,"osTimestamp":1780599742944,"tripActive":true,"appState":"active"}
06-04 21:02:22.973 I/ReactNativeJS(27948): [VROOM-TEL] 2026-06-04T19:02:22.973Z | DRIVE_TRACE_RAW | {"t":1780599742973,"seq":971,"gpsTickId":1780599742944,"gpsTickAgeMs":0,"rawLat":51.362927,"rawLng":19.366805,"accM":4,"speedKmh":33.8,"speedMs":9.4,"heading":62,"tripActive":true,"driving":true,"navigating":false,"osTimestamp":1780599742944}
06-04 21:02:22.975 I/ReactNativeJS(27948): [VROOM-TEL] 2026-06-04T19:02:22.975Z | DRIVE_TRACE_FEED | {"t":1780599742975,"seq":972,"gpsTickId":1780599742944,"gpsTickAgeMs":2,"lat":51.362757,"lng":19.36661,"hdg":62,"durationMs":758,"speedKmh":36.3}
06-04 21:02:22.975 I/ReactNativeJS(27948): [VROOM-TEL] 2026-06-04T19:02:22.975Z | DRIVE_TRACE_TICK | {"t":1780599742975,"seq":973,"gpsTickId":1780599742944,"gpsTickAgeMs":2,"rawLat":51.362927,"rawLng":19.366805,"snapLat":51.362757,"snapLng":19.36661,"markerLat":51.362757,"markerLng":19.36661,"markerHdg":62,"markerSvLat":51.36275,"markerSvLng":19.366517,"markerSvHdg":63,"accM":4,"hudKmh":36.3,"engineKmh":36.3,"dopplerKmh":33.8,"feedDurMs":758,"cadenceMs":1003,"feedSpeedMs":10.1,"isNavigating":false,"isFreeDrive":true,"isMoving":true,"feedSkipGate":false,"feedAccepted":true,"feedHeadingOnly":false,"source":"drive_core_v2"}
06-04 21:02:22.975 I/ReactNativeJS(27948): [VROOM-TEL] 2026-06-04T19:02:22.975Z | GPS_ACCEPT | {"lat":51.362927,"lng":19.366805,"acc":4,"speedKmh":33.8,"gpsLock":true}
06-04 21:02:23.031 I/ReactNativeJS(27948): [VROOM-TEL] 2026-06-04T19:02:23.031Z | DRIVE_TRACE_CAMERA | {"t":1780599743031,"seq":974,"gpsTickId":1780599742944,"gpsTickAgeMs":58,"lat":51.36275,"lng":19.366518,"hdg":52,"speedKmh":36.3,"exploring":false,"frameMoveM":0}
06-04 21:02:23.267 I/ReactNativeJS(27948): [VROOM-TEL] 2026-06-04T19:02:23.267Z | CAM_FOLLOW_PUSH | {"t":1780599743267,"lat":51.362753,"lng":19.366552,"hdg":77,"snapHdg":62,"speedKmh":36,"exploring":false,"source":"drive_marker_sv_60fps"}
06-04 21:02:23.334 I/ReactNativeJS(27948): [VROOM-TEL] 2026-06-04T19:02:23.333Z | DRIVE_TRACE_CAMERA | {"t":1780599743333,"seq":975,"gpsTickId":1780599742944,"gpsTickAgeMs":360,"lat":51.362753,"lng":19.366561,"hdg":77,"speedKmh":36.3,"exploring":false,"frameMoveM":0}
06-04 21:02:23.634 I/ReactNativeJS(27948): [VROOM-TEL] 2026-06-04T19:02:23.634Z | DRIVE_TRACE_CAMERA | {"t":1780599743634,"seq":976,"gpsTickId":1780599742944,"gpsTickAgeMs":661,"lat":51.362756,"lng":19.366597,"hdg":77,"speedKmh":36.3,"exploring":false,"frameMoveM":0}
06-04 21:02:23.734 I/ReactNativeJS(27948): [VROOM-TEL] 2026-06-04T19:02:23.734Z | CAMERA_HEADING | {"t":1780599743734,"speedKmh":36,"movedM":0.15,"moveBearing":82,"snapHdg":72,"headingOut":82,"flipFromPrevDeg":0,"lookaheadM":27,"nativeFollow":true}
06-04 21:02:23.967 I/ReactNativeJS(27948): [VROOM-TEL] 2026-06-04T19:02:23.967Z | RAW_GPS_TICK | {"t":1780599743967,"gpsTickId":1780599743946,"gpsTickAgeMs":0,"lat":51.362968,"lng":19.366926,"speed":9.57,"speedKmh":34.5,"accuracy":4,"osTimestamp":1780599743946,"tripActive":true,"appState":"active"}
06-04 21:02:23.967 I/ReactNativeJS(27948): [VROOM-TEL] 2026-06-04T19:02:23.967Z | DRIVE_TRACE_RAW | {"t":1780599743967,"seq":977,"gpsTickId":1780599743946,"gpsTickAgeMs":0,"rawLat":51.362968,"rawLng":19.366926,"accM":4,"speedKmh":34.5,"speedMs":9.6,"heading":62,"tripActive":true,"driving":true,"navigating":false,"osTimestamp":1780599743946}
06-04 21:02:23.969 I/ReactNativeJS(27948): [VROOM-TEL] 2026-06-04T19:02:23.969Z | DRIVE_TRACE_FEED | {"t":1780599743969,"seq":978,"gpsTickId":1780599743946,"gpsTickAgeMs":2,"lat":51.362767,"lng":19.366722,"hdg":62,"durationMs":750,"speedKmh":37.8}
06-04 21:02:23.970 I/ReactNativeJS(27948): [VROOM-TEL] 2026-06-04T19:02:23.970Z | DRIVE_TRACE_TICK | {"t":1780599743970,"seq":979,"gpsTickId":1780599743946,"gpsTickAgeMs":3,"rawLat":51.362968,"rawLng":19.366926,"snapLat":51.362767,"snapLng":19.366722,"markerLat":51.362767,"markerLng":19.366722,"markerHdg":62,"markerSvLat":51.362761,"markerSvLng":19.366628,"markerSvHdg":63,"accM":4,"hudKmh":37.8,"engineKmh":37.8,"dopplerKmh":34.5,"feedDurMs":750,"cadenceMs":1000,"feedSpeedMs":10.5,"isNavigating":false,"isFreeDrive":true,"isMoving":true,"feedSkipGate":false,"feedAccepted":true,"feedHeadingOnly":false,"source":"drive_core_v2"}
06-04 21:02:23.970 I/ReactNativeJS(27948): [VROOM-TEL] 2026-06-04T19:02:23.970Z | GPS_ACCEPT | {"lat":51.362968,"lng":19.366926,"acc":4,"speedKmh":34.5,"gpsLock":true}
06-04 21:02:24.019 I/ReactNativeJS(27948): [VROOM-TEL] 2026-06-04T19:02:24.019Z | DRIVE_TRACE_CAMERA | {"t":1780599744019,"seq":980,"gpsTickId":1780599743946,"gpsTickAgeMs":52,"lat":51.362761,"lng":19.36663,"hdg":52,"speedKmh":37.8,"exploring":false,"frameMoveM":0}
06-04 21:02:24.086 I/ReactNativeJS(27948): [VROOM-TEL] 2026-06-04T19:02:24.086Z | CAM_FOLLOW_PUSH | {"t":1780599744086,"lat":51.362761,"lng":19.36664,"hdg":57,"snapHdg":62,"speedKmh":38,"exploring":false,"source":"drive_marker_sv_60fps"}
06-04 21:02:24.149 I/ReactNativeJS(27948): [VROOM-TEL] 2026-06-04T19:02:24.149Z | DRIVE_TRACE_HEARTBEAT | {"t":1780599744149,"seq":981,"gpsTickId":1780599743946,"gpsTickAgeMs":182,"driving":true,"navigating":false,"tripActive":true,"lat":51.3629676,"lng":19.3669258,"gpsAgeMs":182}
06-04 21:02:24.149 I/ReactNativeJS(27948): [VROOM-TEL] 2026-06-04T19:02:24.149Z | DRIVE_HEALTH | {"t":1780599744149,"mode":"driving","speedHudKmh":37.8,"speedPipeKmh":37.8,"gpsAgeMs":182,"drAgeMs":180,"gpsToDriftM":26,"snapAnchorDriftM":0,"offRoute":false,"reroutePending":false,"rerouteLoading":false,"hasRoutePts":0}
06-04 21:02:24.334 I/ReactNativeJS(27948): [VROOM-TEL] 2026-06-04T19:02:24.334Z | DRIVE_TRACE_CAMERA | {"t":1780599744334,"seq":982,"gpsTickId":1780599743946,"gpsTickAgeMs":367,"lat":51.362764,"lng":19.366674,"hdg":77,"speedKmh":37.8,"exploring":false,"frameMoveM":0}
06-04 21:02:24.634 I/ReactNativeJS(27948): [VROOM-TEL] 2026-06-04T19:02:24.634Z | DRIVE_TRACE_CAMERA | {"t":1780599744634,"seq":983,"gpsTickId":1780599743946,"gpsTickAgeMs":667,"lat":51.362766,"lng":19.366711,"hdg":77,"speedKmh":37.8,"exploring":false,"frameMoveM":0}
06-04 21:02:24.850 I/ReactNativeJS(27948): [VROOM-TEL] 2026-06-04T19:02:24.850Z | CAMERA_HEADING | {"t":1780599744850,"speedKmh":38,"movedM":0.18,"moveBearing":70,"snapHdg":75,"headingOut":70,"flipFromPrevDeg":2,"lookaheadM":33,"nativeFollow":true}
06-04 21:02:24.962 I/ReactNativeJS(27948): [VROOM-TEL] 2026-06-04T19:02:24.962Z | RAW_GPS_TICK | {"t":1780599744962,"gpsTickId":1780599744946,"gpsTickAgeMs":0,"lat":51.363008,"lng":19.367046,"speed":9.69,"speedKmh":34.9,"accuracy":4,"osTimestamp":1780599744946,"tripActive":true,"appState":"active"}
06-04 21:02:24.962 I/ReactNativeJS(27948): [VROOM-TEL] 2026-06-04T19:02:24.962Z | DRIVE_TRACE_RAW | {"t":1780599744962,"seq":984,"gpsTickId":1780599744946,"gpsTickAgeMs":0,"rawLat":51.363008,"rawLng":19.367046,"accM":4,"speedKmh":34.9,"speedMs":9.7,"heading":62,"tripActive":true,"driving":true,"navigating":false,"osTimestamp":1780599744946}
06-04 21:02:24.967 I/ReactNativeJS(27948): [VROOM-TEL] 2026-06-04T19:02:24.967Z | DRIVE_TRACE_FEED | {"t":1780599744967,"seq":985,"gpsTickId":1780599744946,"gpsTickAgeMs":5,"lat":51.362812,"lng":19.366816,"hdg":62,"durationMs":740,"speedKmh":39.9}
06-04 21:02:24.968 I/ReactNativeJS(27948): [VROOM-TEL] 2026-06-04T19:02:24.968Z | DRIVE_TRACE_TICK | {"t":1780599744968,"seq":986,"gpsTickId":1780599744946,"gpsTickAgeMs":6,"rawLat":51.363008,"rawLng":19.367046,"snapLat":51.362812,"snapLng":19.366816,"markerLat":51.362812,"markerLng":19.366816,"markerHdg":62,"markerSvLat":51.36277,"markerSvLng":19.366742,"markerSvHdg":63,"accM":4,"hudKmh":39.9,"engineKmh":39.9,"dopplerKmh":34.9,"feedDurMs":740,"cadenceMs":998,"feedSpeedMs":11.1,"isNavigating":false,"isFreeDrive":true,"isMoving":true,"feedSkipGate":false,"feedAccepted":true,"feedHeadingOnly":false,"source":"drive_core_v2"}
06-04 21:02:24.968 I/ReactNativeJS(27948): [VROOM-TEL] 2026-06-04T19:02:24.968Z | GPS_ACCEPT | {"lat":51.363008,"lng":19.367046,"acc":4,"speedKmh":34.9,"gpsLock":true}
06-04 21:02:25.012 I/ReactNativeJS(27948): [VROOM-TEL] 2026-06-04T19:02:25.012Z | CAM_FOLLOW_PUSH | {"t":1780599745012,"lat":51.362772,"lng":19.366745,"hdg":62,"snapHdg":62,"speedKmh":40,"exploring":false,"source":"drive_marker_sv_60fps"}
06-04 21:02:25.012 I/ReactNativeJS(27948): [VROOM-TEL] 2026-06-04T19:02:25.012Z | DRIVE_TRACE_CAMERA | {"t":1780599745012,"seq":987,"gpsTickId":1780599744946,"gpsTickAgeMs":50,"lat":51.362772,"lng":19.366745,"hdg":62,"speedKmh":39.9,"exploring":false,"frameMoveM":0}
06-04 21:02:25.316 I/ReactNativeJS(27948): [VROOM-TEL] 2026-06-04T19:02:25.316Z | DRIVE_TRACE_CAMERA | {"t":1780599745316,"seq":988,"gpsTickId":1780599744946,"gpsTickAgeMs":354,"lat":51.36279,"lng":19.366777,"hdg":52,"speedKmh":39.9,"exploring":false,"frameMoveM":0}
06-04 21:02:25.665 I/ReactNativeJS(27948): [VROOM-TEL] 2026-06-04T19:02:25.665Z | DRIVE_TRACE_CAMERA | {"t":1780599745665,"seq":989,"gpsTickId":1780599744946,"gpsTickAgeMs":703,"lat":51.362807,"lng":19.366807,"hdg":67,"speedKmh":39.9,"exploring":false,"frameMoveM":0}
06-04 21:02:25.817 I/ReactNativeJS(27948): [VROOM-TEL] 2026-06-04T19:02:25.817Z | CAM_FOLLOW_PUSH | {"t":1780599745817,"lat":51.362818,"lng":19.366828,"hdg":59,"snapHdg":62,"speedKmh":40,"exploring":false,"source":"drive_marker_sv_60fps"}
06-04 21:02:25.970 I/ReactNativeJS(27948): [VROOM-TEL] 2026-06-04T19:02:25.970Z | RAW_GPS_TICK | {"t":1780599745970,"gpsTickId":1780599745944,"gpsTickAgeMs":0,"lat":51.363048,"lng":19.367174,"speed":9.95,"speedKmh":35.8,"accuracy":4,"osTimestamp":1780599745944,"tripActive":true,"appState":"active"}
06-04 21:02:25.970 I/ReactNativeJS(27948): [VROOM-TEL] 2026-06-04T19:02:25.970Z | DRIVE_TRACE_RAW | {"t":1780599745970,"seq":990,"gpsTickId":1780599745944,"gpsTickAgeMs":0,"rawLat":51.363048,"rawLng":19.367174,"accM":4,"speedKmh":35.8,"speedMs":9.9,"heading":63,"tripActive":true,"driving":true,"navigating":false,"osTimestamp":1780599745944}
06-04 21:02:25.972 I/ReactNativeJS(27948): [VROOM-TEL] 2026-06-04T19:02:25.972Z | DRIVE_TRACE_FEED | {"t":1780599745972,"seq":991,"gpsTickId":1780599745944,"gpsTickAgeMs":2,"lat":51.362871,"lng":19.366884,"hdg":63,"durationMs":743,"speedKmh":39.3}
06-04 21:02:25.973 I/ReactNativeJS(27948): [VROOM-TEL] 2026-06-04T19:02:25.973Z | DRIVE_TRACE_TICK | {"t":1780599745973,"seq":992,"gpsTickId":1780599745944,"gpsTickAgeMs":3,"rawLat":51.363048,"rawLng":19.367174,"snapLat":51.362871,"snapLng":19.366884,"markerLat":51.362871,"markerLng":19.366884,"markerHdg":63,"markerSvLat":51.36282,"markerSvLng":19.366833,"markerSvHdg":63,"accM":4,"hudKmh":39.3,"engineKmh":39.3,"dopplerKmh":35.8,"feedDurMs":743,"cadenceMs":1002,"feedSpeedMs":10.9,"isNavigating":false,"isFreeDrive":true,"isMoving":true,"feedSkipGate":false,"feedAccepted":true,"feedHeadingOnly":false,"source":"drive_core_v2"}
06-04 21:02:25.973 I/ReactNativeJS(27948): [VROOM-TEL] 2026-06-04T19:02:25.973Z | GPS_ACCEPT | {"lat":51.363048,"lng":19.367174,"acc":4,"speedKmh":35.8,"gpsLock":true}
06-04 21:02:26.033 I/ReactNativeJS(27948): [VROOM-TEL] 2026-06-04T19:02:26.033Z | CAMERA_HEADING | {"t":1780599746033,"speedKmh":39,"movedM":0.55,"moveBearing":null,"snapHdg":55,"headingOut":55,"flipFromPrevDeg":8,"lookaheadM":33,"nativeFollow":true}
06-04 21:02:26.073 I/ReactNativeJS(27948): [VROOM-TEL] 2026-06-04T19:02:26.073Z | DRIVE_TRACE_CAMERA | {"t":1780599746073,"seq":993,"gpsTickId":1780599745944,"gpsTickAgeMs":103,"lat":51.362822,"lng":19.366835,"hdg":68,"speedKmh":39.3,"exploring":false,"frameMoveM":0}
06-04 21:02:26.383 I/ReactNativeJS(27948): [VROOM-TEL] 2026-06-04T19:02:26.383Z | DRIVE_TRACE_CAMERA | {"t":1780599746383,"seq":994,"gpsTickId":1780599745944,"gpsTickAgeMs":413,"lat":51.362848,"lng":19.366861,"hdg":48,"speedKmh":39.3,"exploring":false,"frameMoveM":0}
06-04 21:02:26.617 I/ReactNativeJS(27948): [VROOM-TEL] 2026-06-04T19:02:26.617Z | CAM_FOLLOW_PUSH | {"t":1780599746617,"lat":51.362865,"lng":19.366877,"hdg":53,"snapHdg":63,"speedKmh":39,"exploring":false,"source":"drive_marker_sv_60fps"}
06-04 21:02:26.683 I/ReactNativeJS(27948): [VROOM-TEL] 2026-06-04T19:02:26.683Z | DRIVE_TRACE_CAMERA | {"t":1780599746683,"seq":995,"gpsTickId":1780599745944,"gpsTickAgeMs":713,"lat":51.362869,"lng":19.366882,"hdg":48,"speedKmh":39.3,"exploring":false,"frameMoveM":0}
06-04 21:02:26.971 I/ReactNativeJS(27948): [VROOM-TEL] 2026-06-04T19:02:26.970Z | RAW_GPS_TICK | {"t":1780599746970,"gpsTickId":1780599746944,"gpsTickAgeMs":0,"lat":51.36309,"lng":19.367308,"speed":10.53,"speedKmh":37.9,"accuracy":4,"osTimestamp":1780599746944,"tripActive":true,"appState":"active"}
06-04 21:02:26.971 I/ReactNativeJS(27948): [VROOM-TEL] 2026-06-04T19:02:26.971Z | DRIVE_TRACE_RAW | {"t":1780599746971,"seq":996,"gpsTickId":1780599746944,"gpsTickAgeMs":1,"rawLat":51.36309,"rawLng":19.367308,"accM":4,"speedKmh":37.9,"speedMs":10.5,"heading":63,"tripActive":true,"driving":true,"navigating":false,"osTimestamp":1780599746944}
06-04 21:02:26.972 I/ReactNativeJS(27948): [VROOM-TEL] 2026-06-04T19:02:26.972Z | DRIVE_TRACE_FEED | {"t":1780599746972,"seq":997,"gpsTickId":1780599746944,"gpsTickAgeMs":2,"lat":51.362939,"lng":19.366929,"hdg":63,"durationMs":742,"speedKmh":39.6}
06-04 21:02:26.972 I/ReactNativeJS(27948): [VROOM-TEL] 2026-06-04T19:02:26.972Z | DRIVE_TRACE_TICK | {"t":1780599746972,"seq":998,"gpsTickId":1780599746944,"gpsTickAgeMs":2,"rawLat":51.36309,"rawLng":19.367308,"snapLat":51.362939,"snapLng":19.366929,"markerLat":51.362939,"markerLng":19.366929,"markerHdg":63,"markerSvLat":51.362883,"markerSvLng":19.366899,"markerSvHdg":62,"accM":4,"hudKmh":39.6,"engineKmh":39.6,"dopplerKmh":37.9,"feedDurMs":742,"cadenceMs":1001,"feedSpeedMs":11,"isNavigating":false,"isFreeDrive":true,"isMoving":true,"feedSkipGate":false,"feedAccepted":true,"feedHeadingOnly":false,"source":"drive_core_v2"}
06-04 21:02:26.973 I/ReactNativeJS(27948): [VROOM-TEL] 2026-06-04T19:02:26.973Z | GPS_ACCEPT | {"lat":51.36309,"lng":19.367308,"acc":4,"speedKmh":37.9,"gpsLock":true}
06-04 21:02:27.020 I/ReactNativeJS(27948): [VROOM-TEL] 2026-06-04T19:02:27.020Z | DRIVE_TRACE_CAMERA | {"t":1780599747020,"seq":999,"gpsTickId":1780599746944,"gpsTickAgeMs":50,"lat":51.362883,"lng":19.366899,"hdg":68,"speedKmh":39.6,"exploring":false,"frameMoveM":0}
06-04 21:02:27.134 I/ReactNativeJS(27948): [VROOM-TEL] 2026-06-04T19:02:27.134Z | CAMERA_HEADING | {"t":1780599747134,"speedKmh":40,"movedM":0.15,"moveBearing":18,"snapHdg":48,"headingOut":18,"flipFromPrevDeg":0,"lookaheadM":33,"nativeFollow":true}
06-04 21:02:27.334 I/ReactNativeJS(27948): [VROOM-TEL] 2026-06-04T19:02:27.334Z | DRIVE_TRACE_CAMERA | {"t":1780599747334,"seq":1000,"gpsTickId":1780599746944,"gpsTickAgeMs":364,"lat":51.36291,"lng":19.366914,"hdg":48,"speedKmh":39.6,"exploring":false,"frameMoveM":0}
06-04 21:02:27.417 I/ReactNativeJS(27948): [VROOM-TEL] 2026-06-04T19:02:27.417Z | CAM_FOLLOW_PUSH | {"t":1780599747417,"lat":51.362916,"lng":19.366917,"hdg":53,"snapHdg":63,"speedKmh":40,"exploring":false,"source":"drive_marker_sv_60fps"}
06-04 21:02:27.634 I/ReactNativeJS(27948): [VROOM-TEL] 2026-06-04T19:02:27.634Z | DRIVE_TRACE_CAMERA | {"t":1780599747634,"seq":1001,"gpsTickId":1780599746944,"gpsTickAgeMs":664,"lat":51.362933,"lng":19.366926,"hdg":48,"speedKmh":39.6,"exploring":false,"frameMoveM":0}
06-04 21:02:27.950 I/ReactNativeJS(27948): [VROOM-TEL] 2026-06-04T19:02:27.950Z | DRIVE_TRACE_CAMERA | {"t":1780599747950,"seq":1002,"gpsTickId":1780599746944,"gpsTickAgeMs":980,"lat":51.362952,"lng":19.36694,"hdg":58,"speedKmh":39.6,"exploring":false,"frameMoveM":0}
06-04 21:02:27.967 I/ReactNativeJS(27948): [VROOM-TEL] 2026-06-04T19:02:27.967Z | RAW_GPS_TICK | {"t":1780599747967,"gpsTickId":1780599747944,"gpsTickAgeMs":0,"lat":51.363133,"lng":19.367446,"speed":10.82,"speedKmh":39,"accuracy":4,"osTimestamp":1780599747944,"tripActive":true,"appState":"active"}
06-04 21:02:27.968 I/ReactNativeJS(27948): [VROOM-TEL] 2026-06-04T19:02:27.967Z | DRIVE_TRACE_RAW | {"t":1780599747967,"seq":1003,"gpsTickId":1780599747944,"gpsTickAgeMs":0,"rawLat":51.363133,"rawLng":19.367446,"accM":4,"speedKmh":39,"speedMs":10.8,"heading":63,"tripActive":true,"driving":true,"navigating":false,"osTimestamp":1780599747944}
06-04 21:02:27.969 I/ReactNativeJS(27948): [VROOM-TEL] 2026-06-04T19:02:27.969Z | DRIVE_TRACE_FEED | {"t":1780599747969,"seq":1004,"gpsTickId":1780599747944,"gpsTickAgeMs":2,"lat":51.363095,"lng":19.367225,"hdg":63,"durationMs":1200,"speedKmh":41.5}
06-04 21:02:27.969 I/ReactNativeJS(27948): [VROOM-TEL] 2026-06-04T19:02:27.969Z | DRIVE_TRACE_TICK | {"t":1780599747969,"seq":1005,"gpsTickId":1780599747944,"gpsTickAgeMs":2,"rawLat":51.363133,"rawLng":19.367446,"snapLat":51.363095,"snapLng":19.367225,"markerLat":51.363095,"markerLng":19.367225,"markerHdg":63,"markerSvLat":51.362952,"markerSvLng":19.36694,"markerSvHdg":54,"accM":4,"hudKmh":41.5,"engineKmh":41.5,"dopplerKmh":39,"feedDurMs":1200,"cadenceMs":1000,"feedSpeedMs":11.5,"isNavigating":false,"isFreeDrive":true,"isMoving":true,"feedSkipGate":false,"feedAccepted":true,"feedHeadingOnly":false,"source":"drive_core_v2"}
06-04 21:02:27.969 I/ReactNativeJS(27948): [VROOM-TEL] 2026-06-04T19:02:27.969Z | GPS_ACCEPT | {"lat":51.363133,"lng":19.367446,"acc":4,"speedKmh":39,"gpsLock":true}
06-04 21:02:28.234 I/ReactNativeJS(27948): [VROOM-TEL] 2026-06-04T19:02:28.234Z | CAM_FOLLOW_PUSH | {"t":1780599748234,"lat":51.362984,"lng":19.367003,"hdg":51,"snapHdg":63,"speedKmh":42,"exploring":false,"source":"drive_marker_sv_60fps"}
06-04 21:02:28.249 I/ReactNativeJS(27948): [VROOM-TEL] 2026-06-04T19:02:28.249Z | CAMERA_HEADING | {"t":1780599748249,"speedKmh":42,"movedM":0.34,"moveBearing":51,"snapHdg":53,"headingOut":51,"flipFromPrevDeg":0,"lookaheadM":33,"nativeFollow":true}
06-04 21:02:28.267 I/ReactNativeJS(27948): [VROOM-TEL] 2026-06-04T19:02:28.267Z | DRIVE_TRACE_CAMERA | {"t":1780599748267,"seq":1006,"gpsTickId":1780599747944,"gpsTickAgeMs":300,"lat":51.362988,"lng":19.367011,"hdg":51,"speedKmh":41.5,"exploring":false,"frameMoveM":0}
06-04 21:02:28.567 I/ReactNativeJS(27948): [VROOM-TEL] 2026-06-04T19:02:28.567Z | DRIVE_TRACE_CAMERA | {"t":1780599748567,"seq":1007,"gpsTickId":1780599747944,"gpsTickAgeMs":600,"lat":51.363023,"lng":19.367082,"hdg":51,"speedKmh":41.5,"exploring":false,"frameMoveM":0}
06-04 21:02:28.884 I/ReactNativeJS(27948): [VROOM-TEL] 2026-06-04T19:02:28.884Z | DRIVE_TRACE_CAMERA | {"t":1780599748884,"seq":1008,"gpsTickId":1780599747944,"gpsTickAgeMs":917,"lat":51.363061,"lng":19.367157,"hdg":51,"speedKmh":41.5,"exploring":false,"frameMoveM":0}
06-04 21:02:28.962 I/ReactNativeJS(27948): [VROOM-TEL] 2026-06-04T19:02:28.962Z | RAW_GPS_TICK | {"t":1780599748962,"gpsTickId":1780599748944,"gpsTickAgeMs":0,"lat":51.363174,"lng":19.367582,"speed":10.62,"speedKmh":38.2,"accuracy":4,"osTimestamp":1780599748944,"tripActive":true,"appState":"active"}
06-04 21:02:28.962 I/ReactNativeJS(27948): [VROOM-TEL] 2026-06-04T19:02:28.962Z | DRIVE_TRACE_RAW | {"t":1780599748962,"seq":1009,"gpsTickId":1780599748944,"gpsTickAgeMs":0,"rawLat":51.363174,"rawLng":19.367582,"accM":4,"speedKmh":38.2,"speedMs":10.6,"heading":63,"tripActive":true,"driving":true,"navigating":false,"osTimestamp":1780599748944}
06-04 21:02:28.964 I/ReactNativeJS(27948): [VROOM-TEL] 2026-06-04T19:02:28.964Z | DRIVE_TRACE_FEED | {"t":1780599748964,"seq":1010,"gpsTickId":1780599748944,"gpsTickAgeMs":2,"lat":51.363114,"lng":19.367347,"hdg":64,"durationMs":726,"speedKmh":43.3}
06-04 21:02:28.965 I/ReactNativeJS(27948): [VROOM-TEL] 2026-06-04T19:02:28.965Z | DRIVE_TRACE_TICK | {"t":1780599748965,"seq":1011,"gpsTickId":1780599748944,"gpsTickAgeMs":3,"rawLat":51.363174,"rawLng":19.367582,"snapLat":51.363114,"snapLng":19.367347,"markerLat":51.363114,"markerLng":19.367347,"markerHdg":64,"markerSvLat":51.363069,"markerSvLng":19.367173,"markerSvHdg":51,"accM":4,"hudKmh":43.3,"engineKmh":43.3,"dopplerKmh":38.2,"feedDurMs":726,"cadenceMs":998,"feedSpeedMs":12,"isNavigating":false,"isFreeDrive":true,"isMoving":true,"feedSkipGate":false,"feedAccepted":true,"feedHeadingOnly":false,"source":"drive_core_v2"}
06-04 21:02:28.965 I/ReactNativeJS(27948): [VROOM-TEL] 2026-06-04T19:02:28.965Z | GPS_ACCEPT | {"lat":51.363174,"lng":19.367582,"acc":4,"speedKmh":38.2,"gpsLock":true}
06-04 21:02:29.041 I/ReactNativeJS(27948): [VROOM-TEL] 2026-06-04T19:02:29.041Z | CAM_FOLLOW_PUSH | {"t":1780599749041,"lat":51.363071,"lng":19.367181,"hdg":57,"snapHdg":64,"speedKmh":43,"exploring":false,"source":"drive_marker_sv_60fps"}
06-04 21:02:29.150 I/ReactNativeJS(27948): [VROOM-TEL] 2026-06-04T19:02:29.150Z | DRIVE_TRACE_HEARTBEAT | {"t":1780599749150,"seq":1012,"gpsTickId":1780599748944,"gpsTickAgeMs":188,"driving":true,"navigating":false,"tripActive":true,"lat":51.363174,"lng":19.3675822,"gpsAgeMs":188}
06-04 21:02:29.284 I/ReactNativeJS(27948): [VROOM-TEL] 2026-06-04T19:02:29.284Z | DRIVE_TRACE_CAMERA | {"t":1780599749284,"seq":1013,"gpsTickId":1780599748944,"gpsTickAgeMs":322,"lat":51.363083,"lng":19.367226,"hdg":54,"speedKmh":43.3,"exploring":false,"frameMoveM":0}
06-04 21:02:29.349 I/ReactNativeJS(27948): [VROOM-TEL] 2026-06-04T19:02:29.349Z | CAMERA_HEADING | {"t":1780599749349,"speedKmh":43,"movedM":0.29,"moveBearing":67,"snapHdg":67,"headingOut":67,"flipFromPrevDeg":0,"lookaheadM":33,"nativeFollow":true}
06-04 21:02:29.642 I/ReactNativeJS(27948): [VROOM-TEL] 2026-06-04T19:02:29.642Z | DRIVE_TRACE_CAMERA | {"t":1780599749642,"seq":1014,"gpsTickId":1780599748944,"gpsTickAgeMs":680,"lat":51.363108,"lng":19.367321,"hdg":67,"speedKmh":43.3,"exploring":false,"frameMoveM":0}
06-04 21:02:29.850 I/ReactNativeJS(27948): [VROOM-TEL] 2026-06-04T19:02:29.850Z | CAM_FOLLOW_PUSH | {"t":1780599749850,"lat":51.363121,"lng":19.367371,"hdg":65,"snapHdg":64,"speedKmh":43,"exploring":false,"source":"drive_marker_sv_60fps"}
06-04 21:02:29.968 I/ReactNativeJS(27948): [VROOM-TEL] 2026-06-04T19:02:29.968Z | RAW_GPS_TICK | {"t":1780599749968,"gpsTickId":1780599749946,"gpsTickAgeMs":0,"lat":51.363216,"lng":19.367716,"speed":10.5,"speedKmh":37.8,"accuracy":4,"osTimestamp":1780599749946,"tripActive":true,"appState":"active"}
06-04 21:02:29.969 I/ReactNativeJS(27948): [VROOM-TEL] 2026-06-04T19:02:29.969Z | DRIVE_TRACE_RAW | {"t":1780599749969,"seq":1015,"gpsTickId":1780599749946,"gpsTickAgeMs":1,"rawLat":51.363216,"rawLng":19.367716,"accM":4,"speedKmh":37.8,"speedMs":10.5,"heading":63,"tripActive":true,"driving":true,"navigating":false,"osTimestamp":1780599749946}
06-04 21:02:29.970 I/ReactNativeJS(27948): [VROOM-TEL] 2026-06-04T19:02:29.970Z | DRIVE_TRACE_FEED | {"t":1780599749970,"seq":1016,"gpsTickId":1780599749946,"gpsTickAgeMs":2,"lat":51.363125,"lng":19.367471,"hdg":64,"durationMs":727,"speedKmh":43.1}
06-04 21:02:29.970 I/ReactNativeJS(27948): [VROOM-TEL] 2026-06-04T19:02:29.970Z | DRIVE_TRACE_TICK | {"t":1780599749970,"seq":1017,"gpsTickId":1780599749946,"gpsTickAgeMs":2,"rawLat":51.363216,"rawLng":19.367716,"snapLat":51.363125,"snapLng":19.367471,"markerLat":51.363125,"markerLng":19.367471,"markerHdg":64,"markerSvLat":51.363121,"markerSvLng":19.367371,"markerSvHdg":65,"accM":4,"hudKmh":43.1,"engineKmh":43.1,"dopplerKmh":37.8,"feedDurMs":727,"cadenceMs":1001,"feedSpeedMs":12,"isNavigating":false,"isFreeDrive":true,"isMoving":true,"feedSkipGate":false,"feedAccepted":true,"feedHeadingOnly":false,"source":"drive_core_v2"}
06-04 21:02:29.970 I/ReactNativeJS(27948): [VROOM-TEL] 2026-06-04T19:02:29.970Z | GPS_ACCEPT | {"lat":51.363216,"lng":19.367716,"acc":4,"speedKmh":37.8,"gpsLock":true}
06-04 21:02:30.015 I/ReactNativeJS(27948): [VROOM-TEL] 2026-06-04T19:02:30.015Z | DRIVE_TRACE_CAMERA | {"t":1780599750015,"seq":1018,"gpsTickId":1780599749946,"gpsTickAgeMs":47,"lat":51.363121,"lng":19.367375,"hdg":70,"speedKmh":43.1,"exploring":false,"frameMoveM":0}
06-04 21:02:30.317 I/ReactNativeJS(27948): [VROOM-TEL] 2026-06-04T19:02:30.317Z | DRIVE_TRACE_CAMERA | {"t":1780599750317,"seq":1019,"gpsTickId":1780599749946,"gpsTickAgeMs":349,"lat":51.363123,"lng":19.367419,"hdg":82,"speedKmh":43.1,"exploring":false,"frameMoveM":0}
06-04 21:02:30.450 I/ReactNativeJS(27948): [VROOM-TEL] 2026-06-04T19:02:30.450Z | CAMERA_HEADING | {"t":1780599750450,"speedKmh":43,"movedM":0.15,"moveBearing":87,"snapHdg":82,"headingOut":87,"flipFromPrevDeg":0,"lookaheadM":33,"nativeFollow":true}
06-04 21:02:30.718 I/ReactNativeJS(27948): [VROOM-TEL] 2026-06-04T19:02:30.718Z | CAM_FOLLOW_PUSH | {"t":1780599750718,"lat":51.363124,"lng":19.36746,"hdg":62,"snapHdg":64,"speedKmh":43,"exploring":false,"source":"drive_marker_sv_60fps"}
06-04 21:02:30.718 I/ReactNativeJS(27948): [VROOM-TEL] 2026-06-04T19:02:30.718Z | DRIVE_TRACE_CAMERA | {"t":1780599750718,"seq":1020,"gpsTickId":1780599749946,"gpsTickAgeMs":750,"lat":51.363124,"lng":19.36746,"hdg":62,"speedKmh":43.1,"exploring":false,"frameMoveM":0}
06-04 21:02:31.017 I/ReactNativeJS(27948): [VROOM-TEL] 2026-06-04T19:02:31.017Z | RAW_GPS_TICK | {"t":1780599751017,"gpsTickId":1780599750945,"gpsTickAgeMs":0,"lat":51.36326,"lng":19.367852,"speed":10.56,"speedKmh":38,"accuracy":4,"osTimestamp":1780599750945,"tripActive":true,"appState":"active"}
06-04 21:02:31.017 I/ReactNativeJS(27948): [VROOM-TEL] 2026-06-04T19:02:31.017Z | DRIVE_TRACE_RAW | {"t":1780599751017,"seq":1021,"gpsTickId":1780599750945,"gpsTickAgeMs":0,"rawLat":51.36326,"rawLng":19.367852,"accM":4,"speedKmh":38,"speedMs":10.6,"heading":62,"tripActive":true,"driving":true,"navigating":false,"osTimestamp":1780599750945}
06-04 21:02:31.018 I/ReactNativeJS(27948): [VROOM-TEL] 2026-06-04T19:02:31.018Z | DRIVE_TRACE_FEED | {"t":1780599751018,"seq":1022,"gpsTickId":1780599750945,"gpsTickAgeMs":1,"lat":51.363132,"lng":19.36759,"hdg":63,"durationMs":738,"speedKmh":40.5}
06-04 21:02:31.018 I/ReactNativeJS(27948): [VROOM-TEL] 2026-06-04T19:02:31.018Z | DRIVE_TRACE_TICK | {"t":1780599751018,"seq":1023,"gpsTickId":1780599750945,"gpsTickAgeMs":1,"rawLat":51.36326,"rawLng":19.367852,"snapLat":51.363132,"snapLng":19.36759,"markerLat":51.363132,"markerLng":19.36759,"markerHdg":63,"markerSvLat":51.363129,"markerSvLng":19.367499,"markerSvHdg":65,"accM":4,"hudKmh":40.5,"engineKmh":40.5,"dopplerKmh":38,"feedDurMs":738,"cadenceMs":1018,"feedSpeedMs":11.3,"isNavigating":false,"isFreeDrive":true,"isMoving":true,"feedSkipGate":false,"feedAccepted":true,"feedHeadingOnly":false,"source":"drive_core_v2"}
06-04 21:02:31.018 I/ReactNativeJS(27948): [VROOM-TEL] 2026-06-04T19:02:31.018Z | GPS_ACCEPT | {"lat":51.36326,"lng":19.367852,"acc":4,"speedKmh":38,"gpsLock":true}
06-04 21:02:31.093 I/ReactNativeJS(27948): [VROOM-TEL] 2026-06-04T19:02:31.093Z | DRIVE_TRACE_CAMERA | {"t":1780599751093,"seq":1024,"gpsTickId":1780599750945,"gpsTickAgeMs":76,"lat":51.363129,"lng":19.367503,"hdg":61,"speedKmh":40.5,"exploring":false,"frameMoveM":0}
06-04 21:02:31.401 I/ReactNativeJS(27948): [VROOM-TEL] 2026-06-04T19:02:31.401Z | DRIVE_TRACE_CAMERA | {"t":1780599751401,"seq":1025,"gpsTickId":1780599750945,"gpsTickAgeMs":384,"lat":51.36313,"lng":19.367546,"hdg":81,"speedKmh":40.5,"exploring":false,"frameMoveM":0}
06-04 21:02:31.533 I/ReactNativeJS(27948): [VROOM-TEL] 2026-06-04T19:02:31.533Z | CAM_FOLLOW_PUSH | {"t":1780599751533,"lat":51.363131,"lng":19.367563,"hdg":73,"snapHdg":63,"speedKmh":41,"exploring":false,"source":"drive_marker_sv_60fps"}
06-04 21:02:31.550 I/ReactNativeJS(27948): [VROOM-TEL] 2026-06-04T19:02:31.550Z | CAMERA_HEADING | {"t":1780599751550,"speedKmh":41,"movedM":0.15,"moveBearing":88,"snapHdg":73,"headingOut":88,"flipFromPrevDeg":0,"lookaheadM":33,"nativeFollow":true}
06-04 21:02:31.717 I/ReactNativeJS(27948): [VROOM-TEL] 2026-06-04T19:02:31.717Z | DRIVE_TRACE_CAMERA | {"t":1780599751717,"seq":1026,"gpsTickId":1780599750945,"gpsTickAgeMs":700,"lat":51.363131,"lng":19.367586,"hdg":73,"speedKmh":40.5,"exploring":false,"frameMoveM":0}
06-04 21:02:31.964 I/ReactNativeJS(27948): [VROOM-TEL] 2026-06-04T19:02:31.964Z | RAW_GPS_TICK | {"t":1780599751964,"gpsTickId":1780599751945,"gpsTickAgeMs":0,"lat":51.363302,"lng":19.367989,"speed":10.94,"speedKmh":39.4,"accuracy":4,"osTimestamp":1780599751945,"tripActive":true,"appState":"active"}
06-04 21:02:31.964 I/ReactNativeJS(27948): [VROOM-TEL] 2026-06-04T19:02:31.964Z | DRIVE_TRACE_RAW | {"t":1780599751964,"seq":1027,"gpsTickId":1780599751945,"gpsTickAgeMs":0,"rawLat":51.363302,"rawLng":19.367989,"accM":4,"speedKmh":39.4,"speedMs":10.9,"heading":63,"tripActive":true,"driving":true,"navigating":false,"osTimestamp":1780599751945}
06-04 21:02:31.967 I/ReactNativeJS(27948): [VROOM-TEL] 2026-06-04T19:02:31.967Z | DRIVE_TRACE_FEED | {"t":1780599751967,"seq":1028,"gpsTickId":1780599751945,"gpsTickAgeMs":3,"lat":51.363137,"lng":19.367711,"hdg":63,"durationMs":736,"speedKmh":40.9}
06-04 21:02:31.967 I/ReactNativeJS(27948): [VROOM-TEL] 2026-06-04T19:02:31.967Z | DRIVE_TRACE_TICK | {"t":1780599751967,"seq":1029,"gpsTickId":1780599751945,"gpsTickAgeMs":3,"rawLat":51.363302,"rawLng":19.367989,"snapLat":51.363137,"snapLng":19.367711,"markerLat":51.363137,"markerLng":19.367711,"markerHdg":63,"markerSvLat":51.363135,"markerSvLng":19.367614,"markerSvHdg":66,"accM":4,"hudKmh":40.9,"engineKmh":40.9,"dopplerKmh":39.4,"feedDurMs":736,"cadenceMs":993,"feedSpeedMs":11.4,"isNavigating":false,"isFreeDrive":true,"isMoving":true,"feedSkipGate":false,"feedAccepted":true,"feedHeadingOnly":false,"source":"drive_core_v2"}
06-04 21:02:31.967 I/ReactNativeJS(27948): [VROOM-TEL] 2026-06-04T19:02:31.967Z | GPS_ACCEPT | {"lat":51.363302,"lng":19.367989,"acc":4,"speedKmh":40.3,"gpsLock":true}
06-04 21:02:32.033 I/ReactNativeJS(27948): [VROOM-TEL] 2026-06-04T19:02:32.033Z | DRIVE_TRACE_CAMERA | {"t":1780599752033,"seq":1030,"gpsTickId":1780599751945,"gpsTickAgeMs":69,"lat":51.363135,"lng":19.367623,"hdg":80,"speedKmh":40.9,"exploring":false,"frameMoveM":0}
06-04 21:02:32.334 I/ReactNativeJS(27948): [VROOM-TEL] 2026-06-04T19:02:32.334Z | CAM_FOLLOW_PUSH | {"t":1780599752334,"lat":51.363136,"lng":19.367662,"hdg":81,"snapHdg":63,"speedKmh":41,"exploring":false,"source":"drive_marker_sv_60fps"}
06-04 21:02:32.334 I/ReactNativeJS(27948): [VROOM-TEL] 2026-06-04T19:02:32.334Z | DRIVE_TRACE_CAMERA | {"t":1780599752334,"seq":1031,"gpsTickId":1780599751945,"gpsTickAgeMs":370,"lat":51.363136,"lng":19.367662,"hdg":81,"speedKmh":40.9,"exploring":false,"frameMoveM":0}
06-04 21:02:32.650 I/ReactNativeJS(27948): [VROOM-TEL] 2026-06-04T19:02:32.650Z | CAMERA_HEADING | {"t":1780599752650,"speedKmh":41,"movedM":0.15,"moveBearing":88,"snapHdg":81,"headingOut":88,"flipFromPrevDeg":0,"lookaheadM":33,"nativeFollow":true}
06-04 21:02:32.651 I/ReactNativeJS(27948): [VROOM-TEL] 2026-06-04T19:02:32.651Z | DRIVE_TRACE_CAMERA | {"t":1780599752651,"seq":1032,"gpsTickId":1780599751945,"gpsTickAgeMs":687,"lat":51.363137,"lng":19.367704,"hdg":81,"speedKmh":40.9,"exploring":false,"frameMoveM":0}
06-04 21:02:32.968 I/ReactNativeJS(27948): [VROOM-TEL] 2026-06-04T19:02:32.968Z | RAW_GPS_TICK | {"t":1780599752968,"gpsTickId":1780599752946,"gpsTickAgeMs":0,"lat":51.363354,"lng":19.36814,"speed":11.87,"speedKmh":42.7,"accuracy":4,"osTimestamp":1780599752946,"tripActive":true,"appState":"active"}
06-04 21:02:32.968 I/ReactNativeJS(27948): [VROOM-TEL] 2026-06-04T19:02:32.968Z | DRIVE_TRACE_RAW | {"t":1780599752968,"seq":1033,"gpsTickId":1780599752946,"gpsTickAgeMs":0,"rawLat":51.363354,"rawLng":19.36814,"accM":4,"speedKmh":42.7,"speedMs":11.9,"heading":63,"tripActive":true,"driving":true,"navigating":false,"osTimestamp":1780599752946}
06-04 21:02:32.969 I/ReactNativeJS(27948): [VROOM-TEL] 2026-06-04T19:02:32.969Z | DRIVE_TRACE_FEED | {"t":1780599752969,"seq":1034,"gpsTickId":1780599752946,"gpsTickAgeMs":1,"lat":51.363177,"lng":19.36782,"hdg":63,"durationMs":726,"speedKmh":43.5}
06-04 21:02:32.970 I/ReactNativeJS(27948): [VROOM-TEL] 2026-06-04T19:02:32.970Z | DRIVE_TRACE_TICK | {"t":1780599752970,"seq":1035,"gpsTickId":1780599752946,"gpsTickAgeMs":2,"rawLat":51.363354,"rawLng":19.36814,"snapLat":51.363177,"snapLng":19.36782,"markerLat":51.363177,"markerLng":19.36782,"markerHdg":63,"markerSvLat":51.36314,"markerSvLng":19.367734,"markerSvHdg":66,"accM":4,"hudKmh":43.5,"engineKmh":43.5,"dopplerKmh":42.7,"feedDurMs":726,"cadenceMs":997,"feedSpeedMs":12.1,"isNavigating":false,"isFreeDrive":true,"isMoving":true,"feedSkipGate":false,"feedAccepted":true,"feedHeadingOnly":false,"source":"drive_core_v2"}
06-04 21:02:32.970 I/ReactNativeJS(27948): [VROOM-TEL] 2026-06-04T19:02:32.970Z | GPS_ACCEPT | {"lat":51.363354,"lng":19.36814,"acc":4,"speedKmh":43.1,"gpsLock":true}
06-04 21:02:33.009 I/ReactNativeJS(27948): [VROOM-TEL] 2026-06-04T19:02:33.009Z | DRIVE_TRACE_CAMERA | {"t":1780599753009,"seq":1036,"gpsTickId":1780599752946,"gpsTickAgeMs":41,"lat":51.363142,"lng":19.367738,"hdg":71,"speedKmh":43.5,"exploring":false,"frameMoveM":0}
06-04 21:02:33.152 I/ReactNativeJS(27948): [VROOM-TEL] 2026-06-04T19:02:33.152Z | CAM_FOLLOW_PUSH | {"t":1780599753152,"lat":51.363149,"lng":19.367756,"hdg":55,"snapHdg":63,"speedKmh":44,"exploring":false,"source":"drive_marker_sv_60fps"}
06-04 21:02:33.318 I/ReactNativeJS(27948): [VROOM-TEL] 2026-06-04T19:02:33.317Z | DRIVE_TRACE_CAMERA | {"t":1780599753317,"seq":1037,"gpsTickId":1780599752946,"gpsTickAgeMs":349,"lat":51.363158,"lng":19.367775,"hdg":55,"speedKmh":43.5,"exploring":false,"frameMoveM":0}
06-04 21:02:33.617 I/ReactNativeJS(27948): [VROOM-TEL] 2026-06-04T19:02:33.617Z | DRIVE_TRACE_CAMERA | {"t":1780599753617,"seq":1038,"gpsTickId":1780599752946,"gpsTickAgeMs":649,"lat":51.363173,"lng":19.36781,"hdg":55,"speedKmh":43.5,"exploring":false,"frameMoveM":0}
06-04 21:02:33.750 I/ReactNativeJS(27948): [VROOM-TEL] 2026-06-04T19:02:33.750Z | CAMERA_HEADING | {"t":1780599753750,"speedKmh":44,"movedM":0.2,"moveBearing":60,"snapHdg":57,"headingOut":60,"flipFromPrevDeg":2,"lookaheadM":33,"nativeFollow":true}
06-04 21:02:33.969 I/ReactNativeJS(27948): [VROOM-TEL] 2026-06-04T19:02:33.968Z | RAW_GPS_TICK | {"t":1780599753968,"gpsTickId":1780599753944,"gpsTickAgeMs":0,"lat":51.363403,"lng":19.368295,"speed":12.07,"speedKmh":43.5,"accuracy":4,"osTimestamp":1780599753944,"tripActive":true,"appState":"active"}
06-04 21:02:33.969 I/ReactNativeJS(27948): [VROOM-TEL] 2026-06-04T19:02:33.969Z | DRIVE_TRACE_RAW | {"t":1780599753969,"seq":1039,"gpsTickId":1780599753944,"gpsTickAgeMs":1,"rawLat":51.363403,"rawLng":19.368295,"accM":4,"speedKmh":43.5,"speedMs":12.1,"heading":63,"tripActive":true,"driving":true,"navigating":false,"osTimestamp":1780599753944}
06-04 21:02:33.970 I/ReactNativeJS(27948): [VROOM-TEL] 2026-06-04T19:02:33.970Z | DRIVE_TRACE_FEED | {"t":1780599753970,"seq":1040,"gpsTickId":1780599753944,"gpsTickAgeMs":2,"lat":51.363343,"lng":19.368101,"hdg":62,"durationMs":1200,"speedKmh":44.7}
06-04 21:02:33.971 I/ReactNativeJS(27948): [VROOM-TEL] 2026-06-04T19:02:33.970Z | DRIVE_TRACE_TICK | {"t":1780599753970,"seq":1041,"gpsTickId":1780599753944,"gpsTickAgeMs":2,"rawLat":51.363403,"rawLng":19.368295,"snapLat":51.363343,"snapLng":19.368101,"markerLat":51.363343,"markerLng":19.368101,"markerHdg":62,"markerSvLat":51.363185,"markerSvLng":19.367845,"markerSvHdg":65,"accM":4,"hudKmh":44.7,"engineKmh":44.7,"dopplerKmh":43.5,"feedDurMs":1200,"cadenceMs":998,"feedSpeedMs":12.4,"isNavigating":false,"isFreeDrive":true,"isMoving":true,"feedSkipGate":false,"feedAccepted":true,"feedHeadingOnly":false,"source":"drive_core_v2"}
06-04 21:02:33.971 I/ReactNativeJS(27948): [VROOM-TEL] 2026-06-04T19:02:33.971Z | GPS_ACCEPT | {"lat":51.363403,"lng":19.368295,"acc":4,"speedKmh":43.5,"gpsLock":true}
06-04 21:02:34.070 I/ReactNativeJS(27948): [VROOM-TEL] 2026-06-04T19:02:34.070Z | CAM_FOLLOW_PUSH | {"t":1780599754070,"lat":51.363189,"lng":19.367852,"hdg":64,"snapHdg":62,"speedKmh":45,"exploring":false,"source":"drive_marker_sv_60fps"}
06-04 21:02:34.070 I/ReactNativeJS(27948): [VROOM-TEL] 2026-06-04T19:02:34.070Z | DRIVE_TRACE_CAMERA | {"t":1780599754070,"seq":1042,"gpsTickId":1780599753944,"gpsTickAgeMs":102,"lat":51.363189,"lng":19.367852,"hdg":64,"speedKmh":44.7,"exploring":false,"frameMoveM":0}
06-04 21:02:34.167 I/ReactNativeJS(27948): [VROOM-TEL] 2026-06-04T19:02:34.167Z | DRIVE_TRACE_HEARTBEAT | {"t":1780599754167,"seq":1043,"gpsTickId":1780599753944,"gpsTickAgeMs":199,"driving":true,"navigating":false,"tripActive":true,"lat":51.363403,"lng":19.3682947,"gpsAgeMs":199}
06-04 21:02:34.384 I/ReactNativeJS(27948): [VROOM-TEL] 2026-06-04T19:02:34.384Z | DRIVE_TRACE_CAMERA | {"t":1780599754384,"seq":1044,"gpsTickId":1780599753944,"gpsTickAgeMs":416,"lat":51.363239,"lng":19.367933,"hdg":45,"speedKmh":44.7,"exploring":false,"frameMoveM":0}
06-04 21:02:34.684 I/ReactNativeJS(27948): [VROOM-TEL] 2026-06-04T19:02:34.684Z | DRIVE_TRACE_CAMERA | {"t":1780599754684,"seq":1045,"gpsTickId":1780599753944,"gpsTickAgeMs":716,"lat":51.363279,"lng":19.367997,"hdg":45,"speedKmh":44.7,"exploring":false,"frameMoveM":0}
06-04 21:02:34.851 I/ReactNativeJS(27948): [VROOM-TEL] 2026-06-04T19:02:34.851Z | CAMERA_HEADING | {"t":1780599754851,"speedKmh":45,"movedM":0.35,"moveBearing":45,"snapHdg":45,"headingOut":45,"flipFromPrevDeg":0,"lookaheadM":39,"nativeFollow":true}
06-04 21:02:34.883 I/ReactNativeJS(27948): [VROOM-TEL] 2026-06-04T19:02:34.883Z | CAM_FOLLOW_PUSH | {"t":1780599754883,"lat":51.363305,"lng":19.36804,"hdg":45,"snapHdg":62,"speedKmh":45,"exploring":false,"source":"drive_marker_sv_60fps"}
06-04 21:02:34.965 I/ReactNativeJS(27948): [VROOM-TEL] 2026-06-04T19:02:34.965Z | RAW_GPS_TICK | {"t":1780599754965,"gpsTickId":1780599754946,"gpsTickAgeMs":0,"lat":51.363448,"lng":19.368441,"speed":11.48,"speedKmh":41.3,"accuracy":4,"osTimestamp":1780599754946,"tripActive":true,"appState":"active"}
06-04 21:02:34.965 I/ReactNativeJS(27948): [VROOM-TEL] 2026-06-04T19:02:34.965Z | DRIVE_TRACE_RAW | {"t":1780599754965,"seq":1046,"gpsTickId":1780599754946,"gpsTickAgeMs":0,"rawLat":51.363448,"rawLng":19.368441,"accM":4,"speedKmh":41.3,"speedMs":11.5,"heading":63,"tripActive":true,"driving":true,"navigating":false,"osTimestamp":1780599754946}
06-04 21:02:34.966 I/ReactNativeJS(27948): [VROOM-TEL] 2026-06-04T19:02:34.966Z | DRIVE_TRACE_FEED | {"t":1780599754966,"seq":1047,"gpsTickId":1780599754946,"gpsTickAgeMs":1,"lat":51.363413,"lng":19.368167,"hdg":63,"durationMs":720,"speedKmh":45.1}
06-04 21:02:34.966 I/ReactNativeJS(27948): [VROOM-TEL] 2026-06-04T19:02:34.966Z | DRIVE_TRACE_TICK | {"t":1780599754966,"seq":1048,"gpsTickId":1780599754946,"gpsTickAgeMs":1,"rawLat":51.363448,"rawLng":19.368441,"snapLat":51.363413,"snapLng":19.368167,"markerLat":51.363413,"markerLng":19.368167,"markerHdg":63,"markerSvLat":51.363316,"markerSvLng":19.368058,"markerSvHdg":45,"accM":4,"hudKmh":45.1,"engineKmh":45.1,"dopplerKmh":41.3,"feedDurMs":720,"cadenceMs":998,"feedSpeedMs":12.5,"isNavigating":false,"isFreeDrive":true,"isMoving":true,"feedSkipGate":false,"feedAccepted":true,"feedHeadingOnly":false,"source":"drive_core_v2"}
06-04 21:02:34.966 I/ReactNativeJS(27948): [VROOM-TEL] 2026-06-04T19:02:34.966Z | GPS_ACCEPT | {"lat":51.363448,"lng":19.368441,"acc":4,"speedKmh":41.3,"gpsLock":true}
06-04 21:02:35.000 I/ReactNativeJS(27948): [VROOM-TEL] 2026-06-04T19:02:35.000Z | DRIVE_TRACE_CAMERA | {"t":1780599755000,"seq":1049,"gpsTickId":1780599754946,"gpsTickAgeMs":35,"lat":51.363318,"lng":19.36806,"hdg":55,"speedKmh":45.1,"exploring":false,"frameMoveM":0}
06-04 21:02:35.301 I/ReactNativeJS(27948): [VROOM-TEL] 2026-06-04T19:02:35.300Z | DRIVE_TRACE_CAMERA | {"t":1780599755300,"seq":1050,"gpsTickId":1780599754946,"gpsTickAgeMs":335,"lat":51.363361,"lng":19.368108,"hdg":45,"speedKmh":45.1,"exploring":false,"frameMoveM":0}
06-04 21:02:35.610 I/ReactNativeJS(27948): [VROOM-TEL] 2026-06-04T19:02:35.610Z | DRIVE_TRACE_CAMERA | {"t":1780599755610,"seq":1051,"gpsTickId":1780599754946,"gpsTickAgeMs":645,"lat":51.363392,"lng":19.368143,"hdg":65,"speedKmh":45.1,"exploring":false,"frameMoveM":0}
06-04 21:02:35.742 I/ReactNativeJS(27948): [VROOM-TEL] 2026-06-04T19:02:35.742Z | CAM_FOLLOW_PUSH | {"t":1780599755742,"lat":51.363406,"lng":19.368159,"hdg":73,"snapHdg":63,"speedKmh":45,"exploring":false,"source":"drive_marker_sv_60fps"}
06-04 21:02:35.974 I/ReactNativeJS(27948): [VROOM-TEL] 2026-06-04T19:02:35.974Z | CAMERA_HEADING | {"t":1780599755974,"speedKmh":45,"movedM":0,"moveBearing":null,"snapHdg":63,"headingOut":63,"flipFromPrevDeg":8,"lookaheadM":39,"nativeFollow":true}
06-04 21:02:36.004 I/ReactNativeJS(27948): [VROOM-TEL] 2026-06-04T19:02:36.004Z | RAW_GPS_TICK | {"t":1780599756004,"gpsTickId":1780599755944,"gpsTickAgeMs":0,"lat":51.363491,"lng":19.368588,"speed":11.21,"speedKmh":40.4,"accuracy":4,"osTimestamp":1780599755944,"tripActive":true,"appState":"active"}
06-04 21:02:36.004 I/ReactNativeJS(27948): [VROOM-TEL] 2026-06-04T19:02:36.004Z | DRIVE_TRACE_RAW | {"t":1780599756004,"seq":1052,"gpsTickId":1780599755944,"gpsTickAgeMs":0,"rawLat":51.363491,"rawLng":19.368588,"accM":4,"speedKmh":40.4,"speedMs":11.2,"heading":63,"tripActive":true,"driving":true,"navigating":false,"osTimestamp":1780599755944}
06-04 21:02:36.005 I/ReactNativeJS(27948): [VROOM-TEL] 2026-06-04T19:02:36.005Z | DRIVE_TRACE_FEED | {"t":1780599756005,"seq":1053,"gpsTickId":1780599755944,"gpsTickAgeMs":1,"lat":51.363444,"lng":19.368285,"hdg":64,"durationMs":721,"speedKmh":44.7}
06-04 21:02:36.005 I/ReactNativeJS(27948): [VROOM-TEL] 2026-06-04T19:02:36.005Z | DRIVE_TRACE_TICK | {"t":1780599756005,"seq":1054,"gpsTickId":1780599755944,"gpsTickAgeMs":1,"rawLat":51.363491,"rawLng":19.368588,"snapLat":51.363444,"snapLng":19.368285,"markerLat":51.363444,"markerLng":19.368285,"markerHdg":64,"markerSvLat":51.363425,"markerSvLng":19.368185,"markerSvHdg":63,"accM":4,"hudKmh":44.7,"engineKmh":44.7,"dopplerKmh":40.4,"feedDurMs":721,"cadenceMs":1012,"feedSpeedMs":12.4,"isNavigating":false,"isFreeDrive":true,"isMoving":true,"feedSkipGate":false,"feedAccepted":true,"feedHeadingOnly":false,"source":"drive_core_v2"}
06-04 21:02:36.005 I/ReactNativeJS(27948): [VROOM-TEL] 2026-06-04T19:02:36.005Z | GPS_ACCEPT | {"lat":51.363491,"lng":19.368588,"acc":4,"speedKmh":40.4,"gpsLock":true}
06-04 21:02:36.126 I/ReactNativeJS(27948): [VROOM-TEL] 2026-06-04T19:02:36.126Z | DRIVE_TRACE_CAMERA | {"t":1780599756126,"seq":1055,"gpsTickId":1780599755944,"gpsTickAgeMs":122,"lat":51.363425,"lng":19.368189,"hdg":51,"speedKmh":44.7,"exploring":false,"frameMoveM":0}
06-04 21:02:36.433 I/ReactNativeJS(27948): [VROOM-TEL] 2026-06-04T19:02:36.433Z | DRIVE_TRACE_CAMERA | {"t":1780599756433,"seq":1056,"gpsTickId":1780599755944,"gpsTickAgeMs":429,"lat":51.363436,"lng":19.368245,"hdg":72,"speedKmh":44.7,"exploring":false,"frameMoveM":0}
06-04 21:02:36.551 I/ReactNativeJS(27948): [VROOM-TEL] 2026-06-04T19:02:36.551Z | CAM_FOLLOW_PUSH | {"t":1780599756551,"lat":51.363439,"lng":19.368261,"hdg":72,"snapHdg":64,"speedKmh":45,"exploring":false,"source":"drive_marker_sv_60fps"}
06-04 21:02:36.733 I/ReactNativeJS(27948): [VROOM-TEL] 2026-06-04T19:02:36.733Z | DRIVE_TRACE_CAMERA | {"t":1780599756733,"seq":1057,"gpsTickId":1780599755944,"gpsTickAgeMs":729,"lat":51.363444,"lng":19.368285,"hdg":72,"speedKmh":44.7,"exploring":false,"frameMoveM":0}
06-04 21:02:36.962 I/ReactNativeJS(27948): [VROOM-TEL] 2026-06-04T19:02:36.962Z | RAW_GPS_TICK | {"t":1780599756962,"gpsTickId":1780599756945,"gpsTickAgeMs":0,"lat":51.363536,"lng":19.368739,"speed":11.39,"speedKmh":41,"accuracy":4,"osTimestamp":1780599756945,"tripActive":true,"appState":"active"}
06-04 21:02:36.962 I/ReactNativeJS(27948): [VROOM-TEL] 2026-06-04T19:02:36.962Z | DRIVE_TRACE_RAW | {"t":1780599756962,"seq":1058,"gpsTickId":1780599756945,"gpsTickAgeMs":0,"rawLat":51.363536,"rawLng":19.368739,"accM":4,"speedKmh":41,"speedMs":11.4,"heading":63,"tripActive":true,"driving":true,"navigating":false,"osTimestamp":1780599756945}
06-04 21:02:36.963 I/ReactNativeJS(27948): [VROOM-TEL] 2026-06-04T19:02:36.963Z | DRIVE_TRACE_FEED | {"t":1780599756963,"seq":1059,"gpsTickId":1780599756945,"gpsTickAgeMs":1,"lat":51.363462,"lng":19.36841,"hdg":65,"durationMs":722,"speedKmh":44.4}
06-04 21:02:36.964 I/ReactNativeJS(27948): [VROOM-TEL] 2026-06-04T19:02:36.964Z | DRIVE_TRACE_TICK | {"t":1780599756964,"seq":1060,"gpsTickId":1780599756945,"gpsTickAgeMs":2,"rawLat":51.363536,"rawLng":19.368739,"snapLat":51.363462,"snapLng":19.36841,"markerLat":51.363462,"markerLng":19.36841,"markerHdg":65,"markerSvLat":51.363452,"markerSvLng":19.368312,"markerSvHdg":63,"accM":4,"hudKmh":44.4,"engineKmh":44.4,"dopplerKmh":41,"feedDurMs":722,"cadenceMs":993,"feedSpeedMs":12.3,"isNavigating":false,"isFreeDrive":true,"isMoving":true,"feedSkipGate":false,"feedAccepted":true,"feedHeadingOnly":false,"source":"drive_core_v2"}
06-04 21:02:36.964 I/ReactNativeJS(27948): [VROOM-TEL] 2026-06-04T19:02:36.964Z | GPS_ACCEPT | {"lat":51.363536,"lng":19.368739,"acc":4,"speedKmh":43.5,"gpsLock":true}
06-04 21:02:37.033 I/ReactNativeJS(27948): [VROOM-TEL] 2026-06-04T19:02:37.033Z | DRIVE_TRACE_CAMERA | {"t":1780599757033,"seq":1061,"gpsTickId":1780599756945,"gpsTickAgeMs":71,"lat":51.363453,"lng":19.368322,"hdg":81,"speedKmh":44.4,"exploring":false,"frameMoveM":0}
06-04 21:02:37.083 I/ReactNativeJS(27948): [VROOM-TEL] 2026-06-04T19:02:37.083Z | CAMERA_HEADING | {"t":1780599757083,"speedKmh":44,"movedM":0.16,"moveBearing":81,"snapHdg":81,"headingOut":81,"flipFromPrevDeg":0,"lookaheadM":39,"nativeFollow":true}
06-04 21:02:37.333 I/ReactNativeJS(27948): [VROOM-TEL] 2026-06-04T19:02:37.333Z | DRIVE_TRACE_CAMERA | {"t":1780599757333,"seq":1062,"gpsTickId":1780599756945,"gpsTickAgeMs":371,"lat":51.363457,"lng":19.368363,"hdg":75,"speedKmh":44.4,"exploring":false,"frameMoveM":0}
06-04 21:02:37.367 I/ReactNativeJS(27948): [VROOM-TEL] 2026-06-04T19:02:37.367Z | CAM_FOLLOW_PUSH | {"t":1780599757367,"lat":51.363457,"lng":19.368367,"hdg":81,"snapHdg":65,"speedKmh":44,"exploring":false,"source":"drive_marker_sv_60fps"}
06-04 21:02:37.634 I/ReactNativeJS(27948): [VROOM-TEL] 2026-06-04T19:02:37.634Z | DRIVE_TRACE_CAMERA | {"t":1780599757634,"seq":1063,"gpsTickId":1780599756945,"gpsTickAgeMs":672,"lat":51.363461,"lng":19.368403,"hdg":81,"speedKmh":44.4,"exploring":false,"frameMoveM":0}
06-04 21:02:37.972 I/ReactNativeJS(27948): [VROOM-TEL] 2026-06-04T19:02:37.972Z | RAW_GPS_TICK | {"t":1780599757972,"gpsTickId":1780599757946,"gpsTickAgeMs":0,"lat":51.363582,"lng":19.368888,"speed":11.45,"speedKmh":41.2,"accuracy":4,"osTimestamp":1780599757946,"tripActive":true,"appState":"active"}
06-04 21:02:37.972 I/ReactNativeJS(27948): [VROOM-TEL] 2026-06-04T19:02:37.972Z | DRIVE_TRACE_RAW | {"t":1780599757972,"seq":1064,"gpsTickId":1780599757946,"gpsTickAgeMs":0,"rawLat":51.363582,"rawLng":19.368888,"accM":4,"speedKmh":41.2,"speedMs":11.4,"heading":63,"tripActive":true,"driving":true,"navigating":false,"osTimestamp":1780599757946}
06-04 21:02:37.973 I/ReactNativeJS(27948): [VROOM-TEL] 2026-06-04T19:02:37.973Z | DRIVE_TRACE_FEED | {"t":1780599757973,"seq":1065,"gpsTickId":1780599757946,"gpsTickAgeMs":1,"lat":51.363473,"lng":19.368537,"hdg":64,"durationMs":723,"speedKmh":44.1}
06-04 21:02:37.973 I/ReactNativeJS(27948): [VROOM-TEL] 2026-06-04T19:02:37.973Z | DRIVE_TRACE_TICK | {"t":1780599757973,"seq":1066,"gpsTickId":1780599757946,"gpsTickAgeMs":1,"rawLat":51.363582,"rawLng":19.368888,"snapLat":51.363473,"snapLng":19.368537,"markerLat":51.363473,"markerLng":19.368537,"markerHdg":64,"markerSvLat":51.363467,"markerSvLng":19.368435,"markerSvHdg":64,"accM":4,"hudKmh":44.1,"engineKmh":44.1,"dopplerKmh":41.2,"feedDurMs":723,"cadenceMs":999,"feedSpeedMs":12.3,"isNavigating":false,"isFreeDrive":true,"isMoving":true,"feedSkipGate":false,"feedAccepted":true,"feedHeadingOnly":false,"source":"drive_core_v2"}
06-04 21:02:37.973 I/ReactNativeJS(27948): [VROOM-TEL] 2026-06-04T19:02:37.973Z | GPS_ACCEPT | {"lat":51.363582,"lng":19.368888,"acc":4,"speedKmh":41.3,"gpsLock":true}
06-04 21:02:38.006 I/ReactNativeJS(27948): [VROOM-TEL] 2026-06-04T19:02:38.006Z | DRIVE_TRACE_CAMERA | {"t":1780599758006,"seq":1067,"gpsTickId":1780599757946,"gpsTickAgeMs":34,"lat":51.363467,"lng":19.368439,"hdg":71,"speedKmh":44.1,"exploring":false,"frameMoveM":0}
06-04 21:02:38.167 I/ReactNativeJS(27948): [VROOM-TEL] 2026-06-04T19:02:38.167Z | CAM_FOLLOW_PUSH | {"t":1780599758167,"lat":51.363469,"lng":19.368463,"hdg":82,"snapHdg":64,"speedKmh":44,"exploring":false,"source":"drive_marker_sv_60fps"}
06-04 21:02:38.183 I/ReactNativeJS(27948): [VROOM-TEL] 2026-06-04T19:02:38.183Z | CAMERA_HEADING | {"t":1780599758183,"speedKmh":44,"movedM":0.16,"moveBearing":84,"snapHdg":82,"headingOut":84,"flipFromPrevDeg":0,"lookaheadM":39,"nativeFollow":true}
06-04 21:02:38.317 I/ReactNativeJS(27948): [VROOM-TEL] 2026-06-04T19:02:38.316Z | DRIVE_TRACE_CAMERA | {"t":1780599758316,"seq":1068,"gpsTickId":1780599757946,"gpsTickAgeMs":344,"lat":51.36347,"lng":19.368483,"hdg":82,"speedKmh":44.1,"exploring":false,"frameMoveM":0}
06-04 21:02:38.617 I/ReactNativeJS(27948): [VROOM-TEL] 2026-06-04T19:02:38.617Z | DRIVE_TRACE_CAMERA | {"t":1780599758617,"seq":1069,"gpsTickId":1780599757946,"gpsTickAgeMs":645,"lat":51.363473,"lng":19.368526,"hdg":82,"speedKmh":44.1,"exploring":false,"frameMoveM":0}
06-04 21:02:38.967 I/ReactNativeJS(27948): [VROOM-TEL] 2026-06-04T19:02:38.967Z | RAW_GPS_TICK | {"t":1780599758967,"gpsTickId":1780599758945,"gpsTickAgeMs":0,"lat":51.363627,"lng":19.369037,"speed":11.35,"speedKmh":40.9,"accuracy":4,"osTimestamp":1780599758945,"tripActive":true,"appState":"active"}
06-04 21:02:38.968 I/ReactNativeJS(27948): [VROOM-TEL] 2026-06-04T19:02:38.968Z | DRIVE_TRACE_RAW | {"t":1780599758968,"seq":1070,"gpsTickId":1780599758945,"gpsTickAgeMs":1,"rawLat":51.363627,"rawLng":19.369037,"accM":4,"speedKmh":40.9,"speedMs":11.4,"heading":63,"tripActive":true,"driving":true,"navigating":false,"osTimestamp":1780599758945}
06-04 21:02:38.969 I/ReactNativeJS(27948): [VROOM-TEL] 2026-06-04T19:02:38.969Z | DRIVE_TRACE_FEED | {"t":1780599758969,"seq":1071,"gpsTickId":1780599758945,"gpsTickAgeMs":2,"lat":51.363481,"lng":19.368661,"hdg":64,"durationMs":727,"speedKmh":43.1}
06-04 21:02:38.970 I/ReactNativeJS(27948): [VROOM-TEL] 2026-06-04T19:02:38.970Z | DRIVE_TRACE_TICK | {"t":1780599758970,"seq":1072,"gpsTickId":1780599758945,"gpsTickAgeMs":3,"rawLat":51.363627,"rawLng":19.369037,"snapLat":51.363481,"snapLng":19.368661,"markerLat":51.363481,"markerLng":19.368661,"markerHdg":64,"markerSvLat":51.363478,"markerSvLng":19.368565,"markerSvHdg":65,"accM":4,"hudKmh":43.1,"engineKmh":43.1,"dopplerKmh":40.9,"feedDurMs":727,"cadenceMs":998,"feedSpeedMs":12,"isNavigating":false,"isFreeDrive":true,"isMoving":true,"feedSkipGate":false,"feedAccepted":true,"feedHeadingOnly":false,"source":"drive_core_v2"}
06-04 21:02:38.970 I/ReactNativeJS(27948): [VROOM-TEL] 2026-06-04T19:02:38.970Z | GPS_ACCEPT | {"lat":51.363627,"lng":19.369037,"acc":4,"speedKmh":41.5,"gpsLock":true}
06-04 21:02:39.048 I/ReactNativeJS(27948): [VROOM-TEL] 2026-06-04T19:02:39.048Z | CAM_FOLLOW_PUSH | {"t":1780599759048,"lat":51.363478,"lng":19.368569,"hdg":54,"snapHdg":64,"speedKmh":43,"exploring":false,"source":"drive_marker_sv_60fps"}
06-04 21:02:39.049 I/ReactNativeJS(27948): [VROOM-TEL] 2026-06-04T19:02:39.049Z | DRIVE_TRACE_CAMERA | {"t":1780599759049,"seq":1073,"gpsTickId":1780599758945,"gpsTickAgeMs":82,"lat":51.363478,"lng":19.368569,"hdg":54,"speedKmh":43.1,"exploring":false,"frameMoveM":0}
06-04 21:02:39.184 I/ReactNativeJS(27948): [VROOM-TEL] 2026-06-04T19:02:39.184Z | DRIVE_HEALTH | {"t":1780599759184,"mode":"driving","speedHudKmh":43.1,"speedPipeKmh":43.1,"gpsAgeMs":217,"drAgeMs":215,"gpsToDriftM":31,"snapAnchorDriftM":0,"offRoute":false,"reroutePending":false,"rerouteLoading":false,"hasRoutePts":0}
06-04 21:02:39.184 I/ReactNativeJS(27948): [VROOM-TEL] 2026-06-04T19:02:39.184Z | DRIVE_TRACE_HEARTBEAT | {"t":1780599759184,"seq":1074,"gpsTickId":1780599758945,"gpsTickAgeMs":217,"driving":true,"navigating":false,"tripActive":true,"lat":51.363627,"lng":19.3690373,"gpsAgeMs":217}
06-04 21:02:39.284 I/ReactNativeJS(27948): [VROOM-TEL] 2026-06-04T19:02:39.284Z | CAMERA_HEADING | {"t":1780599759284,"speedKmh":43,"movedM":0.15,"moveBearing":87,"snapHdg":82,"headingOut":87,"flipFromPrevDeg":0,"lookaheadM":39,"nativeFollow":true}
06-04 21:02:39.350 I/ReactNativeJS(27948): [VROOM-TEL] 2026-06-04T19:02:39.350Z | DRIVE_TRACE_CAMERA | {"t":1780599759350,"seq":1075,"gpsTickId":1780599758945,"gpsTickAgeMs":383,"lat":51.36348,"lng":19.368615,"hdg":82,"speedKmh":43.1,"exploring":false,"frameMoveM":0}
06-04 21:02:39.600 I/ReactNativeJS(27948): [VROOM-TEL] 2026-06-04T19:02:39.600Z | TRIP_SEGMENT_STATS | {"t":1780599759600,"totalDistanceKm":1.807,"acceptedMain":148,"acceptedMainKm":1.712,"fallbackAccepted":6,"fallbackKm":0.094,"derivedSpeedUsed":3,"derivedSpeedRejected":0,"lowSpeedDropped":0,"zeroMove":0,"rejectedTotal":23,"rejectedJitter":16,"rejectedJump":0,"rejectedStaleGap":0,"rejectedMinSpeed":1,"rejectedAccuracy":0,"rejectedImpossible":6,"rejectedInvalidTime":0}
06-04 21:02:39.650 I/ReactNativeJS(27948): [VROOM-TEL] 2026-06-04T19:02:39.650Z | DRIVE_TRACE_CAMERA | {"t":1780599759650,"seq":1076,"gpsTickId":1780599758945,"gpsTickAgeMs":683,"lat":51.363481,"lng":19.368655,"hdg":74,"speedKmh":43.1,"exploring":false,"frameMoveM":0}
06-04 21:02:39.850 I/ReactNativeJS(27948): [VROOM-TEL] 2026-06-04T19:02:39.850Z | CAM_FOLLOW_PUSH | {"t":1780599759850,"lat":51.363485,"lng":19.368687,"hdg":72,"snapHdg":64,"speedKmh":43,"exploring":false,"source":"drive_marker_sv_60fps"}
06-04 21:02:39.971 I/ReactNativeJS(27948): [VROOM-TEL] 2026-06-04T19:02:39.971Z | RAW_GPS_TICK | {"t":1780599759971,"gpsTickId":1780599759945,"gpsTickAgeMs":0,"lat":51.36367,"lng":19.369182,"speed":11.27,"speedKmh":40.6,"accuracy":4,"osTimestamp":1780599759945,"tripActive":true,"appState":"active"}
06-04 21:02:39.971 I/ReactNativeJS(27948): [VROOM-TEL] 2026-06-04T19:02:39.971Z | DRIVE_TRACE_RAW | {"t":1780599759971,"seq":1077,"gpsTickId":1780599759945,"gpsTickAgeMs":0,"rawLat":51.36367,"rawLng":19.369182,"accM":4,"speedKmh":40.6,"speedMs":11.3,"heading":64,"tripActive":true,"driving":true,"navigating":false,"osTimestamp":1780599759945}
06-04 21:02:39.973 I/ReactNativeJS(27948): [VROOM-TEL] 2026-06-04T19:02:39.973Z | DRIVE_TRACE_FEED | {"t":1780599759973,"seq":1078,"gpsTickId":1780599759945,"gpsTickAgeMs":2,"lat":51.363579,"lng":19.369017,"hdg":64,"durationMs":1200,"speedKmh":43.6}
06-04 21:02:39.974 I/ReactNativeJS(27948): [VROOM-TEL] 2026-06-04T19:02:39.974Z | DRIVE_TRACE_TICK | {"t":1780599759974,"seq":1079,"gpsTickId":1780599759945,"gpsTickAgeMs":3,"rawLat":51.36367,"rawLng":19.369182,"snapLat":51.363579,"snapLng":19.369017,"markerLat":51.363579,"markerLng":19.369017,"markerHdg":64,"markerSvLat":51.363486,"markerSvLng":19.368689,"markerSvHdg":66,"accM":4,"hudKmh":43.6,"engineKmh":43.6,"dopplerKmh":40.6,"feedDurMs":1200,"cadenceMs":1000,"feedSpeedMs":12.1,"isNavigating":false,"isFreeDrive":true,"isMoving":true,"feedSkipGate":false,"feedAccepted":true,"feedHeadingOnly":false,"source":"drive_core_v2"}
06-04 21:02:39.974 I/ReactNativeJS(27948): [VROOM-TEL] 2026-06-04T19:02:39.974Z | GPS_ACCEPT | {"lat":51.36367,"lng":19.369182,"acc":4,"speedKmh":40.6,"gpsLock":true}
06-04 21:02:40.041 I/ReactNativeJS(27948): [VROOM-TEL] 2026-06-04T19:02:40.035Z | DRIVE_TRACE_CAMERA | {"t":1780599760035,"seq":1080,"gpsTickId":1780599759945,"gpsTickAgeMs":61,"lat":51.363488,"lng":19.368696,"hdg":69,"speedKmh":43.6,"exploring":false,"frameMoveM":0}
06-04 21:02:40.347 I/ReactNativeJS(27948): [VROOM-TEL] 2026-06-04T19:02:40.347Z | DRIVE_TRACE_CAMERA | {"t":1780599760347,"seq":1081,"gpsTickId":1780599759945,"gpsTickAgeMs":376,"lat":51.363511,"lng":19.368779,"hdg":62,"speedKmh":43.6,"exploring":false,"frameMoveM":0}
06-04 21:02:40.400 I/ReactNativeJS(27948): [VROOM-TEL] 2026-06-04T19:02:40.400Z | CAMERA_HEADING | {"t":1780599760400,"speedKmh":44,"movedM":0.35,"moveBearing":65,"snapHdg":65,"headingOut":65,"flipFromPrevDeg":0,"lookaheadM":39,"nativeFollow":true}
06-04 21:02:40.701 I/ReactNativeJS(27948): [VROOM-TEL] 2026-06-04T19:02:40.701Z | CAM_FOLLOW_PUSH | {"t":1780599760701,"lat":51.363538,"lng":19.368874,"hdg":62,"snapHdg":64,"speedKmh":44,"exploring":false,"source":"drive_marker_sv_60fps"}
06-04 21:02:40.701 I/ReactNativeJS(27948): [VROOM-TEL] 2026-06-04T19:02:40.701Z | DRIVE_TRACE_CAMERA | {"t":1780599760701,"seq":1082,"gpsTickId":1780599759945,"gpsTickAgeMs":730,"lat":51.363538,"lng":19.368874,"hdg":62,"speedKmh":43.6,"exploring":false,"frameMoveM":0}
06-04 21:02:41.049 I/ReactNativeJS(27948): [VROOM-TEL] 2026-06-04T19:02:41.049Z | RAW_GPS_TICK | {"t":1780599761049,"gpsTickId":1780599760946,"gpsTickAgeMs":0,"lat":51.363715,"lng":19.369325,"speed":11.14,"speedKmh":40.1,"accuracy":4,"osTimestamp":1780599760946,"tripActive":true,"appState":"active"}
06-04 21:02:41.049 I/ReactNativeJS(27948): [VROOM-TEL] 2026-06-04T19:02:41.049Z | DRIVE_TRACE_RAW | {"t":1780599761049,"seq":1083,"gpsTickId":1780599760946,"gpsTickAgeMs":0,"rawLat":51.363715,"rawLng":19.369325,"accM":4,"speedKmh":40.1,"speedMs":11.1,"heading":64,"tripActive":true,"driving":true,"navigating":false,"osTimestamp":1780599760946}
06-04 21:02:41.050 I/ReactNativeJS(27948): [VROOM-TEL] 2026-06-04T19:02:41.050Z | DRIVE_TRACE_FEED | {"t":1780599761050,"seq":1084,"gpsTickId":1780599760946,"gpsTickAgeMs":1,"lat":51.363633,"lng":19.369108,"hdg":64,"durationMs":727,"speedKmh":43}
06-04 21:02:41.050 I/ReactNativeJS(27948): [VROOM-TEL] 2026-06-04T19:02:41.050Z | DRIVE_TRACE_TICK | {"t":1780599761050,"seq":1085,"gpsTickId":1780599760946,"gpsTickAgeMs":1,"rawLat":51.363715,"rawLng":19.369325,"snapLat":51.363633,"snapLng":19.369108,"markerLat":51.363633,"markerLng":19.369108,"markerHdg":64,"markerSvLat":51.363568,"markerSvLng":19.368979,"markerSvHdg":65,"accM":4,"hudKmh":43,"engineKmh":43,"dopplerKmh":40.1,"feedDurMs":727,"cadenceMs":1027,"feedSpeedMs":11.9,"isNavigating":false,"isFreeDrive":true,"isMoving":true,"feedSkipGate":false,"feedAccepted":true,"feedHeadingOnly":false,"source":"drive_core_v2"}
06-04 21:02:41.050 I/ReactNativeJS(27948): [VROOM-TEL] 2026-06-04T19:02:41.050Z | GPS_ACCEPT | {"lat":51.363715,"lng":19.369325,"acc":4,"speedKmh":40.1,"gpsLock":true}
06-04 21:02:41.051 I/ReactNativeJS(27948): [VROOM-TEL] 2026-06-04T19:02:41.051Z | DRIVE_TRACE_CAMERA | {"t":1780599761051,"seq":1086,"gpsTickId":1780599760946,"gpsTickAgeMs":2,"lat":51.363564,"lng":19.368965,"hdg":62,"speedKmh":43,"exploring":false,"frameMoveM":0}
06-04 21:02:41.426 I/ReactNativeJS(27948): [VROOM-TEL] 2026-06-04T19:02:41.426Z | DRIVE_TRACE_CAMERA | {"t":1780599761426,"seq":1087,"gpsTickId":1780599760946,"gpsTickAgeMs":377,"lat":51.363596,"lng":19.369035,"hdg":66,"speedKmh":43,"exploring":false,"frameMoveM":0}
06-04 21:02:41.503 I/ReactNativeJS(27948): [VROOM-TEL] 2026-06-04T19:02:41.503Z | CAMERA_HEADING | {"t":1780599761503,"speedKmh":43,"movedM":2.12,"moveBearing":51,"snapHdg":51,"headingOut":51,"flipFromPrevDeg":14,"lookaheadM":39,"nativeFollow":true}
06-04 21:02:41.510 I/ReactNativeJS(27948): [VROOM-TEL] 2026-06-04T19:02:41.510Z | CAM_FOLLOW_PUSH | {"t":1780599761510,"lat":51.363602,"lng":19.369047,"hdg":74,"snapHdg":64,"speedKmh":43,"exploring":false,"source":"drive_marker_sv_60fps"}
06-04 21:02:41.735 I/ReactNativeJS(27948): [VROOM-TEL] 2026-06-04T19:02:41.735Z | DRIVE_TRACE_CAMERA | {"t":1780599761735,"seq":1088,"gpsTickId":1780599760946,"gpsTickAgeMs":686,"lat":51.363629,"lng":19.3691,"hdg":54,"speedKmh":43,"exploring":false,"frameMoveM":0}
06-04 21:02:41.961 I/ReactNativeJS(27948): [VROOM-TEL] 2026-06-04T19:02:41.961Z | RAW_GPS_TICK | {"t":1780599761961,"gpsTickId":1780599761946,"gpsTickAgeMs":0,"lat":51.363757,"lng":19.369458,"speed":10.58,"speedKmh":38.1,"accuracy":4,"osTimestamp":1780599761946,"tripActive":true,"appState":"active"}
06-04 21:02:41.961 I/ReactNativeJS(27948): [VROOM-TEL] 2026-06-04T19:02:41.961Z | DRIVE_TRACE_RAW | {"t":1780599761961,"seq":1089,"gpsTickId":1780599761946,"gpsTickAgeMs":0,"rawLat":51.363757,"rawLng":19.369458,"accM":4,"speedKmh":38.1,"speedMs":10.6,"heading":63,"tripActive":true,"driving":true,"navigating":false,"osTimestamp":1780599761946}
06-04 21:02:41.964 I/ReactNativeJS(27948): [VROOM-TEL] 2026-06-04T19:02:41.964Z | DRIVE_TRACE_FEED | {"t":1780599761964,"seq":1090,"gpsTickId":1780599761946,"gpsTickAgeMs":2,"lat":51.363691,"lng":19.369187,"hdg":63,"durationMs":733,"speedKmh":41.7}
06-04 21:02:41.964 I/ReactNativeJS(27948): [VROOM-TEL] 2026-06-04T19:02:41.964Z | DRIVE_TRACE_TICK | {"t":1780599761964,"seq":1091,"gpsTickId":1780599761946,"gpsTickAgeMs":3,"rawLat":51.363757,"rawLng":19.369458,"snapLat":51.363691,"snapLng":19.369187,"markerLat":51.363691,"markerLng":19.369187,"markerHdg":63,"markerSvLat":51.363642,"markerSvLng":19.369133,"markerSvHdg":65,"accM":4,"hudKmh":41.7,"engineKmh":41.7,"dopplerKmh":38.1,"feedDurMs":733,"cadenceMs":987,"feedSpeedMs":11.6,"isNavigating":false,"isFreeDrive":true,"isMoving":true,"feedSkipGate":false,"feedAccepted":true,"feedHeadingOnly":false,"source":"drive_core_v2"}
06-04 21:02:41.964 I/ReactNativeJS(27948): [VROOM-TEL] 2026-06-04T19:02:41.964Z | GPS_ACCEPT | {"lat":51.363757,"lng":19.369458,"acc":4,"speedKmh":41,"gpsLock":true}
06-04 21:02:42.049 I/ReactNativeJS(27948): [VROOM-TEL] 2026-06-04T19:02:42.049Z | DRIVE_TRACE_CAMERA | {"t":1780599762049,"seq":1092,"gpsTickId":1780599761946,"gpsTickAgeMs":88,"lat":51.363647,"lng":19.369139,"hdg":45,"speedKmh":41.7,"exploring":false,"frameMoveM":0}
06-04 21:02:42.317 I/ReactNativeJS(27948): [VROOM-TEL] 2026-06-04T19:02:42.316Z | CAM_FOLLOW_PUSH | {"t":1780599762316,"lat":51.363665,"lng":19.369159,"hdg":45,"snapHdg":63,"speedKmh":42,"exploring":false,"source":"drive_marker_sv_60fps"}
06-04 21:02:42.350 I/ReactNativeJS(27948): [VROOM-TEL] 2026-06-04T19:02:42.350Z | DRIVE_TRACE_CAMERA | {"t":1780599762350,"seq":1093,"gpsTickId":1780599761946,"gpsTickAgeMs":389,"lat":51.363668,"lng":19.369162,"hdg":53,"speedKmh":41.7,"exploring":false,"frameMoveM":0}
06-04 21:02:42.617 I/ReactNativeJS(27948): [VROOM-TEL] 2026-06-04T19:02:42.617Z | CAMERA_HEADING | {"t":1780599762617,"speedKmh":42,"movedM":0.15,"moveBearing":34,"snapHdg":45,"headingOut":34,"flipFromPrevDeg":0,"lookaheadM":39,"nativeFollow":true}
06-04 21:02:42.650 I/ReactNativeJS(27948): [VROOM-TEL] 2026-06-04T19:02:42.650Z | DRIVE_TRACE_CAMERA | {"t":1780599762650,"seq":1094,"gpsTickId":1780599761946,"gpsTickAgeMs":689,"lat":51.363688,"lng":19.369184,"hdg":45,"speedKmh":41.7,"exploring":false,"frameMoveM":0}
06-04 21:02:42.974 I/ReactNativeJS(27948): [VROOM-TEL] 2026-06-04T19:02:42.974Z | RAW_GPS_TICK | {"t":1780599762974,"gpsTickId":1780599762944,"gpsTickAgeMs":0,"lat":51.363796,"lng":19.369583,"speed":9.84,"speedKmh":35.4,"accuracy":4,"osTimestamp":1780599762944,"tripActive":true,"appState":"active"}
06-04 21:02:42.974 I/ReactNativeJS(27948): [VROOM-TEL] 2026-06-04T19:02:42.974Z | DRIVE_TRACE_RAW | {"t":1780599762974,"seq":1095,"gpsTickId":1780599762944,"gpsTickAgeMs":0,"rawLat":51.363796,"rawLng":19.369583,"accM":4,"speedKmh":35.4,"speedMs":9.8,"heading":63,"tripActive":true,"driving":true,"navigating":false,"osTimestamp":1780599762944}
06-04 21:02:42.975 I/ReactNativeJS(27948): [VROOM-TEL] 2026-06-04T19:02:42.975Z | DRIVE_TRACE_FEED | {"t":1780599762975,"seq":1096,"gpsTickId":1780599762944,"gpsTickAgeMs":1,"lat":51.363749,"lng":19.36926,"hdg":63,"durationMs":741,"speedKmh":39.8}
06-04 21:02:42.976 I/ReactNativeJS(27948): [VROOM-TEL] 2026-06-04T19:02:42.976Z | DRIVE_TRACE_TICK | {"t":1780599762976,"seq":1097,"gpsTickId":1780599762944,"gpsTickAgeMs":2,"rawLat":51.363796,"rawLng":19.369583,"snapLat":51.363749,"snapLng":19.36926,"markerLat":51.363749,"markerLng":19.36926,"markerHdg":63,"markerSvLat":51.363702,"markerSvLng":19.369205,"markerSvHdg":65,"accM":4,"hudKmh":39.8,"engineKmh":39.8,"dopplerKmh":35.4,"feedDurMs":741,"cadenceMs":996,"feedSpeedMs":11.1,"isNavigating":false,"isFreeDrive":true,"isMoving":true,"feedSkipGate":false,"feedAccepted":true,"feedHeadingOnly":false,"source":"drive_core_v2"}
06-04 21:02:42.976 I/ReactNativeJS(27948): [VROOM-TEL] 2026-06-04T19:02:42.976Z | GPS_ACCEPT | {"lat":51.363796,"lng":19.369583,"acc":4,"speedKmh":35.4,"gpsLock":true}
06-04 21:02:43.019 I/ReactNativeJS(27948): [VROOM-TEL] 2026-06-04T19:02:43.019Z | DRIVE_TRACE_CAMERA | {"t":1780599763019,"seq":1098,"gpsTickId":1780599762944,"gpsTickAgeMs":45,"lat":51.363703,"lng":19.369205,"hdg":68,"speedKmh":39.8,"exploring":false,"frameMoveM":0}
06-04 21:02:43.118 I/ReactNativeJS(27948): [VROOM-TEL] 2026-06-04T19:02:43.117Z | CAM_FOLLOW_PUSH | {"t":1780599763117,"lat":51.363711,"lng":19.369215,"hdg":53,"snapHdg":63,"speedKmh":40,"exploring":false,"source":"drive_marker_sv_60fps"}
06-04 21:02:43.334 I/ReactNativeJS(27948): [VROOM-TEL] 2026-06-04T19:02:43.334Z | DRIVE_TRACE_CAMERA | {"t":1780599763334,"seq":1099,"gpsTickId":1780599762944,"gpsTickAgeMs":360,"lat":51.363725,"lng":19.369231,"hdg":48,"speedKmh":39.8,"exploring":false,"frameMoveM":0}
06-04 21:02:43.679 I/ReactNativeJS(27948): [VROOM-TEL] 2026-06-04T19:02:43.678Z | DRIVE_TRACE_CAMERA | {"t":1780599763678,"seq":1100,"gpsTickId":1780599762944,"gpsTickAgeMs":704,"lat":51.363744,"lng":19.369254,"hdg":68,"speedKmh":39.8,"exploring":false,"frameMoveM":0}
06-04 21:02:43.717 I/ReactNativeJS(27948): [VROOM-TEL] 2026-06-04T19:02:43.717Z | CAMERA_HEADING | {"t":1780599763717,"speedKmh":40,"movedM":0.14,"moveBearing":36,"snapHdg":48,"headingOut":36,"flipFromPrevDeg":0,"lookaheadM":39,"nativeFollow":true}
06-04 21:02:43.918 I/ReactNativeJS(27948): [VROOM-TEL] 2026-06-04T19:02:43.918Z | CAM_FOLLOW_PUSH | {"t":1780599763918,"lat":51.363759,"lng":19.369277,"hdg":58,"snapHdg":63,"speedKmh":40,"exploring":false,"source":"drive_marker_sv_60fps"}
06-04 21:02:43.970 I/ReactNativeJS(27948): [VROOM-TEL] 2026-06-04T19:02:43.970Z | RAW_GPS_TICK | {"t":1780599763970,"gpsTickId":1780599763945,"gpsTickAgeMs":0,"lat":51.363832,"lng":19.369701,"speed":9.17,"speedKmh":33,"accuracy":4,"osTimestamp":1780599763945,"tripActive":true,"appState":"active"}
06-04 21:02:43.970 I/ReactNativeJS(27948): [VROOM-TEL] 2026-06-04T19:02:43.970Z | DRIVE_TRACE_RAW | {"t":1780599763970,"seq":1101,"gpsTickId":1780599763945,"gpsTickAgeMs":0,"rawLat":51.363832,"rawLng":19.369701,"accM":4,"speedKmh":33,"speedMs":9.2,"heading":63,"tripActive":true,"driving":true,"navigating":false,"osTimestamp":1780599763945}
06-04 21:02:43.971 I/ReactNativeJS(27948): [VROOM-TEL] 2026-06-04T19:02:43.971Z | DRIVE_TRACE_FEED | {"t":1780599763971,"seq":1102,"gpsTickId":1780599763945,"gpsTickAgeMs":1,"lat":51.363807,"lng":19.369329,"hdg":64,"durationMs":744,"speedKmh":39.1}
06-04 21:02:43.971 I/ReactNativeJS(27948): [VROOM-TEL] 2026-06-04T19:02:43.971Z | DRIVE_TRACE_TICK | {"t":1780599763971,"seq":1103,"gpsTickId":1780599763945,"gpsTickAgeMs":1,"rawLat":51.363832,"rawLng":19.369701,"snapLat":51.363807,"snapLng":19.369329,"markerLat":51.363807,"markerLng":19.369329,"markerHdg":64,"markerSvLat":51.363759,"markerSvLng":19.369277,"markerSvHdg":65,"accM":4,"hudKmh":39.1,"engineKmh":39.1,"dopplerKmh":33,"feedDurMs":744,"cadenceMs":996,"feedSpeedMs":10.9,"isNavigating":false,"isFreeDrive":true,"isMoving":true,"feedSkipGate":false,"feedAccepted":true,"feedHeadingOnly":false,"source":"drive_core_v2"}
06-04 21:02:43.971 I/ReactNativeJS(27948): [VROOM-TEL] 2026-06-04T19:02:43.971Z | GPS_ACCEPT | {"lat":51.363832,"lng":19.369701,"acc":4,"speedKmh":33,"gpsLock":true}
06-04 21:02:44.023 I/ReactNativeJS(27948): [VROOM-TEL] 2026-06-04T19:02:44.023Z | DRIVE_TRACE_CAMERA | {"t":1780599764023,"seq":1104,"gpsTickId":1780599763945,"gpsTickAgeMs":53,"lat":51.36376,"lng":19.369278,"hdg":69,"speedKmh":39.1,"exploring":false,"frameMoveM":0}
06-04 21:02:44.202 I/ReactNativeJS(27948): [VROOM-TEL] 2026-06-04T19:02:44.202Z | DRIVE_TRACE_HEARTBEAT | {"t":1780599764202,"seq":1105,"gpsTickId":1780599763945,"gpsTickAgeMs":232,"driving":true,"navigating":false,"tripActive":true,"lat":51.3638316,"lng":19.3697013,"gpsAgeMs":232}
06-04 21:02:44.334 I/ReactNativeJS(27948): [VROOM-TEL] 2026-06-04T19:02:44.334Z | DRIVE_TRACE_CAMERA | {"t":1780599764334,"seq":1106,"gpsTickId":1780599763945,"gpsTickAgeMs":364,"lat":51.363783,"lng":19.369302,"hdg":49,"speedKmh":39.1,"exploring":false,"frameMoveM":0}
06-04 21:02:44.635 I/ReactNativeJS(27948): [VROOM-TEL] 2026-06-04T19:02:44.635Z | DRIVE_TRACE_CAMERA | {"t":1780599764635,"seq":1107,"gpsTickId":1780599763945,"gpsTickAgeMs":665,"lat":51.363802,"lng":19.369324,"hdg":54,"speedKmh":39.1,"exploring":false,"frameMoveM":0}
06-04 21:02:44.734 I/ReactNativeJS(27948): [VROOM-TEL] 2026-06-04T19:02:44.734Z | CAM_FOLLOW_PUSH | {"t":1780599764734,"lat":51.363809,"lng":19.369331,"hdg":49,"snapHdg":64,"speedKmh":39,"exploring":false,"source":"drive_marker_sv_60fps"}
06-04 21:02:44.817 I/ReactNativeJS(27948): [VROOM-TEL] 2026-06-04T19:02:44.817Z | CAMERA_HEADING | {"t":1780599764817,"speedKmh":39,"movedM":0.18,"moveBearing":46,"snapHdg":54,"headingOut":46,"flipFromPrevDeg":2,"lookaheadM":39,"nativeFollow":true}
06-04 21:02:44.969 I/ReactNativeJS(27948): [VROOM-TEL] 2026-06-04T19:02:44.969Z | RAW_GPS_TICK | {"t":1780599764969,"gpsTickId":1780599764944,"gpsTickAgeMs":1,"lat":51.363867,"lng":19.369814,"speed":8.74,"speedKmh":31.5,"accuracy":4,"osTimestamp":1780599764944,"tripActive":true,"appState":"active"}
06-04 21:02:44.969 I/ReactNativeJS(27948): [VROOM-TEL] 2026-06-04T19:02:44.969Z | DRIVE_TRACE_RAW | {"t":1780599764969,"seq":1108,"gpsTickId":1780599764944,"gpsTickAgeMs":1,"rawLat":51.363867,"rawLng":19.369814,"accM":4,"speedKmh":31.5,"speedMs":8.7,"heading":62,"tripActive":true,"driving":true,"navigating":false,"osTimestamp":1780599764944}
06-04 21:02:44.970 I/ReactNativeJS(27948): [VROOM-TEL] 2026-06-04T19:02:44.970Z | DRIVE_TRACE_FEED | {"t":1780599764970,"seq":1109,"gpsTickId":1780599764944,"gpsTickAgeMs":2,"lat":51.363836,"lng":19.369437,"hdg":64,"durationMs":743,"speedKmh":39.3}
06-04 21:02:44.971 I/ReactNativeJS(27948): [VROOM-TEL] 2026-06-04T19:02:44.971Z | DRIVE_TRACE_TICK | {"t":1780599764971,"seq":1110,"gpsTickId":1780599764944,"gpsTickAgeMs":3,"rawLat":51.363867,"rawLng":19.369814,"snapLat":51.363836,"snapLng":19.369437,"markerLat":51.363836,"markerLng":19.369437,"markerHdg":64,"markerSvLat":51.363818,"markerSvLng":19.369346,"markerSvHdg":65,"accM":4,"hudKmh":39.3,"engineKmh":39.3,"dopplerKmh":31.5,"feedDurMs":743,"cadenceMs":997,"feedSpeedMs":10.9,"isNavigating":false,"isFreeDrive":true,"isMoving":true,"feedSkipGate":false,"feedAccepted":true,"feedHeadingOnly":false,"source":"drive_core_v2"}
06-04 21:02:44.971 I/ReactNativeJS(27948): [VROOM-TEL] 2026-06-04T19:02:44.971Z | GPS_ACCEPT | {"lat":51.363867,"lng":19.369814,"acc":4,"speedKmh":31.7,"gpsLock":true}
06-04 21:02:45.016 I/ReactNativeJS(27948): [VROOM-TEL] 2026-06-04T19:02:45.016Z | DRIVE_TRACE_CAMERA | {"t":1780599765016,"seq":1111,"gpsTickId":1780599764944,"gpsTickAgeMs":48,"lat":51.363818,"lng":19.369347,"hdg":51,"speedKmh":39.3,"exploring":false,"frameMoveM":0}
06-04 21:02:45.316 I/ReactNativeJS(27948): [VROOM-TEL] 2026-06-04T19:02:45.316Z | DRIVE_TRACE_CAMERA | {"t":1780599765316,"seq":1112,"gpsTickId":1780599764944,"gpsTickAgeMs":348,"lat":51.363826,"lng":19.369388,"hdg":73,"speedKmh":39.3,"exploring":false,"frameMoveM":0}
06-04 21:02:45.550 I/ReactNativeJS(27948): [VROOM-TEL] 2026-06-04T19:02:45.550Z | CAM_FOLLOW_PUSH | {"t":1780599765550,"lat":51.363832,"lng":19.369417,"hdg":73,"snapHdg":64,"speedKmh":39,"exploring":false,"source":"drive_marker_sv_60fps"}
06-04 21:02:45.633 I/ReactNativeJS(27948): [VROOM-TEL] 2026-06-04T19:02:45.617Z | DRIVE_TRACE_CAMERA | {"t":1780599765617,"seq":1113,"gpsTickId":1780599764944,"gpsTickAgeMs":649,"lat":51.363833,"lng":19.369425,"hdg":73,"speedKmh":39.3,"exploring":false,"frameMoveM":0}
06-04 21:02:46.012 I/ReactNativeJS(27948): [VROOM-TEL] 2026-06-04T19:02:46.012Z | CAMERA_HEADING | {"t":1780599766012,"speedKmh":39,"movedM":0,"moveBearing":null,"snapHdg":66,"headingOut":66,"flipFromPrevDeg":0,"lookaheadM":39,"nativeFollow":true}
06-04 21:02:46.013 I/ReactNativeJS(27948): [VROOM-TEL] 2026-06-04T19:02:46.013Z | RAW_GPS_TICK | {"t":1780599766013,"gpsTickId":1780599765946,"gpsTickAgeMs":0,"lat":51.363915,"lng":19.369908,"speed":8.34,"speedKmh":30,"accuracy":4,"osTimestamp":1780599765946,"tripActive":true,"appState":"active"}
06-04 21:02:46.014 I/ReactNativeJS(27948): [VROOM-TEL] 2026-06-04T19:02:46.014Z | DRIVE_TRACE_RAW | {"t":1780599766014,"seq":1114,"gpsTickId":1780599765946,"gpsTickAgeMs":0,"rawLat":51.363915,"rawLng":19.369908,"accM":4,"speedKmh":30,"speedMs":8.3,"heading":52,"tripActive":true,"driving":true,"navigating":false,"osTimestamp":1780599765946}
06-04 21:02:46.015 I/ReactNativeJS(27948): [VROOM-TEL] 2026-06-04T19:02:46.015Z | DRIVE_TRACE_FEED | {"t":1780599766015,"seq":1115,"gpsTickId":1780599765946,"gpsTickAgeMs":2,"lat":51.363845,"lng":19.369547,"hdg":57,"durationMs":756,"speedKmh":36.7}
06-04 21:02:46.015 I/ReactNativeJS(27948): [VROOM-TEL] 2026-06-04T19:02:46.015Z | DRIVE_TRACE_TICK | {"t":1780599766015,"seq":1116,"gpsTickId":1780599765946,"gpsTickAgeMs":2,"rawLat":51.363915,"rawLng":19.369908,"snapLat":51.363845,"snapLng":19.369547,"markerLat":51.363845,"markerLng":19.369547,"markerHdg":57,"markerSvLat":51.363841,"markerSvLng":19.369459,"markerSvHdg":66,"accM":4,"hudKmh":36.7,"engineKmh":36.7,"dopplerKmh":30,"feedDurMs":756,"cadenceMs":1014,"feedSpeedMs":10.2,"isNavigating":false,"isFreeDrive":true,"isMoving":true,"feedSkipGate":false,"feedAccepted":true,"feedHeadingOnly":false,"source":"drive_core_v2"}
06-04 21:02:46.015 I/ReactNativeJS(27948): [VROOM-TEL] 2026-06-04T19:02:46.015Z | GPS_ACCEPT | {"lat":51.363915,"lng":19.369908,"acc":4,"speedKmh":30,"gpsLock":true}
06-04 21:02:46.044 I/ReactNativeJS(27948): [VROOM-TEL] 2026-06-04T19:02:46.044Z | DRIVE_TRACE_CAMERA | {"t":1780599766044,"seq":1117,"gpsTickId":1780599765946,"gpsTickAgeMs":31,"lat":51.363841,"lng":19.369461,"hdg":68,"speedKmh":36.7,"exploring":false,"frameMoveM":0}
06-04 21:02:46.350 I/ReactNativeJS(27948): [VROOM-TEL] 2026-06-04T19:02:46.350Z | CAM_FOLLOW_PUSH | {"t":1780599766350,"lat":51.363843,"lng":19.369498,"hdg":72,"snapHdg":57,"speedKmh":37,"exploring":false,"source":"drive_marker_sv_60fps"}
06-04 21:02:46.350 I/ReactNativeJS(27948): [VROOM-TEL] 2026-06-04T19:02:46.350Z | DRIVE_TRACE_CAMERA | {"t":1780599766350,"seq":1118,"gpsTickId":1780599765946,"gpsTickAgeMs":337,"lat":51.363843,"lng":19.369498,"hdg":72,"speedKmh":36.7,"exploring":false,"frameMoveM":0}
06-04 21:02:46.650 I/ReactNativeJS(27948): [VROOM-TEL] 2026-06-04T19:02:46.650Z | DRIVE_TRACE_CAMERA | {"t":1780599766650,"seq":1119,"gpsTickId":1780599765946,"gpsTickAgeMs":637,"lat":51.363845,"lng":19.369533,"hdg":72,"speedKmh":36.7,"exploring":false,"frameMoveM":0}
06-04 21:02:46.965 I/ReactNativeJS(27948): [VROOM-TEL] 2026-06-04T19:02:46.965Z | RAW_GPS_TICK | {"t":1780599766965,"gpsTickId":1780599766945,"gpsTickAgeMs":0,"lat":51.36398,"lng":19.369966,"speed":7.97,"speedKmh":28.7,"accuracy":4,"osTimestamp":1780599766945,"tripActive":true,"appState":"active"}
06-04 21:02:46.965 I/ReactNativeJS(27948): [VROOM-TEL] 2026-06-04T19:02:46.965Z | DRIVE_TRACE_RAW | {"t":1780599766965,"seq":1120,"gpsTickId":1780599766945,"gpsTickAgeMs":0,"rawLat":51.36398,"rawLng":19.369966,"accM":4,"speedKmh":28.7,"speedMs":8,"heading":30,"tripActive":true,"driving":true,"navigating":false,"osTimestamp":1780599766945}
06-04 21:02:46.968 I/ReactNativeJS(27948): [VROOM-TEL] 2026-06-04T19:02:46.968Z | DRIVE_TRACE_FEED | {"t":1780599766968,"seq":1121,"gpsTickId":1780599766945,"gpsTickAgeMs":3,"lat":51.363842,"lng":19.369653,"hdg":40,"durationMs":769,"speedKmh":34.4}
06-04 21:02:46.969 I/ReactNativeJS(27948): [VROOM-TEL] 2026-06-04T19:02:46.968Z | DRIVE_TRACE_TICK | {"t":1780599766968,"seq":1122,"gpsTickId":1780599766945,"gpsTickAgeMs":3,"rawLat":51.36398,"rawLng":19.369966,"snapLat":51.363842,"snapLng":19.369653,"markerLat":51.363842,"markerLng":19.369653,"markerHdg":40,"markerSvLat":51.363847,"markerSvLng":19.369564,"markerSvHdg":60,"accM":4,"hudKmh":34.4,"engineKmh":34.4,"dopplerKmh":28.7,"feedDurMs":769,"cadenceMs":992,"feedSpeedMs":9.6,"isNavigating":false,"isFreeDrive":true,"isMoving":true,"feedSkipGate":false,"feedAccepted":true,"feedHeadingOnly":false,"source":"drive_core_v2"}
06-04 21:02:46.969 I/ReactNativeJS(27948): [VROOM-TEL] 2026-06-04T19:02:46.969Z | GPS_ACCEPT | {"lat":51.36398,"lng":19.369966,"acc":4,"speedKmh":30.9,"gpsLock":true}
06-04 21:02:46.970 I/ReactNativeJS(27948): [VROOM-TEL] 2026-06-04T19:02:46.970Z | DRIVE_TRACE_CAMERA | {"t":1780599766970,"seq":1123,"gpsTickId":1780599766945,"gpsTickAgeMs":5,"lat":51.363847,"lng":19.369564,"hdg":40,"speedKmh":34.4,"exploring":false,"frameMoveM":0}
06-04 21:02:47.117 I/ReactNativeJS(27948): [VROOM-TEL] 2026-06-04T19:02:47.117Z | CAMERA_HEADING | {"t":1780599767117,"speedKmh":34,"movedM":0.14,"moveBearing":96,"snapHdg":51,"headingOut":96,"flipFromPrevDeg":0,"lookaheadM":32,"nativeFollow":true}
06-04 21:02:47.150 I/ReactNativeJS(27948): [VROOM-TEL] 2026-06-04T19:02:47.150Z | CAM_FOLLOW_PUSH | {"t":1780599767150,"lat":51.363846,"lng":19.369585,"hdg":46,"snapHdg":40,"speedKmh":34,"exploring":false,"source":"drive_marker_sv_60fps"}
06-04 21:02:47.284 I/ReactNativeJS(27948): [VROOM-TEL] 2026-06-04T19:02:47.283Z | DRIVE_TRACE_CAMERA | {"t":1780599767283,"seq":1124,"gpsTickId":1780599766945,"gpsTickAgeMs":318,"lat":51.363845,"lng":19.3696,"hdg":51,"speedKmh":34.4,"exploring":false,"frameMoveM":0}
06-04 21:02:47.584 I/ReactNativeJS(27948): [VROOM-TEL] 2026-06-04T19:02:47.584Z | DRIVE_TRACE_CAMERA | {"t":1780599767584,"seq":1125,"gpsTickId":1780599766945,"gpsTickAgeMs":619,"lat":51.363843,"lng":19.369635,"hdg":51,"speedKmh":34.4,"exploring":false,"frameMoveM":0}
06-04 21:02:47.901 I/ReactNativeJS(27948): [VROOM-TEL] 2026-06-04T19:02:47.901Z | DRIVE_TRACE_CAMERA | {"t":1780599767901,"seq":1126,"gpsTickId":1780599766945,"gpsTickAgeMs":936,"lat":51.363842,"lng":19.369669,"hdg":45,"speedKmh":34.4,"exploring":false,"frameMoveM":0}
06-04 21:02:47.950 I/ReactNativeJS(27948): [VROOM-TEL] 2026-06-04T19:02:47.950Z | CAM_FOLLOW_PUSH | {"t":1780599767950,"lat":51.363842,"lng":19.369669,"hdg":45,"snapHdg":40,"speedKmh":34,"exploring":false,"source":"drive_marker_sv_60fps"}
06-04 21:02:47.968 I/ReactNativeJS(27948): [VROOM-TEL] 2026-06-04T19:02:47.968Z | RAW_GPS_TICK | {"t":1780599767968,"gpsTickId":1780599767946,"gpsTickAgeMs":0,"lat":51.364048,"lng":19.369983,"speed":7.66,"speedKmh":27.6,"accuracy":4,"osTimestamp":1780599767946,"tripActive":true,"appState":"active"}
06-04 21:02:47.968 I/ReactNativeJS(27948): [VROOM-TEL] 2026-06-04T19:02:47.968Z | DRIVE_TRACE_RAW | {"t":1780599767968,"seq":1127,"gpsTickId":1780599767946,"gpsTickAgeMs":0,"rawLat":51.364048,"rawLng":19.369983,"accM":4,"speedKmh":27.6,"speedMs":7.7,"heading":11,"tripActive":true,"driving":true,"navigating":false,"osTimestamp":1780599767946}
06-04 21:02:47.970 I/ReactNativeJS(27948): [VROOM-TEL] 2026-06-04T19:02:47.970Z | DRIVE_TRACE_FEED | {"t":1780599767970,"seq":1128,"gpsTickId":1780599767946,"gpsTickAgeMs":2,"lat":51.363873,"lng":19.369735,"hdg":19,"durationMs":798,"speedKmh":30.2}
06-04 21:02:47.970 I/ReactNativeJS(27948): [VROOM-TEL] 2026-06-04T19:02:47.970Z | DRIVE_TRACE_TICK | {"t":1780599767970,"seq":1129,"gpsTickId":1780599767946,"gpsTickAgeMs":2,"rawLat":51.364048,"rawLng":19.369983,"snapLat":51.363873,"snapLng":19.369735,"markerLat":51.363873,"markerLng":19.369735,"markerHdg":19,"markerSvLat":51.363842,"markerSvLng":19.369669,"markerSvHdg":65,"accM":4,"hudKmh":30.2,"engineKmh":30.2,"dopplerKmh":27.6,"feedDurMs":798,"cadenceMs":996,"feedSpeedMs":8.4,"isNavigating":false,"isFreeDrive":true,"isMoving":true,"feedSkipGate":false,"feedAccepted":true,"feedHeadingOnly":false,"source":"drive_core_v2"}
06-04 21:02:47.970 I/ReactNativeJS(27948): [VROOM-TEL] 2026-06-04T19:02:47.970Z | GPS_ACCEPT | {"lat":51.364048,"lng":19.369983,"acc":4,"speedKmh":27.6,"gpsLock":true}
06-04 21:02:48.217 I/ReactNativeJS(27948): [VROOM-TEL] 2026-06-04T19:02:48.217Z | CAMERA_HEADING | {"t":1780599768217,"speedKmh":30,"movedM":0.12,"moveBearing":53,"snapHdg":30,"headingOut":53,"flipFromPrevDeg":0,"lookaheadM":26,"nativeFollow":true}
06-04 21:02:48.217 I/ReactNativeJS(27948): [VROOM-TEL] 2026-06-04T19:02:48.217Z | DRIVE_TRACE_CAMERA | {"t":1780599768217,"seq":1130,"gpsTickId":1780599767946,"gpsTickAgeMs":249,"lat":51.363852,"lng":19.369689,"hdg":30,"speedKmh":30.2,"exploring":false,"frameMoveM":0}
06-04 21:02:48.517 I/ReactNativeJS(27948): [VROOM-TEL] 2026-06-04T19:02:48.517Z | DRIVE_TRACE_CAMERA | {"t":1780599768517,"seq":1131,"gpsTickId":1780599767946,"gpsTickAgeMs":549,"lat":51.363863,"lng":19.369714,"hdg":30,"speedKmh":30.2,"exploring":false,"frameMoveM":0}
06-04 21:02:48.750 I/ReactNativeJS(27948): [VROOM-TEL] 2026-06-04T19:02:48.750Z | CAM_FOLLOW_PUSH | {"t":1780599768750,"lat":51.363872,"lng":19.369733,"hdg":30,"snapHdg":19,"speedKmh":30,"exploring":false,"source":"drive_marker_sv_60fps"}
06-04 21:02:48.817 I/ReactNativeJS(27948): [VROOM-TEL] 2026-06-04T19:02:48.817Z | DRIVE_TRACE_CAMERA | {"t":1780599768817,"seq":1132,"gpsTickId":1780599767946,"gpsTickAgeMs":849,"lat":51.363875,"lng":19.369738,"hdg":30,"speedKmh":30.2,"exploring":false,"frameMoveM":0}
06-04 21:02:48.964 I/ReactNativeJS(27948): [VROOM-TEL] 2026-06-04T19:02:48.964Z | RAW_GPS_TICK | {"t":1780599768964,"gpsTickId":1780599768946,"gpsTickAgeMs":0,"lat":51.364109,"lng":19.369978,"speed":6.98,"speedKmh":25.1,"accuracy":4,"osTimestamp":1780599768946,"tripActive":true,"appState":"active"}
06-04 21:02:48.965 I/ReactNativeJS(27948): [VROOM-TEL] 2026-06-04T19:02:48.965Z | DRIVE_TRACE_RAW | {"t":1780599768965,"seq":1133,"gpsTickId":1780599768946,"gpsTickAgeMs":1,"rawLat":51.364109,"rawLng":19.369978,"accM":4,"speedKmh":25.1,"speedMs":7,"heading":356,"tripActive":true,"driving":true,"navigating":false,"osTimestamp":1780599768946}
06-04 21:02:48.967 I/ReactNativeJS(27948): [VROOM-TEL] 2026-06-04T19:02:48.967Z | DRIVE_TRACE_FEED | {"t":1780599768967,"seq":1134,"gpsTickId":1780599768946,"gpsTickAgeMs":3,"lat":51.363918,"lng":19.369798,"hdg":3,"durationMs":802,"speedKmh":29.7}
06-04 21:02:48.967 I/ReactNativeJS(27948): [VROOM-TEL] 2026-06-04T19:02:48.967Z | DRIVE_TRACE_TICK | {"t":1780599768967,"seq":1135,"gpsTickId":1780599768946,"gpsTickAgeMs":3,"rawLat":51.364109,"rawLng":19.369978,"snapLat":51.363918,"snapLng":19.369798,"markerLat":51.363918,"markerLng":19.369798,"markerHdg":3,"markerSvLat":51.363877,"markerSvLng":19.369743,"markerSvHdg":57,"accM":4,"hudKmh":29.7,"engineKmh":29.7,"dopplerKmh":25.1,"feedDurMs":802,"cadenceMs":996,"feedSpeedMs":8.3,"isNavigating":false,"isFreeDrive":true,"isMoving":true,"feedSkipGate":false,"feedAccepted":true,"feedHeadingOnly":false,"source":"drive_core_v2"}
06-04 21:02:48.967 I/ReactNativeJS(27948): [VROOM-TEL] 2026-06-04T19:02:48.967Z | GPS_ACCEPT | {"lat":51.364109,"lng":19.369978,"acc":4,"speedKmh":25.1,"gpsLock":true}
06-04 21:02:49.134 I/ReactNativeJS(27948): [VROOM-TEL] 2026-06-04T19:02:49.134Z | DRIVE_TRACE_CAMERA | {"t":1780599769134,"seq":1136,"gpsTickId":1780599768946,"gpsTickAgeMs":170,"lat":51.363885,"lng":19.369755,"hdg":14,"speedKmh":29.7,"exploring":false,"frameMoveM":0}
06-04 21:02:49.217 I/ReactNativeJS(27948): [VROOM-TEL] 2026-06-04T19:02:49.217Z | DRIVE_TRACE_HEARTBEAT | {"t":1780599769217,"seq":1137,"gpsTickId":1780599768946,"gpsTickAgeMs":253,"driving":true,"navigating":false,"tripActive":true,"lat":51.3641094,"lng":19.3699776,"gpsAgeMs":253}
06-04 21:02:49.333 I/ReactNativeJS(27948): [VROOM-TEL] 2026-06-04T19:02:49.333Z | CAMERA_HEADING | {"t":1780599769333,"speedKmh":30,"movedM":0.13,"moveBearing":40,"snapHdg":14,"headingOut":40,"flipFromPrevDeg":0,"lookaheadM":26,"nativeFollow":true}
06-04 21:02:49.434 I/ReactNativeJS(27948): [VROOM-TEL] 2026-06-04T19:02:49.434Z | DRIVE_TRACE_CAMERA | {"t":1780599769434,"seq":1138,"gpsTickId":1780599768946,"gpsTickAgeMs":470,"lat":51.363901,"lng":19.369775,"hdg":14,"speedKmh":29.7,"exploring":false,"frameMoveM":0}
06-04 21:02:49.550 I/ReactNativeJS(27948): [VROOM-TEL] 2026-06-04T19:02:49.550Z | CAM_FOLLOW_PUSH | {"t":1780599769550,"lat":51.363907,"lng":19.369783,"hdg":14,"snapHdg":3,"speedKmh":30,"exploring":false,"source":"drive_marker_sv_60fps"}
06-04 21:02:49.825 I/ReactNativeJS(27948): [VROOM-TEL] 2026-06-04T19:02:49.825Z | DRIVE_TRACE_CAMERA | {"t":1780599769825,"seq":1139,"gpsTickId":1780599768946,"gpsTickAgeMs":861,"lat":51.363916,"lng":19.369796,"hdg":2,"speedKmh":29.7,"exploring":false,"frameMoveM":0}
06-04 21:02:49.972 I/ReactNativeJS(27948): [VROOM-TEL] 2026-06-04T19:02:49.972Z | RAW_GPS_TICK | {"t":1780599769972,"gpsTickId":1780599769946,"gpsTickAgeMs":0,"lat":51.364171,"lng":19.369968,"speed":6.87,"speedKmh":24.7,"accuracy":4,"osTimestamp":1780599769946,"tripActive":true,"appState":"active"}
06-04 21:02:49.972 I/ReactNativeJS(27948): [VROOM-TEL] 2026-06-04T19:02:49.972Z | DRIVE_TRACE_RAW | {"t":1780599769972,"seq":1140,"gpsTickId":1780599769946,"gpsTickAgeMs":0,"rawLat":51.364171,"rawLng":19.369968,"accM":4,"speedKmh":24.7,"speedMs":6.9,"heading":353,"tripActive":true,"driving":true,"navigating":false,"osTimestamp":1780599769946}
06-04 21:02:49.974 I/ReactNativeJS(27948): [VROOM-TEL] 2026-06-04T19:02:49.974Z | DRIVE_TRACE_FEED | {"t":1780599769974,"seq":1141,"gpsTickId":1780599769946,"gpsTickAgeMs":2,"lat":51.363967,"lng":19.369846,"hdg":356,"durationMs":817,"speedKmh":28}
06-04 21:02:49.975 I/ReactNativeJS(27948): [VROOM-TEL] 2026-06-04T19:02:49.975Z | DRIVE_TRACE_TICK | {"t":1780599769975,"seq":1142,"gpsTickId":1780599769946,"gpsTickAgeMs":3,"rawLat":51.364171,"rawLng":19.369968,"snapLat":51.363967,"snapLng":19.369846,"markerLat":51.363967,"markerLng":19.369846,"markerHdg":356,"markerSvLat":51.363922,"markerSvLng":19.369805,"markerSvHdg":49,"accM":4,"hudKmh":28,"engineKmh":28,"dopplerKmh":24.7,"feedDurMs":817,"cadenceMs":1000,"feedSpeedMs":7.8,"isNavigating":false,"isFreeDrive":true,"isMoving":true,"feedSkipGate":false,"feedAccepted":true,"feedHeadingOnly":false,"source":"drive_core_v2"}
06-04 21:02:49.975 I/ReactNativeJS(27948): [VROOM-TEL] 2026-06-04T19:02:49.975Z | GPS_ACCEPT | {"lat":51.364171,"lng":19.369968,"acc":4,"speedKmh":24.7,"gpsLock":true}
06-04 21:02:50.133 I/ReactNativeJS(27948): [VROOM-TEL] 2026-06-04T19:02:50.133Z | DRIVE_TRACE_CAMERA | {"t":1780599770133,"seq":1143,"gpsTickId":1780599769946,"gpsTickAgeMs":161,"lat":51.363931,"lng":19.369813,"hdg":7,"speedKmh":28,"exploring":false,"frameMoveM":0}
06-04 21:02:50.396 I/ReactNativeJS(27948): [VROOM-TEL] 2026-06-04T19:02:50.396Z | CAM_FOLLOW_PUSH | {"t":1780599770396,"lat":51.363943,"lng":19.369824,"hdg":355,"snapHdg":356,"speedKmh":28,"exploring":false,"source":"drive_marker_sv_60fps"}
06-04 21:02:50.456 I/ReactNativeJS(27948): [VROOM-TEL] 2026-06-04T19:02:50.456Z | CAMERA_HEADING | {"t":1780599770456,"speedKmh":28,"movedM":0.69,"moveBearing":null,"snapHdg":30,"headingOut":30,"flipFromPrevDeg":10,"lookaheadM":26,"nativeFollow":true}
06-04 21:02:50.459 I/ReactNativeJS(27948): [VROOM-TEL] 2026-06-04T19:02:50.459Z | DRIVE_TRACE_CAMERA | {"t":1780599770459,"seq":1144,"gpsTickId":1780599769946,"gpsTickAgeMs":487,"lat":51.363945,"lng":19.369826,"hdg":355,"speedKmh":28,"exploring":false,"frameMoveM":0}
06-04 21:02:50.794 I/ReactNativeJS(27948): [VROOM-TEL] 2026-06-04T19:02:50.794Z | DRIVE_TRACE_CAMERA | {"t":1780599770794,"seq":1145,"gpsTickId":1780599769946,"gpsTickAgeMs":822,"lat":51.363964,"lng":19.369844,"hdg":7,"speedKmh":28,"exploring":false,"frameMoveM":0}
06-04 21:02:50.969 I/ReactNativeJS(27948): [VROOM-TEL] 2026-06-04T19:02:50.969Z | RAW_GPS_TICK | {"t":1780599770969,"gpsTickId":1780599770946,"gpsTickAgeMs":0,"lat":51.364236,"lng":19.369959,"speed":7.3,"speedKmh":26.3,"accuracy":4,"osTimestamp":1780599770946,"tripActive":true,"appState":"active"}
06-04 21:02:50.969 I/ReactNativeJS(27948): [VROOM-TEL] 2026-06-04T19:02:50.969Z | DRIVE_TRACE_RAW | {"t":1780599770969,"seq":1146,"gpsTickId":1780599770946,"gpsTickAgeMs":0,"rawLat":51.364236,"rawLng":19.369959,"accM":4,"speedKmh":26.3,"speedMs":7.3,"heading":354,"tripActive":true,"driving":true,"navigating":false,"osTimestamp":1780599770946}
06-04 21:02:50.970 I/ReactNativeJS(27948): [VROOM-TEL] 2026-06-04T19:02:50.970Z | DRIVE_TRACE_FEED | {"t":1780599770970,"seq":1147,"gpsTickId":1780599770946,"gpsTickAgeMs":1,"lat":51.364018,"lng":19.369884,"hdg":355,"durationMs":818,"speedKmh":27.9}
06-04 21:02:50.970 I/ReactNativeJS(27948): [VROOM-TEL] 2026-06-04T19:02:50.970Z | DRIVE_TRACE_TICK | {"t":1780599770970,"seq":1148,"gpsTickId":1780599770946,"gpsTickAgeMs":1,"rawLat":51.364236,"rawLng":19.369959,"snapLat":51.364018,"snapLng":19.369884,"markerLat":51.364018,"markerLng":19.369884,"markerHdg":355,"markerSvLat":51.36397,"markerSvLng":19.36985,"markerSvHdg":40,"accM":4,"hudKmh":27.9,"engineKmh":27.9,"dopplerKmh":26.3,"feedDurMs":818,"cadenceMs":999,"feedSpeedMs":7.7,"isNavigating":false,"isFreeDrive":true,"isMoving":true,"feedSkipGate":false,"feedAccepted":true,"feedHeadingOnly":false,"source":"drive_core_v2"}
06-04 21:02:50.970 I/ReactNativeJS(27948): [VROOM-TEL] 2026-06-04T19:02:50.970Z | GPS_ACCEPT | {"lat":51.364236,"lng":19.369959,"acc":4,"speedKmh":26.3,"gpsLock":true}
06-04 21:02:51.101 I/ReactNativeJS(27948): [VROOM-TEL] 2026-06-04T19:02:51.101Z | DRIVE_TRACE_CAMERA | {"t":1780599771101,"seq":1149,"gpsTickId":1780599770946,"gpsTickAgeMs":132,"lat":51.363978,"lng":19.369855,"hdg":6,"speedKmh":27.9,"exploring":false,"frameMoveM":0}
06-04 21:02:51.202 I/ReactNativeJS(27948): [VROOM-TEL] 2026-06-04T19:02:51.202Z | CAM_FOLLOW_PUSH | {"t":1780599771202,"lat":51.363984,"lng":19.36986,"hdg":1,"snapHdg":355,"speedKmh":28,"exploring":false,"source":"drive_marker_sv_60fps"}
06-04 21:02:51.417 I/ReactNativeJS(27948): [VROOM-TEL] 2026-06-04T19:02:51.417Z | DRIVE_TRACE_CAMERA | {"t":1780599771417,"seq":1150,"gpsTickId":1780599770946,"gpsTickAgeMs":448,"lat":51.363997,"lng":19.369869,"hdg":1,"speedKmh":27.9,"exploring":false,"frameMoveM":0}
06-04 21:02:51.567 I/ReactNativeJS(27948): [VROOM-TEL] 2026-06-04T19:02:51.567Z | CAMERA_HEADING | {"t":1780599771567,"speedKmh":28,"movedM":0.12,"moveBearing":24,"snapHdg":6,"headingOut":24,"flipFromPrevDeg":0,"lookaheadM":26,"nativeFollow":true}
06-04 21:02:51.734 I/ReactNativeJS(27948): [VROOM-TEL] 2026-06-04T19:02:51.733Z | DRIVE_TRACE_CAMERA | {"t":1780599771733,"seq":1151,"gpsTickId":1780599770946,"gpsTickAgeMs":764,"lat":51.364015,"lng":19.369882,"hdg":6,"speedKmh":27.9,"exploring":false,"frameMoveM":0}
06-04 21:02:51.970 I/ReactNativeJS(27948): [VROOM-TEL] 2026-06-04T19:02:51.970Z | RAW_GPS_TICK | {"t":1780599771970,"gpsTickId":1780599771945,"gpsTickAgeMs":0,"lat":51.364307,"lng":19.369945,"speed":7.9,"speedKmh":28.4,"accuracy":4,"osTimestamp":1780599771945,"tripActive":true,"appState":"active"}
06-04 21:02:51.970 I/ReactNativeJS(27948): [VROOM-TEL] 2026-06-04T19:02:51.970Z | DRIVE_TRACE_RAW | {"t":1780599771970,"seq":1152,"gpsTickId":1780599771945,"gpsTickAgeMs":0,"rawLat":51.364307,"rawLng":19.369945,"accM":4,"speedKmh":28.4,"speedMs":7.9,"heading":354,"tripActive":true,"driving":true,"navigating":false,"osTimestamp":1780599771945}
06-04 21:02:51.972 I/ReactNativeJS(27948): [VROOM-TEL] 2026-06-04T19:02:51.972Z | DRIVE_TRACE_FEED | {"t":1780599771972,"seq":1153,"gpsTickId":1780599771945,"gpsTickAgeMs":2,"lat":51.364073,"lng":19.369916,"hdg":354,"durationMs":813,"speedKmh":28.4}
06-04 21:02:51.972 I/ReactNativeJS(27948): [VROOM-TEL] 2026-06-04T19:02:51.972Z | DRIVE_TRACE_TICK | {"t":1780599771972,"seq":1154,"gpsTickId":1780599771945,"gpsTickAgeMs":2,"rawLat":51.364307,"rawLng":19.369945,"snapLat":51.364073,"snapLng":19.369916,"markerLat":51.364073,"markerLng":19.369916,"markerHdg":354,"markerSvLat":51.364023,"markerSvLng":19.369887,"markerSvHdg":0,"accM":4,"hudKmh":28.4,"engineKmh":27.6,"dopplerKmh":28.4,"feedDurMs":813,"cadenceMs":1000,"feedSpeedMs":7.9,"isNavigating":false,"isFreeDrive":true,"isMoving":true,"feedSkipGate":false,"feedAccepted":true,"feedHeadingOnly":false,"source":"drive_core_v2"}
06-04 21:02:51.972 I/ReactNativeJS(27948): [VROOM-TEL] 2026-06-04T19:02:51.972Z | GPS_ACCEPT | {"lat":51.364307,"lng":19.369945,"acc":4,"speedKmh":28.8,"gpsLock":true}
06-04 21:02:52.017 I/ReactNativeJS(27948): [VROOM-TEL] 2026-06-04T19:02:52.017Z | CAM_FOLLOW_PUSH | {"t":1780599772017,"lat":51.364025,"lng":19.369888,"hdg":360,"snapHdg":354,"speedKmh":28,"exploring":false,"source":"drive_marker_sv_60fps"}
06-04 21:02:52.034 I/ReactNativeJS(27948): [VROOM-TEL] 2026-06-04T19:02:52.034Z | DRIVE_TRACE_CAMERA | {"t":1780599772034,"seq":1155,"gpsTickId":1780599771945,"gpsTickAgeMs":64,"lat":51.364026,"lng":19.369889,"hdg":5,"speedKmh":28.4,"exploring":false,"frameMoveM":0}
06-04 21:02:52.389 I/ReactNativeJS(27948): [VROOM-TEL] 2026-06-04T19:02:52.389Z | DRIVE_TRACE_CAMERA | {"t":1780599772389,"seq":1156,"gpsTickId":1780599771945,"gpsTickAgeMs":419,"lat":51.364044,"lng":19.369899,"hdg":353,"speedKmh":28.4,"exploring":false,"frameMoveM":0}
06-04 21:02:52.667 I/ReactNativeJS(27948): [VROOM-TEL] 2026-06-04T19:02:52.667Z | CAMERA_HEADING | {"t":1780599772667,"speedKmh":28,"movedM":0.13,"moveBearing":20,"snapHdg":5,"headingOut":20,"flipFromPrevDeg":0,"lookaheadM":26,"nativeFollow":true}
06-04 21:02:52.700 I/ReactNativeJS(27948): [VROOM-TEL] 2026-06-04T19:02:52.700Z | DRIVE_TRACE_CAMERA | {"t":1780599772700,"seq":1157,"gpsTickId":1780599771945,"gpsTickAgeMs":730,"lat":51.364067,"lng":19.369913,"hdg":5,"speedKmh":28.4,"exploring":false,"frameMoveM":0}
06-04 21:02:52.817 I/ReactNativeJS(27948): [VROOM-TEL] 2026-06-04T19:02:52.817Z | CAM_FOLLOW_PUSH | {"t":1780599772817,"lat":51.364074,"lng":19.369917,"hdg":5,"snapHdg":354,"speedKmh":28,"exploring":false,"source":"drive_marker_sv_60fps"}
06-04 21:02:52.965 I/ReactNativeJS(27948): [VROOM-TEL] 2026-06-04T19:02:52.965Z | RAW_GPS_TICK | {"t":1780599772965,"gpsTickId":1780599772945,"gpsTickAgeMs":0,"lat":51.364383,"lng":19.369934,"speed":8.39,"speedKmh":30.2,"accuracy":4,"osTimestamp":1780599772945,"tripActive":true,"appState":"active"}
06-04 21:02:52.966 I/ReactNativeJS(27948): [VROOM-TEL] 2026-06-04T19:02:52.966Z | DRIVE_TRACE_RAW | {"t":1780599772966,"seq":1158,"gpsTickId":1780599772945,"gpsTickAgeMs":1,"rawLat":51.364383,"rawLng":19.369934,"accM":4,"speedKmh":30.2,"speedMs":8.4,"heading":355,"tripActive":true,"driving":true,"navigating":false,"osTimestamp":1780599772945}
06-04 21:02:52.968 I/ReactNativeJS(27948): [VROOM-TEL] 2026-06-04T19:02:52.968Z | DRIVE_TRACE_FEED | {"t":1780599772968,"seq":1159,"gpsTickId":1780599772945,"gpsTickAgeMs":3,"lat":51.36413,"lng":19.369943,"hdg":354,"durationMs":798,"speedKmh":30.2}
06-04 21:02:52.969 I/ReactNativeJS(27948): [VROOM-TEL] 2026-06-04T19:02:52.969Z | DRIVE_TRACE_TICK | {"t":1780599772969,"seq":1160,"gpsTickId":1780599772945,"gpsTickAgeMs":4,"rawLat":51.364383,"rawLng":19.369934,"snapLat":51.36413,"snapLng":19.369943,"markerLat":51.36413,"markerLng":19.369943,"markerHdg":354,"markerSvLat":51.364077,"markerSvLng":19.369918,"markerSvHdg":1,"accM":4,"hudKmh":30.2,"engineKmh":29,"dopplerKmh":30.2,"feedDurMs":798,"cadenceMs":998,"feedSpeedMs":8.4,"isNavigating":false,"isFreeDrive":true,"isMoving":true,"feedSkipGate":false,"feedAccepted":true,"feedHeadingOnly":false,"source":"drive_core_v2"}
06-04 21:02:52.969 I/ReactNativeJS(27948): [VROOM-TEL] 2026-06-04T19:02:52.969Z | GPS_ACCEPT | {"lat":51.364383,"lng":19.369934,"acc":4,"speedKmh":30.5,"gpsLock":true}
06-04 21:02:53.009 I/ReactNativeJS(27948): [VROOM-TEL] 2026-06-04T19:02:53.009Z | DRIVE_TRACE_CAMERA | {"t":1780599773009,"seq":1161,"gpsTickId":1780599772945,"gpsTickAgeMs":44,"lat":51.364078,"lng":19.369918,"hdg":348,"speedKmh":30.2,"exploring":false,"frameMoveM":0}
06-04 21:02:53.317 I/ReactNativeJS(27948): [VROOM-TEL] 2026-06-04T19:02:53.317Z | DRIVE_TRACE_CAMERA | {"t":1780599773317,"seq":1162,"gpsTickId":1780599772945,"gpsTickAgeMs":352,"lat":51.3641,"lng":19.369929,"hdg":5,"speedKmh":30.2,"exploring":false,"frameMoveM":0}
06-04 21:02:53.617 I/ReactNativeJS(27948): [VROOM-TEL] 2026-06-04T19:02:53.617Z | CAM_FOLLOW_PUSH | {"t":1780599773617,"lat":51.364121,"lng":19.369938,"hdg":5,"snapHdg":354,"speedKmh":30,"exploring":false,"source":"drive_marker_sv_60fps"}
06-04 21:02:53.617 I/ReactNativeJS(27948): [VROOM-TEL] 2026-06-04T19:02:53.617Z | DRIVE_TRACE_CAMERA | {"t":1780599773617,"seq":1163,"gpsTickId":1780599772945,"gpsTickAgeMs":652,"lat":51.364121,"lng":19.369938,"hdg":5,"speedKmh":30.2,"exploring":false,"frameMoveM":0}
06-04 21:02:53.767 I/ReactNativeJS(27948): [VROOM-TEL] 2026-06-04T19:02:53.767Z | CAMERA_HEADING | {"t":1780599773767,"speedKmh":30,"movedM":0.12,"moveBearing":16,"snapHdg":360,"headingOut":16,"flipFromPrevDeg":0,"lookaheadM":26,"nativeFollow":true}
06-04 21:02:53.970 I/ReactNativeJS(27948): [VROOM-TEL] 2026-06-04T19:02:53.970Z | RAW_GPS_TICK | {"t":1780599773970,"gpsTickId":1780599773946,"gpsTickAgeMs":0,"lat":51.36446,"lng":19.369924,"speed":8.61,"speedKmh":31,"accuracy":4,"osTimestamp":1780599773946,"tripActive":true,"appState":"active"}
06-04 21:02:53.970 I/ReactNativeJS(27948): [VROOM-TEL] 2026-06-04T19:02:53.970Z | DRIVE_TRACE_RAW | {"t":1780599773970,"seq":1164,"gpsTickId":1780599773946,"gpsTickAgeMs":1,"rawLat":51.36446,"rawLng":19.369924,"accM":4,"speedKmh":31,"speedMs":8.6,"heading":354,"tripActive":true,"driving":true,"navigating":false,"osTimestamp":1780599773946}
06-04 21:02:53.972 I/ReactNativeJS(27948): [VROOM-TEL] 2026-06-04T19:02:53.971Z | DRIVE_TRACE_FEED | {"t":1780599773971,"seq":1165,"gpsTickId":1780599773946,"gpsTickAgeMs":2,"lat":51.36419,"lng":19.369967,"hdg":355,"durationMs":792,"speedKmh":31}
06-04 21:02:53.972 I/ReactNativeJS(27948): [VROOM-TEL] 2026-06-04T19:02:53.972Z | DRIVE_TRACE_TICK | {"t":1780599773972,"seq":1166,"gpsTickId":1780599773946,"gpsTickAgeMs":3,"rawLat":51.36446,"rawLng":19.369924,"snapLat":51.36419,"snapLng":19.369967,"markerLat":51.36419,"markerLng":19.369967,"markerHdg":355,"markerSvLat":51.364138,"markerSvLng":19.369945,"markerSvHdg":2,"accM":4,"hudKmh":31,"engineKmh":30.7,"dopplerKmh":31,"feedDurMs":792,"cadenceMs":1000,"feedSpeedMs":8.6,"isNavigating":false,"isFreeDrive":true,"isMoving":true,"feedSkipGate":false,"feedAccepted":true,"feedHeadingOnly":false,"source":"drive_core_v2"}
06-04 21:02:53.972 I/ReactNativeJS(27948): [VROOM-TEL] 2026-06-04T19:02:53.972Z | GPS_ACCEPT | {"lat":51.36446,"lng":19.369924,"acc":4,"speedKmh":31.1,"gpsLock":true}
06-04 21:02:54.038 I/ReactNativeJS(27948): [VROOM-TEL] 2026-06-04T19:02:54.038Z | DRIVE_TRACE_CAMERA | {"t":1780599774038,"seq":1167,"gpsTickId":1780599773946,"gpsTickAgeMs":69,"lat":51.36414,"lng":19.369946,"hdg":354,"speedKmh":31,"exploring":false,"frameMoveM":0}
06-04 21:02:54.267 I/ReactNativeJS(27948): [VROOM-TEL] 2026-06-04T19:02:54.267Z | DRIVE_TRACE_HEARTBEAT | {"t":1780599774267,"seq":1168,"gpsTickId":1780599773946,"gpsTickAgeMs":298,"driving":true,"navigating":false,"tripActive":true,"lat":51.3644605,"lng":19.3699241,"gpsAgeMs":298}
06-04 21:02:54.267 I/ReactNativeJS(27948): [VROOM-TEL] 2026-06-04T19:02:54.267Z | DRIVE_HEALTH | {"t":1780599774267,"mode":"driving","speedHudKmh":31,"speedPipeKmh":31,"gpsAgeMs":298,"drAgeMs":295,"gpsToDriftM":30,"snapAnchorDriftM":0,"offRoute":false,"reroutePending":false,"rerouteLoading":false,"hasRoutePts":0}
06-04 21:02:54.397 I/ReactNativeJS(27948): [VROOM-TEL] 2026-06-04T19:02:54.397Z | DRIVE_TRACE_CAMERA | {"t":1780599774397,"seq":1169,"gpsTickId":1780599773946,"gpsTickAgeMs":428,"lat":51.364162,"lng":19.369955,"hdg":354,"speedKmh":31,"exploring":false,"frameMoveM":0}
06-04 21:02:54.453 I/ReactNativeJS(27948): [VROOM-TEL] 2026-06-04T19:02:54.453Z | CAM_FOLLOW_PUSH | {"t":1780599774453,"lat":51.364163,"lng":19.369956,"hdg":354,"snapHdg":355,"speedKmh":31,"exploring":false,"source":"drive_marker_sv_60fps"}
06-04 21:02:54.701 I/ReactNativeJS(27948): [VROOM-TEL] 2026-06-04T19:02:54.701Z | DRIVE_TRACE_CAMERA | {"t":1780599774701,"seq":1170,"gpsTickId":1780599773946,"gpsTickAgeMs":732,"lat":51.364186,"lng":19.369965,"hdg":6,"speedKmh":31,"exploring":false,"frameMoveM":0}
06-04 21:02:54.867 I/ReactNativeJS(27948): [VROOM-TEL] 2026-06-04T19:02:54.867Z | CAMERA_HEADING | {"t":1780599774867,"speedKmh":31,"movedM":0.14,"moveBearing":2,"snapHdg":1,"headingOut":2,"flipFromPrevDeg":2,"lookaheadM":26,"nativeFollow":true}
06-04 21:02:54.968 I/ReactNativeJS(27948): [VROOM-TEL] 2026-06-04T19:02:54.968Z | RAW_GPS_TICK | {"t":1780599774968,"gpsTickId":1780599774945,"gpsTickAgeMs":0,"lat":51.364537,"lng":19.369913,"speed":8.83,"speedKmh":31.8,"accuracy":4,"osTimestamp":1780599774945,"tripActive":true,"appState":"active"}
06-04 21:02:54.968 I/ReactNativeJS(27948): [VROOM-TEL] 2026-06-04T19:02:54.968Z | DRIVE_TRACE_RAW | {"t":1780599774968,"seq":1171,"gpsTickId":1780599774945,"gpsTickAgeMs":0,"rawLat":51.364537,"rawLng":19.369913,"accM":4,"speedKmh":31.8,"speedMs":8.8,"heading":354,"tripActive":true,"driving":true,"navigating":false,"osTimestamp":1780599774945}
06-04 21:02:54.970 I/ReactNativeJS(27948): [VROOM-TEL] 2026-06-04T19:02:54.970Z | DRIVE_TRACE_FEED | {"t":1780599774970,"seq":1172,"gpsTickId":1780599774945,"gpsTickAgeMs":2,"lat":51.364405,"lng":19.370041,"hdg":355,"durationMs":1200,"speedKmh":32}
06-04 21:02:54.971 I/ReactNativeJS(27948): [VROOM-TEL] 2026-06-04T19:02:54.971Z | DRIVE_TRACE_TICK | {"t":1780599774971,"seq":1173,"gpsTickId":1780599774945,"gpsTickAgeMs":3,"rawLat":51.364537,"rawLng":19.369913,"snapLat":51.364405,"snapLng":19.370041,"markerLat":51.364405,"markerLng":19.370041,"markerHdg":355,"markerSvLat":51.364198,"markerSvLng":19.369969,"markerSvHdg":2,"accM":4,"hudKmh":32,"engineKmh":32,"dopplerKmh":31.8,"feedDurMs":1200,"cadenceMs":1000,"feedSpeedMs":8.9,"isNavigating":false,"isFreeDrive":true,"isMoving":true,"feedSkipGate":false,"feedAccepted":true,"feedHeadingOnly":false,"source":"drive_core_v2"}
06-04 21:02:54.971 I/ReactNativeJS(27948): [VROOM-TEL] 2026-06-04T19:02:54.971Z | GPS_ACCEPT | {"lat":51.364537,"lng":19.369913,"acc":4,"speedKmh":31.8,"gpsLock":true}
06-04 21:02:55.020 I/ReactNativeJS(27948): [VROOM-TEL] 2026-06-04T19:02:55.020Z | DRIVE_TRACE_CAMERA | {"t":1780599775020,"seq":1174,"gpsTickId":1780599774945,"gpsTickAgeMs":52,"lat":51.364203,"lng":19.36997,"hdg":0,"speedKmh":32,"exploring":false,"frameMoveM":0}
06-04 21:02:55.267 I/ReactNativeJS(27948): [VROOM-TEL] 2026-06-04T19:02:55.266Z | CAM_FOLLOW_PUSH | {"t":1780599775266,"lat":51.364249,"lng":19.369986,"hdg":6,"snapHdg":355,"speedKmh":32,"exploring":false,"source":"drive_marker_sv_60fps"}
06-04 21:02:55.334 I/ReactNativeJS(27948): [VROOM-TEL] 2026-06-04T19:02:55.333Z | DRIVE_TRACE_CAMERA | {"t":1780599775333,"seq":1175,"gpsTickId":1780599774945,"gpsTickAgeMs":365,"lat":51.36426,"lng":19.36999,"hdg":6,"speedKmh":32,"exploring":false,"frameMoveM":0}
06-04 21:02:55.634 I/ReactNativeJS(27948): [VROOM-TEL] 2026-06-04T19:02:55.634Z | DRIVE_TRACE_CAMERA | {"t":1780599775634,"seq":1176,"gpsTickId":1780599774945,"gpsTickAgeMs":666,"lat":51.364312,"lng":19.370009,"hdg":1,"speedKmh":32,"exploring":false,"frameMoveM":0}
06-04 21:02:55.934 I/ReactNativeJS(27948): [VROOM-TEL] 2026-06-04T19:02:55.934Z | DRIVE_TRACE_CAMERA | {"t":1780599775934,"seq":1177,"gpsTickId":1780599774945,"gpsTickAgeMs":966,"lat":51.364364,"lng":19.370027,"hdg":6,"speedKmh":32,"exploring":false,"frameMoveM":0}
06-04 21:02:55.960 I/ReactNativeJS(27948): [VROOM-TEL] 2026-06-04T19:02:55.960Z | RAW_GPS_TICK | {"t":1780599775960,"gpsTickId":1780599775944,"gpsTickAgeMs":0,"lat":51.364616,"lng":19.369903,"speed":9.08,"speedKmh":32.7,"accuracy":4,"osTimestamp":1780599775944,"tripActive":true,"appState":"active"}
06-04 21:02:55.960 I/ReactNativeJS(27948): [VROOM-TEL] 2026-06-04T19:02:55.960Z | DRIVE_TRACE_RAW | {"t":1780599775960,"seq":1178,"gpsTickId":1780599775944,"gpsTickAgeMs":0,"rawLat":51.364616,"rawLng":19.369903,"accM":4,"speedKmh":32.7,"speedMs":9.1,"heading":354,"tripActive":true,"driving":true,"navigating":false,"osTimestamp":1780599775944}
06-04 21:02:55.962 I/ReactNativeJS(27948): [VROOM-TEL] 2026-06-04T19:02:55.962Z | DRIVE_TRACE_FEED | {"t":1780599775962,"seq":1179,"gpsTickId":1780599775944,"gpsTickAgeMs":2,"lat":51.364468,"lng":19.370059,"hdg":355,"durationMs":777,"speedKmh":33.2}
06-04 21:02:55.962 I/ReactNativeJS(27948): [VROOM-TEL] 2026-06-04T19:02:55.962Z | DRIVE_TRACE_TICK | {"t":1780599775962,"seq":1180,"gpsTickId":1780599775944,"gpsTickAgeMs":2,"rawLat":51.364616,"rawLng":19.369903,"snapLat":51.364468,"snapLng":19.370059,"markerLat":51.364468,"markerLng":19.370059,"markerHdg":355,"markerSvLat":51.364367,"markerSvLng":19.370028,"markerSvHdg":12,"accM":4,"hudKmh":33.2,"engineKmh":33.2,"dopplerKmh":32.7,"feedDurMs":777,"cadenceMs":997,"feedSpeedMs":9.2,"isNavigating":false,"isFreeDrive":true,"isMoving":true,"feedSkipGate":false,"feedAccepted":true,"feedHeadingOnly":false,"source":"drive_core_v2"}
06-04 21:02:55.962 I/ReactNativeJS(27948): [VROOM-TEL] 2026-06-04T19:02:55.962Z | GPS_ACCEPT | {"lat":51.364616,"lng":19.369903,"acc":4,"speedKmh":32.7,"gpsLock":true}
06-04 21:02:55.999 I/ReactNativeJS(27948): [VROOM-TEL] 2026-06-04T19:02:55.999Z | CAMERA_HEADING | {"t":1780599775999,"speedKmh":33,"movedM":0.55,"moveBearing":null,"snapHdg":11,"headingOut":11,"flipFromPrevDeg":1,"lookaheadM":26,"nativeFollow":true}
06-04 21:02:56.067 I/ReactNativeJS(27948): [VROOM-TEL] 2026-06-04T19:02:56.067Z | CAM_FOLLOW_PUSH | {"t":1780599776067,"lat":51.36438,"lng":19.370032,"hdg":6,"snapHdg":355,"speedKmh":33,"exploring":false,"source":"drive_marker_sv_60fps"}
06-04 21:02:56.234 I/ReactNativeJS(27948): [VROOM-TEL] 2026-06-04T19:02:56.234Z | DRIVE_TRACE_CAMERA | {"t":1780599776234,"seq":1181,"gpsTickId":1780599775944,"gpsTickAgeMs":274,"lat":51.364402,"lng":19.370038,"hdg":6,"speedKmh":33.2,"exploring":false,"frameMoveM":0}
06-04 21:02:56.534 I/ReactNativeJS(27948): [VROOM-TEL] 2026-06-04T19:02:56.534Z | DRIVE_TRACE_CAMERA | {"t":1780599776534,"seq":1182,"gpsTickId":1780599775944,"gpsTickAgeMs":574,"lat":51.364441,"lng":19.370051,"hdg":6,"speedKmh":33.2,"exploring":false,"frameMoveM":0}
06-04 21:02:56.834 I/ReactNativeJS(27948): [VROOM-TEL] 2026-06-04T19:02:56.834Z | DRIVE_TRACE_CAMERA | {"t":1780599776834,"seq":1183,"gpsTickId":1780599775944,"gpsTickAgeMs":874,"lat":51.364475,"lng":19.37006,"hdg":4,"speedKmh":33.2,"exploring":false,"frameMoveM":0}
06-04 21:02:56.969 I/ReactNativeJS(27948): [VROOM-TEL] 2026-06-04T19:02:56.969Z | RAW_GPS_TICK | {"t":1780599776969,"gpsTickId":1780599776946,"gpsTickAgeMs":0,"lat":51.364692,"lng":19.369889,"speed":8.8,"speedKmh":31.7,"accuracy":4,"osTimestamp":1780599776946,"tripActive":true,"appState":"active"}
06-04 21:02:56.969 I/ReactNativeJS(27948): [VROOM-TEL] 2026-06-04T19:02:56.969Z | DRIVE_TRACE_RAW | {"t":1780599776969,"seq":1184,"gpsTickId":1780599776946,"gpsTickAgeMs":0,"rawLat":51.364692,"rawLng":19.369889,"accM":4,"speedKmh":31.7,"speedMs":8.8,"heading":355,"tripActive":true,"driving":true,"navigating":false,"osTimestamp":1780599776946}
06-04 21:02:56.971 I/ReactNativeJS(27948): [VROOM-TEL] 2026-06-04T19:02:56.971Z | DRIVE_TRACE_FEED | {"t":1780599776971,"seq":1185,"gpsTickId":1780599776946,"gpsTickAgeMs":2,"lat":51.364533,"lng":19.370075,"hdg":354,"durationMs":772,"speedKmh":34}
06-04 21:02:56.971 I/ReactNativeJS(27948): [VROOM-TEL] 2026-06-04T19:02:56.971Z | DRIVE_TRACE_TICK | {"t":1780599776971,"seq":1186,"gpsTickId":1780599776946,"gpsTickAgeMs":2,"rawLat":51.364692,"rawLng":19.369889,"snapLat":51.364533,"snapLng":19.370075,"markerLat":51.364533,"markerLng":19.370075,"markerHdg":354,"markerSvLat":51.364476,"markerSvLng":19.37006,"markerSvHdg":357,"accM":4,"hudKmh":34,"engineKmh":34,"dopplerKmh":31.7,"feedDurMs":772,"cadenceMs":1001,"feedSpeedMs":9.4,"isNavigating":false,"isFreeDrive":true,"isMoving":true,"feedSkipGate":false,"feedAccepted":true,"feedHeadingOnly":false,"source":"drive_core_v2"}
06-04 21:02:56.972 I/ReactNativeJS(27948): [VROOM-TEL] 2026-06-04T19:02:56.972Z | GPS_ACCEPT | {"lat":51.364692,"lng":19.369889,"acc":4,"speedKmh":31.7,"gpsLock":true}
06-04 21:02:57.030 I/ReactNativeJS(27948): [VROOM-TEL] 2026-06-04T19:02:57.030Z | CAM_FOLLOW_PUSH | {"t":1780599777030,"lat":51.364478,"lng":19.37006,"hdg":353,"snapHdg":354,"speedKmh":34,"exploring":false,"source":"drive_marker_sv_60fps"}
06-04 21:02:57.146 I/ReactNativeJS(27948): [VROOM-TEL] 2026-06-04T19:02:57.146Z | CAMERA_HEADING | {"t":1780599777146,"speedKmh":34,"movedM":0.14,"moveBearing":9,"snapHdg":0,"headingOut":9,"flipFromPrevDeg":0,"lookaheadM":26,"nativeFollow":true}
06-04 21:02:57.146 I/ReactNativeJS(27948): [VROOM-TEL] 2026-06-04T19:02:57.146Z | DRIVE_TRACE_CAMERA | {"t":1780599777146,"seq":1187,"gpsTickId":1780599776946,"gpsTickAgeMs":177,"lat":51.364486,"lng":19.370062,"hdg":0,"speedKmh":34,"exploring":false,"frameMoveM":0}
06-04 21:02:57.450 I/ReactNativeJS(27948): [VROOM-TEL] 2026-06-04T19:02:57.450Z | DRIVE_TRACE_CAMERA | {"t":1780599777450,"seq":1188,"gpsTickId":1780599776946,"gpsTickAgeMs":481,"lat":51.364511,"lng":19.370069,"hdg":5,"speedKmh":34,"exploring":false,"frameMoveM":0}
06-04 21:02:57.750 I/ReactNativeJS(27948): [VROOM-TEL] 2026-06-04T19:02:57.750Z | DRIVE_TRACE_CAMERA | {"t":1780599777750,"seq":1189,"gpsTickId":1780599776946,"gpsTickAgeMs":781,"lat":51.364533,"lng":19.370075,"hdg":5,"speedKmh":34,"exploring":false,"frameMoveM":0}
06-04 21:02:57.835 I/ReactNativeJS(27948): [VROOM-TEL] 2026-06-04T19:02:57.835Z | CAM_FOLLOW_PUSH | {"t":1780599777835,"lat":51.36454,"lng":19.370076,"hdg":360,"snapHdg":354,"speedKmh":34,"exploring":false,"source":"drive_marker_sv_60fps"}
06-04 21:02:57.969 I/ReactNativeJS(27948): [VROOM-TEL] 2026-06-04T19:02:57.968Z | RAW_GPS_TICK | {"t":1780599777968,"gpsTickId":1780599777944,"gpsTickAgeMs":0,"lat":51.364765,"lng":19.369879,"speed":8.09,"speedKmh":29.1,"accuracy":4,"osTimestamp":1780599777944,"tripActive":true,"appState":"active"}
06-04 21:02:57.969 I/ReactNativeJS(27948): [VROOM-TEL] 2026-06-04T19:02:57.969Z | DRIVE_TRACE_RAW | {"t":1780599777969,"seq":1190,"gpsTickId":1780599777944,"gpsTickAgeMs":1,"rawLat":51.364765,"rawLng":19.369879,"accM":4,"speedKmh":29.1,"speedMs":8.1,"heading":354,"tripActive":true,"driving":true,"navigating":false,"osTimestamp":1780599777944}
06-04 21:02:57.970 I/ReactNativeJS(27948): [VROOM-TEL] 2026-06-04T19:02:57.970Z | DRIVE_TRACE_FEED | {"t":1780599777970,"seq":1191,"gpsTickId":1780599777944,"gpsTickAgeMs":2,"lat":51.364598,"lng":19.37009,"hdg":354,"durationMs":771,"speedKmh":34.2}
06-04 21:02:57.970 I/ReactNativeJS(27948): [VROOM-TEL] 2026-06-04T19:02:57.970Z | DRIVE_TRACE_TICK | {"t":1780599777970,"seq":1192,"gpsTickId":1780599777944,"gpsTickAgeMs":2,"rawLat":51.364765,"rawLng":19.369879,"snapLat":51.364598,"snapLng":19.37009,"markerLat":51.364598,"markerLng":19.37009,"markerHdg":354,"markerSvLat":51.364543,"markerSvLng":19.370076,"markerSvHdg":358,"accM":4,"hudKmh":34.2,"engineKmh":34.2,"dopplerKmh":29.1,"feedDurMs":771,"cadenceMs":1000,"feedSpeedMs":9.5,"isNavigating":false,"isFreeDrive":true,"isMoving":true,"feedSkipGate":false,"feedAccepted":true,"feedHeadingOnly":false,"source":"drive_core_v2"}
06-04 21:02:57.970 I/ReactNativeJS(27948): [VROOM-TEL] 2026-06-04T19:02:57.970Z | GPS_ACCEPT | {"lat":51.364765,"lng":19.369879,"acc":4,"speedKmh":29.4,"gpsLock":true}
06-04 21:02:58.050 I/ReactNativeJS(27948): [VROOM-TEL] 2026-06-04T19:02:58.050Z | DRIVE_TRACE_CAMERA | {"t":1780599778050,"seq":1193,"gpsTickId":1780599777944,"gpsTickAgeMs":82,"lat":51.364548,"lng":19.370077,"hdg":5,"speedKmh":34.2,"exploring":false,"frameMoveM":0}
06-04 21:02:58.255 I/ReactNativeJS(27948): [VROOM-TEL] 2026-06-04T19:02:58.255Z | CAMERA_HEADING | {"t":1780599778255,"speedKmh":34,"movedM":0.67,"moveBearing":null,"snapHdg":9,"headingOut":9,"flipFromPrevDeg":10,"lookaheadM":26,"nativeFollow":true}
06-04 21:02:58.390 I/ReactNativeJS(27948): [VROOM-TEL] 2026-06-04T19:02:58.390Z | DRIVE_TRACE_CAMERA | {"t":1780599778390,"seq":1194,"gpsTickId":1780599777944,"gpsTickAgeMs":422,"lat":51.36457,"lng":19.370083,"hdg":0,"speedKmh":34.2,"exploring":false,"frameMoveM":0}
06-04 21:02:58.650 I/ReactNativeJS(27948): [VROOM-TEL] 2026-06-04T19:02:58.650Z | CAM_FOLLOW_PUSH | {"t":1780599778650,"lat":51.364591,"lng":19.370088,"hdg":5,"snapHdg":354,"speedKmh":34,"exploring":false,"source":"drive_marker_sv_60fps"}
06-04 21:02:58.700 I/ReactNativeJS(27948): [VROOM-TEL] 2026-06-04T19:02:58.700Z | DRIVE_TRACE_CAMERA | {"t":1780599778700,"seq":1195,"gpsTickId":1780599777944,"gpsTickAgeMs":732,"lat":51.364595,"lng":19.370089,"hdg":5,"speedKmh":34.2,"exploring":false,"frameMoveM":0}
06-04 21:02:58.968 I/ReactNativeJS(27948): [VROOM-TEL] 2026-06-04T19:02:58.968Z | RAW_GPS_TICK | {"t":1780599778968,"gpsTickId":1780599778945,"gpsTickAgeMs":0,"lat":51.364832,"lng":19.369868,"speed":7.48,"speedKmh":26.9,"accuracy":4,"osTimestamp":1780599778945,"tripActive":true,"appState":"active"}
06-04 21:02:58.968 I/ReactNativeJS(27948): [VROOM-TEL] 2026-06-04T19:02:58.968Z | DRIVE_TRACE_RAW | {"t":1780599778968,"seq":1196,"gpsTickId":1780599778945,"gpsTickAgeMs":0,"rawLat":51.364832,"rawLng":19.369868,"accM":4,"speedKmh":26.9,"speedMs":7.5,"heading":355,"tripActive":true,"driving":true,"navigating":false,"osTimestamp":1780599778945}
06-04 21:02:58.970 I/ReactNativeJS(27948): [VROOM-TEL] 2026-06-04T19:02:58.970Z | DRIVE_TRACE_FEED | {"t":1780599778970,"seq":1197,"gpsTickId":1780599778945,"gpsTickAgeMs":2,"lat":51.364663,"lng":19.370104,"hdg":355,"durationMs":773,"speedKmh":33.8}
06-04 21:02:58.970 I/ReactNativeJS(27948): [VROOM-TEL] 2026-06-04T19:02:58.970Z | DRIVE_TRACE_TICK | {"t":1780599778970,"seq":1198,"gpsTickId":1780599778945,"gpsTickAgeMs":2,"rawLat":51.364832,"rawLng":19.369868,"snapLat":51.364663,"snapLng":19.370104,"markerLat":51.364663,"markerLng":19.370104,"markerHdg":355,"markerSvLat":51.364608,"markerSvLng":19.370091,"markerSvHdg":358,"accM":4,"hudKmh":33.8,"engineKmh":33.8,"dopplerKmh":26.9,"feedDurMs":773,"cadenceMs":1000,"feedSpeedMs":9.4,"isNavigating":false,"isFreeDrive":true,"isMoving":true,"feedSkipGate":false,"feedAccepted":true,"feedHeadingOnly":false,"source":"drive_core_v2"}
06-04 21:02:58.970 I/ReactNativeJS(27948): [VROOM-TEL] 2026-06-04T19:02:58.970Z | GPS_ACCEPT | {"lat":51.364832,"lng":19.369868,"acc":4,"speedKmh":26.9,"gpsLock":true}
06-04 21:02:59.007 I/ReactNativeJS(27948): [VROOM-TEL] 2026-06-04T19:02:59.007Z | DRIVE_TRACE_CAMERA | {"t":1780599779007,"seq":1199,"gpsTickId":1780599778945,"gpsTickAgeMs":39,"lat":51.36461,"lng":19.370091,"hdg":360,"speedKmh":33.8,"exploring":false,"frameMoveM":0}
06-04 21:02:59.317 I/ReactNativeJS(27948): [VROOM-TEL] 2026-06-04T19:02:59.316Z | DRIVE_TRACE_CAMERA | {"t":1780599779316,"seq":1200,"gpsTickId":1780599778945,"gpsTickAgeMs":348,"lat":51.364633,"lng":19.370097,"hdg":6,"speedKmh":33.8,"exploring":false,"frameMoveM":0}
06-04 21:02:59.367 I/ReactNativeJS(27948): [VROOM-TEL] 2026-06-04T19:02:59.367Z | CAMERA_HEADING | {"t":1780599779367,"speedKmh":34,"movedM":0.14,"moveBearing":9,"snapHdg":6,"headingOut":9,"flipFromPrevDeg":0,"lookaheadM":26,"nativeFollow":true}
06-04 21:02:59.450 I/ReactNativeJS(27948): [VROOM-TEL] 2026-06-04T19:02:59.450Z | CAM_FOLLOW_PUSH | {"t":1780599779450,"lat":51.364642,"lng":19.370099,"hdg":1,"snapHdg":355,"speedKmh":34,"exploring":false,"source":"drive_marker_sv_60fps"}
06-04 21:02:59.617 I/ReactNativeJS(27948): [VROOM-TEL] 2026-06-04T19:02:59.617Z | DRIVE_TRACE_CAMERA | {"t":1780599779617,"seq":1201,"gpsTickId":1780599778945,"gpsTickAgeMs":649,"lat":51.364654,"lng":19.370102,"hdg":1,"speedKmh":33.8,"exploring":false,"frameMoveM":0}
06-04 21:02:59.967 I/ReactNativeJS(27948): [VROOM-TEL] 2026-06-04T19:02:59.967Z | RAW_GPS_TICK | {"t":1780599779967,"gpsTickId":1780599779945,"gpsTickAgeMs":0,"lat":51.364892,"lng":19.369861,"speed":6.76,"speedKmh":24.3,"accuracy":4,"osTimestamp":1780599779945,"tripActive":true,"appState":"active"}
06-04 21:02:59.967 I/ReactNativeJS(27948): [VROOM-TEL] 2026-06-04T19:02:59.967Z | DRIVE_TRACE_RAW | {"t":1780599779967,"seq":1202,"gpsTickId":1780599779945,"gpsTickAgeMs":0,"rawLat":51.364892,"rawLng":19.369861,"accM":4,"speedKmh":24.3,"speedMs":6.8,"heading":355,"tripActive":true,"driving":true,"navigating":false,"osTimestamp":1780599779945}
06-04 21:02:59.969 I/ReactNativeJS(27948): [VROOM-TEL] 2026-06-04T19:02:59.969Z | DRIVE_TRACE_FEED | {"t":1780599779969,"seq":1203,"gpsTickId":1780599779945,"gpsTickAgeMs":2,"lat":51.364727,"lng":19.370118,"hdg":355,"durationMs":776,"speedKmh":33.4}
06-04 21:02:59.970 I/ReactNativeJS(27948): [VROOM-TEL] 2026-06-04T19:02:59.969Z | DRIVE_TRACE_TICK | {"t":1780599779969,"seq":1204,"gpsTickId":1780599779945,"gpsTickAgeMs":2,"rawLat":51.364892,"rawLng":19.369861,"snapLat":51.364727,"snapLng":19.370118,"markerLat":51.364727,"markerLng":19.370118,"markerHdg":355,"markerSvLat":51.364673,"markerSvLng":19.370105,"markerSvHdg":358,"accM":4,"hudKmh":33.4,"engineKmh":33.4,"dopplerKmh":24.3,"feedDurMs":776,"cadenceMs":1000,"feedSpeedMs":9.3,"isNavigating":false,"isFreeDrive":true,"isMoving":true,"feedSkipGate":false,"feedAccepted":true,"feedHeadingOnly":false,"source":"drive_core_v2"}
06-04 21:02:59.970 I/ReactNativeJS(27948): [VROOM-TEL] 2026-06-04T19:02:59.970Z | GPS_ACCEPT | {"lat":51.364892,"lng":19.369861,"acc":4,"speedKmh":24.3,"gpsLock":true}
06-04 21:03:00.031 I/ReactNativeJS(27948): [VROOM-TEL] 2026-06-04T19:03:00.031Z | DRIVE_TRACE_CAMERA | {"t":1780599780031,"seq":1205,"gpsTickId":1780599779945,"gpsTickAgeMs":64,"lat":51.364675,"lng":19.370106,"hdg":354,"speedKmh":33.4,"exploring":false,"frameMoveM":0}
06-04 21:03:00.250 I/ReactNativeJS(27948): [VROOM-TEL] 2026-06-04T19:03:00.250Z | CAM_FOLLOW_PUSH | {"t":1780599780250,"lat":51.364692,"lng":19.37011,"hdg":6,"snapHdg":355,"speedKmh":33,"exploring":false,"source":"drive_marker_sv_60fps"}
06-04 21:03:00.333 I/ReactNativeJS(27948): [VROOM-TEL] 2026-06-04T19:03:00.333Z | DRIVE_TRACE_CAMERA | {"t":1780599780333,"seq":1206,"gpsTickId":1780599779945,"gpsTickAgeMs":366,"lat":51.364698,"lng":19.370111,"hdg":1,"speedKmh":33.4,"exploring":false,"frameMoveM":0}
06-04 21:03:00.484 I/ReactNativeJS(27948): [VROOM-TEL] 2026-06-04T19:03:00.484Z | CAMERA_HEADING | {"t":1780599780484,"speedKmh":33,"movedM":0.13,"moveBearing":9,"snapHdg":6,"headingOut":9,"flipFromPrevDeg":0,"lookaheadM":26,"nativeFollow":true}
06-04 21:03:00.633 I/ReactNativeJS(27948): [VROOM-TEL] 2026-06-04T19:03:00.633Z | DRIVE_TRACE_CAMERA | {"t":1780599780633,"seq":1207,"gpsTickId":1780599779945,"gpsTickAgeMs":666,"lat":51.364719,"lng":19.370116,"hdg":6,"speedKmh":33.4,"exploring":false,"frameMoveM":0}
06-04 21:03:00.971 I/ReactNativeJS(27948): [VROOM-TEL] 2026-06-04T19:03:00.971Z | RAW_GPS_TICK | {"t":1780599780971,"gpsTickId":1780599780945,"gpsTickAgeMs":0,"lat":51.364936,"lng":19.36985,"speed":5.15,"speedKmh":18.5,"accuracy":4,"osTimestamp":1780599780945,"tripActive":true,"appState":"active"}
06-04 21:03:00.971 I/ReactNativeJS(27948): [VROOM-TEL] 2026-06-04T19:03:00.971Z | DRIVE_TRACE_RAW | {"t":1780599780971,"seq":1208,"gpsTickId":1780599780945,"gpsTickAgeMs":0,"rawLat":51.364936,"rawLng":19.36985,"accM":4,"speedKmh":18.5,"speedMs":5.2,"heading":355,"tripActive":true,"driving":true,"navigating":false,"osTimestamp":1780599780945}
06-04 21:03:00.973 I/ReactNativeJS(27948): [VROOM-TEL] 2026-06-04T19:03:00.973Z | DRIVE_TRACE_FEED | {"t":1780599780973,"seq":1209,"gpsTickId":1780599780945,"gpsTickAgeMs":2,"lat":51.364781,"lng":19.370087,"hdg":353,"durationMs":814,"speedKmh":28.4}
06-04 21:03:00.974 I/ReactNativeJS(27948): [VROOM-TEL] 2026-06-04T19:03:00.973Z | DRIVE_TRACE_TICK | {"t":1780599780973,"seq":1210,"gpsTickId":1780599780945,"gpsTickAgeMs":2,"rawLat":51.364936,"rawLng":19.36985,"snapLat":51.364781,"snapLng":19.370087,"markerLat":51.364781,"markerLng":19.370087,"markerHdg":353,"markerSvLat":51.364737,"markerSvLng":19.370119,"markerSvHdg":358,"accM":4,"hudKmh":28.4,"engineKmh":28.4,"dopplerKmh":18.5,"feedDurMs":814,"cadenceMs":1001,"feedSpeedMs":7.9,"isNavigating":false,"isFreeDrive":true,"isMoving":true,"feedSkipGate":false,"feedAccepted":true,"feedHeadingOnly":false,"source":"drive_core_v2"}
06-04 21:03:00.974 I/ReactNativeJS(27948): [VROOM-TEL] 2026-06-04T19:03:00.974Z | GPS_ACCEPT | {"lat":51.364936,"lng":19.36985,"acc":4,"speedKmh":18.5,"gpsLock":true}
06-04 21:03:01.000 I/ReactNativeJS(27948): [VROOM-TEL] 2026-06-04T19:03:01.000Z | DRIVE_TRACE_CAMERA | {"t":1780599781000,"seq":1211,"gpsTickId":1780599780945,"gpsTickAgeMs":29,"lat":51.364738,"lng":19.370118,"hdg":347,"speedKmh":28.4,"exploring":false,"frameMoveM":0}
06-04 21:03:01.050 I/ReactNativeJS(27948): [VROOM-TEL] 2026-06-04T19:03:01.050Z | CAM_FOLLOW_PUSH | {"t":1780599781050,"lat":51.364741,"lng":19.370116,"hdg":342,"snapHdg":353,"speedKmh":28,"exploring":false,"source":"drive_marker_sv_60fps"}
06-04 21:03:01.301 I/ReactNativeJS(27948): [VROOM-TEL] 2026-06-04T19:03:01.301Z | DRIVE_TRACE_CAMERA | {"t":1780599781301,"seq":1212,"gpsTickId":1780599780945,"gpsTickAgeMs":330,"lat":51.364754,"lng":19.370106,"hdg":342,"speedKmh":28.4,"exploring":false,"frameMoveM":0}
06-04 21:03:01.600 I/ReactNativeJS(27948): [VROOM-TEL] 2026-06-04T19:03:01.600Z | CAMERA_HEADING | {"t":1780599781600,"speedKmh":28,"movedM":0.11,"moveBearing":336,"snapHdg":342,"headingOut":336,"flipFromPrevDeg":0,"lookaheadM":26,"nativeFollow":true}
06-04 21:03:01.618 I/ReactNativeJS(27948): [VROOM-TEL] 2026-06-04T19:03:01.617Z | DRIVE_TRACE_CAMERA | {"t":1780599781617,"seq":1213,"gpsTickId":1780599780945,"gpsTickAgeMs":646,"lat":51.364772,"lng":19.370093,"hdg":342,"speedKmh":28.4,"exploring":false,"frameMoveM":0}
06-04 21:03:01.851 I/ReactNativeJS(27948): [VROOM-TEL] 2026-06-04T19:03:01.851Z | CAM_FOLLOW_PUSH | {"t":1780599781851,"lat":51.364784,"lng":19.370085,"hdg":342,"snapHdg":353,"speedKmh":28,"exploring":false,"source":"drive_marker_sv_60fps"}
06-04 21:03:01.917 I/ReactNativeJS(27948): [VROOM-TEL] 2026-06-04T19:03:01.917Z | DRIVE_TRACE_CAMERA | {"t":1780599781917,"seq":1214,"gpsTickId":1780599780945,"gpsTickAgeMs":946,"lat":51.364786,"lng":19.370084,"hdg":348,"speedKmh":28.4,"exploring":false,"frameMoveM":0}
06-04 21:03:02.958 I/ReactNativeJS(27948): [VROOM-TEL] 2026-06-04T19:03:02.958Z | CAMERA_HEADING | {"t":1780599782958,"speedKmh":28,"movedM":0,"moveBearing":null,"snapHdg":357,"headingOut":357,"flipFromPrevDeg":9,"lookaheadM":26,"nativeFollow":true}
06-04 21:03:02.961 I/ReactNativeJS(27948): [VROOM-TEL] 2026-06-04T19:03:02.961Z | RAW_GPS_TICK | {"t":1780599782961,"gpsTickId":1780599782944,"gpsTickAgeMs":0,"lat":51.365021,"lng":19.369837,"speed":4.35,"speedKmh":15.7,"accuracy":4,"osTimestamp":1780599782944,"tripActive":true,"appState":"active"}
06-04 21:03:02.961 I/ReactNativeJS(27948): [VROOM-TEL] 2026-06-04T19:03:02.961Z | DRIVE_TRACE_RAW | {"t":1780599782961,"seq":1215,"gpsTickId":1780599782944,"gpsTickAgeMs":0,"rawLat":51.365021,"rawLng":19.369837,"accM":4,"speedKmh":15.7,"speedMs":4.3,"heading":355,"tripActive":true,"driving":true,"navigating":false,"osTimestamp":1780599782944}
06-04 21:03:02.962 I/ReactNativeJS(27948): [VROOM-TEL] 2026-06-04T19:03:02.962Z | DRIVE_TRACE_FEED | {"t":1780599782962,"seq":1216,"gpsTickId":1780599782944,"gpsTickAgeMs":1,"lat":51.364802,"lng":19.370015,"hdg":353,"durationMs":880,"speedKmh":22.5}
06-04 21:03:02.962 I/ReactNativeJS(27948): [VROOM-TEL] 2026-06-04T19:03:02.962Z | DRIVE_TRACE_TICK | {"t":1780599782962,"seq":1217,"gpsTickId":1780599782944,"gpsTickAgeMs":1,"rawLat":51.365021,"rawLng":19.369837,"snapLat":51.364802,"snapLng":19.370015,"markerLat":51.364802,"markerLng":19.370015,"markerHdg":353,"markerSvLat":51.364786,"markerSvLng":19.370084,"markerSvHdg":357,"accM":4,"hudKmh":22.5,"engineKmh":22.5,"dopplerKmh":15.7,"feedDurMs":880,"cadenceMs":1347,"feedSpeedMs":6.3,"isNavigating":false,"isFreeDrive":true,"isMoving":true,"feedSkipGate":false,"feedAccepted":true,"feedHeadingOnly":false,"source":"drive_core_v2"}
06-04 21:03:02.962 I/ReactNativeJS(27948): [VROOM-TEL] 2026-06-04T19:03:02.962Z | GPS_ACCEPT | {"lat":51.365021,"lng":19.369837,"acc":4,"speedKmh":17.1,"gpsLock":true}
06-04 21:03:03.043 I/ReactNativeJS(27948): [VROOM-TEL] 2026-06-04T19:03:03.043Z | CAM_FOLLOW_PUSH | {"t":1780599783043,"lat":51.364786,"lng":19.370082,"hdg":354,"snapHdg":353,"speedKmh":23,"exploring":false,"source":"drive_marker_sv_60fps"}
06-04 21:03:03.043 I/ReactNativeJS(27948): [VROOM-TEL] 2026-06-04T19:03:03.043Z | DRIVE_TRACE_CAMERA | {"t":1780599783043,"seq":1218,"gpsTickId":1780599782944,"gpsTickAgeMs":82,"lat":51.364786,"lng":19.370082,"hdg":354,"speedKmh":22.5,"exploring":false,"frameMoveM":0}
06-04 21:03:03.360 I/ReactNativeJS(27948): [VROOM-TEL] 2026-06-04T19:03:03.360Z | DRIVE_TRACE_CAMERA | {"t":1780599783360,"seq":1219,"gpsTickId":1780599782944,"gpsTickAgeMs":399,"lat":51.364792,"lng":19.370056,"hdg":347,"speedKmh":22.5,"exploring":false,"frameMoveM":0}
06-04 21:03:03.667 I/ReactNativeJS(27948): [VROOM-TEL] 2026-06-04T19:03:03.667Z | DRIVE_TRACE_CAMERA | {"t":1780599783667,"seq":1220,"gpsTickId":1780599782944,"gpsTickAgeMs":706,"lat":51.364798,"lng":19.370029,"hdg":342,"speedKmh":22.5,"exploring":false,"frameMoveM":0}
06-04 21:03:03.850 I/ReactNativeJS(27948): [VROOM-TEL] 2026-06-04T19:03:03.850Z | CAM_FOLLOW_PUSH | {"t":1780599783850,"lat":51.364802,"lng":19.370015,"hdg":353,"snapHdg":353,"speedKmh":23,"exploring":false,"source":"drive_marker_sv_60fps"}
06-04 21:03:03.967 I/ReactNativeJS(27948): [VROOM-TEL] 2026-06-04T19:03:03.967Z | DRIVE_TRACE_CAMERA | {"t":1780599783967,"seq":1221,"gpsTickId":1780599782944,"gpsTickAgeMs":1006,"lat":51.364802,"lng":19.370015,"hdg":353,"speedKmh":22.5,"exploring":false,"frameMoveM":0}
06-04 21:03:04.067 I/ReactNativeJS(27948): [VROOM-TEL] 2026-06-04T19:03:04.067Z | CAMERA_HEADING | {"t":1780599784067,"speedKmh":23,"movedM":0,"moveBearing":null,"snapHdg":353,"headingOut":353,"flipFromPrevDeg":0,"lookaheadM":19,"nativeFollow":true}
06-04 21:03:04.308 I/ReactNativeJS(27948): [VROOM-TEL] 2026-06-04T19:03:04.308Z | DRIVE_TRACE_CAMERA | {"t":1780599784308,"seq":1222,"gpsTickId":1780599782944,"gpsTickAgeMs":1347,"lat":51.364802,"lng":19.370015,"hdg":353,"speedKmh":22.5,"exploring":false,"frameMoveM":0}
06-04 21:03:04.308 I/ReactNativeJS(27948): [VROOM-TEL] 2026-06-04T19:03:04.308Z | DRIVE_TRACE_HEARTBEAT | {"t":1780599784308,"seq":1223,"gpsTickId":1780599782944,"gpsTickAgeMs":1347,"driving":true,"navigating":false,"tripActive":true,"lat":51.3650207,"lng":19.3698365,"gpsAgeMs":1347}
06-04 21:03:05.004 I/ReactNativeJS(27948): [VROOM-TEL] 2026-06-04T19:03:05.004Z | RAW_GPS_TICK | {"t":1780599785004,"gpsTickId":1780599784944,"gpsTickAgeMs":0,"lat":51.365096,"lng":19.369829,"speed":3.81,"speedKmh":13.7,"accuracy":4,"osTimestamp":1780599784944,"tripActive":true,"appState":"active"}
06-04 21:03:05.005 I/ReactNativeJS(27948): [VROOM-TEL] 2026-06-04T19:03:05.005Z | DRIVE_TRACE_RAW | {"t":1780599785005,"seq":1224,"gpsTickId":1780599784944,"gpsTickAgeMs":1,"rawLat":51.365096,"rawLng":19.369829,"accM":4,"speedKmh":13.7,"speedMs":3.8,"heading":355,"tripActive":true,"driving":true,"navigating":false,"osTimestamp":1780599784944}
06-04 21:03:05.005 I/ReactNativeJS(27948): [VROOM-TEL] 2026-06-04T19:03:05.005Z | DRIVE_TRACE_FEED | {"t":1780599785005,"seq":1225,"gpsTickId":1780599784944,"gpsTickAgeMs":1,"lat":51.364836,"lng":19.369974,"hdg":356,"durationMs":962,"speedKmh":17.9}
06-04 21:03:05.005 I/ReactNativeJS(27948): [VROOM-TEL] 2026-06-04T19:03:05.005Z | DRIVE_TRACE_TICK | {"t":1780599785005,"seq":1226,"gpsTickId":1780599784944,"gpsTickAgeMs":1,"rawLat":51.365096,"rawLng":19.369829,"snapLat":51.364836,"snapLng":19.369974,"markerLat":51.364836,"markerLng":19.369974,"markerHdg":356,"markerSvLat":51.364802,"markerSvLng":19.370015,"markerSvHdg":357,"accM":4,"hudKmh":17.9,"engineKmh":17.9,"dopplerKmh":13.7,"feedDurMs":962,"cadenceMs":1591,"feedSpeedMs":5,"isNavigating":false,"isFreeDrive":true,"isMoving":true,"feedSkipGate":false,"feedAccepted":true,"feedHeadingOnly":false,"source":"drive_core_v2"}
06-04 21:03:05.005 I/ReactNativeJS(27948): [VROOM-TEL] 2026-06-04T19:03:05.005Z | GPS_ACCEPT | {"lat":51.365096,"lng":19.369829,"acc":4,"speedKmh":14.8,"gpsLock":true}
06-04 21:03:05.048 I/ReactNativeJS(27948): [VROOM-TEL] 2026-06-04T19:03:05.048Z | CAM_FOLLOW_PUSH | {"t":1780599785048,"lat":51.364803,"lng":19.370013,"hdg":350,"snapHdg":356,"speedKmh":18,"exploring":false,"source":"drive_marker_sv_60fps"}
06-04 21:03:05.048 I/ReactNativeJS(27948): [VROOM-TEL] 2026-06-04T19:03:05.048Z | DRIVE_TRACE_CAMERA | {"t":1780599785048,"seq":1227,"gpsTickId":1780599784944,"gpsTickAgeMs":44,"lat":51.364803,"lng":19.370013,"hdg":350,"speedKmh":17.9,"exploring":false,"frameMoveM":0}
06-04 21:03:05.167 I/ReactNativeJS(27948): [VROOM-TEL] 2026-06-04T19:03:05.167Z | CAMERA_HEADING | {"t":1780599785167,"speedKmh":18,"movedM":0.08,"moveBearing":324,"snapHdg":345,"headingOut":338,"flipFromPrevDeg":7,"lookaheadM":19,"nativeFollow":true}
06-04 21:03:05.416 I/ReactNativeJS(27948): [VROOM-TEL] 2026-06-04T19:03:05.416Z | DRIVE_TRACE_CAMERA | {"t":1780599785416,"seq":1228,"gpsTickId":1780599784944,"gpsTickAgeMs":412,"lat":51.364814,"lng":19.37,"hdg":2,"speedKmh":17.9,"exploring":false,"frameMoveM":0}
06-04 21:03:05.749 I/ReactNativeJS(27948): [VROOM-TEL] 2026-06-04T19:03:05.749Z | DRIVE_TRACE_CAMERA | {"t":1780599785749,"seq":1229,"gpsTickId":1780599784944,"gpsTickAgeMs":745,"lat":51.364827,"lng":19.369986,"hdg":357,"speedKmh":17.9,"exploring":false,"frameMoveM":0}
06-04 21:03:05.851 I/ReactNativeJS(27948): [VROOM-TEL] 2026-06-04T19:03:05.851Z | CAM_FOLLOW_PUSH | {"t":1780599785851,"lat":51.364832,"lng":19.369979,"hdg":345,"snapHdg":356,"speedKmh":18,"exploring":false,"source":"drive_marker_sv_60fps"}
06-04 21:03:06.061 I/ReactNativeJS(27948): [VROOM-TEL] 2026-06-04T19:03:06.061Z | DRIVE_TRACE_CAMERA | {"t":1780599786061,"seq":1230,"gpsTickId":1780599784944,"gpsTickAgeMs":1057,"lat":51.364836,"lng":19.369974,"hdg":356,"speedKmh":17.9,"exploring":false,"frameMoveM":0}
06-04 21:03:06.383 I/ReactNativeJS(27948): [VROOM-TEL] 2026-06-04T19:03:06.383Z | CAMERA_HEADING | {"t":1780599786383,"speedKmh":18,"movedM":0,"moveBearing":null,"snapHdg":357,"headingOut":357,"flipFromPrevDeg":1,"lookaheadM":19,"nativeFollow":true}
06-04 21:03:06.961 I/ReactNativeJS(27948): [VROOM-TEL] 2026-06-04T19:03:06.961Z | RAW_GPS_TICK | {"t":1780599786961,"gpsTickId":1780599786944,"gpsTickAgeMs":0,"lat":51.365176,"lng":19.369818,"speed":4.81,"speedKmh":17.3,"accuracy":4,"osTimestamp":1780599786944,"tripActive":true,"appState":"active"}
06-04 21:03:06.962 I/ReactNativeJS(27948): [VROOM-TEL] 2026-06-04T19:03:06.962Z | DRIVE_TRACE_RAW | {"t":1780599786962,"seq":1231,"gpsTickId":1780599786944,"gpsTickAgeMs":1,"rawLat":51.365176,"rawLng":19.369818,"accM":4,"speedKmh":17.3,"speedMs":4.8,"heading":354,"tripActive":true,"driving":true,"navigating":false,"osTimestamp":1780599786944}
06-04 21:03:06.964 I/ReactNativeJS(27948): [VROOM-TEL] 2026-06-04T19:03:06.964Z | DRIVE_TRACE_FEED | {"t":1780599786964,"seq":1232,"gpsTickId":1780599786944,"gpsTickAgeMs":3,"lat":51.364979,"lng":19.3699,"hdg":356,"durationMs":1200,"speedKmh":17.8}
06-04 21:03:06.965 I/ReactNativeJS(27948): [VROOM-TEL] 2026-06-04T19:03:06.965Z | DRIVE_TRACE_TICK | {"t":1780599786965,"seq":1233,"gpsTickId":1780599786944,"gpsTickAgeMs":4,"rawLat":51.365176,"rawLng":19.369818,"snapLat":51.364979,"snapLng":19.3699,"markerLat":51.364979,"markerLng":19.3699,"markerHdg":356,"markerSvLat":51.364836,"markerSvLng":19.369974,"markerSvHdg":357,"accM":4,"hudKmh":17.8,"engineKmh":17.8,"dopplerKmh":17.3,"feedDurMs":1200,"cadenceMs":1719,"feedSpeedMs":4.9,"isNavigating":false,"isFreeDrive":true,"isMoving":true,"feedSkipGate":false,"feedAccepted":true,"feedHeadingOnly":false,"source":"drive_core_v2"}
06-04 21:03:06.965 I/ReactNativeJS(27948): [VROOM-TEL] 2026-06-04T19:03:06.965Z | GPS_ACCEPT | {"lat":51.365176,"lng":19.369818,"acc":4,"speedKmh":17.3,"gpsLock":true}
06-04 21:03:07.001 I/ReactNativeJS(27948): [VROOM-TEL] 2026-06-04T19:03:07.001Z | CAM_FOLLOW_PUSH | {"t":1780599787001,"lat":51.364839,"lng":19.369973,"hdg":351,"snapHdg":356,"speedKmh":18,"exploring":false,"source":"drive_marker_sv_60fps"}
06-04 21:03:07.001 I/ReactNativeJS(27948): [VROOM-TEL] 2026-06-04T19:03:07.001Z | DRIVE_TRACE_CAMERA | {"t":1780599787001,"seq":1234,"gpsTickId":1780599786944,"gpsTickAgeMs":40,"lat":51.364839,"lng":19.369973,"hdg":351,"speedKmh":17.8,"exploring":false,"frameMoveM":0}
06-04 21:03:07.317 I/ReactNativeJS(27948): [VROOM-TEL] 2026-06-04T19:03:07.317Z | DRIVE_TRACE_CAMERA | {"t":1780599787317,"seq":1235,"gpsTickId":1780599786944,"gpsTickAgeMs":356,"lat":51.364878,"lng":19.369953,"hdg":350,"speedKmh":17.8,"exploring":false,"frameMoveM":0}
06-04 21:03:07.484 I/ReactNativeJS(27948): [VROOM-TEL] 2026-06-04T19:03:07.483Z | CAMERA_HEADING | {"t":1780599787483,"speedKmh":18,"movedM":0.24,"moveBearing":342,"snapHdg":345,"headingOut":342,"flipFromPrevDeg":0,"lookaheadM":19,"nativeFollow":true}
06-04 21:03:07.617 I/ReactNativeJS(27948): [VROOM-TEL] 2026-06-04T19:03:07.617Z | DRIVE_TRACE_CAMERA | {"t":1780599787617,"seq":1236,"gpsTickId":1780599786944,"gpsTickAgeMs":656,"lat":51.364914,"lng":19.369934,"hdg":345,"speedKmh":17.8,"exploring":false,"frameMoveM":0}
06-04 21:03:07.817 I/ReactNativeJS(27948): [VROOM-TEL] 2026-06-04T19:03:07.817Z | CAM_FOLLOW_PUSH | {"t":1780599787817,"lat":51.364938,"lng":19.369922,"hdg":345,"snapHdg":356,"speedKmh":18,"exploring":false,"source":"drive_marker_sv_60fps"}
06-04 21:03:07.917 I/ReactNativeJS(27948): [VROOM-TEL] 2026-06-04T19:03:07.917Z | DRIVE_TRACE_CAMERA | {"t":1780599787917,"seq":1237,"gpsTickId":1780599786944,"gpsTickAgeMs":956,"lat":51.36495,"lng":19.369916,"hdg":345,"speedKmh":17.8,"exploring":false,"frameMoveM":0}
06-04 21:03:07.990 I/ReactNativeJS(27948): [VROOM-TEL] 2026-06-04T19:03:07.990Z | RAW_GPS_TICK | {"t":1780599787990,"gpsTickId":1780599787944,"gpsTickAgeMs":0,"lat":51.365226,"lng":19.369816,"speed":5.39,"speedKmh":19.4,"accuracy":4,"osTimestamp":1780599787944,"tripActive":true,"appState":"active"}
06-04 21:03:07.990 I/ReactNativeJS(27948): [VROOM-TEL] 2026-06-04T19:03:07.990Z | DRIVE_TRACE_RAW | {"t":1780599787990,"seq":1238,"gpsTickId":1780599787944,"gpsTickAgeMs":1,"rawLat":51.365226,"rawLng":19.369816,"accM":4,"speedKmh":19.4,"speedMs":5.4,"heading":355,"tripActive":true,"driving":true,"navigating":false,"osTimestamp":1780599787944}
06-04 21:03:07.992 I/ReactNativeJS(27948): [VROOM-TEL] 2026-06-04T19:03:07.992Z | DRIVE_TRACE_FEED | {"t":1780599787992,"seq":1239,"gpsTickId":1780599787944,"gpsTickAgeMs":3,"lat":51.365026,"lng":19.369897,"hdg":357,"durationMs":911,"speedKmh":20.5}
06-04 21:03:08.002 I/ReactNativeJS(27948): [VROOM-TEL] 2026-06-04T19:03:08.002Z | DRIVE_TRACE_TICK | {"t":1780599788002,"seq":1240,"gpsTickId":1780599787944,"gpsTickAgeMs":13,"rawLat":51.365226,"rawLng":19.369816,"snapLat":51.365026,"snapLng":19.369897,"markerLat":51.365026,"markerLng":19.369897,"markerHdg":357,"markerSvLat":51.36496,"markerSvLng":19.369911,"markerSvHdg":342,"accM":4,"hudKmh":20.5,"engineKmh":20.5,"dopplerKmh":19.4,"feedDurMs":911,"cadenceMs":1477,"feedSpeedMs":5.7,"isNavigating":false,"isFreeDrive":true,"isMoving":true,"feedSkipGate":false,"feedAccepted":true,"feedHeadingOnly":false,"source":"drive_core_v2"}
06-04 21:03:08.002 I/ReactNativeJS(27948): [VROOM-TEL] 2026-06-04T19:03:08.002Z | GPS_ACCEPT | {"lat":51.365226,"lng":19.369816,"acc":4,"speedKmh":19.4,"gpsLock":true}
06-04 21:03:08.217 I/ReactNativeJS(27948): [VROOM-TEL] 2026-06-04T19:03:08.217Z | DRIVE_TRACE_CAMERA | {"t":1780599788217,"seq":1241,"gpsTickId":1780599787944,"gpsTickAgeMs":228,"lat":51.364974,"lng":19.369908,"hdg":353,"speedKmh":20.5,"exploring":false,"frameMoveM":0}
06-04 21:03:08.525 I/ReactNativeJS(27948): [VROOM-TEL] 2026-06-04T19:03:08.525Z | DRIVE_TRACE_CAMERA | {"t":1780599788525,"seq":1242,"gpsTickId":1780599787944,"gpsTickAgeMs":536,"lat":51.364996,"lng":19.369904,"hdg":358,"speedKmh":20.5,"exploring":false,"frameMoveM":0}
06-04 21:03:08.583 I/ReactNativeJS(27948): [VROOM-TEL] 2026-06-04T19:03:08.583Z | CAMERA_HEADING | {"t":1780599788583,"speedKmh":21,"movedM":0.14,"moveBearing":353,"snapHdg":353,"headingOut":353,"flipFromPrevDeg":0,"lookaheadM":19,"nativeFollow":true}
06-04 21:03:08.617 I/ReactNativeJS(27948): [VROOM-TEL] 2026-06-04T19:03:08.617Z | CAM_FOLLOW_PUSH | {"t":1780599788617,"lat":51.365004,"lng":19.369902,"hdg":353,"snapHdg":357,"speedKmh":21,"exploring":false,"source":"drive_marker_sv_60fps"}
06-04 21:03:08.827 I/ReactNativeJS(27948): [VROOM-TEL] 2026-06-04T19:03:08.827Z | DRIVE_TRACE_CAMERA | {"t":1780599788827,"seq":1243,"gpsTickId":1780599787944,"gpsTickAgeMs":838,"lat":51.365017,"lng":19.369899,"hdg":3,"speedKmh":20.5,"exploring":false,"frameMoveM":0}
06-04 21:03:08.971 I/ReactNativeJS(27948): [VROOM-TEL] 2026-06-04T19:03:08.971Z | RAW_GPS_TICK | {"t":1780599788971,"gpsTickId":1780599788945,"gpsTickAgeMs":0,"lat":51.365281,"lng":19.369811,"speed":6.14,"speedKmh":22.1,"accuracy":4,"osTimestamp":1780599788945,"tripActive":true,"appState":"active"}
06-04 21:03:08.971 I/ReactNativeJS(27948): [VROOM-TEL] 2026-06-04T19:03:08.971Z | DRIVE_TRACE_RAW | {"t":1780599788971,"seq":1244,"gpsTickId":1780599788945,"gpsTickAgeMs":0,"rawLat":51.365281,"rawLng":19.369811,"accM":4,"speedKmh":22.1,"speedMs":6.1,"heading":354,"tripActive":true,"driving":true,"navigating":false,"osTimestamp":1780599788945}
06-04 21:03:08.972 I/ReactNativeJS(27948): [VROOM-TEL] 2026-06-04T19:03:08.972Z | DRIVE_TRACE_FEED | {"t":1780599788972,"seq":1245,"gpsTickId":1780599788945,"gpsTickAgeMs":1,"lat":51.365075,"lng":19.369908,"hdg":357,"durationMs":880,"speedKmh":22.5}
06-04 21:03:08.972 I/ReactNativeJS(27948): [VROOM-TEL] 2026-06-04T19:03:08.972Z | DRIVE_TRACE_TICK | {"t":1780599788972,"seq":1246,"gpsTickId":1780599788945,"gpsTickAgeMs":1,"rawLat":51.365281,"rawLng":19.369811,"snapLat":51.365075,"snapLng":19.369908,"markerLat":51.365075,"markerLng":19.369908,"markerHdg":357,"markerSvLat":51.365026,"markerSvLng":19.369897,"markerSvHdg":357,"accM":4,"hudKmh":22.5,"engineKmh":22.5,"dopplerKmh":22.1,"feedDurMs":880,"cadenceMs":1304,"feedSpeedMs":6.3,"isNavigating":false,"isFreeDrive":true,"isMoving":true,"feedSkipGate":false,"feedAccepted":true,"feedHeadingOnly":false,"source":"drive_core_v2"}
06-04 21:03:08.972 I/ReactNativeJS(27948): [VROOM-TEL] 2026-06-04T19:03:08.972Z | GPS_ACCEPT | {"lat":51.365281,"lng":19.369811,"acc":4,"speedKmh":22.8,"gpsLock":true}
06-04 21:03:09.156 I/ReactNativeJS(27948): [VROOM-TEL] 2026-06-04T19:03:09.156Z | DRIVE_TRACE_CAMERA | {"t":1780599789156,"seq":1247,"gpsTickId":1780599788945,"gpsTickAgeMs":185,"lat":51.365033,"lng":19.369899,"hdg":356,"speedKmh":22.5,"exploring":false,"frameMoveM":0}
06-04 21:03:09.283 I/ReactNativeJS(27948): [VROOM-TEL] 2026-06-04T19:03:09.283Z | DRIVE_HEALTH | {"t":1780599789283,"mode":"driving","speedHudKmh":22.5,"speedPipeKmh":22.5,"gpsAgeMs":312,"drAgeMs":311,"gpsToDriftM":24,"snapAnchorDriftM":0,"offRoute":false,"reroutePending":false,"rerouteLoading":false,"hasRoutePts":0}
06-04 21:03:09.417 I/ReactNativeJS(27948): [VROOM-TEL] 2026-06-04T19:03:09.417Z | CAM_FOLLOW_PUSH | {"t":1780599789417,"lat":51.365051,"lng":19.369903,"hdg":7,"snapHdg":357,"speedKmh":23,"exploring":false,"source":"drive_marker_sv_60fps"}
06-04 21:03:09.468 I/ReactNativeJS(27948): [VROOM-TEL] 2026-06-04T19:03:09.468Z | DRIVE_TRACE_CAMERA | {"t":1780599789468,"seq":1248,"gpsTickId":1780599788945,"gpsTickAgeMs":497,"lat":51.365054,"lng":19.369903,"hdg":7,"speedKmh":22.5,"exploring":false,"frameMoveM":0}
06-04 21:03:09.617 I/ReactNativeJS(27948): [VROOM-TEL] 2026-06-04T19:03:09.617Z | TRIP_SEGMENT_STATS | {"t":1780599789617,"totalDistanceKm":2.041,"acceptedMain":175,"acceptedMainKm":1.946,"fallbackAccepted":6,"fallbackKm":0.094,"derivedSpeedUsed":3,"derivedSpeedRejected":0,"lowSpeedDropped":0,"zeroMove":0,"rejectedTotal":23,"rejectedJitter":16,"rejectedJump":0,"rejectedStaleGap":0,"rejectedMinSpeed":1,"rejectedAccuracy":0,"rejectedImpossible":6,"rejectedInvalidTime":0}
06-04 21:03:09.683 I/ReactNativeJS(27948): [VROOM-TEL] 2026-06-04T19:03:09.683Z | CAMERA_HEADING | {"t":1780599789683,"speedKmh":23,"movedM":0.11,"moveBearing":7,"snapHdg":7,"headingOut":7,"flipFromPrevDeg":0,"lookaheadM":19,"nativeFollow":true}
06-04 21:03:09.783 I/ReactNativeJS(27948): [VROOM-TEL] 2026-06-04T19:03:09.783Z | DRIVE_TRACE_CAMERA | {"t":1780599789783,"seq":1249,"gpsTickId":1780599788945,"gpsTickAgeMs":812,"lat":51.365071,"lng":19.369907,"hdg":3,"speedKmh":22.5,"exploring":false,"frameMoveM":0}
06-04 21:03:09.989 I/ReactNativeJS(27948): [VROOM-TEL] 2026-06-04T19:03:09.989Z | RAW_GPS_TICK | {"t":1780599789989,"gpsTickId":1780599789945,"gpsTickAgeMs":0,"lat":51.36535,"lng":19.3698,"speed":7.74,"speedKmh":27.9,"accuracy":4,"osTimestamp":1780599789945,"tripActive":true,"appState":"active"}
06-04 21:03:09.989 I/ReactNativeJS(27948): [VROOM-TEL] 2026-06-04T19:03:09.989Z | DRIVE_TRACE_RAW | {"t":1780599789989,"seq":1250,"gpsTickId":1780599789945,"gpsTickAgeMs":0,"rawLat":51.36535,"rawLng":19.3698,"accM":4,"speedKmh":27.9,"speedMs":7.7,"heading":354,"tripActive":true,"driving":true,"navigating":false,"osTimestamp":1780599789945}
06-04 21:03:09.989 I/ReactNativeJS(27948): [VROOM-TEL] 2026-06-04T19:03:09.989Z | DRIVE_TRACE_FEED | {"t":1780599789989,"seq":1251,"gpsTickId":1780599789945,"gpsTickAgeMs":0,"lat":51.36513,"lng":19.36993,"hdg":355,"durationMs":818,"speedKmh":27.9}
06-04 21:03:09.990 I/ReactNativeJS(27948): [VROOM-TEL] 2026-06-04T19:03:09.990Z | DRIVE_TRACE_TICK | {"t":1780599789990,"seq":1252,"gpsTickId":1780599789945,"gpsTickAgeMs":1,"rawLat":51.36535,"rawLng":19.3698,"snapLat":51.36513,"snapLng":19.36993,"markerLat":51.36513,"markerLng":19.36993,"markerHdg":355,"markerSvLat":51.365075,"markerSvLng":19.369908,"markerSvHdg":358,"accM":4,"hudKmh":27.9,"engineKmh":26.7,"dopplerKmh":27.9,"feedDurMs":818,"cadenceMs":1204,"feedSpeedMs":7.7,"isNavigating":false,"isFreeDrive":true,"isMoving":true,"feedSkipGate":false,"feedAccepted":true,"feedHeadingOnly":false,"source":"drive_core_v2"}
06-04 21:03:09.990 I/ReactNativeJS(27948): [VROOM-TEL] 2026-06-04T19:03:09.990Z | GPS_ACCEPT | {"lat":51.36535,"lng":19.3698,"acc":4,"speedKmh":27.9,"gpsLock":true}
06-04 21:03:10.083 I/ReactNativeJS(27948): [VROOM-TEL] 2026-06-04T19:03:10.083Z | DRIVE_TRACE_CAMERA | {"t":1780599790083,"seq":1253,"gpsTickId":1780599789945,"gpsTickAgeMs":94,"lat":51.365081,"lng":19.36991,"hdg":6,"speedKmh":27.9,"exploring":false,"frameMoveM":0}
06-04 21:03:10.217 I/ReactNativeJS(27948): [VROOM-TEL] 2026-06-04T19:03:10.217Z | CAM_FOLLOW_PUSH | {"t":1780599790217,"lat":51.36509,"lng":19.369914,"hdg":6,"snapHdg":355,"speedKmh":28,"exploring":false,"source":"drive_marker_sv_60fps"}
06-04 21:03:10.383 I/ReactNativeJS(27948): [VROOM-TEL] 2026-06-04T19:03:10.383Z | DRIVE_TRACE_CAMERA | {"t":1780599790383,"seq":1254,"gpsTickId":1780599789945,"gpsTickAgeMs":394,"lat":51.365102,"lng":19.369918,"hdg":6,"speedKmh":27.9,"exploring":false,"frameMoveM":0}
06-04 21:03:10.709 I/ReactNativeJS(27948): [VROOM-TEL] 2026-06-04T19:03:10.709Z | DRIVE_TRACE_CAMERA | {"t":1780599790709,"seq":1255,"gpsTickId":1780599789945,"gpsTickAgeMs":720,"lat":51.365118,"lng":19.369925,"hdg":6,"speedKmh":27.9,"exploring":false,"frameMoveM":0}
06-04 21:03:10.783 I/ReactNativeJS(27948): [VROOM-TEL] 2026-06-04T19:03:10.783Z | CAMERA_HEADING | {"t":1780599790783,"speedKmh":28,"movedM":0.65,"moveBearing":14,"snapHdg":6,"headingOut":14,"flipFromPrevDeg":10,"lookaheadM":19,"nativeFollow":true}
06-04 21:03:10.968 I/ReactNativeJS(27948): [VROOM-TEL] 2026-06-04T19:03:10.968Z | RAW_GPS_TICK | {"t":1780599790968,"gpsTickId":1780599790945,"gpsTickAgeMs":0,"lat":51.365432,"lng":19.369787,"speed":9.06,"speedKmh":32.6,"accuracy":4,"osTimestamp":1780599790945,"tripActive":true,"appState":"active"}
06-04 21:03:10.968 I/ReactNativeJS(27948): [VROOM-TEL] 2026-06-04T19:03:10.968Z | DRIVE_TRACE_RAW | {"t":1780599790968,"seq":1256,"gpsTickId":1780599790945,"gpsTickAgeMs":0,"rawLat":51.365432,"rawLng":19.369787,"accM":4,"speedKmh":32.6,"speedMs":9.1,"heading":354,"tripActive":true,"driving":true,"navigating":false,"osTimestamp":1780599790945}
06-04 21:03:10.970 I/ReactNativeJS(27948): [VROOM-TEL] 2026-06-04T19:03:10.970Z | DRIVE_TRACE_FEED | {"t":1780599790970,"seq":1257,"gpsTickId":1780599790945,"gpsTickAgeMs":2,"lat":51.36519,"lng":19.369963,"hdg":354,"durationMs":781,"speedKmh":32.6}
06-04 21:03:10.970 I/ReactNativeJS(27948): [VROOM-TEL] 2026-06-04T19:03:10.970Z | DRIVE_TRACE_TICK | {"t":1780599790970,"seq":1258,"gpsTickId":1780599790945,"gpsTickAgeMs":2,"rawLat":51.365432,"rawLng":19.369787,"snapLat":51.36519,"snapLng":19.369963,"markerLat":51.36519,"markerLng":19.369963,"markerHdg":354,"markerSvLat":51.365135,"markerSvLng":19.369931,"markerSvHdg":358,"accM":4,"hudKmh":32.6,"engineKmh":31.2,"dopplerKmh":32.6,"feedDurMs":781,"cadenceMs":1125,"feedSpeedMs":9.1,"isNavigating":false,"isFreeDrive":true,"isMoving":true,"feedSkipGate":false,"feedAccepted":true,"feedHeadingOnly":false,"source":"drive_core_v2"}
06-04 21:03:10.970 I/ReactNativeJS(27948): [VROOM-TEL] 2026-06-04T19:03:10.970Z | GPS_ACCEPT | {"lat":51.365432,"lng":19.369787,"acc":4,"speedKmh":33.7,"gpsLock":true}
06-04 21:03:11.039 I/ReactNativeJS(27948): [VROOM-TEL] 2026-06-04T19:03:11.039Z | CAM_FOLLOW_PUSH | {"t":1780599791039,"lat":51.365137,"lng":19.369932,"hdg":353,"snapHdg":354,"speedKmh":33,"exploring":false,"source":"drive_marker_sv_60fps"}
06-04 21:03:11.039 I/ReactNativeJS(27948): [VROOM-TEL] 2026-06-04T19:03:11.039Z | DRIVE_TRACE_CAMERA | {"t":1780599791039,"seq":1259,"gpsTickId":1780599790945,"gpsTickAgeMs":71,"lat":51.365137,"lng":19.369932,"hdg":353,"speedKmh":32.6,"exploring":false,"frameMoveM":0}
06-04 21:03:11.350 I/ReactNativeJS(27948): [VROOM-TEL] 2026-06-04T19:03:11.350Z | DRIVE_TRACE_CAMERA | {"t":1780599791350,"seq":1260,"gpsTickId":1780599790945,"gpsTickAgeMs":382,"lat":51.365162,"lng":19.369946,"hdg":5,"speedKmh":32.6,"exploring":false,"frameMoveM":0}
06-04 21:03:11.650 I/ReactNativeJS(27948): [VROOM-TEL] 2026-06-04T19:03:11.650Z | DRIVE_TRACE_CAMERA | {"t":1780599791650,"seq":1261,"gpsTickId":1780599790945,"gpsTickAgeMs":682,"lat":51.365183,"lng":19.369958,"hdg":5,"speedKmh":32.6,"exploring":false,"frameMoveM":0}
06-04 21:03:11.850 I/ReactNativeJS(27948): [VROOM-TEL] 2026-06-04T19:03:11.850Z | CAM_FOLLOW_PUSH | {"t":1780599791850,"lat":51.365197,"lng":19.369965,"hdg":5,"snapHdg":354,"speedKmh":33,"exploring":false,"source":"drive_marker_sv_60fps"}
06-04 21:03:11.883 I/ReactNativeJS(27948): [VROOM-TEL] 2026-06-04T19:03:11.883Z | CAMERA_HEADING | {"t":1780599791883,"speedKmh":33,"movedM":0,"moveBearing":null,"snapHdg":359,"headingOut":359,"flipFromPrevDeg":8,"lookaheadM":29,"nativeFollow":true}
06-04 21:03:11.970 I/ReactNativeJS(27948): [VROOM-TEL] 2026-06-04T19:03:11.970Z | RAW_GPS_TICK | {"t":1780599791970,"gpsTickId":1780599791944,"gpsTickAgeMs":0,"lat":51.365511,"lng":19.369774,"speed":9.06,"speedKmh":32.6,"accuracy":4,"osTimestamp":1780599791944,"tripActive":true,"appState":"active"}
06-04 21:03:11.970 I/ReactNativeJS(27948): [VROOM-TEL] 2026-06-04T19:03:11.970Z | DRIVE_TRACE_RAW | {"t":1780599791970,"seq":1262,"gpsTickId":1780599791944,"gpsTickAgeMs":0,"rawLat":51.365511,"rawLng":19.369774,"accM":4,"speedKmh":32.6,"speedMs":9.1,"heading":354,"tripActive":true,"driving":true,"navigating":false,"osTimestamp":1780599791944}
06-04 21:03:11.972 I/ReactNativeJS(27948): [VROOM-TEL] 2026-06-04T19:03:11.972Z | DRIVE_TRACE_FEED | {"t":1780599791972,"seq":1263,"gpsTickId":1780599791944,"gpsTickAgeMs":2,"lat":51.365259,"lng":19.369946,"hdg":354,"durationMs":757,"speedKmh":36.6}
06-04 21:03:11.972 I/ReactNativeJS(27948): [VROOM-TEL] 2026-06-04T19:03:11.972Z | DRIVE_TRACE_TICK | {"t":1780599791972,"seq":1264,"gpsTickId":1780599791944,"gpsTickAgeMs":2,"rawLat":51.365511,"rawLng":19.369774,"snapLat":51.365259,"snapLng":19.369946,"markerLat":51.365259,"markerLng":19.369946,"markerHdg":354,"markerSvLat":51.365198,"markerSvLng":19.369966,"markerSvHdg":358,"accM":4,"hudKmh":36.6,"engineKmh":36.6,"dopplerKmh":32.6,"feedDurMs":757,"cadenceMs":1082,"feedSpeedMs":10.2,"isNavigating":false,"isFreeDrive":true,"isMoving":true,"feedSkipGate":false,"feedAccepted":true,"feedHeadingOnly":false,"source":"drive_core_v2"}
06-04 21:03:11.972 I/ReactNativeJS(27948): [VROOM-TEL] 2026-06-04T19:03:11.972Z | GPS_ACCEPT | {"lat":51.365511,"lng":19.369774,"acc":4,"speedKmh":32.6,"gpsLock":true}
06-04 21:03:12.005 I/ReactNativeJS(27948): [VROOM-TEL] 2026-06-04T19:03:12.005Z | DRIVE_TRACE_CAMERA | {"t":1780599792005,"seq":1265,"gpsTickId":1780599791944,"gpsTickAgeMs":35,"lat":51.365201,"lng":19.369965,"hdg":359,"speedKmh":36.6,"exploring":false,"frameMoveM":0}
06-04 21:03:12.338 I/ReactNativeJS(27948): [VROOM-TEL] 2026-06-04T19:03:12.338Z | DRIVE_TRACE_CAMERA | {"t":1780599792338,"seq":1266,"gpsTickId":1780599791944,"gpsTickAgeMs":368,"lat":51.365223,"lng":19.369958,"hdg":359,"speedKmh":36.6,"exploring":false,"frameMoveM":0}
06-04 21:03:12.650 I/ReactNativeJS(27948): [VROOM-TEL] 2026-06-04T19:03:12.650Z | CAM_FOLLOW_PUSH | {"t":1780599792650,"lat":51.365253,"lng":19.369948,"hdg":349,"snapHdg":354,"speedKmh":37,"exploring":false,"source":"drive_marker_sv_60fps"}
06-04 21:03:12.650 I/ReactNativeJS(27948): [VROOM-TEL] 2026-06-04T19:03:12.650Z | DRIVE_TRACE_CAMERA | {"t":1780599792650,"seq":1267,"gpsTickId":1780599791944,"gpsTickAgeMs":680,"lat":51.365253,"lng":19.369948,"hdg":349,"speedKmh":36.6,"exploring":false,"frameMoveM":0}
06-04 21:03:12.971 I/ReactNativeJS(27948): [VROOM-TEL] 2026-06-04T19:03:12.971Z | RAW_GPS_TICK | {"t":1780599792971,"gpsTickId":1780599792945,"gpsTickAgeMs":0,"lat":51.365601,"lng":19.369764,"speed":9.91,"speedKmh":35.7,"accuracy":4,"osTimestamp":1780599792945,"tripActive":true,"appState":"active"}
06-04 21:03:12.971 I/ReactNativeJS(27948): [VROOM-TEL] 2026-06-04T19:03:12.971Z | DRIVE_TRACE_RAW | {"t":1780599792971,"seq":1268,"gpsTickId":1780599792945,"gpsTickAgeMs":0,"rawLat":51.365601,"rawLng":19.369764,"accM":4,"speedKmh":35.7,"speedMs":9.9,"heading":354,"tripActive":true,"driving":true,"navigating":false,"osTimestamp":1780599792945}
06-04 21:03:12.973 I/ReactNativeJS(27948): [VROOM-TEL] 2026-06-04T19:03:12.973Z | DRIVE_TRACE_FEED | {"t":1780599792973,"seq":1269,"gpsTickId":1780599792945,"gpsTickAgeMs":2,"lat":51.36547,"lng":19.369797,"hdg":355,"durationMs":1200,"speedKmh":38.4}
06-04 21:03:12.974 I/ReactNativeJS(27948): [VROOM-TEL] 2026-06-04T19:03:12.974Z | DRIVE_TRACE_TICK | {"t":1780599792974,"seq":1270,"gpsTickId":1780599792945,"gpsTickAgeMs":3,"rawLat":51.365601,"rawLng":19.369764,"snapLat":51.36547,"snapLng":19.369797,"markerLat":51.36547,"markerLng":19.369797,"markerHdg":355,"markerSvLat":51.365271,"markerSvLng":19.369945,"markerSvHdg":358,"accM":4,"hudKmh":38.4,"engineKmh":38.4,"dopplerKmh":35.7,"feedDurMs":1200,"cadenceMs":1054,"feedSpeedMs":10.7,"isNavigating":false,"isFreeDrive":true,"isMoving":true,"feedSkipGate":false,"feedAccepted":true,"feedHeadingOnly":false,"source":"drive_core_v2"}
06-04 21:03:12.974 I/ReactNativeJS(27948): [VROOM-TEL] 2026-06-04T19:03:12.974Z | GPS_ACCEPT | {"lat":51.365601,"lng":19.369764,"acc":4,"speedKmh":35.9,"gpsLock":true}
06-04 21:03:13.006 I/ReactNativeJS(27948): [VROOM-TEL] 2026-06-04T19:03:13.006Z | CAMERA_HEADING | {"t":1780599793006,"speedKmh":38,"movedM":0.53,"moveBearing":null,"snapHdg":355,"headingOut":355,"flipFromPrevDeg":3,"lookaheadM":29,"nativeFollow":true}
06-04 21:03:13.028 I/ReactNativeJS(27948): [VROOM-TEL] 2026-06-04T19:03:13.028Z | DRIVE_TRACE_CAMERA | {"t":1780599793028,"seq":1271,"gpsTickId":1780599792945,"gpsTickAgeMs":57,"lat":51.365275,"lng":19.369942,"hdg":0,"speedKmh":38.4,"exploring":false,"frameMoveM":0}
06-04 21:03:13.351 I/ReactNativeJS(27948): [VROOM-TEL] 2026-06-04T19:03:13.351Z | DRIVE_TRACE_CAMERA | {"t":1780599793351,"seq":1272,"gpsTickId":1780599792945,"gpsTickAgeMs":380,"lat":51.365328,"lng":19.369902,"hdg":340,"speedKmh":38.4,"exploring":false,"frameMoveM":0}
06-04 21:03:13.450 I/ReactNativeJS(27948): [VROOM-TEL] 2026-06-04T19:03:13.450Z | CAM_FOLLOW_PUSH | {"t":1780599793450,"lat":51.36535,"lng":19.369886,"hdg":340,"snapHdg":355,"speedKmh":38,"exploring":false,"source":"drive_marker_sv_60fps"}
06-04 21:03:13.669 I/ReactNativeJS(27948): [VROOM-TEL] 2026-06-04T19:03:13.669Z | DRIVE_TRACE_CAMERA | {"t":1780599793669,"seq":1273,"gpsTickId":1780599792945,"gpsTickAgeMs":698,"lat":51.36538,"lng":19.369863,"hdg":0,"speedKmh":38.4,"exploring":false,"frameMoveM":0}
06-04 21:03:13.977 I/ReactNativeJS(27948): [VROOM-TEL] 2026-06-04T19:03:13.977Z | DRIVE_TRACE_CAMERA | {"t":1780599793977,"seq":1274,"gpsTickId":1780599792945,"gpsTickAgeMs":1006,"lat":51.365422,"lng":19.369833,"hdg":0,"speedKmh":38.4,"exploring":false,"frameMoveM":0}
06-04 21:03:13.981 I/ReactNativeJS(27948): [VROOM-TEL] 2026-06-04T19:03:13.981Z | RAW_GPS_TICK | {"t":1780599793981,"gpsTickId":1780599793945,"gpsTickAgeMs":0,"lat":51.365703,"lng":19.369747,"speed":11.36,"speedKmh":40.9,"accuracy":4,"osTimestamp":1780599793945,"tripActive":true,"appState":"active"}
06-04 21:03:13.981 I/ReactNativeJS(27948): [VROOM-TEL] 2026-06-04T19:03:13.981Z | DRIVE_TRACE_RAW | {"t":1780599793981,"seq":1275,"gpsTickId":1780599793945,"gpsTickAgeMs":0,"rawLat":51.365703,"rawLng":19.369747,"accM":4,"speedKmh":40.9,"speedMs":11.4,"heading":354,"tripActive":true,"driving":true,"navigating":false,"osTimestamp":1780599793945}
06-04 21:03:13.982 I/ReactNativeJS(27948): [VROOM-TEL] 2026-06-04T19:03:13.982Z | DRIVE_TRACE_FEED | {"t":1780599793982,"seq":1276,"gpsTickId":1780599793945,"gpsTickAgeMs":1,"lat":51.365517,"lng":19.369704,"hdg":355,"durationMs":736,"speedKmh":40.9}
06-04 21:03:13.982 I/ReactNativeJS(27948): [VROOM-TEL] 2026-06-04T19:03:13.982Z | DRIVE_TRACE_TICK | {"t":1780599793982,"seq":1277,"gpsTickId":1780599793945,"gpsTickAgeMs":1,"rawLat":51.365703,"rawLng":19.369747,"snapLat":51.365517,"snapLng":19.369704,"markerLat":51.365517,"markerLng":19.369704,"markerHdg":355,"markerSvLat":51.365436,"markerSvLng":19.369822,"markerSvHdg":335,"accM":4,"hudKmh":40.9,"engineKmh":40.2,"dopplerKmh":40.9,"feedDurMs":736,"cadenceMs":1039,"feedSpeedMs":11.4,"isNavigating":false,"isFreeDrive":true,"isMoving":true,"feedSkipGate":false,"feedAccepted":true,"feedHeadingOnly":false,"source":"drive_core_v2"}
06-04 21:03:13.982 I/ReactNativeJS(27948): [VROOM-TEL] 2026-06-04T19:03:13.982Z | GPS_ACCEPT | {"lat":51.365703,"lng":19.369747,"acc":4,"speedKmh":40.9,"gpsLock":true}
06-04 21:03:14.121 I/ReactNativeJS(27948): [VROOM-TEL] 2026-06-04T19:03:14.121Z | CAMERA_HEADING | {"t":1780599794121,"speedKmh":41,"movedM":0.27,"moveBearing":null,"snapHdg":318,"headingOut":318,"flipFromPrevDeg":3,"lookaheadM":36,"nativeFollow":true}
06-04 21:03:14.250 I/ReactNativeJS(27948): [VROOM-TEL] 2026-06-04T19:03:14.250Z | CAM_FOLLOW_PUSH | {"t":1780599794250,"lat":51.365465,"lng":19.369779,"hdg":337,"snapHdg":355,"speedKmh":41,"exploring":false,"source":"drive_marker_sv_60fps"}
06-04 21:03:14.335 I/ReactNativeJS(27948): [VROOM-TEL] 2026-06-04T19:03:14.335Z | DRIVE_TRACE_CAMERA | {"t":1780599794335,"seq":1278,"gpsTickId":1780599793945,"gpsTickAgeMs":354,"lat":51.365469,"lng":19.369774,"hdg":357,"speedKmh":40.9,"exploring":false,"frameMoveM":0}
06-04 21:03:14.336 I/ReactNativeJS(27948): [VROOM-TEL] 2026-06-04T19:03:14.336Z | DRIVE_TRACE_HEARTBEAT | {"t":1780599794336,"seq":1279,"gpsTickId":1780599793945,"gpsTickAgeMs":355,"driving":true,"navigating":false,"tripActive":true,"lat":51.3657029,"lng":19.3697471,"gpsAgeMs":355}
06-04 21:03:14.651 I/ReactNativeJS(27948): [VROOM-TEL] 2026-06-04T19:03:14.651Z | DRIVE_TRACE_CAMERA | {"t":1780599794651,"seq":1280,"gpsTickId":1780599793945,"gpsTickAgeMs":670,"lat":51.36551,"lng":19.369715,"hdg":337,"speedKmh":40.9,"exploring":false,"frameMoveM":0}
06-04 21:03:14.958 I/ReactNativeJS(27948): [VROOM-TEL] 2026-06-04T19:03:14.957Z | RAW_GPS_TICK | {"t":1780599794957,"gpsTickId":1780599794944,"gpsTickAgeMs":0,"lat":51.365825,"lng":19.369727,"speed":13.5,"speedKmh":48.6,"accuracy":4,"osTimestamp":1780599794944,"tripActive":true,"appState":"active"}
06-04 21:03:14.958 I/ReactNativeJS(27948): [VROOM-TEL] 2026-06-04T19:03:14.958Z | DRIVE_TRACE_RAW | {"t":1780599794958,"seq":1281,"gpsTickId":1780599794944,"gpsTickAgeMs":1,"rawLat":51.365825,"rawLng":19.369727,"accM":4,"speedKmh":48.6,"speedMs":13.5,"heading":354,"tripActive":true,"driving":true,"navigating":false,"osTimestamp":1780599794944}
06-04 21:03:14.960 I/ReactNativeJS(27948): [VROOM-TEL] 2026-06-04T19:03:14.960Z | DRIVE_TRACE_FEED | {"t":1780599794960,"seq":1282,"gpsTickId":1780599794944,"gpsTickAgeMs":3,"lat":51.365603,"lng":19.369693,"hdg":354,"durationMs":708,"speedKmh":48.6}
06-04 21:03:14.961 I/ReactNativeJS(27948): [VROOM-TEL] 2026-06-04T19:03:14.961Z | DRIVE_TRACE_TICK | {"t":1780599794961,"seq":1283,"gpsTickId":1780599794944,"gpsTickAgeMs":4,"rawLat":51.365825,"rawLng":19.369727,"snapLat":51.365603,"snapLng":19.369693,"markerLat":51.365603,"markerLng":19.369693,"markerHdg":354,"markerSvLat":51.365529,"markerSvLng":19.369691,"markerSvHdg":349,"accM":4,"hudKmh":48.6,"engineKmh":45,"dopplerKmh":48.6,"feedDurMs":708,"cadenceMs":1017,"feedSpeedMs":13.5,"isNavigating":false,"isFreeDrive":true,"isMoving":true,"feedSkipGate":false,"feedAccepted":true,"feedHeadingOnly":false,"source":"drive_core_v2"}
06-04 21:03:14.961 I/ReactNativeJS(27948): [VROOM-TEL] 2026-06-04T19:03:14.961Z | GPS_ACCEPT | {"lat":51.365825,"lng":19.369727,"acc":4,"speedKmh":50.4,"gpsLock":true}
06-04 21:03:14.968 I/ReactNativeJS(27948): [VROOM-TEL] 2026-06-04T19:03:14.968Z | DRIVE_TRACE_CAMERA | {"t":1780599794968,"seq":1284,"gpsTickId":1780599794944,"gpsTickAgeMs":11,"lat":51.365529,"lng":19.369691,"hdg":1,"speedKmh":48.6,"exploring":false,"frameMoveM":0}
06-04 21:03:15.056 I/ReactNativeJS(27948): [VROOM-TEL] 2026-06-04T19:03:15.056Z | CAM_FOLLOW_PUSH | {"t":1780599795056,"lat":51.365538,"lng":19.369692,"hdg":1,"snapHdg":354,"speedKmh":49,"exploring":false,"source":"drive_marker_sv_60fps"}
06-04 21:03:15.235 I/ReactNativeJS(27948): [VROOM-TEL] 2026-06-04T19:03:15.235Z | CAMERA_HEADING | {"t":1780599795235,"speedKmh":49,"movedM":0.2,"moveBearing":1,"snapHdg":1,"headingOut":1,"flipFromPrevDeg":0,"lookaheadM":42,"nativeFollow":true}
06-04 21:03:15.283 I/ReactNativeJS(27948): [VROOM-TEL] 2026-06-04T19:03:15.283Z | DRIVE_TRACE_CAMERA | {"t":1780599795283,"seq":1285,"gpsTickId":1780599794944,"gpsTickAgeMs":326,"lat":51.365563,"lng":19.369692,"hdg":1,"speedKmh":48.6,"exploring":false,"frameMoveM":0}
06-04 21:03:15.616 I/ReactNativeJS(27948): [VROOM-TEL] 2026-06-04T19:03:15.616Z | DRIVE_TRACE_CAMERA | {"t":1780599795616,"seq":1286,"gpsTickId":1780599794944,"gpsTickAgeMs":659,"lat":51.365591,"lng":19.369693,"hdg":352,"speedKmh":48.6,"exploring":false,"frameMoveM":0}
06-04 21:03:15.890 I/ReactNativeJS(27948): [VROOM-TEL] 2026-06-04T19:03:15.890Z | CAM_FOLLOW_PUSH | {"t":1780599795890,"lat":51.365617,"lng":19.369691,"hdg":4,"snapHdg":354,"speedKmh":49,"exploring":false,"source":"drive_marker_sv_60fps"}
06-04 21:03:15.961 I/ReactNativeJS(27948): [VROOM-TEL] 2026-06-04T19:03:15.961Z | RAW_GPS_TICK | {"t":1780599795961,"gpsTickId":1780599795945,"gpsTickAgeMs":0,"lat":51.365955,"lng":19.369706,"speed":14.4,"speedKmh":51.8,"accuracy":4,"osTimestamp":1780599795945,"tripActive":true,"appState":"active"}
06-04 21:03:15.961 I/ReactNativeJS(27948): [VROOM-TEL] 2026-06-04T19:03:15.961Z | DRIVE_TRACE_RAW | {"t":1780599795961,"seq":1287,"gpsTickId":1780599795945,"gpsTickAgeMs":0,"rawLat":51.365955,"rawLng":19.369706,"accM":4,"speedKmh":51.8,"speedMs":14.4,"heading":355,"tripActive":true,"driving":true,"navigating":false,"osTimestamp":1780599795945}
06-04 21:03:15.965 I/ReactNativeJS(27948): [VROOM-TEL] 2026-06-04T19:03:15.965Z | DRIVE_TRACE_FEED | {"t":1780599795965,"seq":1288,"gpsTickId":1780599795945,"gpsTickAgeMs":4,"lat":51.365694,"lng":19.369694,"hdg":354,"durationMs":699,"speedKmh":51.8}
06-04 21:03:15.965 I/ReactNativeJS(27948): [VROOM-TEL] 2026-06-04T19:03:15.965Z | DRIVE_TRACE_TICK | {"t":1780599795965,"seq":1289,"gpsTickId":1780599795945,"gpsTickAgeMs":4,"rawLat":51.365955,"rawLng":19.369706,"snapLat":51.365694,"snapLng":19.369694,"markerLat":51.365694,"markerLng":19.369694,"markerHdg":354,"markerSvLat":51.365623,"markerSvLng":19.369689,"markerSvHdg":349,"accM":4,"hudKmh":51.8,"engineKmh":50.8,"dopplerKmh":51.8,"feedDurMs":699,"cadenceMs":1012,"feedSpeedMs":14.4,"isNavigating":false,"isFreeDrive":true,"isMoving":true,"feedSkipGate":false,"feedAccepted":true,"feedHeadingOnly":false,"source":"drive_core_v2"}
06-04 21:03:15.965 I/ReactNativeJS(27948): [VROOM-TEL] 2026-06-04T19:03:15.965Z | GPS_ACCEPT | {"lat":51.365955,"lng":19.369706,"acc":4,"speedKmh":52,"gpsLock":true}
06-04 21:03:16.031 I/ReactNativeJS(27948): [VROOM-TEL] 2026-06-04T19:03:16.031Z | DRIVE_TRACE_CAMERA | {"t":1780599796031,"seq":1290,"gpsTickId":1780599795945,"gpsTickAgeMs":70,"lat":51.365625,"lng":19.369689,"hdg":351,"speedKmh":51.8,"exploring":false,"frameMoveM":0}
06-04 21:03:16.332 I/ReactNativeJS(27948): [VROOM-TEL] 2026-06-04T19:03:16.332Z | DRIVE_TRACE_CAMERA | {"t":1780599796332,"seq":1291,"gpsTickId":1780599795945,"gpsTickAgeMs":371,"lat":51.365653,"lng":19.369691,"hdg":352,"speedKmh":51.8,"exploring":false,"frameMoveM":0}
06-04 21:03:16.385 I/ReactNativeJS(27948): [VROOM-TEL] 2026-06-04T19:03:16.384Z | CAMERA_HEADING | {"t":1780599796384,"speedKmh":52,"movedM":1.32,"moveBearing":2,"snapHdg":2,"headingOut":2,"flipFromPrevDeg":14,"lookaheadM":42,"nativeFollow":true}
06-04 21:03:16.635 I/ReactNativeJS(27948): [VROOM-TEL] 2026-06-04T19:03:16.635Z | DRIVE_TRACE_CAMERA | {"t":1780599796635,"seq":1292,"gpsTickId":1780599795945,"gpsTickAgeMs":674,"lat":51.365691,"lng":19.369694,"hdg":2,"speedKmh":51.8,"exploring":false,"frameMoveM":0}
06-04 21:03:16.701 I/ReactNativeJS(27948): [VROOM-TEL] 2026-06-04T19:03:16.701Z | CAM_FOLLOW_PUSH | {"t":1780599796701,"lat":51.365698,"lng":19.369694,"hdg":2,"snapHdg":354,"speedKmh":52,"exploring":false,"source":"drive_marker_sv_60fps"}
06-04 21:03:16.976 I/ReactNativeJS(27948): [VROOM-TEL] 2026-06-04T19:03:16.976Z | RAW_GPS_TICK | {"t":1780599796976,"gpsTickId":1780599796945,"gpsTickAgeMs":0,"lat":51.366081,"lng":19.36969,"speed":14.11,"speedKmh":50.8,"accuracy":4,"osTimestamp":1780599796945,"tripActive":true,"appState":"active"}
06-04 21:03:16.976 I/ReactNativeJS(27948): [VROOM-TEL] 2026-06-04T19:03:16.976Z | DRIVE_TRACE_RAW | {"t":1780599796976,"seq":1293,"gpsTickId":1780599796945,"gpsTickAgeMs":0,"rawLat":51.366081,"rawLng":19.36969,"accM":4,"speedKmh":50.8,"speedMs":14.1,"heading":355,"tripActive":true,"driving":true,"navigating":false,"osTimestamp":1780599796945}
06-04 21:03:16.977 I/ReactNativeJS(27948): [VROOM-TEL] 2026-06-04T19:03:16.977Z | DRIVE_TRACE_FEED | {"t":1780599796977,"seq":1294,"gpsTickId":1780599796945,"gpsTickAgeMs":1,"lat":51.365949,"lng":19.369692,"hdg":355,"durationMs":1200,"speedKmh":53.7}
06-04 21:03:16.977 I/ReactNativeJS(27948): [VROOM-TEL] 2026-06-04T19:03:16.977Z | DRIVE_TRACE_TICK | {"t":1780599796977,"seq":1295,"gpsTickId":1780599796945,"gpsTickAgeMs":1,"rawLat":51.366081,"rawLng":19.36969,"snapLat":51.365949,"snapLng":19.369692,"markerLat":51.365949,"markerLng":19.369692,"markerHdg":355,"markerSvLat":51.365717,"markerSvLng":19.369689,"markerSvHdg":349,"accM":4,"hudKmh":53.7,"engineKmh":53.7,"dopplerKmh":50.8,"feedDurMs":1200,"cadenceMs":1013,"feedSpeedMs":14.9,"isNavigating":false,"isFreeDrive":true,"isMoving":true,"feedSkipGate":false,"feedAccepted":true,"feedHeadingOnly":false,"source":"drive_core_v2"}
06-04 21:03:16.977 I/ReactNativeJS(27948): [VROOM-TEL] 2026-06-04T19:03:16.977Z | GPS_ACCEPT | {"lat":51.366081,"lng":19.36969,"acc":4,"speedKmh":50.8,"gpsLock":true}
06-04 21:03:17.000 I/ReactNativeJS(27948): [VROOM-TEL] 2026-06-04T19:03:17.000Z | DRIVE_TRACE_CAMERA | {"t":1780599797000,"seq":1296,"gpsTickId":1780599796945,"gpsTickAgeMs":24,"lat":51.365722,"lng":19.369689,"hdg":0,"speedKmh":53.7,"exploring":false,"frameMoveM":0}
06-04 21:03:17.336 I/ReactNativeJS(27948): [VROOM-TEL] 2026-06-04T19:03:17.336Z | DRIVE_TRACE_CAMERA | {"t":1780599797336,"seq":1297,"gpsTickId":1780599796945,"gpsTickAgeMs":360,"lat":51.365773,"lng":19.36969,"hdg":353,"speedKmh":53.7,"exploring":false,"frameMoveM":0}
06-04 21:03:17.512 I/ReactNativeJS(27948): [VROOM-TEL] 2026-06-04T19:03:17.512Z | CAMERA_HEADING | {"t":1780599797512,"speedKmh":54,"movedM":2.49,"moveBearing":0,"snapHdg":0,"headingOut":0,"flipFromPrevDeg":14,"lookaheadM":42,"nativeFollow":true}
06-04 21:03:17.513 I/ReactNativeJS(27948): [VROOM-TEL] 2026-06-04T19:03:17.513Z | CAM_FOLLOW_PUSH | {"t":1780599797513,"lat":51.365802,"lng":19.36969,"hdg":353,"snapHdg":355,"speedKmh":54,"exploring":false,"source":"drive_marker_sv_60fps"}
06-04 21:03:17.652 I/ReactNativeJS(27948): [VROOM-TEL] 2026-06-04T19:03:17.652Z | DRIVE_TRACE_CAMERA | {"t":1780599797652,"seq":1298,"gpsTickId":1780599796945,"gpsTickAgeMs":676,"lat":51.365847,"lng":19.369691,"hdg":0,"speedKmh":53.7,"exploring":false,"frameMoveM":0}
06-04 21:03:17.967 I/ReactNativeJS(27948): [VROOM-TEL] 2026-06-04T19:03:17.967Z | DRIVE_TRACE_CAMERA | {"t":1780599797967,"seq":1299,"gpsTickId":1780599796945,"gpsTickAgeMs":991,"lat":51.365908,"lng":19.369692,"hdg":0,"speedKmh":53.7,"exploring":false,"frameMoveM":0}
06-04 21:03:17.971 I/ReactNativeJS(27948): [VROOM-TEL] 2026-06-04T19:03:17.971Z | RAW_GPS_TICK | {"t":1780599797971,"gpsTickId":1780599797944,"gpsTickAgeMs":0,"lat":51.366206,"lng":19.369674,"speed":14.1,"speedKmh":50.8,"accuracy":4,"osTimestamp":1780599797944,"tripActive":true,"appState":"active"}
06-04 21:03:17.971 I/ReactNativeJS(27948): [VROOM-TEL] 2026-06-04T19:03:17.971Z | DRIVE_TRACE_RAW | {"t":1780599797971,"seq":1300,"gpsTickId":1780599797944,"gpsTickAgeMs":0,"rawLat":51.366206,"rawLng":19.369674,"accM":4,"speedKmh":50.8,"speedMs":14.1,"heading":354,"tripActive":true,"driving":true,"navigating":false,"osTimestamp":1780599797944}
06-04 21:03:17.972 I/ReactNativeJS(27948): [VROOM-TEL] 2026-06-04T19:03:17.972Z | DRIVE_TRACE_FEED | {"t":1780599797972,"seq":1301,"gpsTickId":1780599797944,"gpsTickAgeMs":1,"lat":51.366039,"lng":19.369686,"hdg":355,"durationMs":698,"speedKmh":52.1}
06-04 21:03:17.972 I/ReactNativeJS(27948): [VROOM-TEL] 2026-06-04T19:03:17.972Z | DRIVE_TRACE_TICK | {"t":1780599797972,"seq":1302,"gpsTickId":1780599797944,"gpsTickAgeMs":1,"rawLat":51.366206,"rawLng":19.369674,"snapLat":51.366039,"snapLng":19.369686,"markerLat":51.366039,"markerLng":19.369686,"markerHdg":355,"markerSvLat":51.365908,"markerSvLng":19.369692,"markerSvHdg":0,"accM":4,"hudKmh":52.1,"engineKmh":52.1,"dopplerKmh":50.8,"feedDurMs":698,"cadenceMs":1007,"feedSpeedMs":14.5,"isNavigating":false,"isFreeDrive":true,"isMoving":true,"feedSkipGate":false,"feedAccepted":true,"feedHeadingOnly":false,"source":"drive_core_v2"}
06-04 21:03:17.972 I/ReactNativeJS(27948): [VROOM-TEL] 2026-06-04T19:03:17.972Z | GPS_ACCEPT | {"lat":51.366206,"lng":19.369674,"acc":4,"speedKmh":50.8,"gpsLock":true}
06-04 21:03:18.267 I/ReactNativeJS(27948): [VROOM-TEL] 2026-06-04T19:03:18.267Z | DRIVE_TRACE_CAMERA | {"t":1780599798267,"seq":1303,"gpsTickId":1780599797944,"gpsTickAgeMs":296,"lat":51.365963,"lng":19.369689,"hdg":359,"speedKmh":52.1,"exploring":false,"frameMoveM":0}
06-04 21:03:18.317 I/ReactNativeJS(27948): [VROOM-TEL] 2026-06-04T19:03:18.317Z | CAM_FOLLOW_PUSH | {"t":1780599798317,"lat":51.365973,"lng":19.369689,"hdg":359,"snapHdg":355,"speedKmh":52,"exploring":false,"source":"drive_marker_sv_60fps"}
06-04 21:03:18.567 I/ReactNativeJS(27948): [VROOM-TEL] 2026-06-04T19:03:18.567Z | DRIVE_TRACE_CAMERA | {"t":1780599798567,"seq":1304,"gpsTickId":1780599797944,"gpsTickAgeMs":596,"lat":51.36602,"lng":19.369687,"hdg":359,"speedKmh":52.1,"exploring":false,"frameMoveM":0}
06-04 21:03:18.617 I/ReactNativeJS(27948): [VROOM-TEL] 2026-06-04T19:03:18.617Z | CAMERA_HEADING | {"t":1780599798617,"speedKmh":52,"movedM":0.34,"moveBearing":359,"snapHdg":359,"headingOut":359,"flipFromPrevDeg":0,"lookaheadM":42,"nativeFollow":true}
06-04 21:03:18.967 I/ReactNativeJS(27948): [VROOM-TEL] 2026-06-04T19:03:18.967Z | RAW_GPS_TICK | {"t":1780599798967,"gpsTickId":1780599798945,"gpsTickAgeMs":0,"lat":51.366332,"lng":19.369653,"speed":14.19,"speedKmh":51.1,"accuracy":4,"osTimestamp":1780599798945,"tripActive":true,"appState":"active"}
06-04 21:03:18.967 I/ReactNativeJS(27948): [VROOM-TEL] 2026-06-04T19:03:18.967Z | DRIVE_TRACE_RAW | {"t":1780599798967,"seq":1305,"gpsTickId":1780599798945,"gpsTickAgeMs":0,"rawLat":51.366332,"rawLng":19.369653,"accM":4,"speedKmh":51.1,"speedMs":14.2,"heading":354,"tripActive":true,"driving":true,"navigating":false,"osTimestamp":1780599798945}
06-04 21:03:18.969 I/ReactNativeJS(27948): [VROOM-TEL] 2026-06-04T19:03:18.969Z | DRIVE_TRACE_FEED | {"t":1780599798969,"seq":1306,"gpsTickId":1780599798945,"gpsTickAgeMs":2,"lat":51.366129,"lng":19.369677,"hdg":355,"durationMs":701,"speedKmh":51.2}
06-04 21:03:18.969 I/ReactNativeJS(27948): [VROOM-TEL] 2026-06-04T19:03:18.969Z | DRIVE_TRACE_TICK | {"t":1780599798969,"seq":1307,"gpsTickId":1780599798945,"gpsTickAgeMs":2,"rawLat":51.366332,"rawLng":19.369653,"snapLat":51.366129,"snapLng":19.369677,"markerLat":51.366129,"markerLng":19.369677,"markerHdg":355,"markerSvLat":51.366063,"markerSvLng":19.369686,"markerSvHdg":0,"accM":4,"hudKmh":51.2,"engineKmh":51.2,"dopplerKmh":51.1,"feedDurMs":701,"cadenceMs":1003,"feedSpeedMs":14.2,"isNavigating":false,"isFreeDrive":true,"isMoving":true,"feedSkipGate":false,"feedAccepted":true,"feedHeadingOnly":false,"source":"drive_core_v2"}
06-04 21:03:18.970 I/ReactNativeJS(27948): [VROOM-TEL] 2026-06-04T19:03:18.970Z | GPS_ACCEPT | {"lat":51.366332,"lng":19.369653,"acc":4,"speedKmh":51.1,"gpsLock":true}
06-04 21:03:19.018 I/ReactNativeJS(27948): [VROOM-TEL] 2026-06-04T19:03:19.018Z | DRIVE_TRACE_CAMERA | {"t":1780599799018,"seq":1308,"gpsTickId":1780599798945,"gpsTickAgeMs":51,"lat":51.366065,"lng":19.369686,"hdg":5,"speedKmh":51.2,"exploring":false,"frameMoveM":0}
06-04 21:03:19.117 I/ReactNativeJS(27948): [VROOM-TEL] 2026-06-04T19:03:19.117Z | CAM_FOLLOW_PUSH | {"t":1780599799117,"lat":51.366077,"lng":19.369684,"hdg":355,"snapHdg":355,"speedKmh":51,"exploring":false,"source":"drive_marker_sv_60fps"}
06-04 21:03:19.334 I/ReactNativeJS(27948): [VROOM-TEL] 2026-06-04T19:03:19.334Z | DRIVE_TRACE_CAMERA | {"t":1780599799334,"seq":1309,"gpsTickId":1780599798945,"gpsTickAgeMs":367,"lat":51.366097,"lng":19.369681,"hdg":355,"speedKmh":51.2,"exploring":false,"frameMoveM":0}
06-04 21:03:19.650 I/ReactNativeJS(27948): [VROOM-TEL] 2026-06-04T19:03:19.650Z | DRIVE_TRACE_CAMERA | {"t":1780599799650,"seq":1310,"gpsTickId":1780599798945,"gpsTickAgeMs":683,"lat":51.366127,"lng":19.369677,"hdg":355,"speedKmh":51.2,"exploring":false,"frameMoveM":0}
06-04 21:03:19.717 I/ReactNativeJS(27948): [VROOM-TEL] 2026-06-04T19:03:19.717Z | CAMERA_HEADING | {"t":1780599799717,"speedKmh":51,"movedM":0.24,"moveBearing":357,"snapHdg":355,"headingOut":357,"flipFromPrevDeg":2,"lookaheadM":42,"nativeFollow":true}
06-04 21:03:19.961 I/ReactNativeJS(27948): [VROOM-TEL] 2026-06-04T19:03:19.961Z | RAW_GPS_TICK | {"t":1780599799961,"gpsTickId":1780599799945,"gpsTickAgeMs":0,"lat":51.366459,"lng":19.369635,"speed":14.22,"speedKmh":51.2,"accuracy":4,"osTimestamp":1780599799945,"tripActive":true,"appState":"active"}
06-04 21:03:19.961 I/ReactNativeJS(27948): [VROOM-TEL] 2026-06-04T19:03:19.961Z | DRIVE_TRACE_RAW | {"t":1780599799961,"seq":1311,"gpsTickId":1780599799945,"gpsTickAgeMs":0,"rawLat":51.366459,"rawLng":19.369635,"accM":4,"speedKmh":51.2,"speedMs":14.2,"heading":354,"tripActive":true,"driving":true,"navigating":false,"osTimestamp":1780599799945}
06-04 21:03:19.964 I/ReactNativeJS(27948): [VROOM-TEL] 2026-06-04T19:03:19.964Z | DRIVE_TRACE_FEED | {"t":1780599799964,"seq":1312,"gpsTickId":1780599799945,"gpsTickAgeMs":3,"lat":51.366218,"lng":19.369666,"hdg":355,"durationMs":701,"speedKmh":51.2}
06-04 21:03:19.965 I/ReactNativeJS(27948): [VROOM-TEL] 2026-06-04T19:03:19.965Z | DRIVE_TRACE_TICK | {"t":1780599799965,"seq":1313,"gpsTickId":1780599799945,"gpsTickAgeMs":4,"rawLat":51.366459,"rawLng":19.369635,"snapLat":51.366218,"snapLng":19.369666,"markerLat":51.366218,"markerLng":19.369666,"markerHdg":355,"markerSvLat":51.366152,"markerSvLng":19.369676,"markerSvHdg":359,"accM":4,"hudKmh":51.2,"engineKmh":51,"dopplerKmh":51.2,"feedDurMs":701,"cadenceMs":1000,"feedSpeedMs":14.2,"isNavigating":false,"isFreeDrive":true,"isMoving":true,"feedSkipGate":false,"feedAccepted":true,"feedHeadingOnly":false,"source":"drive_core_v2"}
06-04 21:03:19.965 I/ReactNativeJS(27948): [VROOM-TEL] 2026-06-04T19:03:19.965Z | GPS_ACCEPT | {"lat":51.366459,"lng":19.369635,"acc":4,"speedKmh":51.3,"gpsLock":true}
06-04 21:03:20.010 I/ReactNativeJS(27948): [VROOM-TEL] 2026-06-04T19:03:20.010Z | CAM_FOLLOW_PUSH | {"t":1780599800010,"lat":51.366154,"lng":19.369676,"hdg":358,"snapHdg":355,"speedKmh":51,"exploring":false,"source":"drive_marker_sv_60fps"}
06-04 21:03:20.010 I/ReactNativeJS(27948): [VROOM-TEL] 2026-06-04T19:03:20.010Z | DRIVE_TRACE_CAMERA | {"t":1780599800010,"seq":1314,"gpsTickId":1780599799945,"gpsTickAgeMs":49,"lat":51.366154,"lng":19.369676,"hdg":358,"speedKmh":51.2,"exploring":false,"frameMoveM":0}
06-04 21:03:20.317 I/ReactNativeJS(27948): [VROOM-TEL] 2026-06-04T19:03:20.316Z | DRIVE_TRACE_CAMERA | {"t":1780599800316,"seq":1315,"gpsTickId":1780599799945,"gpsTickAgeMs":355,"lat":51.366185,"lng":19.369671,"hdg":355,"speedKmh":51.2,"exploring":false,"frameMoveM":0}
06-04 21:03:20.617 I/ReactNativeJS(27948): [VROOM-TEL] 2026-06-04T19:03:20.617Z | DRIVE_TRACE_CAMERA | {"t":1780599800617,"seq":1316,"gpsTickId":1780599799945,"gpsTickAgeMs":656,"lat":51.366214,"lng":19.369667,"hdg":355,"speedKmh":51.2,"exploring":false,"frameMoveM":0}
06-04 21:03:20.817 I/ReactNativeJS(27948): [VROOM-TEL] 2026-06-04T19:03:20.817Z | CAMERA_HEADING | {"t":1780599800817,"speedKmh":51,"movedM":0.24,"moveBearing":359,"snapHdg":359,"headingOut":359,"flipFromPrevDeg":0,"lookaheadM":42,"nativeFollow":true}
06-04 21:03:20.817 I/ReactNativeJS(27948): [VROOM-TEL] 2026-06-04T19:03:20.817Z | CAM_FOLLOW_PUSH | {"t":1780599800817,"lat":51.366237,"lng":19.369665,"hdg":359,"snapHdg":355,"speedKmh":51,"exploring":false,"source":"drive_marker_sv_60fps"}
06-04 21:03:20.967 I/ReactNativeJS(27948): [VROOM-TEL] 2026-06-04T19:03:20.967Z | RAW_GPS_TICK | {"t":1780599800967,"gpsTickId":1780599800944,"gpsTickAgeMs":0,"lat":51.366586,"lng":19.369611,"speed":14.2,"speedKmh":51.1,"accuracy":4,"osTimestamp":1780599800944,"tripActive":true,"appState":"active"}
06-04 21:03:20.967 I/ReactNativeJS(27948): [VROOM-TEL] 2026-06-04T19:03:20.967Z | DRIVE_TRACE_RAW | {"t":1780599800967,"seq":1317,"gpsTickId":1780599800944,"gpsTickAgeMs":0,"rawLat":51.366586,"rawLng":19.369611,"accM":4,"speedKmh":51.1,"speedMs":14.2,"heading":353,"tripActive":true,"driving":true,"navigating":false,"osTimestamp":1780599800944}
06-04 21:03:20.969 I/ReactNativeJS(27948): [VROOM-TEL] 2026-06-04T19:03:20.968Z | DRIVE_TRACE_FEED | {"t":1780599800968,"seq":1318,"gpsTickId":1780599800944,"gpsTickAgeMs":1,"lat":51.366307,"lng":19.369653,"hdg":354,"durationMs":701,"speedKmh":51.1}
06-04 21:03:20.969 I/ReactNativeJS(27948): [VROOM-TEL] 2026-06-04T19:03:20.969Z | DRIVE_TRACE_TICK | {"t":1780599800969,"seq":1319,"gpsTickId":1780599800944,"gpsTickAgeMs":2,"rawLat":51.366586,"rawLng":19.369611,"snapLat":51.366307,"snapLng":19.369653,"markerLat":51.366307,"markerLng":19.369653,"markerHdg":354,"markerSvLat":51.366242,"markerSvLng":19.369665,"markerSvHdg":359,"accM":4,"hudKmh":51.1,"engineKmh":51.1,"dopplerKmh":51.1,"feedDurMs":701,"cadenceMs":1002,"feedSpeedMs":14.2,"isNavigating":false,"isFreeDrive":true,"isMoving":true,"feedSkipGate":false,"feedAccepted":true,"feedHeadingOnly":false,"source":"drive_core_v2"}
06-04 21:03:20.969 I/ReactNativeJS(27948): [VROOM-TEL] 2026-06-04T19:03:20.969Z | GPS_ACCEPT | {"lat":51.366586,"lng":19.369611,"acc":4,"speedKmh":51.1,"gpsLock":true}
06-04 21:03:21.043 I/ReactNativeJS(27948): [VROOM-TEL] 2026-06-04T19:03:21.043Z | DRIVE_TRACE_CAMERA | {"t":1780599801043,"seq":1320,"gpsTickId":1780599800944,"gpsTickAgeMs":76,"lat":51.366245,"lng":19.369664,"hdg":358,"speedKmh":51.1,"exploring":false,"frameMoveM":0}
06-04 21:03:21.350 I/ReactNativeJS(27948): [VROOM-TEL] 2026-06-04T19:03:21.350Z | DRIVE_TRACE_CAMERA | {"t":1780599801350,"seq":1321,"gpsTickId":1780599800944,"gpsTickAgeMs":383,"lat":51.366277,"lng":19.369659,"hdg":354,"speedKmh":51.1,"exploring":false,"frameMoveM":0}
06-04 21:03:21.617 I/ReactNativeJS(27948): [VROOM-TEL] 2026-06-04T19:03:21.617Z | CAM_FOLLOW_PUSH | {"t":1780599801617,"lat":51.366303,"lng":19.369654,"hdg":354,"snapHdg":354,"speedKmh":51,"exploring":false,"source":"drive_marker_sv_60fps"}
06-04 21:03:21.650 I/ReactNativeJS(27948): [VROOM-TEL] 2026-06-04T19:03:21.650Z | DRIVE_TRACE_CAMERA | {"t":1780599801650,"seq":1322,"gpsTickId":1780599800944,"gpsTickAgeMs":683,"lat":51.366306,"lng":19.369654,"hdg":354,"speedKmh":51.1,"exploring":false,"frameMoveM":0}
06-04 21:03:21.961 I/ReactNativeJS(27948): [VROOM-TEL] 2026-06-04T19:03:21.961Z | RAW_GPS_TICK | {"t":1780599801961,"gpsTickId":1780599801943,"gpsTickAgeMs":0,"lat":51.366715,"lng":19.369585,"speed":14.18,"speedKmh":51,"accuracy":4,"osTimestamp":1780599801943,"tripActive":true,"appState":"active"}
06-04 21:03:21.961 I/ReactNativeJS(27948): [VROOM-TEL] 2026-06-04T19:03:21.961Z | DRIVE_TRACE_RAW | {"t":1780599801961,"seq":1323,"gpsTickId":1780599801943,"gpsTickAgeMs":0,"rawLat":51.366715,"rawLng":19.369585,"accM":4,"speedKmh":51,"speedMs":14.2,"heading":353,"tripActive":true,"driving":true,"navigating":false,"osTimestamp":1780599801943}
06-04 21:03:21.963 I/ReactNativeJS(27948): [VROOM-TEL] 2026-06-04T19:03:21.963Z | DRIVE_TRACE_FEED | {"t":1780599801963,"seq":1324,"gpsTickId":1780599801943,"gpsTickAgeMs":2,"lat":51.366572,"lng":19.369611,"hdg":353,"durationMs":1200,"speedKmh":51.2}
06-04 21:03:21.964 I/ReactNativeJS(27948): [VROOM-TEL] 2026-06-04T19:03:21.964Z | DRIVE_TRACE_TICK | {"t":1780599801964,"seq":1325,"gpsTickId":1780599801943,"gpsTickAgeMs":3,"rawLat":51.366715,"rawLng":19.369585,"snapLat":51.366572,"snapLng":19.369611,"markerLat":51.366572,"markerLng":19.369611,"markerHdg":353,"markerSvLat":51.366331,"markerSvLng":19.369652,"markerSvHdg":358,"accM":4,"hudKmh":51.2,"engineKmh":51.2,"dopplerKmh":51,"feedDurMs":1200,"cadenceMs":999,"feedSpeedMs":14.2,"isNavigating":false,"isFreeDrive":true,"isMoving":true,"feedSkipGate":false,"feedAccepted":true,"feedHeadingOnly":false,"source":"drive_core_v2"}
06-04 21:03:21.964 I/ReactNativeJS(27948): [VROOM-TEL] 2026-06-04T19:03:21.964Z | GPS_ACCEPT | {"lat":51.366715,"lng":19.369585,"acc":4,"speedKmh":52.1,"gpsLock":true}
06-04 21:03:22.007 I/ReactNativeJS(27948): [VROOM-TEL] 2026-06-04T19:03:22.007Z | CAMERA_HEADING | {"t":1780599802007,"speedKmh":51,"movedM":0.81,"moveBearing":null,"snapHdg":354,"headingOut":354,"flipFromPrevDeg":4,"lookaheadM":42,"nativeFollow":true}
06-04 21:03:22.010 I/ReactNativeJS(27948): [VROOM-TEL] 2026-06-04T19:03:22.010Z | DRIVE_TRACE_CAMERA | {"t":1780599802010,"seq":1326,"gpsTickId":1780599801943,"gpsTickAgeMs":49,"lat":51.366335,"lng":19.369651,"hdg":351,"speedKmh":51.2,"exploring":false,"frameMoveM":0}
06-04 21:03:22.324 I/ReactNativeJS(27948): [VROOM-TEL] 2026-06-04T19:03:22.324Z | DRIVE_TRACE_CAMERA | {"t":1780599802324,"seq":1327,"gpsTickId":1780599801943,"gpsTickAgeMs":363,"lat":51.366398,"lng":19.36964,"hdg":351,"speedKmh":51.2,"exploring":false,"frameMoveM":0}
06-04 21:03:22.433 I/ReactNativeJS(27948): [VROOM-TEL] 2026-06-04T19:03:22.433Z | CAM_FOLLOW_PUSH | {"t":1780599802433,"lat":51.366425,"lng":19.369636,"hdg":354,"snapHdg":353,"speedKmh":51,"exploring":false,"source":"drive_marker_sv_60fps"}
06-04 21:03:22.634 I/ReactNativeJS(27948): [VROOM-TEL] 2026-06-04T19:03:22.633Z | DRIVE_TRACE_CAMERA | {"t":1780599802633,"seq":1328,"gpsTickId":1780599801943,"gpsTickAgeMs":672,"lat":51.366465,"lng":19.369629,"hdg":354,"speedKmh":51.2,"exploring":false,"frameMoveM":0}
06-04 21:03:22.933 I/ReactNativeJS(27948): [VROOM-TEL] 2026-06-04T19:03:22.933Z | DRIVE_TRACE_CAMERA | {"t":1780599802933,"seq":1329,"gpsTickId":1780599801943,"gpsTickAgeMs":972,"lat":51.366525,"lng":19.369619,"hdg":354,"speedKmh":51.2,"exploring":false,"frameMoveM":0}
06-04 21:03:22.971 I/ReactNativeJS(27948): [VROOM-TEL] 2026-06-04T19:03:22.971Z | RAW_GPS_TICK | {"t":1780599802971,"gpsTickId":1780599802945,"gpsTickAgeMs":0,"lat":51.366841,"lng":19.369561,"speed":14.17,"speedKmh":51,"accuracy":4,"osTimestamp":1780599802945,"tripActive":true,"appState":"active"}
06-04 21:03:22.971 I/ReactNativeJS(27948): [VROOM-TEL] 2026-06-04T19:03:22.971Z | DRIVE_TRACE_RAW | {"t":1780599802971,"seq":1330,"gpsTickId":1780599802945,"gpsTickAgeMs":0,"rawLat":51.366841,"rawLng":19.369561,"accM":4,"speedKmh":51,"speedMs":14.2,"heading":353,"tripActive":true,"driving":true,"navigating":false,"osTimestamp":1780599802945}
06-04 21:03:22.973 I/ReactNativeJS(27948): [VROOM-TEL] 2026-06-04T19:03:22.973Z | DRIVE_TRACE_FEED | {"t":1780599802973,"seq":1331,"gpsTickId":1780599802945,"gpsTickAgeMs":2,"lat":51.366661,"lng":19.369594,"hdg":353,"durationMs":701,"speedKmh":51.2}
06-04 21:03:22.973 I/ReactNativeJS(27948): [VROOM-TEL] 2026-06-04T19:03:22.973Z | DRIVE_TRACE_TICK | {"t":1780599802973,"seq":1332,"gpsTickId":1780599802945,"gpsTickAgeMs":2,"rawLat":51.366841,"rawLng":19.369561,"snapLat":51.366661,"snapLng":19.369594,"markerLat":51.366661,"markerLng":19.369594,"markerHdg":353,"markerSvLat":51.366532,"markerSvLng":19.369617,"markerSvHdg":354,"accM":4,"hudKmh":51.2,"engineKmh":51.2,"dopplerKmh":51,"feedDurMs":701,"cadenceMs":1003,"feedSpeedMs":14.2,"isNavigating":false,"isFreeDrive":true,"isMoving":true,"feedSkipGate":false,"feedAccepted":true,"feedHeadingOnly":false,"source":"drive_core_v2"}
06-04 21:03:22.973 I/ReactNativeJS(27948): [VROOM-TEL] 2026-06-04T19:03:22.973Z | GPS_ACCEPT | {"lat":51.366841,"lng":19.369561,"acc":4,"speedKmh":51,"gpsLock":true}
06-04 21:03:23.133 I/ReactNativeJS(27948): [VROOM-TEL] 2026-06-04T19:03:23.133Z | CAMERA_HEADING | {"t":1780599803133,"speedKmh":51,"movedM":1.03,"moveBearing":354,"snapHdg":354,"headingOut":354,"flipFromPrevDeg":14,"lookaheadM":42,"nativeFollow":true}
06-04 21:03:23.246 I/ReactNativeJS(27948): [VROOM-TEL] 2026-06-04T19:03:23.246Z | CAM_FOLLOW_PUSH | {"t":1780599803246,"lat":51.366568,"lng":19.369611,"hdg":351,"snapHdg":353,"speedKmh":51,"exploring":false,"source":"drive_marker_sv_60fps"}
06-04 21:03:23.246 I/ReactNativeJS(27948): [VROOM-TEL] 2026-06-04T19:03:23.246Z | DRIVE_TRACE_CAMERA | {"t":1780599803246,"seq":1333,"gpsTickId":1780599802945,"gpsTickAgeMs":275,"lat":51.366568,"lng":19.369611,"hdg":351,"speedKmh":51.2,"exploring":false,"frameMoveM":0}
06-04 21:03:23.550 I/ReactNativeJS(27948): [VROOM-TEL] 2026-06-04T19:03:23.550Z | DRIVE_TRACE_CAMERA | {"t":1780599803550,"seq":1334,"gpsTickId":1780599802945,"gpsTickAgeMs":579,"lat":51.366638,"lng":19.369598,"hdg":354,"speedKmh":51.2,"exploring":false,"frameMoveM":0}
06-04 21:03:23.851 I/ReactNativeJS(27948): [VROOM-TEL] 2026-06-04T19:03:23.850Z | DRIVE_TRACE_CAMERA | {"t":1780599803850,"seq":1335,"gpsTickId":1780599802945,"gpsTickAgeMs":879,"lat":51.366682,"lng":19.369591,"hdg":354,"speedKmh":51.2,"exploring":false,"frameMoveM":0}
06-04 21:03:23.967 I/ReactNativeJS(27948): [VROOM-TEL] 2026-06-04T19:03:23.967Z | RAW_GPS_TICK | {"t":1780599803967,"gpsTickId":1780599803944,"gpsTickAgeMs":0,"lat":51.366967,"lng":19.369538,"speed":14.12,"speedKmh":50.8,"accuracy":4,"osTimestamp":1780599803944,"tripActive":true,"appState":"active"}
06-04 21:03:23.967 I/ReactNativeJS(27948): [VROOM-TEL] 2026-06-04T19:03:23.967Z | DRIVE_TRACE_RAW | {"t":1780599803967,"seq":1336,"gpsTickId":1780599803944,"gpsTickAgeMs":0,"rawLat":51.366967,"rawLng":19.369538,"accM":4,"speedKmh":50.8,"speedMs":14.1,"heading":353,"tripActive":true,"driving":true,"navigating":false,"osTimestamp":1780599803944}
06-04 21:03:23.969 I/ReactNativeJS(27948): [VROOM-TEL] 2026-06-04T19:03:23.969Z | DRIVE_TRACE_FEED | {"t":1780599803969,"seq":1337,"gpsTickId":1780599803944,"gpsTickAgeMs":2,"lat":51.36675,"lng":19.369578,"hdg":353,"durationMs":701,"speedKmh":51.1}
06-04 21:03:23.970 I/ReactNativeJS(27948): [VROOM-TEL] 2026-06-04T19:03:23.970Z | DRIVE_TRACE_TICK | {"t":1780599803970,"seq":1338,"gpsTickId":1780599803944,"gpsTickAgeMs":3,"rawLat":51.366967,"rawLng":19.369538,"snapLat":51.36675,"snapLng":19.369578,"markerLat":51.36675,"markerLng":19.369578,"markerHdg":353,"markerSvLat":51.366684,"markerSvLng":19.36959,"markerSvHdg":354,"accM":4,"hudKmh":51.1,"engineKmh":51.1,"dopplerKmh":50.8,"feedDurMs":701,"cadenceMs":1001,"feedSpeedMs":14.2,"isNavigating":false,"isFreeDrive":true,"isMoving":true,"feedSkipGate":false,"feedAccepted":true,"feedHeadingOnly":false,"source":"drive_core_v2"}
06-04 21:03:23.970 I/ReactNativeJS(27948): [VROOM-TEL] 2026-06-04T19:03:23.970Z | GPS_ACCEPT | {"lat":51.366967,"lng":19.369538,"acc":4,"speedKmh":51,"gpsLock":true}
06-04 21:03:24.050 I/ReactNativeJS(27948): [VROOM-TEL] 2026-06-04T19:03:24.050Z | CAM_FOLLOW_PUSH | {"t":1780599804050,"lat":51.366691,"lng":19.369589,"hdg":353,"snapHdg":353,"speedKmh":51,"exploring":false,"source":"drive_marker_sv_60fps"}
06-04 21:03:24.223 I/ReactNativeJS(27948): [VROOM-TEL] 2026-06-04T19:03:24.223Z | DRIVE_TRACE_CAMERA | {"t":1780599804223,"seq":1339,"gpsTickId":1780599803944,"gpsTickAgeMs":256,"lat":51.366699,"lng":19.369587,"hdg":351,"speedKmh":51.1,"exploring":false,"frameMoveM":0}
06-04 21:03:24.249 I/ReactNativeJS(27948): [VROOM-TEL] 2026-06-04T19:03:24.249Z | CAMERA_HEADING | {"t":1780599804249,"speedKmh":51,"movedM":1.21,"moveBearing":353,"snapHdg":353,"headingOut":353,"flipFromPrevDeg":14,"lookaheadM":42,"nativeFollow":true}
06-04 21:03:24.333 I/ReactNativeJS(27948): [VROOM-TEL] 2026-06-04T19:03:24.333Z | DRIVE_HEALTH | {"t":1780599804333,"mode":"driving","speedHudKmh":51.1,"speedPipeKmh":51.1,"gpsAgeMs":366,"drAgeMs":364,"gpsToDriftM":24,"snapAnchorDriftM":0,"offRoute":false,"reroutePending":false,"rerouteLoading":false,"hasRoutePts":0}
06-04 21:03:24.334 I/ReactNativeJS(27948): [VROOM-TEL] 2026-06-04T19:03:24.334Z | DRIVE_TRACE_HEARTBEAT | {"t":1780599804334,"seq":1340,"gpsTickId":1780599803944,"gpsTickAgeMs":367,"driving":true,"navigating":false,"tripActive":true,"lat":51.3669671,"lng":19.3695382,"gpsAgeMs":367}
06-04 21:03:24.533 I/ReactNativeJS(27948): [VROOM-TEL] 2026-06-04T19:03:24.533Z | DRIVE_TRACE_CAMERA | {"t":1780599804533,"seq":1341,"gpsTickId":1780599803944,"gpsTickAgeMs":566,"lat":51.366737,"lng":19.36958,"hdg":353,"speedKmh":51.1,"exploring":false,"frameMoveM":0}
06-04 21:03:24.834 I/ReactNativeJS(27948): [VROOM-TEL] 2026-06-04T19:03:24.834Z | DRIVE_TRACE_CAMERA | {"t":1780599804834,"seq":1342,"gpsTickId":1780599803944,"gpsTickAgeMs":867,"lat":51.366769,"lng":19.369575,"hdg":353,"speedKmh":51.1,"exploring":false,"frameMoveM":0}
06-04 21:03:24.850 I/ReactNativeJS(27948): [VROOM-TEL] 2026-06-04T19:03:24.850Z | CAM_FOLLOW_PUSH | {"t":1780599804850,"lat":51.366771,"lng":19.369574,"hdg":353,"snapHdg":353,"speedKmh":51,"exploring":false,"source":"drive_marker_sv_60fps"}
06-04 21:03:24.970 I/ReactNativeJS(27948): [VROOM-TEL] 2026-06-04T19:03:24.970Z | RAW_GPS_TICK | {"t":1780599804970,"gpsTickId":1780599804944,"gpsTickAgeMs":0,"lat":51.367093,"lng":19.369514,"speed":13.97,"speedKmh":50.3,"accuracy":4,"osTimestamp":1780599804944,"tripActive":true,"appState":"active"}
06-04 21:03:24.970 I/ReactNativeJS(27948): [VROOM-TEL] 2026-06-04T19:03:24.970Z | DRIVE_TRACE_RAW | {"t":1780599804970,"seq":1343,"gpsTickId":1780599804944,"gpsTickAgeMs":0,"rawLat":51.367093,"rawLng":19.369514,"accM":4,"speedKmh":50.3,"speedMs":14,"heading":353,"tripActive":true,"driving":true,"navigating":false,"osTimestamp":1780599804944}
06-04 21:03:24.974 I/ReactNativeJS(27948): [VROOM-TEL] 2026-06-04T19:03:24.974Z | DRIVE_TRACE_FEED | {"t":1780599804974,"seq":1344,"gpsTickId":1780599804944,"gpsTickAgeMs":4,"lat":51.366838,"lng":19.369562,"hdg":353,"durationMs":702,"speedKmh":50.8}
06-04 21:03:24.974 I/ReactNativeJS(27948): [VROOM-TEL] 2026-06-04T19:03:24.974Z | DRIVE_TRACE_TICK | {"t":1780599804974,"seq":1345,"gpsTickId":1780599804944,"gpsTickAgeMs":4,"rawLat":51.367093,"rawLng":19.369514,"snapLat":51.366838,"snapLng":19.369562,"markerLat":51.366838,"markerLng":19.369562,"markerHdg":353,"markerSvLat":51.366773,"markerSvLng":19.369574,"markerSvHdg":353,"accM":4,"hudKmh":50.8,"engineKmh":50.8,"dopplerKmh":50.3,"feedDurMs":702,"cadenceMs":1002,"feedSpeedMs":14.1,"isNavigating":false,"isFreeDrive":true,"isMoving":true,"feedSkipGate":false,"feedAccepted":true,"feedHeadingOnly":false,"source":"drive_core_v2"}
06-04 21:03:24.974 I/ReactNativeJS(27948): [VROOM-TEL] 2026-06-04T19:03:24.974Z | GPS_ACCEPT | {"lat":51.367093,"lng":19.369514,"acc":4,"speedKmh":50.8,"gpsLock":true}
06-04 21:03:25.134 I/ReactNativeJS(27948): [VROOM-TEL] 2026-06-04T19:03:25.134Z | DRIVE_TRACE_CAMERA | {"t":1780599805134,"seq":1346,"gpsTickId":1780599804944,"gpsTickAgeMs":164,"lat":51.366788,"lng":19.369571,"hdg":353,"speedKmh":50.8,"exploring":false,"frameMoveM":0}
06-04 21:03:25.350 I/ReactNativeJS(27948): [VROOM-TEL] 2026-06-04T19:03:25.350Z | CAMERA_HEADING | {"t":1780599805350,"speedKmh":51,"movedM":0.18,"moveBearing":353,"snapHdg":353,"headingOut":353,"flipFromPrevDeg":0,"lookaheadM":42,"nativeFollow":true}
06-04 21:03:25.486 I/ReactNativeJS(27948): [VROOM-TEL] 2026-06-04T19:03:25.486Z | DRIVE_TRACE_CAMERA | {"t":1780599805486,"seq":1347,"gpsTickId":1780599804944,"gpsTickAgeMs":516,"lat":51.366812,"lng":19.369566,"hdg":355,"speedKmh":50.8,"exploring":false,"frameMoveM":0}
06-04 21:03:25.650 I/ReactNativeJS(27948): [VROOM-TEL] 2026-06-04T19:03:25.650Z | CAM_FOLLOW_PUSH | {"t":1780599805650,"lat":51.366836,"lng":19.369562,"hdg":353,"snapHdg":353,"speedKmh":51,"exploring":false,"source":"drive_marker_sv_60fps"}
06-04 21:03:25.852 I/ReactNativeJS(27948): [VROOM-TEL] 2026-06-04T19:03:25.852Z | DRIVE_TRACE_CAMERA | {"t":1780599805852,"seq":1348,"gpsTickId":1780599804944,"gpsTickAgeMs":882,"lat":51.366853,"lng":19.369559,"hdg":355,"speedKmh":50.8,"exploring":false,"frameMoveM":0}
06-04 21:03:25.984 I/ReactNativeJS(27948): [VROOM-TEL] 2026-06-04T19:03:25.984Z | RAW_GPS_TICK | {"t":1780599805984,"gpsTickId":1780599805944,"gpsTickAgeMs":0,"lat":51.367216,"lng":19.369494,"speed":13.81,"speedKmh":49.7,"accuracy":4,"osTimestamp":1780599805944,"tripActive":true,"appState":"active"}
06-04 21:03:25.985 I/ReactNativeJS(27948): [VROOM-TEL] 2026-06-04T19:03:25.985Z | DRIVE_TRACE_RAW | {"t":1780599805985,"seq":1349,"gpsTickId":1780599805944,"gpsTickAgeMs":1,"rawLat":51.367216,"rawLng":19.369494,"accM":4,"speedKmh":49.7,"speedMs":13.8,"heading":353,"tripActive":true,"driving":true,"navigating":false,"osTimestamp":1780599805944}
06-04 21:03:25.985 I/ReactNativeJS(27948): [VROOM-TEL] 2026-06-04T19:03:25.985Z | DRIVE_TRACE_FEED | {"t":1780599805985,"seq":1350,"gpsTickId":1780599805944,"gpsTickAgeMs":1,"lat":51.367085,"lng":19.369517,"hdg":354,"durationMs":1200,"speedKmh":50.4}
06-04 21:03:25.986 I/ReactNativeJS(27948): [VROOM-TEL] 2026-06-04T19:03:25.986Z | DRIVE_TRACE_TICK | {"t":1780599805986,"seq":1351,"gpsTickId":1780599805944,"gpsTickAgeMs":2,"rawLat":51.367216,"rawLng":19.369494,"snapLat":51.367085,"snapLng":19.369517,"markerLat":51.367085,"markerLng":19.369517,"markerHdg":354,"markerSvLat":51.366861,"markerSvLng":19.369557,"markerSvHdg":353,"accM":4,"hudKmh":50.4,"engineKmh":50.4,"dopplerKmh":49.7,"feedDurMs":1200,"cadenceMs":1006,"feedSpeedMs":14,"isNavigating":false,"isFreeDrive":true,"isMoving":true,"feedSkipGate":false,"feedAccepted":true,"feedHeadingOnly":false,"source":"drive_core_v2"}
06-04 21:03:25.986 I/ReactNativeJS(27948): [VROOM-TEL] 2026-06-04T19:03:25.986Z | GPS_ACCEPT | {"lat":51.367216,"lng":19.369494,"acc":4,"speedKmh":49.7,"gpsLock":true}
06-04 21:03:26.168 I/ReactNativeJS(27948): [VROOM-TEL] 2026-06-04T19:03:26.168Z | DRIVE_TRACE_CAMERA | {"t":1780599806168,"seq":1352,"gpsTickId":1780599805944,"gpsTickAgeMs":184,"lat":51.366895,"lng":19.369551,"hdg":354,"speedKmh":50.4,"exploring":false,"frameMoveM":0}
06-04 21:03:26.450 I/ReactNativeJS(27948): [VROOM-TEL] 2026-06-04T19:03:26.450Z | CAMERA_HEADING | {"t":1780599806450,"speedKmh":50,"movedM":0.33,"moveBearing":354,"snapHdg":354,"headingOut":354,"flipFromPrevDeg":0,"lookaheadM":42,"nativeFollow":true}
06-04 21:03:26.450 I/ReactNativeJS(27948): [VROOM-TEL] 2026-06-04T19:03:26.450Z | CAM_FOLLOW_PUSH | {"t":1780599806450,"lat":51.366948,"lng":19.369542,"hdg":354,"snapHdg":354,"speedKmh":50,"exploring":false,"source":"drive_marker_sv_60fps"}
06-04 21:03:26.483 I/ReactNativeJS(27948): [VROOM-TEL] 2026-06-04T19:03:26.483Z | DRIVE_TRACE_CAMERA | {"t":1780599806483,"seq":1353,"gpsTickId":1780599805944,"gpsTickAgeMs":499,"lat":51.366954,"lng":19.369541,"hdg":354,"speedKmh":50.4,"exploring":false,"frameMoveM":0}
06-04 21:03:26.785 I/ReactNativeJS(27948): [VROOM-TEL] 2026-06-04T19:03:26.785Z | DRIVE_TRACE_CAMERA | {"t":1780599806785,"seq":1354,"gpsTickId":1780599805944,"gpsTickAgeMs":801,"lat":51.36701,"lng":19.369531,"hdg":354,"speedKmh":50.4,"exploring":false,"frameMoveM":0}
06-04 21:03:26.993 I/ReactNativeJS(27948): [VROOM-TEL] 2026-06-04T19:03:26.993Z | RAW_GPS_TICK | {"t":1780599806993,"gpsTickId":1780599806943,"gpsTickAgeMs":0,"lat":51.367337,"lng":19.369473,"speed":13.69,"speedKmh":49.3,"accuracy":4,"osTimestamp":1780599806943,"tripActive":true,"appState":"active"}
06-04 21:03:26.993 I/ReactNativeJS(27948): [VROOM-TEL] 2026-06-04T19:03:26.993Z | DRIVE_TRACE_RAW | {"t":1780599806993,"seq":1355,"gpsTickId":1780599806943,"gpsTickAgeMs":0,"rawLat":51.367337,"rawLng":19.369473,"accM":4,"speedKmh":49.3,"speedMs":13.7,"heading":353,"tripActive":true,"driving":true,"navigating":false,"osTimestamp":1780599806943}
06-04 21:03:26.993 I/ReactNativeJS(27948): [VROOM-TEL] 2026-06-04T19:03:26.993Z | DRIVE_TRACE_FEED | {"t":1780599806993,"seq":1356,"gpsTickId":1780599806943,"gpsTickAgeMs":0,"lat":51.367173,"lng":19.369502,"hdg":354,"durationMs":704,"speedKmh":49.9}
06-04 21:03:26.994 I/ReactNativeJS(27948): [VROOM-TEL] 2026-06-04T19:03:26.994Z | DRIVE_TRACE_TICK | {"t":1780599806994,"seq":1357,"gpsTickId":1780599806943,"gpsTickAgeMs":1,"rawLat":51.367337,"rawLng":19.369473,"snapLat":51.367173,"snapLng":19.369502,"markerLat":51.367173,"markerLng":19.369502,"markerHdg":354,"markerSvLat":51.367047,"markerSvLng":19.369524,"markerSvHdg":354,"accM":4,"hudKmh":49.9,"engineKmh":49.9,"dopplerKmh":49.3,"feedDurMs":704,"cadenceMs":1007,"feedSpeedMs":13.9,"isNavigating":false,"isFreeDrive":true,"isMoving":true,"feedSkipGate":false,"feedAccepted":true,"feedHeadingOnly":false,"source":"drive_core_v2"}
06-04 21:03:26.994 I/ReactNativeJS(27948): [VROOM-TEL] 2026-06-04T19:03:26.994Z | GPS_ACCEPT | {"lat":51.367337,"lng":19.369473,"acc":4,"speedKmh":49.3,"gpsLock":true}
06-04 21:03:27.100 I/ReactNativeJS(27948): [VROOM-TEL] 2026-06-04T19:03:27.100Z | DRIVE_TRACE_CAMERA | {"t":1780599807100,"seq":1358,"gpsTickId":1780599806943,"gpsTickAgeMs":107,"lat":51.367066,"lng":19.369521,"hdg":354,"speedKmh":49.9,"exploring":false,"frameMoveM":0}
06-04 21:03:27.252 I/ReactNativeJS(27948): [VROOM-TEL] 2026-06-04T19:03:27.251Z | CAM_FOLLOW_PUSH | {"t":1780599807251,"lat":51.367093,"lng":19.369516,"hdg":354,"snapHdg":354,"speedKmh":50,"exploring":false,"source":"drive_marker_sv_60fps"}
06-04 21:03:27.400 I/ReactNativeJS(27948): [VROOM-TEL] 2026-06-04T19:03:27.400Z | DRIVE_TRACE_CAMERA | {"t":1780599807400,"seq":1359,"gpsTickId":1780599806943,"gpsTickAgeMs":407,"lat":51.36712,"lng":19.369511,"hdg":354,"speedKmh":49.9,"exploring":false,"frameMoveM":0}
06-04 21:03:27.595 I/ReactNativeJS(27948): [VROOM-TEL] 2026-06-04T19:03:27.595Z | CAMERA_HEADING | {"t":1780599807595,"speedKmh":50,"movedM":1.33,"moveBearing":354,"snapHdg":354,"headingOut":354,"flipFromPrevDeg":0,"lookaheadM":42,"nativeFollow":true}
06-04 21:03:27.707 I/ReactNativeJS(27948): [VROOM-TEL] 2026-06-04T19:03:27.707Z | DRIVE_TRACE_CAMERA | {"t":1780599807707,"seq":1360,"gpsTickId":1780599806943,"gpsTickAgeMs":714,"lat":51.367167,"lng":19.369503,"hdg":4,"speedKmh":49.9,"exploring":false,"frameMoveM":0}
06-04 21:03:27.995 I/ReactNativeJS(27948): [VROOM-TEL] 2026-06-04T19:03:27.995Z | RAW_GPS_TICK | {"t":1780599807995,"gpsTickId":1780599807944,"gpsTickAgeMs":0,"lat":51.367455,"lng":19.369447,"speed":13.75,"speedKmh":49.5,"accuracy":4,"osTimestamp":1780599807944,"tripActive":true,"appState":"active"}
06-04 21:03:27.995 I/ReactNativeJS(27948): [VROOM-TEL] 2026-06-04T19:03:27.995Z | DRIVE_TRACE_RAW | {"t":1780599807995,"seq":1361,"gpsTickId":1780599807944,"gpsTickAgeMs":0,"rawLat":51.367455,"rawLng":19.369447,"accM":4,"speedKmh":49.5,"speedMs":13.8,"heading":352,"tripActive":true,"driving":true,"navigating":false,"osTimestamp":1780599807944}
06-04 21:03:27.996 I/ReactNativeJS(27948): [VROOM-TEL] 2026-06-04T19:03:27.996Z | DRIVE_TRACE_FEED | {"t":1780599807996,"seq":1362,"gpsTickId":1780599807944,"gpsTickAgeMs":1,"lat":51.367259,"lng":19.369485,"hdg":353,"durationMs":705,"speedKmh":49.5}
06-04 21:03:27.996 I/ReactNativeJS(27948): [VROOM-TEL] 2026-06-04T19:03:27.996Z | DRIVE_TRACE_TICK | {"t":1780599807996,"seq":1363,"gpsTickId":1780599807944,"gpsTickAgeMs":1,"rawLat":51.367455,"rawLng":19.369447,"snapLat":51.367259,"snapLng":19.369485,"markerLat":51.367259,"markerLng":19.369485,"markerHdg":353,"markerSvLat":51.367195,"markerSvLng":19.369498,"markerSvHdg":354,"accM":4,"hudKmh":49.5,"engineKmh":49.3,"dopplerKmh":49.5,"feedDurMs":705,"cadenceMs":1005,"feedSpeedMs":13.8,"isNavigating":false,"isFreeDrive":true,"isMoving":true,"feedSkipGate":false,"feedAccepted":true,"feedHeadingOnly":false,"source":"drive_core_v2"}
06-04 21:03:27.996 I/ReactNativeJS(27948): [VROOM-TEL] 2026-06-04T19:03:27.996Z | GPS_ACCEPT | {"lat":51.367455,"lng":19.369447,"acc":4,"speedKmh":49.5,"gpsLock":true}
06-04 21:03:28.021 I/ReactNativeJS(27948): [VROOM-TEL] 2026-06-04T19:03:28.021Z | DRIVE_TRACE_CAMERA | {"t":1780599808021,"seq":1364,"gpsTickId":1780599807944,"gpsTickAgeMs":26,"lat":51.367197,"lng":19.369497,"hdg":353,"speedKmh":49.5,"exploring":false,"frameMoveM":0}
06-04 21:03:28.066 I/ReactNativeJS(27948): [VROOM-TEL] 2026-06-04T19:03:28.066Z | CAM_FOLLOW_PUSH | {"t":1780599808066,"lat":51.367201,"lng":19.369496,"hdg":353,"snapHdg":353,"speedKmh":50,"exploring":false,"source":"drive_marker_sv_60fps"}
06-04 21:03:28.333 I/ReactNativeJS(27948): [VROOM-TEL] 2026-06-04T19:03:28.333Z | DRIVE_TRACE_CAMERA | {"t":1780599808333,"seq":1365,"gpsTickId":1780599807944,"gpsTickAgeMs":338,"lat":51.367226,"lng":19.369492,"hdg":353,"speedKmh":49.5,"exploring":false,"frameMoveM":0}
06-04 21:03:28.633 I/ReactNativeJS(27948): [VROOM-TEL] 2026-06-04T19:03:28.633Z | DRIVE_TRACE_CAMERA | {"t":1780599808633,"seq":1366,"gpsTickId":1780599807944,"gpsTickAgeMs":638,"lat":51.367253,"lng":19.369486,"hdg":353,"speedKmh":49.5,"exploring":false,"frameMoveM":0}
06-04 21:03:28.699 I/ReactNativeJS(27948): [VROOM-TEL] 2026-06-04T19:03:28.699Z | CAMERA_HEADING | {"t":1780599808699,"speedKmh":50,"movedM":0.16,"moveBearing":353,"snapHdg":353,"headingOut":353,"flipFromPrevDeg":0,"lookaheadM":42,"nativeFollow":true}
06-04 21:03:28.867 I/ReactNativeJS(27948): [VROOM-TEL] 2026-06-04T19:03:28.866Z | CAM_FOLLOW_PUSH | {"t":1780599808866,"lat":51.367278,"lng":19.369482,"hdg":353,"snapHdg":353,"speedKmh":50,"exploring":false,"source":"drive_marker_sv_60fps"}
06-04 21:03:28.969 I/ReactNativeJS(27948): [VROOM-TEL] 2026-06-04T19:03:28.969Z | RAW_GPS_TICK | {"t":1780599808969,"gpsTickId":1780599808945,"gpsTickAgeMs":0,"lat":51.367582,"lng":19.369422,"speed":14.2,"speedKmh":51.1,"accuracy":4,"osTimestamp":1780599808945,"tripActive":true,"appState":"active"}
06-04 21:03:28.969 I/ReactNativeJS(27948): [VROOM-TEL] 2026-06-04T19:03:28.969Z | DRIVE_TRACE_RAW | {"t":1780599808969,"seq":1367,"gpsTickId":1780599808945,"gpsTickAgeMs":0,"rawLat":51.367582,"rawLng":19.369422,"accM":4,"speedKmh":51.1,"speedMs":14.2,"heading":352,"tripActive":true,"driving":true,"navigating":false,"osTimestamp":1780599808945}
06-04 21:03:28.971 I/ReactNativeJS(27948): [VROOM-TEL] 2026-06-04T19:03:28.971Z | DRIVE_TRACE_FEED | {"t":1780599808971,"seq":1368,"gpsTickId":1780599808945,"gpsTickAgeMs":2,"lat":51.367348,"lng":19.369468,"hdg":353,"durationMs":701,"speedKmh":51.1}
06-04 21:03:28.971 I/ReactNativeJS(27948): [VROOM-TEL] 2026-06-04T19:03:28.971Z | DRIVE_TRACE_TICK | {"t":1780599808971,"seq":1369,"gpsTickId":1780599808945,"gpsTickAgeMs":2,"rawLat":51.367582,"rawLng":19.369422,"snapLat":51.367348,"snapLng":19.369468,"markerLat":51.367348,"markerLng":19.369468,"markerHdg":353,"markerSvLat":51.36728,"markerSvLng":19.369481,"markerSvHdg":353,"accM":4,"hudKmh":51.1,"engineKmh":49.6,"dopplerKmh":51.1,"feedDurMs":701,"cadenceMs":994,"feedSpeedMs":14.2,"isNavigating":false,"isFreeDrive":true,"isMoving":true,"feedSkipGate":false,"feedAccepted":true,"feedHeadingOnly":false,"source":"drive_core_v2"}
06-04 21:03:28.971 I/ReactNativeJS(27948): [VROOM-TEL] 2026-06-04T19:03:28.971Z | GPS_ACCEPT | {"lat":51.367582,"lng":19.369422,"acc":4,"speedKmh":52.9,"gpsLock":true}
06-04 21:03:29.011 I/ReactNativeJS(27948): [VROOM-TEL] 2026-06-04T19:03:29.011Z | DRIVE_TRACE_CAMERA | {"t":1780599809011,"seq":1370,"gpsTickId":1780599808945,"gpsTickAgeMs":42,"lat":51.367281,"lng":19.369481,"hdg":343,"speedKmh":51.1,"exploring":false,"frameMoveM":0}
06-04 21:03:29.317 I/ReactNativeJS(27948): [VROOM-TEL] 2026-06-04T19:03:29.316Z | DRIVE_TRACE_CAMERA | {"t":1780599809316,"seq":1371,"gpsTickId":1780599808945,"gpsTickAgeMs":347,"lat":51.367313,"lng":19.369475,"hdg":353,"speedKmh":51.1,"exploring":false,"frameMoveM":0}
06-04 21:03:29.350 I/ReactNativeJS(27948): [VROOM-TEL] 2026-06-04T19:03:29.350Z | DRIVE_TRACE_HEARTBEAT | {"t":1780599809350,"seq":1372,"gpsTickId":1780599808945,"gpsTickAgeMs":381,"driving":true,"navigating":false,"tripActive":true,"lat":51.3675825,"lng":19.3694219,"gpsAgeMs":381}
06-04 21:03:29.616 I/ReactNativeJS(27948): [VROOM-TEL] 2026-06-04T19:03:29.616Z | DRIVE_TRACE_CAMERA | {"t":1780599809616,"seq":1373,"gpsTickId":1780599808945,"gpsTickAgeMs":647,"lat":51.367343,"lng":19.369469,"hdg":353,"speedKmh":51.1,"exploring":false,"frameMoveM":0}
06-04 21:03:29.667 I/ReactNativeJS(27948): [VROOM-TEL] 2026-06-04T19:03:29.667Z | CAM_FOLLOW_PUSH | {"t":1780599809667,"lat":51.367347,"lng":19.369468,"hdg":353,"snapHdg":353,"speedKmh":51,"exploring":false,"source":"drive_marker_sv_60fps"}
06-04 21:03:29.800 I/ReactNativeJS(27948): [VROOM-TEL] 2026-06-04T19:03:29.800Z | CAMERA_HEADING | {"t":1780599809800,"speedKmh":51,"movedM":0.24,"moveBearing":353,"snapHdg":353,"headingOut":353,"flipFromPrevDeg":0,"lookaheadM":42,"nativeFollow":true}
06-04 21:03:29.972 I/ReactNativeJS(27948): [VROOM-TEL] 2026-06-04T19:03:29.972Z | RAW_GPS_TICK | {"t":1780599809972,"gpsTickId":1780599809944,"gpsTickAgeMs":0,"lat":51.367713,"lng":19.369394,"speed":14.69,"speedKmh":52.9,"accuracy":4,"osTimestamp":1780599809944,"tripActive":true,"appState":"active"}
06-04 21:03:29.973 I/ReactNativeJS(27948): [VROOM-TEL] 2026-06-04T19:03:29.973Z | DRIVE_TRACE_RAW | {"t":1780599809973,"seq":1374,"gpsTickId":1780599809944,"gpsTickAgeMs":1,"rawLat":51.367713,"rawLng":19.369394,"accM":4,"speedKmh":52.9,"speedMs":14.7,"heading":351,"tripActive":true,"driving":true,"navigating":false,"osTimestamp":1780599809944}
06-04 21:03:29.974 I/ReactNativeJS(27948): [VROOM-TEL] 2026-06-04T19:03:29.974Z | DRIVE_TRACE_FEED | {"t":1780599809974,"seq":1375,"gpsTickId":1780599809944,"gpsTickAgeMs":2,"lat":51.367439,"lng":19.36945,"hdg":353,"durationMs":696,"speedKmh":52.9}
06-04 21:03:29.975 I/ReactNativeJS(27948): [VROOM-TEL] 2026-06-04T19:03:29.975Z | DRIVE_TRACE_TICK | {"t":1780599809975,"seq":1376,"gpsTickId":1780599809944,"gpsTickAgeMs":3,"rawLat":51.367713,"rawLng":19.369394,"snapLat":51.367439,"snapLng":19.36945,"markerLat":51.367439,"markerLng":19.36945,"markerHdg":353,"markerSvLat":51.367371,"markerSvLng":19.369463,"markerSvHdg":353,"accM":4,"hudKmh":52.9,"engineKmh":50.7,"dopplerKmh":52.9,"feedDurMs":696,"cadenceMs":997,"feedSpeedMs":14.7,"isNavigating":false,"isFreeDrive":true,"isMoving":true,"feedSkipGate":false,"feedAccepted":true,"feedHeadingOnly":false,"source":"drive_core_v2"}
06-04 21:03:29.975 I/ReactNativeJS(27948): [VROOM-TEL] 2026-06-04T19:03:29.975Z | GPS_ACCEPT | {"lat":51.367713,"lng":19.369394,"acc":4,"speedKmh":52.9,"gpsLock":true}
06-04 21:03:30.033 I/ReactNativeJS(27948): [VROOM-TEL] 2026-06-04T19:03:30.033Z | DRIVE_TRACE_CAMERA | {"t":1780599810033,"seq":1377,"gpsTickId":1780599809944,"gpsTickAgeMs":61,"lat":51.367374,"lng":19.369463,"hdg":351,"speedKmh":52.9,"exploring":false,"frameMoveM":0}
06-04 21:03:30.333 I/ReactNativeJS(27948): [VROOM-TEL] 2026-06-04T19:03:30.333Z | DRIVE_TRACE_CAMERA | {"t":1780599810333,"seq":1378,"gpsTickId":1780599809944,"gpsTickAgeMs":361,"lat":51.367406,"lng":19.369456,"hdg":353,"speedKmh":52.9,"exploring":false,"frameMoveM":0}
06-04 21:03:30.484 I/ReactNativeJS(27948): [VROOM-TEL] 2026-06-04T19:03:30.484Z | CAM_FOLLOW_PUSH | {"t":1780599810484,"lat":51.367421,"lng":19.369453,"hdg":353,"snapHdg":353,"speedKmh":53,"exploring":false,"source":"drive_marker_sv_60fps"}
06-04 21:03:30.633 I/ReactNativeJS(27948): [VROOM-TEL] 2026-06-04T19:03:30.633Z | DRIVE_TRACE_CAMERA | {"t":1780599810633,"seq":1379,"gpsTickId":1780599809944,"gpsTickAgeMs":661,"lat":51.367436,"lng":19.36945,"hdg":353,"speedKmh":52.9,"exploring":false,"frameMoveM":0}
06-04 21:03:30.967 I/ReactNativeJS(27948): [VROOM-TEL] 2026-06-04T19:03:30.967Z | RAW_GPS_TICK | {"t":1780599810967,"gpsTickId":1780599810944,"gpsTickAgeMs":0,"lat":51.367845,"lng":19.369362,"speed":14.69,"speedKmh":52.9,"accuracy":4,"osTimestamp":1780599810944,"tripActive":true,"appState":"active"}
06-04 21:03:30.968 I/ReactNativeJS(27948): [VROOM-TEL] 2026-06-04T19:03:30.968Z | DRIVE_TRACE_RAW | {"t":1780599810968,"seq":1380,"gpsTickId":1780599810944,"gpsTickAgeMs":1,"rawLat":51.367845,"rawLng":19.369362,"accM":4,"speedKmh":52.9,"speedMs":14.7,"heading":351,"tripActive":true,"driving":true,"navigating":false,"osTimestamp":1780599810944}
06-04 21:03:30.970 I/ReactNativeJS(27948): [VROOM-TEL] 2026-06-04T19:03:30.970Z | DRIVE_TRACE_FEED | {"t":1780599810970,"seq":1381,"gpsTickId":1780599810944,"gpsTickAgeMs":3,"lat":51.367703,"lng":19.369393,"hdg":352,"durationMs":1200,"speedKmh":52.9}
06-04 21:03:30.971 I/ReactNativeJS(27948): [VROOM-TEL] 2026-06-04T19:03:30.970Z | DRIVE_TRACE_TICK | {"t":1780599810970,"seq":1382,"gpsTickId":1780599810944,"gpsTickAgeMs":3,"rawLat":51.367845,"rawLng":19.369362,"snapLat":51.367703,"snapLng":19.369393,"markerLat":51.367703,"markerLng":19.369393,"markerHdg":352,"markerSvLat":51.367463,"markerSvLng":19.369445,"markerSvHdg":353,"accM":4,"hudKmh":52.9,"engineKmh":52,"dopplerKmh":52.9,"feedDurMs":1200,"cadenceMs":996,"feedSpeedMs":14.7,"isNavigating":false,"isFreeDrive":true,"isMoving":true,"feedSkipGate":false,"feedAccepted":true,"feedHeadingOnly":false,"source":"drive_core_v2"}
06-04 21:03:30.971 I/ReactNativeJS(27948): [VROOM-TEL] 2026-06-04T19:03:30.971Z | GPS_ACCEPT | {"lat":51.367845,"lng":19.369362,"acc":4,"speedKmh":53.6,"gpsLock":true}
06-04 21:03:31.014 I/ReactNativeJS(27948): [VROOM-TEL] 2026-06-04T19:03:31.014Z | CAMERA_HEADING | {"t":1780599811014,"speedKmh":53,"movedM":0.65,"moveBearing":null,"snapHdg":352,"headingOut":352,"flipFromPrevDeg":0,"lookaheadM":42,"nativeFollow":true}
06-04 21:03:31.018 I/ReactNativeJS(27948): [VROOM-TEL] 2026-06-04T19:03:31.018Z | DRIVE_TRACE_CAMERA | {"t":1780599811018,"seq":1383,"gpsTickId":1780599810944,"gpsTickAgeMs":51,"lat":51.367469,"lng":19.369443,"hdg":353,"speedKmh":52.9,"exploring":false,"frameMoveM":0}
06-04 21:03:31.288 I/ReactNativeJS(27948): [VROOM-TEL] 2026-06-04T19:03:31.288Z | CAM_FOLLOW_PUSH | {"t":1780599811288,"lat":51.367527,"lng":19.369431,"hdg":352,"snapHdg":352,"speedKmh":53,"exploring":false,"source":"drive_marker_sv_60fps"}
06-04 21:03:31.333 I/ReactNativeJS(27948): [VROOM-TEL] 2026-06-04T19:03:31.333Z | DRIVE_TRACE_CAMERA | {"t":1780599811333,"seq":1384,"gpsTickId":1780599810944,"gpsTickAgeMs":366,"lat":51.367536,"lng":19.369429,"hdg":352,"speedKmh":52.9,"exploring":false,"frameMoveM":0}
06-04 21:03:31.633 I/ReactNativeJS(27948): [VROOM-TEL] 2026-06-04T19:03:31.633Z | DRIVE_TRACE_CAMERA | {"t":1780599811633,"seq":1385,"gpsTickId":1780599810944,"gpsTickAgeMs":666,"lat":51.367596,"lng":19.369416,"hdg":352,"speedKmh":52.9,"exploring":false,"frameMoveM":0}
06-04 21:03:31.934 I/ReactNativeJS(27948): [VROOM-TEL] 2026-06-04T19:03:31.933Z | DRIVE_TRACE_CAMERA | {"t":1780599811933,"seq":1386,"gpsTickId":1780599810944,"gpsTickAgeMs":966,"lat":51.367656,"lng":19.369404,"hdg":352,"speedKmh":52.9,"exploring":false,"frameMoveM":0}
06-04 21:03:31.968 I/ReactNativeJS(27948): [VROOM-TEL] 2026-06-04T19:03:31.968Z | RAW_GPS_TICK | {"t":1780599811968,"gpsTickId":1780599811945,"gpsTickAgeMs":0,"lat":51.367975,"lng":19.36933,"speed":14.47,"speedKmh":52.1,"accuracy":4,"osTimestamp":1780599811945,"tripActive":true,"appState":"active"}
06-04 21:03:31.968 I/ReactNativeJS(27948): [VROOM-TEL] 2026-06-04T19:03:31.968Z | DRIVE_TRACE_RAW | {"t":1780599811968,"seq":1387,"gpsTickId":1780599811945,"gpsTickAgeMs":0,"rawLat":51.367975,"rawLng":19.36933,"accM":4,"speedKmh":52.1,"speedMs":14.5,"heading":351,"tripActive":true,"driving":true,"navigating":false,"osTimestamp":1780599811945}
06-04 21:03:31.970 I/ReactNativeJS(27948): [VROOM-TEL] 2026-06-04T19:03:31.970Z | DRIVE_TRACE_FEED | {"t":1780599811970,"seq":1388,"gpsTickId":1780599811945,"gpsTickAgeMs":2,"lat":51.367794,"lng":19.369373,"hdg":351,"durationMs":697,"speedKmh":52.5}
06-04 21:03:31.970 I/ReactNativeJS(27948): [VROOM-TEL] 2026-06-04T19:03:31.970Z | DRIVE_TRACE_TICK | {"t":1780599811970,"seq":1389,"gpsTickId":1780599811945,"gpsTickAgeMs":2,"rawLat":51.367975,"rawLng":19.36933,"snapLat":51.367794,"snapLng":19.369373,"markerLat":51.367794,"markerLng":19.369373,"markerHdg":351,"markerSvLat":51.367663,"markerSvLng":19.369402,"markerSvHdg":352,"accM":4,"hudKmh":52.5,"engineKmh":52.5,"dopplerKmh":52.1,"feedDurMs":697,"cadenceMs":998,"feedSpeedMs":14.6,"isNavigating":false,"isFreeDrive":true,"isMoving":true,"feedSkipGate":false,"feedAccepted":true,"feedHeadingOnly":false,"source":"drive_core_v2"}
06-04 21:03:31.970 I/ReactNativeJS(27948): [VROOM-TEL] 2026-06-04T19:03:31.970Z | GPS_ACCEPT | {"lat":51.367975,"lng":19.36933,"acc":4,"speedKmh":52.7,"gpsLock":true}
06-04 21:03:32.100 I/ReactNativeJS(27948): [VROOM-TEL] 2026-06-04T19:03:32.100Z | CAM_FOLLOW_PUSH | {"t":1780599812100,"lat":51.367687,"lng":19.369397,"hdg":352,"snapHdg":351,"speedKmh":53,"exploring":false,"source":"drive_marker_sv_60fps"}
06-04 21:03:32.116 I/ReactNativeJS(27948): [VROOM-TEL] 2026-06-04T19:03:32.116Z | CAMERA_HEADING | {"t":1780599812116,"speedKmh":53,"movedM":0.34,"moveBearing":352,"snapHdg":352,"headingOut":352,"flipFromPrevDeg":0,"lookaheadM":42,"nativeFollow":true}
06-04 21:03:32.234 I/ReactNativeJS(27948): [VROOM-TEL] 2026-06-04T19:03:32.234Z | DRIVE_TRACE_CAMERA | {"t":1780599812234,"seq":1390,"gpsTickId":1780599811945,"gpsTickAgeMs":266,"lat":51.367712,"lng":19.369391,"hdg":352,"speedKmh":52.5,"exploring":false,"frameMoveM":0}
06-04 21:03:32.534 I/ReactNativeJS(27948): [VROOM-TEL] 2026-06-04T19:03:32.534Z | DRIVE_TRACE_CAMERA | {"t":1780599812534,"seq":1391,"gpsTickId":1780599811945,"gpsTickAgeMs":566,"lat":51.367769,"lng":19.369378,"hdg":352,"speedKmh":52.5,"exploring":false,"frameMoveM":0}
06-04 21:03:32.834 I/ReactNativeJS(27948): [VROOM-TEL] 2026-06-04T19:03:32.834Z | DRIVE_TRACE_CAMERA | {"t":1780599812834,"seq":1392,"gpsTickId":1780599811945,"gpsTickAgeMs":866,"lat":51.367816,"lng":19.369368,"hdg":352,"speedKmh":52.5,"exploring":false,"frameMoveM":0}
06-04 21:03:32.970 I/ReactNativeJS(27948): [VROOM-TEL] 2026-06-04T19:03:32.970Z | RAW_GPS_TICK | {"t":1780599812970,"gpsTickId":1780599812944,"gpsTickAgeMs":0,"lat":51.368114,"lng":19.3693,"speed":15.42,"speedKmh":55.5,"accuracy":4,"osTimestamp":1780599812944,"tripActive":true,"appState":"active"}
06-04 21:03:32.970 I/ReactNativeJS(27948): [VROOM-TEL] 2026-06-04T19:03:32.970Z | DRIVE_TRACE_RAW | {"t":1780599812970,"seq":1393,"gpsTickId":1780599812944,"gpsTickAgeMs":0,"rawLat":51.368114,"rawLng":19.3693,"accM":4,"speedKmh":55.5,"speedMs":15.4,"heading":351,"tripActive":true,"driving":true,"navigating":false,"osTimestamp":1780599812944}
06-04 21:03:32.972 I/ReactNativeJS(27948): [VROOM-TEL] 2026-06-04T19:03:32.972Z | DRIVE_TRACE_FEED | {"t":1780599812972,"seq":1394,"gpsTickId":1780599812944,"gpsTickAgeMs":2,"lat":51.367889,"lng":19.369351,"hdg":352,"durationMs":690,"speedKmh":55.5}
06-04 21:03:32.972 I/ReactNativeJS(27948): [VROOM-TEL] 2026-06-04T19:03:32.972Z | DRIVE_TRACE_TICK | {"t":1780599812972,"seq":1395,"gpsTickId":1780599812944,"gpsTickAgeMs":2,"rawLat":51.368114,"rawLng":19.3693,"snapLat":51.367889,"snapLng":19.369351,"markerLat":51.367889,"markerLng":19.369351,"markerHdg":352,"markerSvLat":51.36782,"markerSvLng":19.369367,"markerSvHdg":352,"accM":4,"hudKmh":55.5,"engineKmh":53.5,"dopplerKmh":55.5,"feedDurMs":690,"cadenceMs":999,"feedSpeedMs":15.4,"isNavigating":false,"isFreeDrive":true,"isMoving":true,"feedSkipGate":false,"feedAccepted":true,"feedHeadingOnly":false,"source":"drive_core_v2"}
06-04 21:03:32.972 I/ReactNativeJS(27948): [VROOM-TEL] 2026-06-04T19:03:32.972Z | GPS_ACCEPT | {"lat":51.368114,"lng":19.3693,"acc":4,"speedKmh":56.2,"gpsLock":true}
06-04 21:03:33.042 I/ReactNativeJS(27948): [VROOM-TEL] 2026-06-04T19:03:33.042Z | CAM_FOLLOW_PUSH | {"t":1780599813042,"lat":51.367823,"lng":19.369366,"hdg":350,"snapHdg":352,"speedKmh":56,"exploring":false,"source":"drive_marker_sv_60fps"}
06-04 21:03:33.150 I/ReactNativeJS(27948): [VROOM-TEL] 2026-06-04T19:03:33.150Z | DRIVE_TRACE_CAMERA | {"t":1780599813150,"seq":1396,"gpsTickId":1780599812944,"gpsTickAgeMs":180,"lat":51.367836,"lng":19.369363,"hdg":352,"speedKmh":55.5,"exploring":false,"frameMoveM":0}
06-04 21:03:33.216 I/ReactNativeJS(27948): [VROOM-TEL] 2026-06-04T19:03:33.216Z | CAMERA_HEADING | {"t":1780599813216,"speedKmh":56,"movedM":0.18,"moveBearing":352,"snapHdg":352,"headingOut":352,"flipFromPrevDeg":0,"lookaheadM":48,"nativeFollow":true}
06-04 21:03:33.450 I/ReactNativeJS(27948): [VROOM-TEL] 2026-06-04T19:03:33.450Z | DRIVE_TRACE_CAMERA | {"t":1780599813450,"seq":1397,"gpsTickId":1780599812944,"gpsTickAgeMs":480,"lat":51.367867,"lng":19.369356,"hdg":352,"speedKmh":55.5,"exploring":false,"frameMoveM":0}
06-04 21:03:33.750 I/ReactNativeJS(27948): [VROOM-TEL] 2026-06-04T19:03:33.750Z | DRIVE_TRACE_CAMERA | {"t":1780599813750,"seq":1398,"gpsTickId":1780599812944,"gpsTickAgeMs":780,"lat":51.3679,"lng":19.369349,"hdg":352,"speedKmh":55.5,"exploring":false,"frameMoveM":0}
06-04 21:03:33.849 I/ReactNativeJS(27948): [VROOM-TEL] 2026-06-04T19:03:33.849Z | CAM_FOLLOW_PUSH | {"t":1780599813849,"lat":51.367914,"lng":19.369345,"hdg":352,"snapHdg":352,"speedKmh":56,"exploring":false,"source":"drive_marker_sv_60fps"}
06-04 21:03:33.968 I/ReactNativeJS(27948): [VROOM-TEL] 2026-06-04T19:03:33.968Z | RAW_GPS_TICK | {"t":1780599813968,"gpsTickId":1780599813944,"gpsTickAgeMs":0,"lat":51.368272,"lng":19.369264,"speed":17.49,"speedKmh":63,"accuracy":4,"osTimestamp":1780599813944,"tripActive":true,"appState":"active"}
06-04 21:03:33.968 I/ReactNativeJS(27948): [VROOM-TEL] 2026-06-04T19:03:33.968Z | DRIVE_TRACE_RAW | {"t":1780599813968,"seq":1399,"gpsTickId":1780599813944,"gpsTickAgeMs":0,"rawLat":51.368272,"rawLng":19.369264,"accM":4,"speedKmh":63,"speedMs":17.5,"heading":351,"tripActive":true,"driving":true,"navigating":false,"osTimestamp":1780599813944}
06-04 21:03:33.969 I/ReactNativeJS(27948): [VROOM-TEL] 2026-06-04T19:03:33.969Z | DRIVE_TRACE_FEED | {"t":1780599813969,"seq":1400,"gpsTickId":1780599813944,"gpsTickAgeMs":1,"lat":51.367994,"lng":19.369327,"hdg":352,"durationMs":674,"speedKmh":63}
06-04 21:03:33.970 I/ReactNativeJS(27948): [VROOM-TEL] 2026-06-04T19:03:33.969Z | DRIVE_TRACE_TICK | {"t":1780599813969,"seq":1401,"gpsTickId":1780599813944,"gpsTickAgeMs":1,"rawLat":51.368272,"rawLng":19.369264,"snapLat":51.367994,"snapLng":19.369327,"markerLat":51.367994,"markerLng":19.369327,"markerHdg":352,"markerSvLat":51.367916,"markerSvLng":19.369345,"markerSvHdg":352,"accM":4,"hudKmh":63,"engineKmh":56.4,"dopplerKmh":63,"feedDurMs":674,"cadenceMs":999,"feedSpeedMs":17.5,"isNavigating":false,"isFreeDrive":true,"isMoving":true,"feedSkipGate":false,"feedAccepted":true,"feedHeadingOnly":false,"source":"drive_core_v2"}
06-04 21:03:33.970 I/ReactNativeJS(27948): [VROOM-TEL] 2026-06-04T19:03:33.970Z | GPS_ACCEPT | {"lat":51.368272,"lng":19.369264,"acc":4,"speedKmh":63.8,"gpsLock":true}
06-04 21:03:34.066 I/ReactNativeJS(27948): [VROOM-TEL] 2026-06-04T19:03:34.066Z | DRIVE_TRACE_CAMERA | {"t":1780599814066,"seq":1402,"gpsTickId":1780599813944,"gpsTickAgeMs":98,"lat":51.367927,"lng":19.369342,"hdg":352,"speedKmh":63,"exploring":false,"frameMoveM":0}
06-04 21:03:34.317 I/ReactNativeJS(27948): [VROOM-TEL] 2026-06-04T19:03:34.317Z | CAMERA_HEADING | {"t":1780599814317,"speedKmh":63,"movedM":0.22,"moveBearing":352,"snapHdg":352,"headingOut":352,"flipFromPrevDeg":0,"lookaheadM":53,"nativeFollow":true}
06-04 21:03:34.367 I/ReactNativeJS(27948): [VROOM-TEL] 2026-06-04T19:03:34.367Z | DRIVE_TRACE_CAMERA | {"t":1780599814367,"seq":1403,"gpsTickId":1780599813944,"gpsTickAgeMs":399,"lat":51.367962,"lng":19.369335,"hdg":352,"speedKmh":63,"exploring":false,"frameMoveM":0}
06-04 21:03:34.367 I/ReactNativeJS(27948): [VROOM-TEL] 2026-06-04T19:03:34.367Z | DRIVE_TRACE_HEARTBEAT | {"t":1780599814367,"seq":1404,"gpsTickId":1780599813944,"gpsTickAgeMs":399,"driving":true,"navigating":false,"tripActive":true,"lat":51.3682719,"lng":19.3692644,"gpsAgeMs":399}
06-04 21:03:34.650 I/ReactNativeJS(27948): [VROOM-TEL] 2026-06-04T19:03:34.650Z | CAM_FOLLOW_PUSH | {"t":1780599814650,"lat":51.367994,"lng":19.369327,"hdg":352,"snapHdg":352,"speedKmh":63,"exploring":false,"source":"drive_marker_sv_60fps"}
06-04 21:03:34.667 I/ReactNativeJS(27948): [VROOM-TEL] 2026-06-04T19:03:34.667Z | DRIVE_TRACE_CAMERA | {"t":1780599814667,"seq":1405,"gpsTickId":1780599813944,"gpsTickAgeMs":699,"lat":51.367996,"lng":19.369327,"hdg":352,"speedKmh":63,"exploring":false,"frameMoveM":0}
06-04 21:03:34.954 I/ReactNativeJS(27948): [VROOM-TEL] 2026-06-04T19:03:34.954Z | RAW_GPS_TICK | {"t":1780599814954,"gpsTickId":1780599814945,"gpsTickAgeMs":0,"lat":51.368455,"lng":19.369225,"speed":20.19,"speedKmh":72.7,"accuracy":4,"osTimestamp":1780599814945,"tripActive":true,"appState":"active"}
06-04 21:03:34.954 I/ReactNativeJS(27948): [VROOM-TEL] 2026-06-04T19:03:34.954Z | DRIVE_TRACE_RAW | {"t":1780599814954,"seq":1406,"gpsTickId":1780599814945,"gpsTickAgeMs":0,"rawLat":51.368455,"rawLng":19.369225,"accM":4,"speedKmh":72.7,"speedMs":20.2,"heading":352,"tripActive":true,"driving":true,"navigating":false,"osTimestamp":1780599814945}
06-04 21:03:34.955 I/ReactNativeJS(27948): [VROOM-TEL] 2026-06-04T19:03:34.955Z | DRIVE_TRACE_FEED | {"t":1780599814955,"seq":1407,"gpsTickId":1780599814945,"gpsTickAgeMs":1,"lat":51.368301,"lng":19.369259,"hdg":352,"durationMs":1200,"speedKmh":72.7}
06-04 21:03:34.956 I/ReactNativeJS(27948): [VROOM-TEL] 2026-06-04T19:03:34.956Z | DRIVE_TRACE_TICK | {"t":1780599814956,"seq":1408,"gpsTickId":1780599814945,"gpsTickAgeMs":2,"rawLat":51.368455,"rawLng":19.369225,"snapLat":51.368301,"snapLng":19.369259,"markerLat":51.368301,"markerLng":19.369259,"markerHdg":352,"markerSvLat":51.368027,"markerSvLng":19.36932,"markerSvHdg":352,"accM":4,"hudKmh":72.7,"engineKmh":62.5,"dopplerKmh":72.7,"feedDurMs":1200,"cadenceMs":994,"feedSpeedMs":20.2,"isNavigating":false,"isFreeDrive":true,"isMoving":true,"feedSkipGate":false,"feedAccepted":true,"feedHeadingOnly":false,"source":"drive_core_v2"}
06-04 21:03:34.956 I/ReactNativeJS(27948): [VROOM-TEL] 2026-06-04T19:03:34.956Z | GPS_ACCEPT | {"lat":51.368455,"lng":19.369225,"acc":4,"speedKmh":74.9,"gpsLock":true}
06-04 21:03:34.991 I/ReactNativeJS(27948): [VROOM-TEL] 2026-06-04T19:03:34.991Z | DRIVE_TRACE_CAMERA | {"t":1780599814991,"seq":1409,"gpsTickId":1780599814945,"gpsTickAgeMs":37,"lat":51.36803,"lng":19.369319,"hdg":354,"speedKmh":72.7,"exploring":false,"frameMoveM":0}
06-04 21:03:35.317 I/ReactNativeJS(27948): [VROOM-TEL] 2026-06-04T19:03:35.317Z | DRIVE_TRACE_CAMERA | {"t":1780599815317,"seq":1410,"gpsTickId":1780599814945,"gpsTickAgeMs":363,"lat":51.368109,"lng":19.369301,"hdg":352,"speedKmh":72.7,"exploring":false,"frameMoveM":0}
06-04 21:03:35.417 I/ReactNativeJS(27948): [VROOM-TEL] 2026-06-04T19:03:35.417Z | CAMERA_HEADING | {"t":1780599815417,"speedKmh":73,"movedM":0.46,"moveBearing":352,"snapHdg":352,"headingOut":352,"flipFromPrevDeg":0,"lookaheadM":57,"nativeFollow":true}
06-04 21:03:35.451 I/ReactNativeJS(27948): [VROOM-TEL] 2026-06-04T19:03:35.451Z | CAM_FOLLOW_PUSH | {"t":1780599815451,"lat":51.36814,"lng":19.369295,"hdg":352,"snapHdg":352,"speedKmh":73,"exploring":false,"source":"drive_marker_sv_60fps"}
06-04 21:03:35.633 I/ReactNativeJS(27948): [VROOM-TEL] 2026-06-04T19:03:35.633Z | DRIVE_TRACE_CAMERA | {"t":1780599815633,"seq":1411,"gpsTickId":1780599814945,"gpsTickAgeMs":679,"lat":51.368181,"lng":19.369285,"hdg":352,"speedKmh":72.7,"exploring":false,"frameMoveM":0}
06-04 21:03:35.934 I/ReactNativeJS(27948): [VROOM-TEL] 2026-06-04T19:03:35.934Z | DRIVE_TRACE_CAMERA | {"t":1780599815934,"seq":1412,"gpsTickId":1780599814945,"gpsTickAgeMs":980,"lat":51.36825,"lng":19.36927,"hdg":352,"speedKmh":72.7,"exploring":false,"frameMoveM":0}
06-04 21:03:35.960 I/ReactNativeJS(27948): [VROOM-TEL] 2026-06-04T19:03:35.960Z | RAW_GPS_TICK | {"t":1780599815960,"gpsTickId":1780599815945,"gpsTickAgeMs":0,"lat":51.368644,"lng":19.369187,"speed":21.05,"speedKmh":75.8,"accuracy":4,"osTimestamp":1780599815945,"tripActive":true,"appState":"active"}
06-04 21:03:35.961 I/ReactNativeJS(27948): [VROOM-TEL] 2026-06-04T19:03:35.961Z | DRIVE_TRACE_RAW | {"t":1780599815961,"seq":1413,"gpsTickId":1780599815945,"gpsTickAgeMs":1,"rawLat":51.368644,"rawLng":19.369187,"accM":4,"speedKmh":75.8,"speedMs":21,"heading":353,"tripActive":true,"driving":true,"navigating":false,"osTimestamp":1780599815945}
06-04 21:03:35.961 I/ReactNativeJS(27948): [VROOM-TEL] 2026-06-04T19:03:35.961Z | DRIVE_TRACE_FEED | {"t":1780599815961,"seq":1414,"gpsTickId":1780599815945,"gpsTickAgeMs":1,"lat":51.368424,"lng":19.369233,"hdg":353,"durationMs":655,"speedKmh":75.8}
06-04 21:03:35.961 I/ReactNativeJS(27948): [VROOM-TEL] 2026-06-04T19:03:35.961Z | DRIVE_TRACE_TICK | {"t":1780599815961,"seq":1415,"gpsTickId":1780599815945,"gpsTickAgeMs":1,"rawLat":51.368644,"rawLng":19.369187,"snapLat":51.368424,"snapLng":19.369233,"markerLat":51.368424,"markerLng":19.369233,"markerHdg":353,"markerSvLat":51.368254,"markerSvLng":19.369269,"markerSvHdg":352,"accM":4,"hudKmh":75.8,"engineKmh":69,"dopplerKmh":75.8,"feedDurMs":655,"cadenceMs":804,"feedSpeedMs":21,"isNavigating":false,"isFreeDrive":true,"isMoving":true,"feedSkipGate":false,"feedAccepted":true,"feedHeadingOnly":false,"source":"drive_core_v2"}
06-04 21:03:35.962 I/ReactNativeJS(27948): [VROOM-TEL] 2026-06-04T19:03:35.961Z | GPS_ACCEPT | {"lat":51.368644,"lng":19.369187,"acc":4,"speedKmh":75.8,"gpsLock":true}
06-04 21:03:36.293 I/ReactNativeJS(27948): [VROOM-TEL] 2026-06-04T19:03:36.293Z | CAM_FOLLOW_PUSH | {"t":1780599816293,"lat":51.368328,"lng":19.369253,"hdg":355,"snapHdg":353,"speedKmh":76,"exploring":false,"source":"drive_marker_sv_60fps"}
06-04 21:03:36.294 I/ReactNativeJS(27948): [VROOM-TEL] 2026-06-04T19:03:36.294Z | DRIVE_TRACE_CAMERA | {"t":1780599816294,"seq":1416,"gpsTickId":1780599815945,"gpsTickAgeMs":334,"lat":51.368328,"lng":19.369253,"hdg":355,"speedKmh":75.8,"exploring":false,"frameMoveM":0}
06-04 21:03:36.519 I/ReactNativeJS(27948): [VROOM-TEL] 2026-06-04T19:03:36.519Z | CAMERA_HEADING | {"t":1780599816519,"speedKmh":76,"movedM":0.52,"moveBearing":352,"snapHdg":352,"headingOut":352,"flipFromPrevDeg":0,"lookaheadM":57,"nativeFollow":true}
06-04 21:03:36.600 I/ReactNativeJS(27948): [VROOM-TEL] 2026-06-04T19:03:36.600Z | DRIVE_TRACE_CAMERA | {"t":1780599816600,"seq":1417,"gpsTickId":1780599815945,"gpsTickAgeMs":640,"lat":51.368419,"lng":19.369234,"hdg":352,"speedKmh":75.8,"exploring":false,"frameMoveM":0}
06-04 21:03:36.969 I/ReactNativeJS(27948): [VROOM-TEL] 2026-06-04T19:03:36.969Z | RAW_GPS_TICK | {"t":1780599816969,"gpsTickId":1780599816944,"gpsTickAgeMs":0,"lat":51.368827,"lng":19.369157,"speed":20.36,"speedKmh":73.3,"accuracy":4,"osTimestamp":1780599816944,"tripActive":true,"appState":"active"}
06-04 21:03:36.969 I/ReactNativeJS(27948): [VROOM-TEL] 2026-06-04T19:03:36.969Z | DRIVE_TRACE_RAW | {"t":1780599816969,"seq":1418,"gpsTickId":1780599816944,"gpsTickAgeMs":0,"rawLat":51.368827,"rawLng":19.369157,"accM":4,"speedKmh":73.3,"speedMs":20.4,"heading":355,"tripActive":true,"driving":true,"navigating":false,"osTimestamp":1780599816944}
06-04 21:03:36.971 I/ReactNativeJS(27948): [VROOM-TEL] 2026-06-04T19:03:36.971Z | DRIVE_TRACE_FEED | {"t":1780599816971,"seq":1419,"gpsTickId":1780599816944,"gpsTickAgeMs":2,"lat":51.368543,"lng":19.36921,"hdg":354,"durationMs":658,"speedKmh":73.3}
06-04 21:03:36.972 I/ReactNativeJS(27948): [VROOM-TEL] 2026-06-04T19:03:36.971Z | DRIVE_TRACE_TICK | {"t":1780599816971,"seq":1420,"gpsTickId":1780599816944,"gpsTickAgeMs":2,"rawLat":51.368827,"rawLng":19.369157,"snapLat":51.368543,"snapLng":19.36921,"markerLat":51.368543,"markerLng":19.36921,"markerHdg":354,"markerSvLat":51.368467,"markerSvLng":19.369224,"markerSvHdg":352,"accM":4,"hudKmh":73.3,"engineKmh":72.9,"dopplerKmh":73.3,"feedDurMs":658,"cadenceMs":680,"feedSpeedMs":20.4,"isNavigating":false,"isFreeDrive":true,"isMoving":true,"feedSkipGate":false,"feedAccepted":true,"feedHeadingOnly":false,"source":"drive_core_v2"}
06-04 21:03:36.972 I/ReactNativeJS(27948): [VROOM-TEL] 2026-06-04T19:03:36.972Z | GPS_ACCEPT | {"lat":51.368827,"lng":19.369157,"acc":4,"speedKmh":73.3,"gpsLock":true}
06-04 21:03:37.015 I/ReactNativeJS(27948): [VROOM-TEL] 2026-06-04T19:03:37.015Z | DRIVE_TRACE_CAMERA | {"t":1780599817015,"seq":1421,"gpsTickId":1780599816944,"gpsTickAgeMs":46,"lat":51.368471,"lng":19.369223,"hdg":353,"speedKmh":73.3,"exploring":false,"frameMoveM":0}
06-04 21:03:37.100 I/ReactNativeJS(27948): [VROOM-TEL] 2026-06-04T19:03:37.100Z | CAM_FOLLOW_PUSH | {"t":1780599817100,"lat":51.368482,"lng":19.369221,"hdg":354,"snapHdg":354,"speedKmh":73,"exploring":false,"source":"drive_marker_sv_60fps"}
06-04 21:03:37.316 I/ReactNativeJS(27948): [VROOM-TEL] 2026-06-04T19:03:37.316Z | DRIVE_TRACE_CAMERA | {"t":1780599817316,"seq":1422,"gpsTickId":1780599816944,"gpsTickAgeMs":347,"lat":51.368507,"lng":19.369216,"hdg":354,"speedKmh":73.3,"exploring":false,"frameMoveM":0}
06-04 21:03:37.617 I/ReactNativeJS(27948): [VROOM-TEL] 2026-06-04T19:03:37.617Z | DRIVE_TRACE_CAMERA | {"t":1780599817617,"seq":1423,"gpsTickId":1780599816944,"gpsTickAgeMs":648,"lat":51.368542,"lng":19.36921,"hdg":354,"speedKmh":73.3,"exploring":false,"frameMoveM":0}
06-04 21:03:37.633 I/ReactNativeJS(27948): [VROOM-TEL] 2026-06-04T19:03:37.633Z | CAMERA_HEADING | {"t":1780599817633,"speedKmh":73,"movedM":0.17,"moveBearing":354,"snapHdg":354,"headingOut":354,"flipFromPrevDeg":0,"lookaheadM":57,"nativeFollow":true}
06-04 21:03:37.973 I/ReactNativeJS(27948): [VROOM-TEL] 2026-06-04T19:03:37.973Z | RAW_GPS_TICK | {"t":1780599817973,"gpsTickId":1780599817944,"gpsTickAgeMs":0,"lat":51.36901,"lng":19.369116,"speed":19.73,"speedKmh":71,"accuracy":4,"osTimestamp":1780599817944,"tripActive":true,"appState":"active"}
06-04 21:03:37.973 I/ReactNativeJS(27948): [VROOM-TEL] 2026-06-04T19:03:37.973Z | DRIVE_TRACE_RAW | {"t":1780599817973,"seq":1424,"gpsTickId":1780599817944,"gpsTickAgeMs":0,"rawLat":51.36901,"rawLng":19.369116,"accM":4,"speedKmh":71,"speedMs":19.7,"heading":352,"tripActive":true,"driving":true,"navigating":false,"osTimestamp":1780599817944}
06-04 21:03:37.974 I/ReactNativeJS(27948): [VROOM-TEL] 2026-06-04T19:03:37.974Z | DRIVE_TRACE_FEED | {"t":1780599817974,"seq":1425,"gpsTickId":1780599817944,"gpsTickAgeMs":1,"lat":51.368854,"lng":19.369148,"hdg":353,"durationMs":1200,"speedKmh":73.4}
06-04 21:03:37.975 I/ReactNativeJS(27948): [VROOM-TEL] 2026-06-04T19:03:37.975Z | DRIVE_TRACE_TICK | {"t":1780599817975,"seq":1426,"gpsTickId":1780599817944,"gpsTickAgeMs":2,"rawLat":51.36901,"rawLng":19.369116,"snapLat":51.368854,"snapLng":19.369148,"markerLat":51.368854,"markerLng":19.369148,"markerHdg":353,"markerSvLat":51.368586,"markerSvLng":19.369202,"markerSvHdg":354,"accM":4,"hudKmh":73.4,"engineKmh":73.4,"dopplerKmh":71,"feedDurMs":1200,"cadenceMs":600,"feedSpeedMs":20.4,"isNavigating":false,"isFreeDrive":true,"isMoving":true,"feedSkipGate":false,"feedAccepted":true,"feedHeadingOnly":false,"source":"drive_core_v2"}
06-04 21:03:37.975 I/ReactNativeJS(27948): [VROOM-TEL] 2026-06-04T19:03:37.975Z | GPS_ACCEPT | {"lat":51.36901,"lng":19.369116,"acc":4,"speedKmh":73.9,"gpsLock":true}
06-04 21:03:38.065 I/ReactNativeJS(27948): [VROOM-TEL] 2026-06-04T19:03:38.065Z | CAM_FOLLOW_PUSH | {"t":1780599818065,"lat":51.368591,"lng":19.369201,"hdg":355,"snapHdg":353,"speedKmh":73,"exploring":false,"source":"drive_marker_sv_60fps"}
06-04 21:03:38.066 I/ReactNativeJS(27948): [VROOM-TEL] 2026-06-04T19:03:38.066Z | DRIVE_TRACE_CAMERA | {"t":1780599818066,"seq":1427,"gpsTickId":1780599817944,"gpsTickAgeMs":93,"lat":51.368591,"lng":19.369201,"hdg":355,"speedKmh":73.4,"exploring":false,"frameMoveM":0}
06-04 21:03:38.368 I/ReactNativeJS(27948): [VROOM-TEL] 2026-06-04T19:03:38.368Z | DRIVE_TRACE_CAMERA | {"t":1780599818368,"seq":1428,"gpsTickId":1780599817944,"gpsTickAgeMs":394,"lat":51.368674,"lng":19.369185,"hdg":353,"speedKmh":73.4,"exploring":false,"frameMoveM":0}
06-04 21:03:38.709 I/ReactNativeJS(27948): [VROOM-TEL] 2026-06-04T19:03:38.709Z | DRIVE_TRACE_CAMERA | {"t":1780599818709,"seq":1429,"gpsTickId":1780599817944,"gpsTickAgeMs":736,"lat":51.368729,"lng":19.369173,"hdg":355,"speedKmh":73.4,"exploring":false,"frameMoveM":0}
06-04 21:03:38.762 I/ReactNativeJS(27948): [VROOM-TEL] 2026-06-04T19:03:38.762Z | CAMERA_HEADING | {"t":1780599818762,"speedKmh":73,"movedM":3.33,"moveBearing":353,"snapHdg":353,"headingOut":353,"flipFromPrevDeg":14,"lookaheadM":57,"nativeFollow":true}
06-04 21:03:38.867 I/ReactNativeJS(27948): [VROOM-TEL] 2026-06-04T19:03:38.867Z | CAM_FOLLOW_PUSH | {"t":1780599818867,"lat":51.368785,"lng":19.369162,"hdg":353,"snapHdg":353,"speedKmh":73,"exploring":false,"source":"drive_marker_sv_60fps"}
06-04 21:03:38.970 I/ReactNativeJS(27948): [VROOM-TEL] 2026-06-04T19:03:38.970Z | RAW_GPS_TICK | {"t":1780599818970,"gpsTickId":1780599818945,"gpsTickAgeMs":0,"lat":51.36918,"lng":19.369069,"speed":19.09,"speedKmh":68.7,"accuracy":4,"osTimestamp":1780599818945,"tripActive":true,"appState":"active"}
06-04 21:03:38.971 I/ReactNativeJS(27948): [VROOM-TEL] 2026-06-04T19:03:38.971Z | DRIVE_TRACE_RAW | {"t":1780599818971,"seq":1430,"gpsTickId":1780599818945,"gpsTickAgeMs":0,"rawLat":51.36918,"rawLng":19.369069,"accM":4,"speedKmh":68.7,"speedMs":19.1,"heading":350,"tripActive":true,"driving":true,"navigating":false,"osTimestamp":1780599818945}
06-04 21:03:38.972 I/ReactNativeJS(27948): [VROOM-TEL] 2026-06-04T19:03:38.972Z | DRIVE_TRACE_FEED | {"t":1780599818972,"seq":1431,"gpsTickId":1780599818945,"gpsTickAgeMs":2,"lat":51.368971,"lng":19.36912,"hdg":351,"durationMs":660,"speedKmh":71.8}
06-04 21:03:38.972 I/ReactNativeJS(27948): [VROOM-TEL] 2026-06-04T19:03:38.972Z | DRIVE_TRACE_TICK | {"t":1780599818972,"seq":1432,"gpsTickId":1780599818945,"gpsTickAgeMs":2,"rawLat":51.36918,"rawLng":19.369069,"snapLat":51.368971,"snapLng":19.36912,"markerLat":51.368971,"markerLng":19.36912,"markerHdg":351,"markerSvLat":51.368807,"markerSvLng":19.369157,"markerSvHdg":353,"accM":4,"hudKmh":71.8,"engineKmh":71.8,"dopplerKmh":68.7,"feedDurMs":660,"cadenceMs":548,"feedSpeedMs":19.9,"isNavigating":false,"isFreeDrive":true,"isMoving":true,"feedSkipGate":false,"feedAccepted":true,"feedHeadingOnly":false,"source":"drive_core_v2"}
06-04 21:03:38.972 I/ReactNativeJS(27948): [VROOM-TEL] 2026-06-04T19:03:38.972Z | GPS_ACCEPT | {"lat":51.36918,"lng":19.369069,"acc":4,"speedKmh":69,"gpsLock":true}
06-04 21:03:39.012 I/ReactNativeJS(27948): [VROOM-TEL] 2026-06-04T19:03:39.012Z | DRIVE_TRACE_CAMERA | {"t":1780599819012,"seq":1433,"gpsTickId":1780599818945,"gpsTickAgeMs":42,"lat":51.36881,"lng":19.369157,"hdg":341,"speedKmh":71.8,"exploring":false,"frameMoveM":0}
06-04 21:03:39.317 I/ReactNativeJS(27948): [VROOM-TEL] 2026-06-04T19:03:39.317Z | DRIVE_TRACE_CAMERA | {"t":1780599819317,"seq":1434,"gpsTickId":1780599818945,"gpsTickAgeMs":347,"lat":51.368893,"lng":19.369138,"hdg":352,"speedKmh":71.8,"exploring":false,"frameMoveM":0}
06-04 21:03:39.384 I/ReactNativeJS(27948): [VROOM-TEL] 2026-06-04T19:03:39.384Z | DRIVE_TRACE_HEARTBEAT | {"t":1780599819384,"seq":1435,"gpsTickId":1780599818945,"gpsTickAgeMs":414,"driving":true,"navigating":false,"tripActive":true,"lat":51.3691795,"lng":19.3690691,"gpsAgeMs":414}
06-04 21:03:39.384 I/ReactNativeJS(27948): [VROOM-TEL] 2026-06-04T19:03:39.384Z | DRIVE_HEALTH | {"t":1780599819384,"mode":"driving","speedHudKmh":71.8,"speedPipeKmh":71.8,"gpsAgeMs":414,"drAgeMs":412,"gpsToDriftM":23,"snapAnchorDriftM":0,"offRoute":false,"reroutePending":false,"rerouteLoading":false,"hasRoutePts":0}
06-04 21:03:39.617 I/ReactNativeJS(27948): [VROOM-TEL] 2026-06-04T19:03:39.617Z | DRIVE_TRACE_CAMERA | {"t":1780599819617,"seq":1436,"gpsTickId":1780599818945,"gpsTickAgeMs":647,"lat":51.368967,"lng":19.369121,"hdg":352,"speedKmh":71.8,"exploring":false,"frameMoveM":0}
06-04 21:03:39.634 I/ReactNativeJS(27948): [VROOM-TEL] 2026-06-04T19:03:39.634Z | TRIP_SEGMENT_STATS | {"t":1780599819634,"totalDistanceKm":2.482,"acceptedMain":205,"acceptedMainKm":2.388,"fallbackAccepted":6,"fallbackKm":0.094,"derivedSpeedUsed":3,"derivedSpeedRejected":0,"lowSpeedDropped":0,"zeroMove":0,"rejectedTotal":23,"rejectedJitter":16,"rejectedJump":0,"rejectedStaleGap":0,"rejectedMinSpeed":1,"rejectedAccuracy":0,"rejectedImpossible":6,"rejectedInvalidTime":0}
06-04 21:03:39.667 I/ReactNativeJS(27948): [VROOM-TEL] 2026-06-04T19:03:39.667Z | CAM_FOLLOW_PUSH | {"t":1780599819667,"lat":51.368977,"lng":19.369118,"hdg":352,"snapHdg":351,"speedKmh":72,"exploring":false,"source":"drive_marker_sv_60fps"}
06-04 21:03:39.866 I/ReactNativeJS(27948): [VROOM-TEL] 2026-06-04T19:03:39.866Z | CAMERA_HEADING | {"t":1780599819866,"speedKmh":72,"movedM":0.33,"moveBearing":352,"snapHdg":352,"headingOut":352,"flipFromPrevDeg":0,"lookaheadM":57,"nativeFollow":true}
06-04 21:03:40.040 I/ReactNativeJS(27948): [VROOM-TEL] 2026-06-04T19:03:40.040Z | RAW_GPS_TICK | {"t":1780599820040,"gpsTickId":1780599819944,"gpsTickAgeMs":0,"lat":51.369339,"lng":19.369014,"speed":18.32,"speedKmh":66,"accuracy":4,"osTimestamp":1780599819944,"tripActive":true,"appState":"active"}
06-04 21:03:40.040 I/ReactNativeJS(27948): [VROOM-TEL] 2026-06-04T19:03:40.040Z | DRIVE_TRACE_RAW | {"t":1780599820040,"seq":1437,"gpsTickId":1780599819944,"gpsTickAgeMs":0,"rawLat":51.369339,"rawLng":19.369014,"accM":4,"speedKmh":66,"speedMs":18.3,"heading":347,"tripActive":true,"driving":true,"navigating":false,"osTimestamp":1780599819944}
06-04 21:03:40.040 I/ReactNativeJS(27948): [VROOM-TEL] 2026-06-04T19:03:40.040Z | DRIVE_TRACE_FEED | {"t":1780599820040,"seq":1438,"gpsTickId":1780599819944,"gpsTickAgeMs":0,"lat":51.369085,"lng":19.369088,"hdg":349,"durationMs":664,"speedKmh":69.5}
06-04 21:03:40.041 I/ReactNativeJS(27948): [VROOM-TEL] 2026-06-04T19:03:40.040Z | DRIVE_TRACE_TICK | {"t":1780599820040,"seq":1439,"gpsTickId":1780599819944,"gpsTickAgeMs":0,"rawLat":51.369339,"rawLng":19.369014,"snapLat":51.369085,"snapLng":19.369088,"markerLat":51.369085,"markerLng":19.369088,"markerHdg":349,"markerSvLat":51.369013,"markerSvLng":19.36911,"markerSvHdg":352,"accM":4,"hudKmh":69.5,"engineKmh":69.5,"dopplerKmh":66,"feedDurMs":664,"cadenceMs":514,"feedSpeedMs":19.3,"isNavigating":false,"isFreeDrive":true,"isMoving":true,"feedSkipGate":false,"feedAccepted":true,"feedHeadingOnly":false,"source":"drive_core_v2"}
06-04 21:03:40.041 I/ReactNativeJS(27948): [VROOM-TEL] 2026-06-04T19:03:40.041Z | GPS_ACCEPT | {"lat":51.369339,"lng":19.369014,"acc":4,"speedKmh":66,"gpsLock":true}
06-04 21:03:40.097 I/ReactNativeJS(27948): [VROOM-TEL] 2026-06-04T19:03:40.097Z | DRIVE_TRACE_CAMERA | {"t":1780599820097,"seq":1440,"gpsTickId":1780599819944,"gpsTickAgeMs":57,"lat":51.369015,"lng":19.369109,"hdg":351,"speedKmh":69.5,"exploring":false,"frameMoveM":0}
06-04 21:03:40.400 I/ReactNativeJS(27948): [VROOM-TEL] 2026-06-04T19:03:40.400Z | DRIVE_TRACE_CAMERA | {"t":1780599820400,"seq":1441,"gpsTickId":1780599819944,"gpsTickAgeMs":360,"lat":51.369051,"lng":19.369098,"hdg":349,"speedKmh":69.5,"exploring":false,"frameMoveM":0}
06-04 21:03:40.467 I/ReactNativeJS(27948): [VROOM-TEL] 2026-06-04T19:03:40.467Z | CAM_FOLLOW_PUSH | {"t":1780599820467,"lat":51.369059,"lng":19.369096,"hdg":349,"snapHdg":349,"speedKmh":70,"exploring":false,"source":"drive_marker_sv_60fps"}
06-04 21:03:40.716 I/ReactNativeJS(27948): [VROOM-TEL] 2026-06-04T19:03:40.716Z | DRIVE_TRACE_CAMERA | {"t":1780599820716,"seq":1442,"gpsTickId":1780599819944,"gpsTickAgeMs":676,"lat":51.36908,"lng":19.369089,"hdg":347,"speedKmh":69.5,"exploring":false,"frameMoveM":0}
06-04 21:03:40.969 I/ReactNativeJS(27948): [VROOM-TEL] 2026-06-04T19:03:40.969Z | RAW_GPS_TICK | {"t":1780599820969,"gpsTickId":1780599820944,"gpsTickAgeMs":0,"lat":51.369491,"lng":19.36897,"speed":17.52,"speedKmh":63.1,"accuracy":4,"osTimestamp":1780599820944,"tripActive":true,"appState":"active"}
06-04 21:03:40.969 I/ReactNativeJS(27948): [VROOM-TEL] 2026-06-04T19:03:40.969Z | DRIVE_TRACE_RAW | {"t":1780599820969,"seq":1443,"gpsTickId":1780599820944,"gpsTickAgeMs":0,"rawLat":51.369491,"rawLng":19.36897,"accM":4,"speedKmh":63.1,"speedMs":17.5,"heading":349,"tripActive":true,"driving":true,"navigating":false,"osTimestamp":1780599820944}
06-04 21:03:40.970 I/ReactNativeJS(27948): [VROOM-TEL] 2026-06-04T19:03:40.970Z | DRIVE_TRACE_FEED | {"t":1780599820970,"seq":1444,"gpsTickId":1780599820944,"gpsTickAgeMs":1,"lat":51.369357,"lng":19.369009,"hdg":349,"durationMs":1200,"speedKmh":66.6}
06-04 21:03:40.970 I/ReactNativeJS(27948): [VROOM-TEL] 2026-06-04T19:03:40.970Z | DRIVE_TRACE_TICK | {"t":1780599820970,"seq":1445,"gpsTickId":1780599820944,"gpsTickAgeMs":1,"rawLat":51.369491,"rawLng":19.36897,"snapLat":51.369357,"snapLng":19.369009,"markerLat":51.369357,"markerLng":19.369009,"markerHdg":349,"markerSvLat":51.369121,"markerSvLng":19.369079,"markerSvHdg":351,"accM":4,"hudKmh":66.6,"engineKmh":66.6,"dopplerKmh":63.1,"feedDurMs":1200,"cadenceMs":659,"feedSpeedMs":18.5,"isNavigating":false,"isFreeDrive":true,"isMoving":true,"feedSkipGate":false,"feedAccepted":true,"feedHeadingOnly":false,"source":"drive_core_v2"}
06-04 21:03:40.970 I/ReactNativeJS(27948): [VROOM-TEL] 2026-06-04T19:03:40.970Z | GPS_ACCEPT | {"lat":51.369491,"lng":19.36897,"acc":4,"speedKmh":66.7,"gpsLock":true}
06-04 21:03:40.992 I/ReactNativeJS(27948): [VROOM-TEL] 2026-06-04T19:03:40.992Z | CAMERA_HEADING | {"t":1780599820992,"speedKmh":67,"movedM":0.27,"moveBearing":null,"snapHdg":350,"headingOut":350,"flipFromPrevDeg":2,"lookaheadM":55,"nativeFollow":true}
06-04 21:03:41.017 I/ReactNativeJS(27948): [VROOM-TEL] 2026-06-04T19:03:41.017Z | DRIVE_TRACE_CAMERA | {"t":1780599821017,"seq":1446,"gpsTickId":1780599820944,"gpsTickAgeMs":48,"lat":51.36913,"lng":19.369076,"hdg":350,"speedKmh":66.6,"exploring":false,"frameMoveM":0}
06-04 21:03:41.267 I/ReactNativeJS(27948): [VROOM-TEL] 2026-06-04T19:03:41.267Z | CAM_FOLLOW_PUSH | {"t":1780599821267,"lat":51.36918,"lng":19.369062,"hdg":350,"snapHdg":349,"speedKmh":67,"exploring":false,"source":"drive_marker_sv_60fps"}
06-04 21:03:41.317 I/ReactNativeJS(27948): [VROOM-TEL] 2026-06-04T19:03:41.317Z | DRIVE_TRACE_CAMERA | {"t":1780599821317,"seq":1447,"gpsTickId":1780599820944,"gpsTickAgeMs":348,"lat":51.369189,"lng":19.369059,"hdg":350,"speedKmh":66.6,"exploring":false,"frameMoveM":0}
06-04 21:03:41.617 I/ReactNativeJS(27948): [VROOM-TEL] 2026-06-04T19:03:41.617Z | DRIVE_TRACE_CAMERA | {"t":1780599821617,"seq":1448,"gpsTickId":1780599820944,"gpsTickAgeMs":648,"lat":51.369248,"lng":19.369041,"hdg":350,"speedKmh":66.6,"exploring":false,"frameMoveM":0}
06-04 21:03:41.917 I/ReactNativeJS(27948): [VROOM-TEL] 2026-06-04T19:03:41.917Z | DRIVE_TRACE_CAMERA | {"t":1780599821917,"seq":1449,"gpsTickId":1780599820944,"gpsTickAgeMs":948,"lat":51.369307,"lng":19.369024,"hdg":350,"speedKmh":66.6,"exploring":false,"frameMoveM":0}
06-04 21:03:41.969 I/ReactNativeJS(27948): [VROOM-TEL] 2026-06-04T19:03:41.969Z | RAW_GPS_TICK | {"t":1780599821969,"gpsTickId":1780599821944,"gpsTickAgeMs":0,"lat":51.369639,"lng":19.368944,"speed":16.72,"speedKmh":60.2,"accuracy":4,"osTimestamp":1780599821944,"tripActive":true,"appState":"active"}
06-04 21:03:41.969 I/ReactNativeJS(27948): [VROOM-TEL] 2026-06-04T19:03:41.969Z | DRIVE_TRACE_RAW | {"t":1780599821969,"seq":1450,"gpsTickId":1780599821944,"gpsTickAgeMs":0,"rawLat":51.369639,"rawLng":19.368944,"accM":4,"speedKmh":60.2,"speedMs":16.7,"heading":354,"tripActive":true,"driving":true,"navigating":false,"osTimestamp":1780599821944}
06-04 21:03:41.971 I/ReactNativeJS(27948): [VROOM-TEL] 2026-06-04T19:03:41.971Z | DRIVE_TRACE_FEED | {"t":1780599821971,"seq":1451,"gpsTickId":1780599821944,"gpsTickAgeMs":2,"lat":51.369463,"lng":19.368984,"hdg":352,"durationMs":673,"speedKmh":63.7}
06-04 21:03:41.972 I/ReactNativeJS(27948): [VROOM-TEL] 2026-06-04T19:03:41.972Z | DRIVE_TRACE_TICK | {"t":1780599821972,"seq":1452,"gpsTickId":1780599821944,"gpsTickAgeMs":3,"rawLat":51.369639,"rawLng":19.368944,"snapLat":51.369463,"snapLng":19.368984,"markerLat":51.369463,"markerLng":19.368984,"markerHdg":352,"markerSvLat":51.369317,"markerSvLng":19.369021,"markerSvHdg":350,"accM":4,"hudKmh":63.7,"engineKmh":63.7,"dopplerKmh":60.2,"feedDurMs":673,"cadenceMs":778,"feedSpeedMs":17.7,"isNavigating":false,"isFreeDrive":true,"isMoving":true,"feedSkipGate":false,"feedAccepted":true,"feedHeadingOnly":false,"source":"drive_core_v2"}
06-04 21:03:41.972 I/ReactNativeJS(27948): [VROOM-TEL] 2026-06-04T19:03:41.972Z | GPS_ACCEPT | {"lat":51.369639,"lng":19.368944,"acc":4,"speedKmh":60.2,"gpsLock":true}
06-04 21:03:42.067 I/ReactNativeJS(27948): [VROOM-TEL] 2026-06-04T19:03:42.067Z | CAM_FOLLOW_PUSH | {"t":1780599822067,"lat":51.369338,"lng":19.369016,"hdg":351,"snapHdg":352,"speedKmh":64,"exploring":false,"source":"drive_marker_sv_60fps"}
06-04 21:03:42.100 I/ReactNativeJS(27948): [VROOM-TEL] 2026-06-04T19:03:42.100Z | CAMERA_HEADING | {"t":1780599822100,"speedKmh":64,"movedM":0.42,"moveBearing":351,"snapHdg":351,"headingOut":351,"flipFromPrevDeg":0,"lookaheadM":55,"nativeFollow":true}
06-04 21:03:42.217 I/ReactNativeJS(27948): [VROOM-TEL] 2026-06-04T19:03:42.217Z | DRIVE_TRACE_CAMERA | {"t":1780599822217,"seq":1453,"gpsTickId":1780599821944,"gpsTickAgeMs":248,"lat":51.369371,"lng":19.369008,"hdg":351,"speedKmh":63.7,"exploring":false,"frameMoveM":0}
06-04 21:03:42.534 I/ReactNativeJS(27948): [VROOM-TEL] 2026-06-04T19:03:42.534Z | DRIVE_TRACE_CAMERA | {"t":1780599822534,"seq":1454,"gpsTickId":1780599821944,"gpsTickAgeMs":565,"lat":51.369439,"lng":19.36899,"hdg":351,"speedKmh":63.7,"exploring":false,"frameMoveM":0}
06-04 21:03:42.834 I/ReactNativeJS(27948): [VROOM-TEL] 2026-06-04T19:03:42.834Z | DRIVE_TRACE_CAMERA | {"t":1780599822834,"seq":1455,"gpsTickId":1780599821944,"gpsTickAgeMs":865,"lat":51.369492,"lng":19.368976,"hdg":350,"speedKmh":63.7,"exploring":false,"frameMoveM":0}
06-04 21:03:42.869 I/ReactNativeJS(27948): [VROOM-TEL] 2026-06-04T19:03:42.868Z | CAM_FOLLOW_PUSH | {"t":1780599822868,"lat":51.369497,"lng":19.368974,"hdg":350,"snapHdg":352,"speedKmh":64,"exploring":false,"source":"drive_marker_sv_60fps"}
06-04 21:03:42.967 I/ReactNativeJS(27948): [VROOM-TEL] 2026-06-04T19:03:42.967Z | RAW_GPS_TICK | {"t":1780599822967,"gpsTickId":1780599822945,"gpsTickAgeMs":0,"lat":51.369781,"lng":19.368917,"speed":16.18,"speedKmh":58.2,"accuracy":4,"osTimestamp":1780599822945,"tripActive":true,"appState":"active"}
06-04 21:03:42.968 I/ReactNativeJS(27948): [VROOM-TEL] 2026-06-04T19:03:42.968Z | DRIVE_TRACE_RAW | {"t":1780599822968,"seq":1456,"gpsTickId":1780599822945,"gpsTickAgeMs":1,"rawLat":51.369781,"rawLng":19.368917,"accM":4,"speedKmh":58.2,"speedMs":16.2,"heading":353,"tripActive":true,"driving":true,"navigating":false,"osTimestamp":1780599822945}
06-04 21:03:42.969 I/ReactNativeJS(27948): [VROOM-TEL] 2026-06-04T19:03:42.969Z | DRIVE_TRACE_FEED | {"t":1780599822969,"seq":1457,"gpsTickId":1780599822945,"gpsTickAgeMs":2,"lat":51.369566,"lng":19.368962,"hdg":354,"durationMs":678,"speedKmh":61}
06-04 21:03:42.970 I/ReactNativeJS(27948): [VROOM-TEL] 2026-06-04T19:03:42.970Z | DRIVE_TRACE_TICK | {"t":1780599822970,"seq":1458,"gpsTickId":1780599822945,"gpsTickAgeMs":3,"rawLat":51.369781,"rawLng":19.368917,"snapLat":51.369566,"snapLng":19.368962,"markerLat":51.369566,"markerLng":19.368962,"markerHdg":354,"markerSvLat":51.369497,"markerSvLng":19.368974,"markerSvHdg":350,"accM":4,"hudKmh":61,"engineKmh":61,"dopplerKmh":58.2,"feedDurMs":678,"cadenceMs":855,"feedSpeedMs":16.9,"isNavigating":false,"isFreeDrive":true,"isMoving":true,"feedSkipGate":false,"feedAccepted":true,"feedHeadingOnly":false,"source":"drive_core_v2"}
06-04 21:03:42.970 I/ReactNativeJS(27948): [VROOM-TEL] 2026-06-04T19:03:42.970Z | GPS_ACCEPT | {"lat":51.369781,"lng":19.368917,"acc":4,"speedKmh":58.2,"gpsLock":true}
06-04 21:03:43.150 I/ReactNativeJS(27948): [VROOM-TEL] 2026-06-04T19:03:43.150Z | DRIVE_TRACE_CAMERA | {"t":1780599823150,"seq":1459,"gpsTickId":1780599822945,"gpsTickAgeMs":183,"lat":51.369516,"lng":19.368971,"hdg":354,"speedKmh":61,"exploring":false,"frameMoveM":0}
06-04 21:03:43.200 I/ReactNativeJS(27948): [VROOM-TEL] 2026-06-04T19:03:43.200Z | CAMERA_HEADING | {"t":1780599823200,"speedKmh":61,"movedM":0.18,"moveBearing":354,"snapHdg":354,"headingOut":354,"flipFromPrevDeg":0,"lookaheadM":55,"nativeFollow":true}
06-04 21:03:43.450 I/ReactNativeJS(27948): [VROOM-TEL] 2026-06-04T19:03:43.450Z | DRIVE_TRACE_CAMERA | {"t":1780599823450,"seq":1460,"gpsTickId":1780599822945,"gpsTickAgeMs":483,"lat":51.369546,"lng":19.368966,"hdg":354,"speedKmh":61,"exploring":false,"frameMoveM":0}
06-04 21:03:43.683 I/ReactNativeJS(27948): [VROOM-TEL] 2026-06-04T19:03:43.683Z | CAM_FOLLOW_PUSH | {"t":1780599823683,"lat":51.369571,"lng":19.368961,"hdg":351,"snapHdg":354,"speedKmh":61,"exploring":false,"source":"drive_marker_sv_60fps"}
06-04 21:03:43.767 I/ReactNativeJS(27948): [VROOM-TEL] 2026-06-04T19:03:43.767Z | DRIVE_TRACE_CAMERA | {"t":1780599823767,"seq":1461,"gpsTickId":1780599822945,"gpsTickAgeMs":800,"lat":51.369583,"lng":19.368958,"hdg":350,"speedKmh":61,"exploring":false,"frameMoveM":0}
06-04 21:03:43.968 I/ReactNativeJS(27948): [VROOM-TEL] 2026-06-04T19:03:43.968Z | RAW_GPS_TICK | {"t":1780599823968,"gpsTickId":1780599823945,"gpsTickAgeMs":0,"lat":51.369916,"lng":19.368883,"speed":15.46,"speedKmh":55.7,"accuracy":4,"osTimestamp":1780599823945,"tripActive":true,"appState":"active"}
06-04 21:03:43.968 I/ReactNativeJS(27948): [VROOM-TEL] 2026-06-04T19:03:43.968Z | DRIVE_TRACE_RAW | {"t":1780599823968,"seq":1462,"gpsTickId":1780599823945,"gpsTickAgeMs":0,"rawLat":51.369916,"rawLng":19.368883,"accM":4,"speedKmh":55.7,"speedMs":15.5,"heading":350,"tripActive":true,"driving":true,"navigating":false,"osTimestamp":1780599823945}
06-04 21:03:43.969 I/ReactNativeJS(27948): [VROOM-TEL] 2026-06-04T19:03:43.969Z | DRIVE_TRACE_FEED | {"t":1780599823969,"seq":1463,"gpsTickId":1780599823945,"gpsTickAgeMs":1,"lat":51.369665,"lng":19.36894,"hdg":352,"durationMs":683,"speedKmh":58.4}
06-04 21:03:43.970 I/ReactNativeJS(27948): [VROOM-TEL] 2026-06-04T19:03:43.969Z | DRIVE_TRACE_TICK | {"t":1780599823969,"seq":1464,"gpsTickId":1780599823945,"gpsTickAgeMs":1,"rawLat":51.369916,"rawLng":19.368883,"snapLat":51.369665,"snapLng":19.36894,"markerLat":51.369665,"markerLng":19.36894,"markerHdg":352,"markerSvLat":51.369598,"markerSvLng":19.368953,"markerSvHdg":350,"accM":4,"hudKmh":58.4,"engineKmh":58.4,"dopplerKmh":55.7,"feedDurMs":683,"cadenceMs":906,"feedSpeedMs":16.2,"isNavigating":false,"isFreeDrive":true,"isMoving":true,"feedSkipGate":false,"feedAccepted":true,"feedHeadingOnly":false,"source":"drive_core_v2"}
06-04 21:03:43.970 I/ReactNativeJS(27948): [VROOM-TEL] 2026-06-04T19:03:43.970Z | GPS_ACCEPT | {"lat":51.369916,"lng":19.368883,"acc":4,"speedKmh":55.7,"gpsLock":true}
06-04 21:03:44.095 I/ReactNativeJS(27948): [VROOM-TEL] 2026-06-04T19:03:44.095Z | DRIVE_TRACE_CAMERA | {"t":1780599824095,"seq":1465,"gpsTickId":1780599823945,"gpsTickAgeMs":127,"lat":51.369609,"lng":19.368951,"hdg":353,"speedKmh":58.4,"exploring":false,"frameMoveM":0}
06-04 21:03:44.301 I/ReactNativeJS(27948): [VROOM-TEL] 2026-06-04T19:03:44.300Z | CAMERA_HEADING | {"t":1780599824300,"speedKmh":58,"movedM":0.18,"moveBearing":353,"snapHdg":353,"headingOut":353,"flipFromPrevDeg":0,"lookaheadM":51,"nativeFollow":true}
06-04 21:03:44.401 I/ReactNativeJS(27948): [VROOM-TEL] 2026-06-04T19:03:44.400Z | DRIVE_TRACE_CAMERA | {"t":1780599824400,"seq":1466,"gpsTickId":1780599823945,"gpsTickAgeMs":432,"lat":51.36964,"lng":19.368945,"hdg":353,"speedKmh":58.4,"exploring":false,"frameMoveM":0}
06-04 21:03:44.401 I/ReactNativeJS(27948): [VROOM-TEL] 2026-06-04T19:03:44.401Z | DRIVE_TRACE_HEARTBEAT | {"t":1780599824401,"seq":1467,"gpsTickId":1780599823945,"gpsTickAgeMs":433,"driving":true,"navigating":false,"tripActive":true,"lat":51.369916,"lng":19.3688826,"gpsAgeMs":433}
06-04 21:03:44.484 I/ReactNativeJS(27948): [VROOM-TEL] 2026-06-04T19:03:44.484Z | CAM_FOLLOW_PUSH | {"t":1780599824484,"lat":51.369648,"lng":19.368943,"hdg":353,"snapHdg":352,"speedKmh":58,"exploring":false,"source":"drive_marker_sv_60fps"}
06-04 21:03:44.700 I/ReactNativeJS(27948): [VROOM-TEL] 2026-06-04T19:03:44.700Z | DRIVE_TRACE_CAMERA | {"t":1780599824700,"seq":1468,"gpsTickId":1780599823945,"gpsTickAgeMs":732,"lat":51.369669,"lng":19.368939,"hdg":353,"speedKmh":58.4,"exploring":false,"frameMoveM":0}
06-04 21:03:44.971 I/ReactNativeJS(27948): [VROOM-TEL] 2026-06-04T19:03:44.971Z | RAW_GPS_TICK | {"t":1780599824971,"gpsTickId":1780599824943,"gpsTickAgeMs":0,"lat":51.370038,"lng":19.368853,"speed":13.83,"speedKmh":49.8,"accuracy":4,"osTimestamp":1780599824943,"tripActive":true,"appState":"active"}
06-04 21:03:44.971 I/ReactNativeJS(27948): [VROOM-TEL] 2026-06-04T19:03:44.971Z | DRIVE_TRACE_RAW | {"t":1780599824971,"seq":1469,"gpsTickId":1780599824943,"gpsTickAgeMs":0,"rawLat":51.370038,"rawLng":19.368853,"accM":4,"speedKmh":49.8,"speedMs":13.8,"heading":351,"tripActive":true,"driving":true,"navigating":false,"osTimestamp":1780599824943}
06-04 21:03:44.973 I/ReactNativeJS(27948): [VROOM-TEL] 2026-06-04T19:03:44.973Z | DRIVE_TRACE_FEED | {"t":1780599824973,"seq":1470,"gpsTickId":1780599824943,"gpsTickAgeMs":2,"lat":51.369759,"lng":19.368918,"hdg":351,"durationMs":690,"speedKmh":55.2}
06-04 21:03:44.973 I/ReactNativeJS(27948): [VROOM-TEL] 2026-06-04T19:03:44.973Z | DRIVE_TRACE_TICK | {"t":1780599824973,"seq":1471,"gpsTickId":1780599824943,"gpsTickAgeMs":2,"rawLat":51.370038,"rawLng":19.368853,"snapLat":51.369759,"snapLng":19.368918,"markerLat":51.369759,"markerLng":19.368918,"markerHdg":351,"markerSvLat":51.369693,"markerSvLng":19.368933,"markerSvHdg":351,"accM":4,"hudKmh":55.2,"engineKmh":55.2,"dopplerKmh":49.8,"feedDurMs":690,"cadenceMs":940,"feedSpeedMs":15.3,"isNavigating":false,"isFreeDrive":true,"isMoving":true,"feedSkipGate":false,"feedAccepted":true,"feedHeadingOnly":false,"source":"drive_core_v2"}
06-04 21:03:44.974 I/ReactNativeJS(27948): [VROOM-TEL] 2026-06-04T19:03:44.974Z | GPS_ACCEPT | {"lat":51.370038,"lng":19.368853,"acc":4,"speedKmh":49.8,"gpsLock":true}
06-04 21:03:45.072 I/ReactNativeJS(27948): [VROOM-TEL] 2026-06-04T19:03:45.072Z | DRIVE_TRACE_CAMERA | {"t":1780599825072,"seq":1472,"gpsTickId":1780599824943,"gpsTickAgeMs":101,"lat":51.369696,"lng":19.368932,"hdg":349,"speedKmh":55.2,"exploring":false,"frameMoveM":0}
06-04 21:03:45.284 I/ReactNativeJS(27948): [VROOM-TEL] 2026-06-04T19:03:45.284Z | CAM_FOLLOW_PUSH | {"t":1780599825284,"lat":51.369723,"lng":19.368926,"hdg":352,"snapHdg":351,"speedKmh":55,"exploring":false,"source":"drive_marker_sv_60fps"}
06-04 21:03:45.384 I/ReactNativeJS(27948): [VROOM-TEL] 2026-06-04T19:03:45.384Z | DRIVE_TRACE_CAMERA | {"t":1780599825384,"seq":1473,"gpsTickId":1780599824943,"gpsTickAgeMs":413,"lat":51.369732,"lng":19.368924,"hdg":352,"speedKmh":55.2,"exploring":false,"frameMoveM":0}
06-04 21:03:45.400 I/ReactNativeJS(27948): [VROOM-TEL] 2026-06-04T19:03:45.400Z | CAMERA_HEADING | {"t":1780599825400,"speedKmh":55,"movedM":0.17,"moveBearing":352,"snapHdg":352,"headingOut":352,"flipFromPrevDeg":0,"lookaheadM":51,"nativeFollow":true}
06-04 21:03:45.723 I/ReactNativeJS(27948): [VROOM-TEL] 2026-06-04T19:03:45.723Z | DRIVE_TRACE_CAMERA | {"t":1780599825723,"seq":1474,"gpsTickId":1780599824943,"gpsTickAgeMs":752,"lat":51.369759,"lng":19.368918,"hdg":352,"speedKmh":55.2,"exploring":false,"frameMoveM":0}
06-04 21:03:45.969 I/ReactNativeJS(27948): [VROOM-TEL] 2026-06-04T19:03:45.969Z | RAW_GPS_TICK | {"t":1780599825969,"gpsTickId":1780599825944,"gpsTickAgeMs":0,"lat":51.370137,"lng":19.368842,"speed":11.42,"speedKmh":41.1,"accuracy":4,"osTimestamp":1780599825944,"tripActive":true,"appState":"active"}
06-04 21:03:45.969 I/ReactNativeJS(27948): [VROOM-TEL] 2026-06-04T19:03:45.969Z | DRIVE_TRACE_RAW | {"t":1780599825969,"seq":1475,"gpsTickId":1780599825944,"gpsTickAgeMs":0,"rawLat":51.370137,"rawLng":19.368842,"accM":4,"speedKmh":41.1,"speedMs":11.4,"heading":355,"tripActive":true,"driving":true,"navigating":false,"osTimestamp":1780599825944}
06-04 21:03:45.970 I/ReactNativeJS(27948): [VROOM-TEL] 2026-06-04T19:03:45.970Z | DRIVE_TRACE_FEED | {"t":1780599825970,"seq":1476,"gpsTickId":1780599825944,"gpsTickAgeMs":1,"lat":51.370006,"lng":19.368867,"hdg":354,"durationMs":1200,"speedKmh":49.9}
06-04 21:03:45.971 I/ReactNativeJS(27948): [VROOM-TEL] 2026-06-04T19:03:45.971Z | DRIVE_TRACE_TICK | {"t":1780599825971,"seq":1477,"gpsTickId":1780599825944,"gpsTickAgeMs":2,"rawLat":51.370137,"rawLng":19.368842,"snapLat":51.370006,"snapLng":19.368867,"markerLat":51.370006,"markerLng":19.368867,"markerHdg":354,"markerSvLat":51.369786,"markerSvLng":19.368911,"markerSvHdg":351,"accM":4,"hudKmh":49.9,"engineKmh":49.9,"dopplerKmh":41.1,"feedDurMs":1200,"cadenceMs":960,"feedSpeedMs":13.9,"isNavigating":false,"isFreeDrive":true,"isMoving":true,"feedSkipGate":false,"feedAccepted":true,"feedHeadingOnly":false,"source":"drive_core_v2"}
06-04 21:03:45.971 I/ReactNativeJS(27948): [VROOM-TEL] 2026-06-04T19:03:45.971Z | GPS_ACCEPT | {"lat":51.370137,"lng":19.368842,"acc":4,"speedKmh":41.1,"gpsLock":true}
06-04 21:03:46.033 I/ReactNativeJS(27948): [VROOM-TEL] 2026-06-04T19:03:46.033Z | DRIVE_TRACE_CAMERA | {"t":1780599826033,"seq":1478,"gpsTickId":1780599825944,"gpsTickAgeMs":64,"lat":51.369797,"lng":19.368909,"hdg":353,"speedKmh":49.9,"exploring":false,"frameMoveM":0}
06-04 21:03:46.085 I/ReactNativeJS(27948): [VROOM-TEL] 2026-06-04T19:03:46.085Z | CAM_FOLLOW_PUSH | {"t":1780599826085,"lat":51.369803,"lng":19.368908,"hdg":4,"snapHdg":354,"speedKmh":50,"exploring":false,"source":"drive_marker_sv_60fps"}
06-04 21:03:46.416 I/ReactNativeJS(27948): [VROOM-TEL] 2026-06-04T19:03:46.416Z | DRIVE_TRACE_CAMERA | {"t":1780599826416,"seq":1479,"gpsTickId":1780599825944,"gpsTickAgeMs":447,"lat":51.369849,"lng":19.368898,"hdg":4,"speedKmh":49.9,"exploring":false,"frameMoveM":0}
06-04 21:03:46.500 I/ReactNativeJS(27948): [VROOM-TEL] 2026-06-04T19:03:46.500Z | CAMERA_HEADING | {"t":1780599826500,"speedKmh":50,"movedM":0.33,"moveBearing":353,"snapHdg":353,"headingOut":353,"flipFromPrevDeg":0,"lookaheadM":43,"nativeFollow":true}
06-04 21:03:46.717 I/ReactNativeJS(27948): [VROOM-TEL] 2026-06-04T19:03:46.717Z | DRIVE_TRACE_CAMERA | {"t":1780599826717,"seq":1480,"gpsTickId":1780599825944,"gpsTickAgeMs":748,"lat":51.369923,"lng":19.368883,"hdg":353,"speedKmh":49.9,"exploring":false,"frameMoveM":0}
06-04 21:03:46.900 I/ReactNativeJS(27948): [VROOM-TEL] 2026-06-04T19:03:46.900Z | CAM_FOLLOW_PUSH | {"t":1780599826900,"lat":51.369956,"lng":19.368877,"hdg":353,"snapHdg":354,"speedKmh":50,"exploring":false,"source":"drive_marker_sv_60fps"}
06-04 21:03:46.960 I/ReactNativeJS(27948): [VROOM-TEL] 2026-06-04T19:03:46.960Z | RAW_GPS_TICK | {"t":1780599826960,"gpsTickId":1780599826945,"gpsTickAgeMs":0,"lat":51.370227,"lng":19.368841,"speed":10.08,"speedKmh":36.3,"accuracy":4,"osTimestamp":1780599826945,"tripActive":true,"appState":"active"}
06-04 21:03:46.960 I/ReactNativeJS(27948): [VROOM-TEL] 2026-06-04T19:03:46.960Z | DRIVE_TRACE_RAW | {"t":1780599826960,"seq":1481,"gpsTickId":1780599826945,"gpsTickAgeMs":0,"rawLat":51.370227,"rawLng":19.368841,"accM":4,"speedKmh":36.3,"speedMs":10.1,"heading":359,"tripActive":true,"driving":true,"navigating":false,"osTimestamp":1780599826945}
06-04 21:03:46.963 I/ReactNativeJS(27948): [VROOM-TEL] 2026-06-04T19:03:46.963Z | DRIVE_TRACE_FEED | {"t":1780599826963,"seq":1482,"gpsTickId":1780599826945,"gpsTickAgeMs":3,"lat":51.370085,"lng":19.368856,"hdg":358,"durationMs":724,"speedKmh":43.8}
06-04 21:03:46.964 I/ReactNativeJS(27948): [VROOM-TEL] 2026-06-04T19:03:46.964Z | DRIVE_TRACE_TICK | {"t":1780599826964,"seq":1483,"gpsTickId":1780599826945,"gpsTickAgeMs":4,"rawLat":51.370227,"rawLng":19.368841,"snapLat":51.370085,"snapLng":19.368856,"markerLat":51.370085,"markerLng":19.368856,"markerHdg":358,"markerSvLat":51.369965,"markerSvLng":19.368875,"markerSvHdg":353,"accM":4,"hudKmh":43.8,"engineKmh":43.8,"dopplerKmh":36.3,"feedDurMs":724,"cadenceMs":971,"feedSpeedMs":12.2,"isNavigating":false,"isFreeDrive":true,"isMoving":true,"feedSkipGate":false,"feedAccepted":true,"feedHeadingOnly":false,"source":"drive_core_v2"}
06-04 21:03:46.964 I/ReactNativeJS(27948): [VROOM-TEL] 2026-06-04T19:03:46.964Z | GPS_ACCEPT | {"lat":51.370227,"lng":19.368841,"acc":4,"speedKmh":36.3,"gpsLock":true}
06-04 21:03:47.017 I/ReactNativeJS(27948): [VROOM-TEL] 2026-06-04T19:03:47.017Z | DRIVE_TRACE_CAMERA | {"t":1780599827017,"seq":1484,"gpsTickId":1780599826945,"gpsTickAgeMs":57,"lat":51.369974,"lng":19.368873,"hdg":355,"speedKmh":43.8,"exploring":false,"frameMoveM":0}
06-04 21:03:47.333 I/ReactNativeJS(27948): [VROOM-TEL] 2026-06-04T19:03:47.333Z | DRIVE_TRACE_CAMERA | {"t":1780599827333,"seq":1485,"gpsTickId":1780599826945,"gpsTickAgeMs":373,"lat":51.370027,"lng":19.368865,"hdg":355,"speedKmh":43.8,"exploring":false,"frameMoveM":0}
06-04 21:03:47.603 I/ReactNativeJS(27948): [VROOM-TEL] 2026-06-04T19:03:47.603Z | CAMERA_HEADING | {"t":1780599827603,"speedKmh":44,"movedM":0.3,"moveBearing":355,"snapHdg":355,"headingOut":355,"flipFromPrevDeg":0,"lookaheadM":38,"nativeFollow":true}
06-04 21:03:47.634 I/ReactNativeJS(27948): [VROOM-TEL] 2026-06-04T19:03:47.634Z | DRIVE_TRACE_CAMERA | {"t":1780599827634,"seq":1486,"gpsTickId":1780599826945,"gpsTickAgeMs":674,"lat":51.370076,"lng":19.368858,"hdg":355,"speedKmh":43.8,"exploring":false,"frameMoveM":0}
06-04 21:03:47.700 I/ReactNativeJS(27948): [VROOM-TEL] 2026-06-04T19:03:47.700Z | CAM_FOLLOW_PUSH | {"t":1780599827700,"lat":51.370085,"lng":19.368856,"hdg":355,"snapHdg":358,"speedKmh":44,"exploring":false,"source":"drive_marker_sv_60fps"}
06-04 21:03:47.969 I/ReactNativeJS(27948): [VROOM-TEL] 2026-06-04T19:03:47.969Z | RAW_GPS_TICK | {"t":1780599827969,"gpsTickId":1780599827944,"gpsTickAgeMs":0,"lat":51.370304,"lng":19.36885,"speed":8.7,"speedKmh":31.3,"accuracy":4,"osTimestamp":1780599827944,"tripActive":true,"appState":"active"}
06-04 21:03:47.970 I/ReactNativeJS(27948): [VROOM-TEL] 2026-06-04T19:03:47.969Z | DRIVE_TRACE_RAW | {"t":1780599827969,"seq":1487,"gpsTickId":1780599827944,"gpsTickAgeMs":0,"rawLat":51.370304,"rawLng":19.36885,"accM":4,"speedKmh":31.3,"speedMs":8.7,"heading":5,"tripActive":true,"driving":true,"navigating":false,"osTimestamp":1780599827944}
06-04 21:03:47.971 I/ReactNativeJS(27948): [VROOM-TEL] 2026-06-04T19:03:47.971Z | DRIVE_TRACE_FEED | {"t":1780599827971,"seq":1488,"gpsTickId":1780599827944,"gpsTickAgeMs":2,"lat":51.370156,"lng":19.368853,"hdg":2,"durationMs":751,"speedKmh":37.7}
06-04 21:03:47.972 I/ReactNativeJS(27948): [VROOM-TEL] 2026-06-04T19:03:47.972Z | DRIVE_TRACE_TICK | {"t":1780599827972,"seq":1489,"gpsTickId":1780599827944,"gpsTickAgeMs":3,"rawLat":51.370304,"rawLng":19.36885,"snapLat":51.370156,"snapLng":19.368853,"markerLat":51.370156,"markerLng":19.368853,"markerHdg":2,"markerSvLat":51.370101,"markerSvLng":19.368853,"markerSvHdg":353,"accM":4,"hudKmh":37.7,"engineKmh":37.7,"dopplerKmh":31.3,"feedDurMs":751,"cadenceMs":984,"feedSpeedMs":10.5,"isNavigating":false,"isFreeDrive":true,"isMoving":true,"feedSkipGate":false,"feedAccepted":true,"feedHeadingOnly":false,"source":"drive_core_v2"}
06-04 21:03:47.972 I/ReactNativeJS(27948): [VROOM-TEL] 2026-06-04T19:03:47.972Z | GPS_ACCEPT | {"lat":51.370304,"lng":19.36885,"acc":4,"speedKmh":31.3,"gpsLock":true}
06-04 21:03:48.044 I/ReactNativeJS(27948): [VROOM-TEL] 2026-06-04T19:03:48.044Z | DRIVE_TRACE_CAMERA | {"t":1780599828044,"seq":1490,"gpsTickId":1780599827944,"gpsTickAgeMs":75,"lat":51.370103,"lng":19.368853,"hdg":7,"speedKmh":37.7,"exploring":false,"frameMoveM":0}
06-04 21:03:48.350 I/ReactNativeJS(27948): [VROOM-TEL] 2026-06-04T19:03:48.350Z | DRIVE_TRACE_CAMERA | {"t":1780599828350,"seq":1491,"gpsTickId":1780599827944,"gpsTickAgeMs":381,"lat":51.370129,"lng":19.368853,"hdg":360,"speedKmh":37.7,"exploring":false,"frameMoveM":0}
06-04 21:03:48.500 I/ReactNativeJS(27948): [VROOM-TEL] 2026-06-04T19:03:48.500Z | CAM_FOLLOW_PUSH | {"t":1780599828500,"lat":51.37014,"lng":19.368853,"hdg":360,"snapHdg":2,"speedKmh":38,"exploring":false,"source":"drive_marker_sv_60fps"}
06-04 21:03:48.650 I/ReactNativeJS(27948): [VROOM-TEL] 2026-06-04T19:03:48.650Z | DRIVE_TRACE_CAMERA | {"t":1780599828650,"seq":1492,"gpsTickId":1780599827944,"gpsTickAgeMs":681,"lat":51.37015,"lng":19.368853,"hdg":360,"speedKmh":37.7,"exploring":false,"frameMoveM":0}
06-04 21:03:48.717 I/ReactNativeJS(27948): [VROOM-TEL] 2026-06-04T19:03:48.716Z | CAMERA_HEADING | {"t":1780599828716,"speedKmh":38,"movedM":0.13,"moveBearing":360,"snapHdg":360,"headingOut":360,"flipFromPrevDeg":0,"lookaheadM":33,"nativeFollow":true}
06-04 21:03:48.968 I/ReactNativeJS(27948): [VROOM-TEL] 2026-06-04T19:03:48.967Z | RAW_GPS_TICK | {"t":1780599828967,"gpsTickId":1780599828945,"gpsTickAgeMs":0,"lat":51.370369,"lng":19.368886,"speed":7.56,"speedKmh":27.2,"accuracy":4,"osTimestamp":1780599828945,"tripActive":true,"appState":"active"}
06-04 21:03:48.968 I/ReactNativeJS(27948): [VROOM-TEL] 2026-06-04T19:03:48.968Z | DRIVE_TRACE_RAW | {"t":1780599828968,"seq":1493,"gpsTickId":1780599828945,"gpsTickAgeMs":1,"rawLat":51.370369,"rawLng":19.368886,"accM":4,"speedKmh":27.2,"speedMs":7.6,"heading":21,"tripActive":true,"driving":true,"navigating":false,"osTimestamp":1780599828945}
06-04 21:03:48.969 I/ReactNativeJS(27948): [VROOM-TEL] 2026-06-04T19:03:48.969Z | DRIVE_TRACE_FEED | {"t":1780599828969,"seq":1494,"gpsTickId":1780599828945,"gpsTickAgeMs":2,"lat":51.37022,"lng":19.36886,"hdg":12,"durationMs":779,"speedKmh":32.9}
06-04 21:03:48.970 I/ReactNativeJS(27948): [VROOM-TEL] 2026-06-04T19:03:48.970Z | DRIVE_TRACE_TICK | {"t":1780599828970,"seq":1495,"gpsTickId":1780599828945,"gpsTickAgeMs":3,"rawLat":51.370369,"rawLng":19.368886,"snapLat":51.37022,"snapLng":19.36886,"markerLat":51.37022,"markerLng":19.36886,"markerHdg":12,"markerSvLat":51.370168,"markerSvLng":19.368853,"markerSvHdg":2,"accM":4,"hudKmh":32.9,"engineKmh":32.9,"dopplerKmh":27.2,"feedDurMs":779,"cadenceMs":989,"feedSpeedMs":9.1,"isNavigating":false,"isFreeDrive":true,"isMoving":true,"feedSkipGate":false,"feedAccepted":true,"feedHeadingOnly":false,"source":"drive_core_v2"}
06-04 21:03:48.970 I/ReactNativeJS(27948): [VROOM-TEL] 2026-06-04T19:03:48.970Z | GPS_ACCEPT | {"lat":51.370369,"lng":19.368886,"acc":4,"speedKmh":27.5,"gpsLock":true}
06-04 21:03:49.000 I/ReactNativeJS(27948): [VROOM-TEL] 2026-06-04T19:03:49.000Z | DRIVE_TRACE_CAMERA | {"t":1780599829000,"seq":1496,"gpsTickId":1780599828945,"gpsTickAgeMs":32,"lat":51.37017,"lng":19.368854,"hdg":6,"speedKmh":32.9,"exploring":false,"frameMoveM":0}
06-04 21:03:49.300 I/ReactNativeJS(27948): [VROOM-TEL] 2026-06-04T19:03:49.300Z | CAM_FOLLOW_PUSH | {"t":1780599829300,"lat":51.37019,"lng":19.368856,"hdg":5,"snapHdg":12,"speedKmh":33,"exploring":false,"source":"drive_marker_sv_60fps"}
06-04 21:03:49.300 I/ReactNativeJS(27948): [VROOM-TEL] 2026-06-04T19:03:49.300Z | DRIVE_TRACE_CAMERA | {"t":1780599829300,"seq":1497,"gpsTickId":1780599828945,"gpsTickAgeMs":333,"lat":51.37019,"lng":19.368856,"hdg":5,"speedKmh":32.9,"exploring":false,"frameMoveM":0}
06-04 21:03:49.417 I/ReactNativeJS(27948): [VROOM-TEL] 2026-06-04T19:03:49.417Z | DRIVE_TRACE_HEARTBEAT | {"t":1780599829417,"seq":1498,"gpsTickId":1780599828945,"gpsTickAgeMs":450,"driving":true,"navigating":false,"tripActive":true,"lat":51.3703689,"lng":19.3688863,"gpsAgeMs":450}
06-04 21:03:49.600 I/ReactNativeJS(27948): [VROOM-TEL] 2026-06-04T19:03:49.600Z | DRIVE_TRACE_CAMERA | {"t":1780599829600,"seq":1499,"gpsTickId":1780599828945,"gpsTickAgeMs":633,"lat":51.37021,"lng":19.368859,"hdg":6,"speedKmh":32.9,"exploring":false,"frameMoveM":0}
06-04 21:03:49.817 I/ReactNativeJS(27948): [VROOM-TEL] 2026-06-04T19:03:49.817Z | CAMERA_HEADING | {"t":1780599829817,"speedKmh":33,"movedM":0.15,"moveBearing":12,"snapHdg":12,"headingOut":12,"flipFromPrevDeg":2,"lookaheadM":33,"nativeFollow":true}
06-04 21:03:49.969 I/ReactNativeJS(27948): [VROOM-TEL] 2026-06-04T19:03:49.969Z | RAW_GPS_TICK | {"t":1780599829969,"gpsTickId":1780599829945,"gpsTickAgeMs":0,"lat":51.370423,"lng":19.368931,"speed":6.89,"speedKmh":24.8,"accuracy":4,"osTimestamp":1780599829945,"tripActive":true,"appState":"active"}
06-04 21:03:49.969 I/ReactNativeJS(27948): [VROOM-TEL] 2026-06-04T19:03:49.969Z | DRIVE_TRACE_RAW | {"t":1780599829969,"seq":1500,"gpsTickId":1780599829945,"gpsTickAgeMs":0,"rawLat":51.370423,"rawLng":19.368931,"accM":4,"speedKmh":24.8,"speedMs":6.9,"heading":28,"tripActive":true,"driving":true,"navigating":false,"osTimestamp":1780599829945}
06-04 21:03:49.970 I/ReactNativeJS(27948): [VROOM-TEL] 2026-06-04T19:03:49.970Z | DRIVE_TRACE_FEED | {"t":1780599829970,"seq":1501,"gpsTickId":1780599829945,"gpsTickAgeMs":1,"lat":51.370277,"lng":19.368877,"hdg":24,"durationMs":810,"speedKmh":28.8}
06-04 21:03:49.971 I/ReactNativeJS(27948): [VROOM-TEL] 2026-06-04T19:03:49.971Z | DRIVE_TRACE_TICK | {"t":1780599829971,"seq":1502,"gpsTickId":1780599829945,"gpsTickAgeMs":2,"rawLat":51.370423,"rawLng":19.368931,"snapLat":51.370277,"snapLng":19.368877,"markerLat":51.370277,"markerLng":19.368877,"markerHdg":24,"markerSvLat":51.370229,"markerSvLng":19.368863,"markerSvHdg":12,"accM":4,"hudKmh":28.8,"engineKmh":28.8,"dopplerKmh":24.8,"feedDurMs":810,"cadenceMs":994,"feedSpeedMs":8,"isNavigating":false,"isFreeDrive":true,"isMoving":true,"feedSkipGate":false,"feedAccepted":true,"feedHeadingOnly":false,"source":"drive_core_v2"}
06-04 21:03:49.971 I/ReactNativeJS(27948): [VROOM-TEL] 2026-06-04T19:03:49.971Z | GPS_ACCEPT | {"lat":51.370423,"lng":19.368931,"acc":4,"speedKmh":24.8,"gpsLock":true}
06-04 21:03:50.013 I/ReactNativeJS(27948): [VROOM-TEL] 2026-06-04T19:03:50.013Z | DRIVE_TRACE_CAMERA | {"t":1780599830013,"seq":1503,"gpsTickId":1780599829945,"gpsTickAgeMs":44,"lat":51.370231,"lng":19.368863,"hdg":19,"speedKmh":28.8,"exploring":false,"frameMoveM":0}
06-04 21:03:50.113 I/ReactNativeJS(27948): [VROOM-TEL] 2026-06-04T19:03:50.113Z | CAM_FOLLOW_PUSH | {"t":1780599830113,"lat":51.370237,"lng":19.368865,"hdg":24,"snapHdg":24,"speedKmh":29,"exploring":false,"source":"drive_marker_sv_60fps"}
06-04 21:03:50.317 I/ReactNativeJS(27948): [VROOM-TEL] 2026-06-04T19:03:50.317Z | DRIVE_TRACE_CAMERA | {"t":1780599830317,"seq":1504,"gpsTickId":1780599829945,"gpsTickAgeMs":348,"lat":51.37025,"lng":19.368869,"hdg":13,"speedKmh":28.8,"exploring":false,"frameMoveM":0}
06-04 21:03:50.633 I/ReactNativeJS(27948): [VROOM-TEL] 2026-06-04T19:03:50.633Z | DRIVE_TRACE_CAMERA | {"t":1780599830633,"seq":1505,"gpsTickId":1780599829945,"gpsTickAgeMs":664,"lat":51.370268,"lng":19.368874,"hdg":13,"speedKmh":28.8,"exploring":false,"frameMoveM":0}
06-04 21:03:50.971 I/ReactNativeJS(27948): [VROOM-TEL] 2026-06-04T19:03:50.971Z | RAW_GPS_TICK | {"t":1780599830971,"gpsTickId":1780599830944,"gpsTickAgeMs":0,"lat":51.370483,"lng":19.368945,"speed":6.55,"speedKmh":23.6,"accuracy":4,"osTimestamp":1780599830944,"tripActive":true,"appState":"active"}
06-04 21:03:50.971 I/ReactNativeJS(27948): [VROOM-TEL] 2026-06-04T19:03:50.971Z | DRIVE_TRACE_RAW | {"t":1780599830971,"seq":1506,"gpsTickId":1780599830944,"gpsTickAgeMs":0,"rawLat":51.370483,"rawLng":19.368945,"accM":4,"speedKmh":23.6,"speedMs":6.6,"heading":10,"tripActive":true,"driving":true,"navigating":false,"osTimestamp":1780599830944}
06-04 21:03:50.971 I/ReactNativeJS(27948): [VROOM-TEL] 2026-06-04T19:03:50.971Z | DRIVE_API | {"allow":true,"trigger":"off_buffer","crossTrackM":999,"buffered":12,"throttleBlocked":false}
06-04 21:03:50.973 I/ReactNativeJS(27948): [VROOM-TEL] 2026-06-04T19:03:50.973Z | DRIVE_TRACE_FEED | {"t":1780599830973,"seq":1507,"gpsTickId":1780599830944,"gpsTickAgeMs":2,"lat":51.370334,"lng":19.368896,"hdg":18,"durationMs":813,"speedKmh":28.5}
06-04 21:03:50.974 I/ReactNativeJS(27948): [VROOM-TEL] 2026-06-04T19:03:50.974Z | DRIVE_TRACE_TICK | {"t":1780599830974,"seq":1508,"gpsTickId":1780599830944,"gpsTickAgeMs":3,"rawLat":51.370483,"rawLng":19.368945,"snapLat":51.370334,"snapLng":19.368896,"markerLat":51.370334,"markerLng":19.368896,"markerHdg":18,"markerSvLat":51.370283,"markerSvLng":19.368879,"markerSvHdg":22,"accM":4,"hudKmh":28.5,"engineKmh":28.5,"dopplerKmh":23.6,"feedDurMs":813,"cadenceMs":997,"feedSpeedMs":7.9,"isNavigating":false,"isFreeDrive":true,"isMoving":true,"feedSkipGate":false,"feedAccepted":true,"feedHeadingOnly":false,"source":"drive_core_v2"}
06-04 21:03:50.974 I/ReactNativeJS(27948): [VROOM-TEL] 2026-06-04T19:03:50.974Z | GPS_ACCEPT | {"lat":51.370483,"lng":19.368945,"acc":4,"speedKmh":24.2,"gpsLock":true}
06-04 21:03:51.020 I/ReactNativeJS(27948): [VROOM-TEL] 2026-06-04T19:03:51.020Z | CAMERA_HEADING | {"t":1780599831020,"speedKmh":29,"movedM":0.31,"moveBearing":null,"snapHdg":17,"headingOut":17,"flipFromPrevDeg":3,"lookaheadM":25,"nativeFollow":true}
06-04 21:03:51.052 I/ReactNativeJS(27948): [VROOM-TEL] 2026-06-04T19:03:51.052Z | CAM_FOLLOW_PUSH | {"t":1780599831052,"lat":51.370284,"lng":19.36888,"hdg":19,"snapHdg":18,"speedKmh":29,"exploring":false,"source":"drive_marker_sv_60fps"}
06-04 21:03:51.052 I/ReactNativeJS(27948): [VROOM-TEL] 2026-06-04T19:03:51.052Z | DRIVE_TRACE_CAMERA | {"t":1780599831052,"seq":1509,"gpsTickId":1780599830944,"gpsTickAgeMs":81,"lat":51.370284,"lng":19.36888,"hdg":19,"speedKmh":28.5,"exploring":false,"frameMoveM":0}
06-04 21:03:51.251 I/ReactNativeJS(27948): [VROOM-TEL] 2026-06-04T19:03:51.251Z | ROAD_MATCH_SOFT_APPLY_V2 | {"t":1780599831251,"pts":19,"shiftM":2100}
06-04 21:03:51.251 I/ReactNativeJS(27948): [VROOM-TEL] 2026-06-04T19:03:51.251Z | ROAD_MATCH_SOFT_APPLY | {"pts":19,"shiftM":2100}
06-04 21:03:51.251 I/ReactNativeJS(27948): [VROOM-TEL] 2026-06-04T19:03:51.251Z | DRIVE_API | {"allow":false,"trigger":null,"crossTrackM":1.6,"buffered":1,"throttleBlocked":true}
06-04 21:03:51.253 I/ReactNativeJS(27948): [VROOM-TEL] 2026-06-04T19:03:51.253Z | DRIVE_TRACE_FEED | {"t":1780599831253,"seq":1510,"gpsTickId":1780599830944,"gpsTickAgeMs":282,"lat":51.370383,"lng":19.368857,"hdg":18,"durationMs":1074,"speedKmh":20.5}
06-04 21:03:51.253 I/ReactNativeJS(27948): [VROOM-TEL] 2026-06-04T19:03:51.253Z | DRIVE_TRACE_TICK | {"t":1780599831253,"seq":1511,"gpsTickId":1780599830944,"gpsTickAgeMs":282,"rawLat":51.370483,"rawLng":19.368945,"snapLat":51.370383,"snapLng":19.368857,"markerLat":51.370383,"markerLng":19.368857,"markerHdg":18,"markerSvLat":51.3703,"markerSvLng":19.368885,"markerSvHdg":11,"accM":12,"hudKmh":20.5,"engineKmh":20.5,"dopplerKmh":0,"feedDurMs":1074,"cadenceMs":997,"feedSpeedMs":5.7,"isNavigating":false,"isFreeDrive":true,"isMoving":true,"feedSkipGate":false,"feedAccepted":true,"feedHeadingOnly":false,"source":"drive_core_v2"}
06-04 21:03:51.367 I/ReactNativeJS(27948): [VROOM-TEL] 2026-06-04T19:03:51.367Z | DRIVE_TRACE_CAMERA | {"t":1780599831367,"seq":1512,"gpsTickId":1780599830944,"gpsTickAgeMs":396,"lat":51.370309,"lng":19.368882,"hdg":12,"speedKmh":20.5,"exploring":false,"frameMoveM":0}
06-04 21:03:51.667 I/ReactNativeJS(27948): [VROOM-TEL] 2026-06-04T19:03:51.667Z | DRIVE_TRACE_CAMERA | {"t":1780599831667,"seq":1513,"gpsTickId":1780599830944,"gpsTickAgeMs":696,"lat":51.370332,"lng":19.368874,"hdg":7,"speedKmh":20.5,"exploring":false,"frameMoveM":0}
06-04 21:03:51.867 I/ReactNativeJS(27948): [VROOM-TEL] 2026-06-04T19:03:51.867Z | CAM_FOLLOW_PUSH | {"t":1780599831867,"lat":51.370347,"lng":19.368869,"hdg":7,"snapHdg":18,"speedKmh":21,"exploring":false,"source":"drive_marker_sv_60fps"}
06-04 21:03:51.968 I/ReactNativeJS(27948): [VROOM-TEL] 2026-06-04T19:03:51.967Z | DRIVE_TRACE_CAMERA | {"t":1780599831967,"seq":1514,"gpsTickId":1780599830944,"gpsTickAgeMs":996,"lat":51.370355,"lng":19.368866,"hdg":7,"speedKmh":20.5,"exploring":false,"frameMoveM":0}
06-04 21:03:51.969 I/ReactNativeJS(27948): [VROOM-TEL] 2026-06-04T19:03:51.969Z | RAW_GPS_TICK | {"t":1780599831969,"gpsTickId":1780599831943,"gpsTickAgeMs":0,"lat":51.370534,"lng":19.368909,"speed":6.48,"speedKmh":23.3,"accuracy":4,"osTimestamp":1780599831943,"tripActive":true,"appState":"active"}
06-04 21:03:51.969 I/ReactNativeJS(27948): [VROOM-TEL] 2026-06-04T19:03:51.969Z | DRIVE_TRACE_RAW | {"t":1780599831969,"seq":1515,"gpsTickId":1780599831943,"gpsTickAgeMs":0,"rawLat":51.370534,"rawLng":19.368909,"accM":4,"speedKmh":23.3,"speedMs":6.5,"heading":338,"tripActive":true,"driving":true,"navigating":false,"osTimestamp":1780599831943}
06-04 21:03:51.969 I/ReactNativeJS(27948): [VROOM-TEL] 2026-06-04T19:03:51.969Z | ROAD_MATCH_SKIP_TRUNCATED | {"t":1780599831969,"pts":2,"prevPts":19,"shiftM":2100}
06-04 21:03:51.969 I/ReactNativeJS(27948): [VROOM-TEL] 2026-06-04T19:03:51.969Z | DRIVE_API | {"allow":false,"trigger":null,"crossTrackM":6.4,"buffered":2,"throttleBlocked":true}
06-04 21:03:51.971 I/ReactNativeJS(27948): [VROOM-TEL] 2026-06-04T19:03:51.971Z | DRIVE_TRACE_FEED | {"t":1780599831971,"seq":1516,"gpsTickId":1780599831943,"gpsTickAgeMs":2,"lat":51.37043,"lng":19.368888,"hdg":352,"durationMs":869,"speedKmh":23.3}
06-04 21:03:51.971 I/ReactNativeJS(27948): [VROOM-TEL] 2026-06-04T19:03:51.971Z | DRIVE_TRACE_TICK | {"t":1780599831971,"seq":1517,"gpsTickId":1780599831943,"gpsTickAgeMs":2,"rawLat":51.370534,"rawLng":19.368909,"snapLat":51.37043,"snapLng":19.368888,"markerLat":51.37043,"markerLng":19.368888,"markerHdg":352,"markerSvLat":51.370355,"markerSvLng":19.368866,"markerSvHdg":348,"accM":4,"hudKmh":23.3,"engineKmh":10,"dopplerKmh":23.3,"feedDurMs":869,"cadenceMs":997,"feedSpeedMs":6.5,"isNavigating":false,"isFreeDrive":true,"isMoving":true,"feedSkipGate":false,"feedAccepted":true,"feedHeadingOnly":false,"source":"drive_core_v2"}
06-04 21:03:51.971 I/ReactNativeJS(27948): [VROOM-TEL] 2026-06-04T19:03:51.971Z | GPS_ACCEPT | {"lat":51.370534,"lng":19.368909,"acc":4,"speedKmh":23.3,"gpsLock":true}
06-04 21:03:52.133 I/ReactNativeJS(27948): [VROOM-TEL] 2026-06-04T19:03:52.133Z | CAMERA_HEADING | {"t":1780599832133,"speedKmh":23,"movedM":0.17,"moveBearing":10,"snapHdg":3,"headingOut":10,"flipFromPrevDeg":0,"lookaheadM":17,"nativeFollow":true}
06-04 21:03:52.267 I/ReactNativeJS(27948): [VROOM-TEL] 2026-06-04T19:03:52.267Z | DRIVE_TRACE_CAMERA | {"t":1780599832267,"seq":1518,"gpsTickId":1780599831943,"gpsTickAgeMs":298,"lat":51.370381,"lng":19.368874,"hdg":3,"speedKmh":23.3,"exploring":false,"frameMoveM":0}
06-04 21:03:52.567 I/ReactNativeJS(27948): [VROOM-TEL] 2026-06-04T19:03:52.567Z | DRIVE_TRACE_CAMERA | {"t":1780599832567,"seq":1519,"gpsTickId":1780599831943,"gpsTickAgeMs":598,"lat":51.370406,"lng":19.368881,"hdg":358,"speedKmh":23.3,"exploring":false,"frameMoveM":0}
06-04 21:03:52.668 I/ReactNativeJS(27948): [VROOM-TEL] 2026-06-04T19:03:52.667Z | CAM_FOLLOW_PUSH | {"t":1780599832667,"lat":51.370415,"lng":19.368883,"hdg":3,"snapHdg":352,"speedKmh":23,"exploring":false,"source":"drive_marker_sv_60fps"}
06-04 21:03:52.867 I/ReactNativeJS(27948): [VROOM-TEL] 2026-06-04T19:03:52.867Z | DRIVE_TRACE_CAMERA | {"t":1780599832867,"seq":1520,"gpsTickId":1780599831943,"gpsTickAgeMs":898,"lat":51.370431,"lng":19.368888,"hdg":3,"speedKmh":23.3,"exploring":false,"frameMoveM":0}
06-04 21:03:52.962 I/ReactNativeJS(27948): [VROOM-TEL] 2026-06-04T19:03:52.962Z | RAW_GPS_TICK | {"t":1780599832962,"gpsTickId":1780599832945,"gpsTickAgeMs":1,"lat":51.370572,"lng":19.368832,"speed":6.84,"speedKmh":24.6,"accuracy":4,"osTimestamp":1780599832945,"tripActive":true,"appState":"active"}
06-04 21:03:52.962 I/ReactNativeJS(27948): [VROOM-TEL] 2026-06-04T19:03:52.962Z | DRIVE_TRACE_RAW | {"t":1780599832962,"seq":1521,"gpsTickId":1780599832945,"gpsTickAgeMs":1,"rawLat":51.370572,"rawLng":19.368832,"accM":4,"speedKmh":24.6,"speedMs":6.8,"heading":308,"tripActive":true,"driving":true,"navigating":false,"osTimestamp":1780599832945}
06-04 21:03:52.963 I/ReactNativeJS(27948): [VROOM-TEL] 2026-06-04T19:03:52.963Z | DRIVE_API | {"allow":false,"trigger":null,"crossTrackM":13.5,"buffered":3,"throttleBlocked":true}
06-04 21:03:52.967 I/ReactNativeJS(27948): [VROOM-TEL] 2026-06-04T19:03:52.967Z | DRIVE_TRACE_FEED | {"t":1780599832967,"seq":1522,"gpsTickId":1780599832945,"gpsTickAgeMs":6,"lat":51.370478,"lng":19.368919,"hdg":322,"durationMs":852,"speedKmh":24.6}
06-04 21:03:52.967 I/ReactNativeJS(27948): [VROOM-TEL] 2026-06-04T19:03:52.967Z | DRIVE_TRACE_TICK | {"t":1780599832967,"seq":1523,"gpsTickId":1780599832945,"gpsTickAgeMs":6,"rawLat":51.370572,"rawLng":19.368832,"snapLat":51.370478,"snapLng":19.368919,"markerLat":51.370478,"markerLng":19.368919,"markerHdg":322,"markerSvLat":51.370431,"markerSvLng":19.368888,"markerSvHdg":353,"accM":4,"hudKmh":24.6,"engineKmh":0,"dopplerKmh":24.6,"feedDurMs":852,"cadenceMs":995,"feedSpeedMs":6.8,"isNavigating":false,"isFreeDrive":true,"isMoving":true,"feedSkipGate":false,"feedAccepted":true,"feedHeadingOnly":false,"source":"drive_core_v2"}
06-04 21:03:52.968 I/ReactNativeJS(27948): [VROOM-TEL] 2026-06-04T19:03:52.967Z | GPS_ACCEPT | {"lat":51.370572,"lng":19.368832,"acc":4,"speedKmh":24.9,"gpsLock":true}
06-04 21:03:53.167 I/ReactNativeJS(27948): [VROOM-TEL] 2026-06-04T19:03:53.167Z | DRIVE_TRACE_CAMERA | {"t":1780599833167,"seq":1524,"gpsTickId":1780599832945,"gpsTickAgeMs":206,"lat":51.370442,"lng":19.368895,"hdg":333,"speedKmh":24.6,"exploring":false,"frameMoveM":0}
06-04 21:03:53.337 I/ReactNativeJS(27948): [VROOM-TEL] 2026-06-04T19:03:53.337Z | CAMERA_HEADING | {"t":1780599833337,"speedKmh":25,"movedM":0.79,"moveBearing":null,"snapHdg":22,"headingOut":22,"flipFromPrevDeg":0,"lookaheadM":17,"nativeFollow":true}
06-04 21:03:53.483 I/ReactNativeJS(27948): [VROOM-TEL] 2026-06-04T19:03:53.483Z | CAM_FOLLOW_PUSH | {"t":1780599833483,"lat":51.37046,"lng":19.368907,"hdg":328,"snapHdg":322,"speedKmh":25,"exploring":false,"source":"drive_marker_sv_60fps"}
06-04 21:03:53.483 I/ReactNativeJS(27948): [VROOM-TEL] 2026-06-04T19:03:53.483Z | DRIVE_TRACE_CAMERA | {"t":1780599833483,"seq":1525,"gpsTickId":1780599832945,"gpsTickAgeMs":522,"lat":51.37046,"lng":19.368907,"hdg":328,"speedKmh":24.6,"exploring":false,"frameMoveM":0}
06-04 21:03:53.784 I/ReactNativeJS(27948): [VROOM-TEL] 2026-06-04T19:03:53.784Z | DRIVE_TRACE_CAMERA | {"t":1780599833784,"seq":1526,"gpsTickId":1780599832945,"gpsTickAgeMs":823,"lat":51.370476,"lng":19.368918,"hdg":333,"speedKmh":24.6,"exploring":false,"frameMoveM":0}
06-04 21:03:53.972 I/ReactNativeJS(27948): [VROOM-TEL] 2026-06-04T19:03:53.972Z | RAW_GPS_TICK | {"t":1780599833972,"gpsTickId":1780599833944,"gpsTickAgeMs":0,"lat":51.370577,"lng":19.368727,"speed":7.18,"speedKmh":25.8,"accuracy":4,"osTimestamp":1780599833944,"tripActive":true,"appState":"active"}
06-04 21:03:53.972 I/ReactNativeJS(27948): [VROOM-TEL] 2026-06-04T19:03:53.972Z | DRIVE_TRACE_RAW | {"t":1780599833972,"seq":1527,"gpsTickId":1780599833944,"gpsTickAgeMs":0,"rawLat":51.370577,"rawLng":19.368727,"accM":4,"speedKmh":25.8,"speedMs":7.2,"heading":275,"tripActive":true,"driving":true,"navigating":false,"osTimestamp":1780599833944}
06-04 21:03:53.972 I/ReactNativeJS(27948): [VROOM-TEL] 2026-06-04T19:03:53.972Z | DRIVE_API | {"allow":false,"trigger":null,"crossTrackM":19.5,"buffered":4,"throttleBlocked":true}
06-04 21:03:53.975 I/ReactNativeJS(27948): [VROOM-TEL] 2026-06-04T19:03:53.975Z | DRIVE_TRACE_FEED | {"t":1780599833975,"seq":1528,"gpsTickId":1780599833944,"gpsTickAgeMs":2,"lat":51.370481,"lng":19.368921,"hdg":291,"durationMs":901,"speedKmh":25.8}
06-04 21:03:53.975 I/ReactNativeJS(27948): [VROOM-TEL] 2026-06-04T19:03:53.975Z | TRIP_SEGMENT_REJECT | {"t":1780599833975,"reason":"jitter","dtSec":1,"speedKmh":25.8}
06-04 21:03:53.975 I/ReactNativeJS(27948): [VROOM-TEL] 2026-06-04T19:03:53.975Z | DRIVE_TRACE_TICK | {"t":1780599833975,"seq":1529,"gpsTickId":1780599833944,"gpsTickAgeMs":3,"rawLat":51.370577,"rawLng":19.368727,"snapLat":51.370481,"snapLng":19.368921,"markerLat":51.370481,"markerLng":19.368921,"markerHdg":291,"markerSvLat":51.370479,"markerSvLng":19.36892,"markerSvHdg":3,"accM":4,"hudKmh":25.8,"engineKmh":0,"dopplerKmh":25.8,"feedDurMs":901,"cadenceMs":1001,"feedSpeedMs":7.2,"isNavigating":false,"isFreeDrive":true,"isMoving":true,"feedSkipGate":false,"feedAccepted":true,"feedHeadingOnly":false,"source":"drive_core_v2"}
06-04 21:03:53.975 I/ReactNativeJS(27948): [VROOM-TEL] 2026-06-04T19:03:53.975Z | GPS_ACCEPT | {"lat":51.370577,"lng":19.368727,"acc":4,"speedKmh":25.9,"gpsLock":true}
06-04 21:03:54.101 I/ReactNativeJS(27948): [VROOM-TEL] 2026-06-04T19:03:54.100Z | DRIVE_TRACE_CAMERA | {"t":1780599834100,"seq":1530,"gpsTickId":1780599833944,"gpsTickAgeMs":128,"lat":51.37048,"lng":19.36892,"hdg":296,"speedKmh":25.8,"exploring":false,"frameMoveM":0}
06-04 21:03:54.283 I/ReactNativeJS(27948): [VROOM-TEL] 2026-06-04T19:03:54.283Z | CAM_FOLLOW_PUSH | {"t":1780599834283,"lat":51.37048,"lng":19.36892,"hdg":296,"snapHdg":291,"speedKmh":26,"exploring":false,"source":"drive_marker_sv_60fps"}
06-04 21:03:54.416 I/ReactNativeJS(27948): [VROOM-TEL] 2026-06-04T19:03:54.416Z | DRIVE_TRACE_CAMERA | {"t":1780599834416,"seq":1531,"gpsTickId":1780599833944,"gpsTickAgeMs":444,"lat":51.37048,"lng":19.36892,"hdg":296,"speedKmh":25.8,"exploring":false,"frameMoveM":0}
06-04 21:03:54.433 I/ReactNativeJS(27948): [VROOM-TEL] 2026-06-04T19:03:54.433Z | DRIVE_TRACE_HEARTBEAT | {"t":1780599834433,"seq":1532,"gpsTickId":1780599833944,"gpsTickAgeMs":461,"driving":true,"navigating":false,"tripActive":true,"lat":51.370577,"lng":19.3687273,"gpsAgeMs":461}
06-04 21:03:54.434 I/ReactNativeJS(27948): [VROOM-TEL] 2026-06-04T19:03:54.434Z | DRIVE_HEALTH | {"t":1780599834434,"mode":"driving","speedHudKmh":25.8,"speedPipeKmh":25.8,"gpsAgeMs":461,"drAgeMs":458,"gpsToDriftM":17,"snapAnchorDriftM":0,"offRoute":false,"reroutePending":false,"rerouteLoading":false,"hasRoutePts":0}
06-04 21:03:54.449 I/ReactNativeJS(27948): [VROOM-TEL] 2026-06-04T19:03:54.449Z | CAMERA_HEADING | {"t":1780599834449,"speedKmh":26,"movedM":0,"moveBearing":null,"snapHdg":296,"headingOut":296,"flipFromPrevDeg":0,"lookaheadM":17,"nativeFollow":true}
06-04 21:03:54.716 I/ReactNativeJS(27948): [VROOM-TEL] 2026-06-04T19:03:54.716Z | DRIVE_TRACE_CAMERA | {"t":1780599834716,"seq":1533,"gpsTickId":1780599833944,"gpsTickAgeMs":744,"lat":51.370481,"lng":19.368921,"hdg":296,"speedKmh":25.8,"exploring":false,"frameMoveM":0}
06-04 21:03:54.968 I/ReactNativeJS(27948): [VROOM-TEL] 2026-06-04T19:03:54.967Z | RAW_GPS_TICK | {"t":1780599834967,"gpsTickId":1780599834944,"gpsTickAgeMs":0,"lat":51.370551,"lng":19.36863,"speed":7.52,"speedKmh":27.1,"accuracy":4,"osTimestamp":1780599834944,"tripActive":true,"appState":"active"}
06-04 21:03:54.968 I/ReactNativeJS(27948): [VROOM-TEL] 2026-06-04T19:03:54.968Z | DRIVE_TRACE_RAW | {"t":1780599834968,"seq":1534,"gpsTickId":1780599834944,"gpsTickAgeMs":1,"rawLat":51.370551,"rawLng":19.36863,"accM":4,"speedKmh":27.1,"speedMs":7.5,"heading":245,"tripActive":true,"driving":true,"navigating":false,"osTimestamp":1780599834944}
06-04 21:03:54.968 I/ReactNativeJS(27948): [VROOM-TEL] 2026-06-04T19:03:54.968Z | DRIVE_API | {"allow":false,"trigger":null,"crossTrackM":23.6,"buffered":5,"throttleBlocked":true}
06-04 21:03:54.970 I/ReactNativeJS(27948): [VROOM-TEL] 2026-06-04T19:03:54.970Z | DRIVE_TRACE_FEED | {"t":1780599834970,"seq":1535,"gpsTickId":1780599834944,"gpsTickAgeMs":3,"lat":51.370481,"lng":19.368921,"hdg":261,"durationMs":899,"speedKmh":27.1}
06-04 21:03:54.971 I/ReactNativeJS(27948): [VROOM-TEL] 2026-06-04T19:03:54.971Z | DRIVE_TRACE_TICK | {"t":1780599834971,"seq":1536,"gpsTickId":1780599834944,"gpsTickAgeMs":4,"rawLat":51.370551,"rawLng":19.36863,"snapLat":51.370481,"snapLng":19.368921,"markerLat":51.370481,"markerLng":19.368921,"markerHdg":261,"markerSvLat":51.370481,"markerSvLng":19.368921,"markerSvHdg":355,"accM":4,"hudKmh":27.1,"engineKmh":0,"dopplerKmh":27.1,"feedDurMs":899,"cadenceMs":999,"feedSpeedMs":7.5,"isNavigating":false,"isFreeDrive":true,"isMoving":true,"feedSkipGate":false,"feedAccepted":true,"feedHeadingOnly":false,"source":"drive_core_v2"}
06-04 21:03:54.971 I/ReactNativeJS(27948): [VROOM-TEL] 2026-06-04T19:03:54.971Z | GPS_ACCEPT | {"lat":51.370551,"lng":19.36863,"acc":4,"speedKmh":27.1,"gpsLock":true}
06-04 21:03:55.016 I/ReactNativeJS(27948): [VROOM-TEL] 2026-06-04T19:03:55.016Z | DRIVE_TRACE_CAMERA | {"t":1780599835016,"seq":1537,"gpsTickId":1780599834944,"gpsTickAgeMs":49,"lat":51.370482,"lng":19.368921,"hdg":272,"speedKmh":27.1,"exploring":false,"frameMoveM":0}
06-04 21:03:55.083 I/ReactNativeJS(27948): [VROOM-TEL] 2026-06-04T19:03:55.083Z | CAM_FOLLOW_PUSH | {"t":1780599835083,"lat":51.370487,"lng":19.36892,"hdg":267,"snapHdg":261,"speedKmh":27,"exploring":false,"source":"drive_marker_sv_60fps"}
06-04 21:03:55.316 I/ReactNativeJS(27948): [VROOM-TEL] 2026-06-04T19:03:55.316Z | DRIVE_TRACE_CAMERA | {"t":1780599835316,"seq":1538,"gpsTickId":1780599834944,"gpsTickAgeMs":349,"lat":51.370502,"lng":19.368918,"hdg":267,"speedKmh":27.1,"exploring":false,"frameMoveM":0}
06-04 21:03:55.550 I/ReactNativeJS(27948): [VROOM-TEL] 2026-06-04T19:03:55.550Z | CAMERA_HEADING | {"t":1780599835550,"speedKmh":27,"movedM":0.13,"moveBearing":355,"snapHdg":272,"headingOut":355,"flipFromPrevDeg":0,"lookaheadM":24,"nativeFollow":true}
06-04 21:03:55.617 I/ReactNativeJS(27948): [VROOM-TEL] 2026-06-04T19:03:55.617Z | DRIVE_TRACE_CAMERA | {"t":1780599835617,"seq":1539,"gpsTickId":1780599834944,"gpsTickAgeMs":650,"lat":51.370522,"lng":19.368916,"hdg":272,"speedKmh":27.1,"exploring":false,"frameMoveM":0}
06-04 21:03:55.971 I/ReactNativeJS(27948): [VROOM-TEL] 2026-06-04T19:03:55.971Z | RAW_GPS_TICK | {"t":1780599835971,"gpsTickId":1780599835944,"gpsTickAgeMs":0,"lat":51.370517,"lng":19.36853,"speed":7.89,"speedKmh":28.4,"accuracy":4,"osTimestamp":1780599835944,"tripActive":true,"appState":"active"}
06-04 21:03:55.971 I/ReactNativeJS(27948): [VROOM-TEL] 2026-06-04T19:03:55.971Z | DRIVE_TRACE_RAW | {"t":1780599835971,"seq":1540,"gpsTickId":1780599835944,"gpsTickAgeMs":0,"rawLat":51.370517,"rawLng":19.36853,"accM":4,"speedKmh":28.4,"speedMs":7.9,"heading":241,"tripActive":true,"driving":true,"navigating":false,"osTimestamp":1780599835944}
06-04 21:03:55.971 I/ReactNativeJS(27948): [VROOM-TEL] 2026-06-04T19:03:55.971Z | ROAD_MATCH_SKIP_TRUNCATED | {"t":1780599835971,"pts":2,"prevPts":19,"shiftM":2100}
06-04 21:03:55.972 I/ReactNativeJS(27948): [VROOM-TEL] 2026-06-04T19:03:55.971Z | DRIVE_API | {"allow":true,"trigger":"off_buffer","crossTrackM":28.5,"buffered":6,"throttleBlocked":false}
06-04 21:03:55.973 I/ReactNativeJS(27948): [VROOM-TEL] 2026-06-04T19:03:55.973Z | DRIVE_TRACE_FEED | {"t":1780599835973,"seq":1541,"gpsTickId":1780599835944,"gpsTickAgeMs":2,"lat":51.370481,"lng":19.368921,"hdg":244,"durationMs":901,"speedKmh":28.4}
06-04 21:03:55.974 I/ReactNativeJS(27948): [VROOM-TEL] 2026-06-04T19:03:55.974Z | DRIVE_TRACE_TICK | {"t":1780599835974,"seq":1542,"gpsTickId":1780599835944,"gpsTickAgeMs":3,"rawLat":51.370517,"rawLng":19.36853,"snapLat":51.370481,"snapLng":19.368921,"markerLat":51.370481,"markerLng":19.368921,"markerHdg":244,"markerSvLat":51.370539,"markerSvLng":19.368913,"markerSvHdg":355,"accM":4,"hudKmh":28.4,"engineKmh":0.1,"dopplerKmh":28.4,"feedDurMs":901,"cadenceMs":1001,"feedSpeedMs":7.9,"isNavigating":false,"isFreeDrive":true,"isMoving":true,"feedSkipGate":false,"feedAccepted":true,"feedHeadingOnly":false,"source":"drive_core_v2"}
06-04 21:03:55.974 I/ReactNativeJS(27948): [VROOM-TEL] 2026-06-04T19:03:55.974Z | GPS_ACCEPT | {"lat":51.370517,"lng":19.36853,"acc":4,"speedKmh":28.5,"gpsLock":true}
06-04 21:03:56.000 I/ReactNativeJS(27948): [VROOM-TEL] 2026-06-04T19:03:56.000Z | CAM_FOLLOW_PUSH | {"t":1780599836000,"lat":51.370538,"lng":19.368914,"hdg":243,"snapHdg":244,"speedKmh":28,"exploring":false,"source":"drive_marker_sv_60fps"}
06-04 21:03:56.000 I/ReactNativeJS(27948): [VROOM-TEL] 2026-06-04T19:03:56.000Z | DRIVE_TRACE_CAMERA | {"t":1780599836000,"seq":1543,"gpsTickId":1780599835944,"gpsTickAgeMs":29,"lat":51.370538,"lng":19.368914,"hdg":243,"speedKmh":28.4,"exploring":false,"frameMoveM":0}
06-04 21:03:56.185 I/ReactNativeJS(27948): [VROOM-TEL] 2026-06-04T19:03:56.185Z | ROAD_MATCH_SOFT_APPLY_V2 | {"t":1780599836185,"pts":7,"shiftM":132}
06-04 21:03:56.185 I/ReactNativeJS(27948): [VROOM-TEL] 2026-06-04T19:03:56.185Z | ROAD_MATCH_SOFT_APPLY | {"pts":7,"shiftM":132}
06-04 21:03:56.185 I/ReactNativeJS(27948): [VROOM-TEL] 2026-06-04T19:03:56.185Z | DRIVE_API | {"allow":false,"trigger":null,"crossTrackM":0.3,"buffered":1,"throttleBlocked":true}
06-04 21:03:56.188 I/ReactNativeJS(27948): [VROOM-TEL] 2026-06-04T19:03:56.188Z | DRIVE_TRACE_FEED | {"t":1780599836188,"seq":1544,"gpsTickId":1780599835944,"gpsTickAgeMs":217,"lat":51.370515,"lng":19.368531,"hdg":244,"durationMs":1200,"speedKmh":0.1}
06-04 21:03:56.188 I/ReactNativeJS(27948): [VROOM-TEL] 2026-06-04T19:03:56.188Z | DRIVE_TRACE_TICK | {"t":1780599836188,"seq":1545,"gpsTickId":1780599835944,"gpsTickAgeMs":217,"rawLat":51.370517,"rawLng":19.36853,"snapLat":51.370515,"snapLng":19.368531,"markerLat":51.370515,"markerLng":19.368531,"markerHdg":244,"markerSvLat":51.370526,"markerSvLng":19.368915,"markerSvHdg":322,"accM":12,"hudKmh":0.1,"engineKmh":0.1,"dopplerKmh":0,"feedDurMs":1200,"cadenceMs":1001,"feedSpeedMs":0,"isNavigating":false,"isFreeDrive":true,"isMoving":true,"feedSkipGate":false,"feedAccepted":true,"feedHeadingOnly":false,"source":"drive_core_v2"}
06-04 21:03:56.338 I/ReactNativeJS(27948): [VROOM-TEL] 2026-06-04T19:03:56.338Z | DRIVE_TRACE_CAMERA | {"t":1780599836338,"seq":1546,"gpsTickId":1780599835944,"gpsTickAgeMs":367,"lat":51.370525,"lng":19.36888,"hdg":244,"speedKmh":0,"exploring":false,"frameMoveM":0}
06-04 21:03:56.650 I/ReactNativeJS(27948): [VROOM-TEL] 2026-06-04T19:03:56.650Z | CAMERA_HEADING | {"t":1780599836650,"speedKmh":0,"movedM":0.36,"moveBearing":267,"snapHdg":244,"headingOut":244,"flipFromPrevDeg":0,"lookaheadM":0,"nativeFollow":true}
06-04 21:03:56.650 I/ReactNativeJS(27948): [VROOM-TEL] 2026-06-04T19:03:56.650Z | DRIVE_TRACE_CAMERA | {"t":1780599836650,"seq":1547,"gpsTickId":1780599835944,"gpsTickAgeMs":679,"lat":51.370522,"lng":19.368768,"hdg":244,"speedKmh":0,"exploring":false,"frameMoveM":0}
06-04 21:03:56.800 I/ReactNativeJS(27948): [VROOM-TEL] 2026-06-04T19:03:56.800Z | CAM_FOLLOW_PUSH | {"t":1780599836800,"lat":51.37052,"lng":19.368719,"hdg":244,"snapHdg":244,"speedKmh":0,"exploring":false,"source":"drive_marker_sv_60fps"}
06-04 21:03:56.950 I/ReactNativeJS(27948): [VROOM-TEL] 2026-06-04T19:03:56.950Z | DRIVE_TRACE_CAMERA | {"t":1780599836950,"seq":1548,"gpsTickId":1780599835944,"gpsTickAgeMs":979,"lat":51.370519,"lng":19.368672,"hdg":244,"speedKmh":0,"exploring":false,"frameMoveM":0}
06-04 21:03:56.968 I/ReactNativeJS(27948): [VROOM-TEL] 2026-06-04T19:03:56.968Z | RAW_GPS_TICK | {"t":1780599836968,"gpsTickId":1780599836945,"gpsTickAgeMs":0,"lat":51.370501,"lng":19.368409,"speed":8.54,"speedKmh":30.7,"accuracy":4,"osTimestamp":1780599836945,"tripActive":true,"appState":"active"}
06-04 21:03:56.968 I/ReactNativeJS(27948): [VROOM-TEL] 2026-06-04T19:03:56.968Z | DRIVE_TRACE_RAW | {"t":1780599836968,"seq":1549,"gpsTickId":1780599836945,"gpsTickAgeMs":0,"rawLat":51.370501,"rawLng":19.368409,"accM":4,"speedKmh":30.7,"speedMs":8.5,"heading":256,"tripActive":true,"driving":true,"navigating":false,"osTimestamp":1780599836945}
06-04 21:03:56.969 I/ReactNativeJS(27948): [VROOM-TEL] 2026-06-04T19:03:56.969Z | ROAD_MATCH_SOFT_APPLY | {"pts":2,"shiftM":2114}
06-04 21:03:56.970 I/ReactNativeJS(27948): [VROOM-TEL] 2026-06-04T19:03:56.970Z | DRIVE_TRACE_FEED | {"t":1780599836970,"seq":1550,"gpsTickId":1780599836945,"gpsTickAgeMs":2,"lat":51.370487,"lng":19.368444,"hdg":250,"durationMs":794,"speedKmh":30.7}
06-04 21:03:56.971 I/ReactNativeJS(27948): [VROOM-TEL] 2026-06-04T19:03:56.971Z | DRIVE_TRACE_TICK | {"t":1780599836971,"seq":1551,"gpsTickId":1780599836945,"gpsTickAgeMs":3,"rawLat":51.370501,"rawLng":19.368409,"snapLat":51.370487,"snapLng":19.368444,"markerLat":51.370487,"markerLng":19.368444,"markerHdg":250,"markerSvLat":51.370519,"markerSvLng":19.368666,"markerSvHdg":271,"accM":4,"hudKmh":30.7,"engineKmh":7.1,"dopplerKmh":30.7,"feedDurMs":794,"cadenceMs":1000,"feedSpeedMs":8.5,"isNavigating":false,"isFreeDrive":true,"isMoving":true,"feedSkipGate":false,"feedAccepted":true,"feedHeadingOnly":false,"source":"drive_core_v2"}
06-04 21:03:56.971 I/ReactNativeJS(27948): [VROOM-TEL] 2026-06-04T19:03:56.971Z | GPS_ACCEPT | {"lat":51.370501,"lng":19.368409,"acc":4,"speedKmh":31,"gpsLock":true}
06-04 21:03:57.251 I/ReactNativeJS(27948): [VROOM-TEL] 2026-06-04T19:03:57.251Z | DRIVE_TRACE_CAMERA | {"t":1780599837251,"seq":1552,"gpsTickId":1780599836945,"gpsTickAgeMs":283,"lat":51.370507,"lng":19.368588,"hdg":256,"speedKmh":30.7,"exploring":false,"frameMoveM":0}
06-04 21:03:57.600 I/ReactNativeJS(27948): [VROOM-TEL] 2026-06-04T19:03:57.599Z | DRIVE_TRACE_CAMERA | {"t":1780599837599,"seq":1553,"gpsTickId":1780599836945,"gpsTickAgeMs":631,"lat":51.370496,"lng":19.368509,"hdg":257,"speedKmh":30.7,"exploring":false,"frameMoveM":0}
06-04 21:03:57.649 I/ReactNativeJS(27948): [VROOM-TEL] 2026-06-04T19:03:57.649Z | CAM_FOLLOW_PUSH | {"t":1780599837649,"lat":51.370493,"lng":19.368486,"hdg":249,"snapHdg":250,"speedKmh":31,"exploring":false,"source":"drive_marker_sv_60fps"}
06-04 21:03:57.750 I/ReactNativeJS(27948): [VROOM-TEL] 2026-06-04T19:03:57.750Z | CAMERA_HEADING | {"t":1780599837750,"speedKmh":31,"movedM":0.32,"moveBearing":257,"snapHdg":256,"headingOut":257,"flipFromPrevDeg":0,"lookaheadM":27,"nativeFollow":true}
06-04 21:03:57.970 I/ReactNativeJS(27948): [VROOM-TEL] 2026-06-04T19:03:57.970Z | RAW_GPS_TICK | {"t":1780599837970,"gpsTickId":1780599837945,"gpsTickAgeMs":0,"lat":51.370492,"lng":19.368256,"speed":10.52,"speedKmh":37.9,"accuracy":4,"osTimestamp":1780599837945,"tripActive":true,"appState":"active"}
06-04 21:03:57.970 I/ReactNativeJS(27948): [VROOM-TEL] 2026-06-04T19:03:57.970Z | DRIVE_TRACE_RAW | {"t":1780599837970,"seq":1554,"gpsTickId":1780599837945,"gpsTickAgeMs":0,"rawLat":51.370492,"rawLng":19.368256,"accM":4,"speedKmh":37.9,"speedMs":10.5,"heading":262,"tripActive":true,"driving":true,"navigating":false,"osTimestamp":1780599837945}
06-04 21:03:57.972 I/ReactNativeJS(27948): [VROOM-TEL] 2026-06-04T19:03:57.972Z | DRIVE_TRACE_FEED | {"t":1780599837972,"seq":1555,"gpsTickId":1780599837945,"gpsTickAgeMs":2,"lat":51.370454,"lng":19.368344,"hdg":261,"durationMs":750,"speedKmh":37.9}
06-04 21:03:57.973 I/ReactNativeJS(27948): [VROOM-TEL] 2026-06-04T19:03:57.973Z | DRIVE_TRACE_TICK | {"t":1780599837973,"seq":1556,"gpsTickId":1780599837945,"gpsTickAgeMs":3,"rawLat":51.370492,"rawLng":19.368256,"snapLat":51.370454,"snapLng":19.368344,"markerLat":51.370454,"markerLng":19.368344,"markerHdg":261,"markerSvLat":51.370484,"markerSvLng":19.368433,"markerSvHdg":250,"accM":4,"hudKmh":37.9,"engineKmh":18.8,"dopplerKmh":37.9,"feedDurMs":750,"cadenceMs":1001,"feedSpeedMs":10.5,"isNavigating":false,"isFreeDrive":true,"isMoving":true,"feedSkipGate":false,"feedAccepted":true,"feedHeadingOnly":false,"source":"drive_core_v2"}
06-04 21:03:57.973 I/ReactNativeJS(27948): [VROOM-TEL] 2026-06-04T19:03:57.973Z | GPS_ACCEPT | {"lat":51.370492,"lng":19.368256,"acc":4,"speedKmh":38.4,"gpsLock":true}
06-04 21:03:58.007 I/ReactNativeJS(27948): [VROOM-TEL] 2026-06-04T19:03:58.007Z | DRIVE_TRACE_CAMERA | {"t":1780599838007,"seq":1557,"gpsTickId":1780599837945,"gpsTickAgeMs":37,"lat":51.370483,"lng":19.36843,"hdg":256,"speedKmh":37.9,"exploring":false,"frameMoveM":0}
06-04 21:03:58.317 I/ReactNativeJS(27948): [VROOM-TEL] 2026-06-04T19:03:58.317Z | DRIVE_TRACE_CAMERA | {"t":1780599838317,"seq":1558,"gpsTickId":1780599837945,"gpsTickAgeMs":347,"lat":51.37047,"lng":19.368392,"hdg":246,"speedKmh":37.9,"exploring":false,"frameMoveM":0}
06-04 21:03:58.450 I/ReactNativeJS(27948): [VROOM-TEL] 2026-06-04T19:03:58.450Z | CAM_FOLLOW_PUSH | {"t":1780599838450,"lat":51.370465,"lng":19.368376,"hdg":246,"snapHdg":261,"speedKmh":38,"exploring":false,"source":"drive_marker_sv_60fps"}
06-04 21:03:58.632 I/ReactNativeJS(27948): [VROOM-TEL] 2026-06-04T19:03:58.632Z | DRIVE_TRACE_CAMERA | {"t":1780599838632,"seq":1559,"gpsTickId":1780599837945,"gpsTickAgeMs":662,"lat":51.370458,"lng":19.368354,"hdg":246,"speedKmh":37.9,"exploring":false,"frameMoveM":0}
06-04 21:03:58.852 I/ReactNativeJS(27948): [VROOM-TEL] 2026-06-04T19:03:58.852Z | CAMERA_HEADING | {"t":1780599838852,"speedKmh":38,"movedM":1.05,"moveBearing":null,"snapHdg":258,"headingOut":258,"flipFromPrevDeg":17,"lookaheadM":33,"nativeFollow":true}
06-04 21:03:58.961 I/ReactNativeJS(27948): [VROOM-TEL] 2026-06-04T19:03:58.960Z | RAW_GPS_TICK | {"t":1780599838960,"gpsTickId":1780599838945,"gpsTickAgeMs":0,"lat":51.370488,"lng":19.36809,"speed":11.48,"speedKmh":41.3,"accuracy":4,"osTimestamp":1780599838945,"tripActive":true,"appState":"active"}
06-04 21:03:58.961 I/ReactNativeJS(27948): [VROOM-TEL] 2026-06-04T19:03:58.961Z | DRIVE_TRACE_RAW | {"t":1780599838961,"seq":1560,"gpsTickId":1780599838945,"gpsTickAgeMs":1,"rawLat":51.370488,"rawLng":19.36809,"accM":4,"speedKmh":41.3,"speedMs":11.5,"heading":266,"tripActive":true,"driving":true,"navigating":false,"osTimestamp":1780599838945}
06-04 21:03:58.963 I/ReactNativeJS(27948): [VROOM-TEL] 2026-06-04T19:03:58.963Z | DRIVE_TRACE_FEED | {"t":1780599838963,"seq":1561,"gpsTickId":1780599838945,"gpsTickAgeMs":3,"lat":51.370419,"lng":19.368236,"hdg":266,"durationMs":734,"speedKmh":41.3}
06-04 21:03:58.964 I/ReactNativeJS(27948): [VROOM-TEL] 2026-06-04T19:03:58.964Z | DRIVE_TRACE_TICK | {"t":1780599838964,"seq":1562,"gpsTickId":1780599838945,"gpsTickAgeMs":4,"rawLat":51.370488,"rawLng":19.36809,"snapLat":51.370419,"snapLng":19.368236,"markerLat":51.370419,"markerLng":19.368236,"markerHdg":266,"markerSvLat":51.37045,"markerSvLng":19.368325,"markerSvHdg":260,"accM":4,"hudKmh":41.3,"engineKmh":34.4,"dopplerKmh":41.3,"feedDurMs":734,"cadenceMs":997,"feedSpeedMs":11.5,"isNavigating":false,"isFreeDrive":true,"isMoving":true,"feedSkipGate":false,"feedAccepted":true,"feedHeadingOnly":false,"source":"drive_core_v2"}
06-04 21:03:58.964 I/ReactNativeJS(27948): [VROOM-TEL] 2026-06-04T19:03:58.964Z | GPS_ACCEPT | {"lat":51.370488,"lng":19.36809,"acc":4,"speedKmh":41.9,"gpsLock":true}
06-04 21:03:59.023 I/ReactNativeJS(27948): [VROOM-TEL] 2026-06-04T19:03:59.023Z | DRIVE_TRACE_CAMERA | {"t":1780599839023,"seq":1563,"gpsTickId":1780599838945,"gpsTickAgeMs":63,"lat":51.37045,"lng":19.368324,"hdg":276,"speedKmh":41.3,"exploring":false,"frameMoveM":0}
06-04 21:03:59.332 I/ReactNativeJS(27948): [VROOM-TEL] 2026-06-04T19:03:59.332Z | CAM_FOLLOW_PUSH | {"t":1780599839332,"lat":51.370438,"lng":19.368292,"hdg":268,"snapHdg":266,"speedKmh":41,"exploring":false,"source":"drive_marker_sv_60fps"}
06-04 21:03:59.332 I/ReactNativeJS(27948): [VROOM-TEL] 2026-06-04T19:03:59.332Z | DRIVE_TRACE_CAMERA | {"t":1780599839332,"seq":1564,"gpsTickId":1780599838945,"gpsTickAgeMs":372,"lat":51.370438,"lng":19.368292,"hdg":268,"speedKmh":41.3,"exploring":false,"frameMoveM":0}
06-04 21:03:59.450 I/ReactNativeJS(27948): [VROOM-TEL] 2026-06-04T19:03:59.450Z | DRIVE_TRACE_HEARTBEAT | {"t":1780599839450,"seq":1565,"gpsTickId":1780599838945,"gpsTickAgeMs":490,"driving":true,"navigating":false,"tripActive":true,"lat":51.3704875,"lng":19.3680898,"gpsAgeMs":490}
06-04 21:03:59.633 I/ReactNativeJS(27948): [VROOM-TEL] 2026-06-04T19:03:59.633Z | DRIVE_TRACE_CAMERA | {"t":1780599839633,"seq":1566,"gpsTickId":1780599838945,"gpsTickAgeMs":673,"lat":51.370422,"lng":19.368244,"hdg":256,"speedKmh":41.3,"exploring":false,"frameMoveM":0}
06-04 21:03:59.969 I/ReactNativeJS(27948): [VROOM-TEL] 2026-06-04T19:03:59.969Z | RAW_GPS_TICK | {"t":1780599839969,"gpsTickId":1780599839943,"gpsTickAgeMs":0,"lat":51.370487,"lng":19.367924,"speed":11.47,"speedKmh":41.3,"accuracy":4,"osTimestamp":1780599839943,"tripActive":true,"appState":"active"}
06-04 21:03:59.969 I/ReactNativeJS(27948): [VROOM-TEL] 2026-06-04T19:03:59.969Z | DRIVE_TRACE_RAW | {"t":1780599839969,"seq":1567,"gpsTickId":1780599839943,"gpsTickAgeMs":0,"rawLat":51.370487,"rawLng":19.367924,"accM":4,"speedKmh":41.3,"speedMs":11.5,"heading":267,"tripActive":true,"driving":true,"navigating":false,"osTimestamp":1780599839943}
06-04 21:03:59.971 I/ReactNativeJS(27948): [VROOM-TEL] 2026-06-04T19:03:59.971Z | DRIVE_TRACE_FEED | {"t":1780599839971,"seq":1568,"gpsTickId":1780599839943,"gpsTickAgeMs":2,"lat":51.370384,"lng":19.368128,"hdg":269,"durationMs":734,"speedKmh":41.3}
06-04 21:03:59.971 I/ReactNativeJS(27948): [VROOM-TEL] 2026-06-04T19:03:59.971Z | DRIVE_TRACE_TICK | {"t":1780599839971,"seq":1569,"gpsTickId":1780599839943,"gpsTickAgeMs":2,"rawLat":51.370487,"rawLng":19.367924,"snapLat":51.370384,"snapLng":19.368128,"markerLat":51.370384,"markerLng":19.368128,"markerHdg":269,"markerSvLat":51.370414,"markerSvLng":19.368213,"markerSvHdg":260,"accM":4,"hudKmh":41.3,"engineKmh":40.6,"dopplerKmh":41.3,"feedDurMs":734,"cadenceMs":1001,"feedSpeedMs":11.5,"isNavigating":false,"isFreeDrive":true,"isMoving":true,"feedSkipGate":false,"feedAccepted":true,"feedHeadingOnly":false,"source":"drive_core_v2"}
06-04 21:03:59.971 I/ReactNativeJS(27948): [VROOM-TEL] 2026-06-04T19:03:59.971Z | GPS_ACCEPT | {"lat":51.370487,"lng":19.367924,"acc":4,"speedKmh":41.3,"gpsLock":true}
06-04 21:03:59.999 I/ReactNativeJS(27948): [VROOM-TEL] 2026-06-04T19:03:59.999Z | CAMERA_HEADING | {"t":1780599839999,"speedKmh":41,"movedM":0.26,"moveBearing":null,"snapHdg":257,"headingOut":257,"flipFromPrevDeg":3,"lookaheadM":33,"nativeFollow":true}
06-04 21:04:00.014 I/ReactNativeJS(27948): [VROOM-TEL] 2026-06-04T19:04:00.014Z | DRIVE_TRACE_CAMERA | {"t":1780599840014,"seq":1570,"gpsTickId":1780599839943,"gpsTickAgeMs":45,"lat":51.370413,"lng":19.36821,"hdg":261,"speedKmh":41.3,"exploring":false,"frameMoveM":0}
06-04 21:04:00.133 I/ReactNativeJS(27948): [VROOM-TEL] 2026-06-04T19:04:00.133Z | CAM_FOLLOW_PUSH | {"t":1780599840133,"lat":51.370407,"lng":19.368194,"hdg":251,"snapHdg":269,"speedKmh":41,"exploring":false,"source":"drive_marker_sv_60fps"}
06-04 21:04:00.317 I/ReactNativeJS(27948): [VROOM-TEL] 2026-06-04T19:04:00.317Z | DRIVE_TRACE_CAMERA | {"t":1780599840317,"seq":1571,"gpsTickId":1780599839943,"gpsTickAgeMs":348,"lat":51.3704,"lng":19.368173,"hdg":251,"speedKmh":41.3,"exploring":false,"frameMoveM":0}
06-04 21:04:00.617 I/ReactNativeJS(27948): [VROOM-TEL] 2026-06-04T19:04:00.617Z | DRIVE_TRACE_CAMERA | {"t":1780599840617,"seq":1572,"gpsTickId":1780599839943,"gpsTickAgeMs":648,"lat":51.370388,"lng":19.368139,"hdg":251,"speedKmh":41.3,"exploring":false,"frameMoveM":0}
06-04 21:04:00.965 I/ReactNativeJS(27948): [VROOM-TEL] 2026-06-04T19:04:00.965Z | CAM_FOLLOW_PUSH | {"t":1780599840965,"lat":51.370379,"lng":19.368105,"hdg":269,"snapHdg":269,"speedKmh":41,"exploring":false,"source":"drive_marker_sv_60fps"}
06-04 21:04:00.965 I/ReactNativeJS(27948): [VROOM-TEL] 2026-06-04T19:04:00.965Z | DRIVE_TRACE_CAMERA | {"t":1780599840965,"seq":1573,"gpsTickId":1780599839943,"gpsTickAgeMs":996,"lat":51.370379,"lng":19.368105,"hdg":269,"speedKmh":41.3,"exploring":false,"frameMoveM":0}
06-04 21:04:01.061 I/ReactNativeJS(27948): [VROOM-TEL] 2026-06-04T19:04:01.061Z | RAW_GPS_TICK | {"t":1780599841061,"gpsTickId":1780599840944,"gpsTickAgeMs":0,"lat":51.370481,"lng":19.367759,"speed":11.51,"speedKmh":41.4,"accuracy":4,"osTimestamp":1780599840944,"tripActive":true,"appState":"active"}
06-04 21:04:01.061 I/ReactNativeJS(27948): [VROOM-TEL] 2026-06-04T19:04:01.061Z | DRIVE_TRACE_RAW | {"t":1780599841061,"seq":1574,"gpsTickId":1780599840944,"gpsTickAgeMs":0,"rawLat":51.370481,"rawLng":19.367759,"accM":4,"speedKmh":41.4,"speedMs":11.5,"heading":267,"tripActive":true,"driving":true,"navigating":false,"osTimestamp":1780599840944}
06-04 21:04:01.062 I/ReactNativeJS(27948): [VROOM-TEL] 2026-06-04T19:04:01.062Z | DRIVE_TRACE_FEED | {"t":1780599841062,"seq":1575,"gpsTickId":1780599840944,"gpsTickAgeMs":1,"lat":51.370391,"lng":19.368002,"hdg":268,"durationMs":725,"speedKmh":43.7}
06-04 21:04:01.062 I/ReactNativeJS(27948): [VROOM-TEL] 2026-06-04T19:04:01.062Z | DRIVE_TRACE_TICK | {"t":1780599841062,"seq":1576,"gpsTickId":1780599840944,"gpsTickAgeMs":1,"rawLat":51.370481,"rawLng":19.367759,"snapLat":51.370391,"snapLng":19.368002,"markerLat":51.370391,"markerLng":19.368002,"markerHdg":268,"markerSvLat":51.370379,"markerSvLng":19.368105,"markerSvHdg":269,"accM":4,"hudKmh":43.7,"engineKmh":43.7,"dopplerKmh":41.4,"feedDurMs":725,"cadenceMs":1033,"feedSpeedMs":12.1,"isNavigating":false,"isFreeDrive":true,"isMoving":true,"feedSkipGate":false,"feedAccepted":true,"feedHeadingOnly":false,"source":"drive_core_v2"}
06-04 21:04:01.062 I/ReactNativeJS(27948): [VROOM-TEL] 2026-06-04T19:04:01.062Z | GPS_ACCEPT | {"lat":51.370481,"lng":19.367759,"acc":4,"speedKmh":41.4,"gpsLock":true}
06-04 21:04:01.101 I/ReactNativeJS(27948): [VROOM-TEL] 2026-06-04T19:04:01.101Z | CAMERA_HEADING | {"t":1780599841101,"speedKmh":44,"movedM":0.16,"moveBearing":281,"snapHdg":270,"headingOut":280,"flipFromPrevDeg":14,"lookaheadM":33,"nativeFollow":true}
06-04 21:04:01.267 I/ReactNativeJS(27948): [VROOM-TEL] 2026-06-04T19:04:01.267Z | DRIVE_TRACE_CAMERA | {"t":1780599841267,"seq":1577,"gpsTickId":1780599840944,"gpsTickAgeMs":206,"lat":51.370382,"lng":19.368076,"hdg":281,"speedKmh":43.7,"exploring":false,"frameMoveM":0}
06-04 21:04:01.567 I/ReactNativeJS(27948): [VROOM-TEL] 2026-06-04T19:04:01.567Z | DRIVE_TRACE_CAMERA | {"t":1780599841567,"seq":1578,"gpsTickId":1780599840944,"gpsTickAgeMs":506,"lat":51.370387,"lng":19.368034,"hdg":281,"speedKmh":43.7,"exploring":false,"frameMoveM":0}
06-04 21:04:01.767 I/ReactNativeJS(27948): [VROOM-TEL] 2026-06-04T19:04:01.767Z | CAM_FOLLOW_PUSH | {"t":1780599841767,"lat":51.37039,"lng":19.368005,"hdg":281,"snapHdg":268,"speedKmh":44,"exploring":false,"source":"drive_marker_sv_60fps"}
06-04 21:04:01.867 I/ReactNativeJS(27948): [VROOM-TEL] 2026-06-04T19:04:01.867Z | DRIVE_TRACE_CAMERA | {"t":1780599841867,"seq":1579,"gpsTickId":1780599840944,"gpsTickAgeMs":806,"lat":51.370392,"lng":19.367991,"hdg":277,"speedKmh":43.7,"exploring":false,"frameMoveM":0}
06-04 21:04:01.963 I/ReactNativeJS(27948): [VROOM-TEL] 2026-06-04T19:04:01.963Z | RAW_GPS_TICK | {"t":1780599841963,"gpsTickId":1780599841944,"gpsTickAgeMs":0,"lat":51.370477,"lng":19.367594,"speed":11.49,"speedKmh":41.4,"accuracy":4,"osTimestamp":1780599841944,"tripActive":true,"appState":"active"}
06-04 21:04:01.963 I/ReactNativeJS(27948): [VROOM-TEL] 2026-06-04T19:04:01.963Z | DRIVE_TRACE_RAW | {"t":1780599841963,"seq":1580,"gpsTickId":1780599841944,"gpsTickAgeMs":0,"rawLat":51.370477,"rawLng":19.367594,"accM":4,"speedKmh":41.4,"speedMs":11.5,"heading":267,"tripActive":true,"driving":true,"navigating":false,"osTimestamp":1780599841944}
06-04 21:04:01.968 I/ReactNativeJS(27948): [VROOM-TEL] 2026-06-04T19:04:01.968Z | DRIVE_TRACE_FEED | {"t":1780599841968,"seq":1581,"gpsTickId":1780599841944,"gpsTickAgeMs":5,"lat":51.370431,"lng":19.367899,"hdg":267,"durationMs":734,"speedKmh":41.4}
06-04 21:04:01.968 I/ReactNativeJS(27948): [VROOM-TEL] 2026-06-04T19:04:01.968Z | DRIVE_TRACE_TICK | {"t":1780599841968,"seq":1582,"gpsTickId":1780599841944,"gpsTickAgeMs":5,"rawLat":51.370477,"rawLng":19.367594,"snapLat":51.370431,"snapLng":19.367899,"markerLat":51.370431,"markerLng":19.367899,"markerHdg":267,"markerSvLat":51.370392,"markerSvLng":19.367976,"markerSvHdg":269,"accM":4,"hudKmh":41.4,"engineKmh":40.8,"dopplerKmh":41.4,"feedDurMs":734,"cadenceMs":987,"feedSpeedMs":11.5,"isNavigating":false,"isFreeDrive":true,"isMoving":true,"feedSkipGate":false,"feedAccepted":true,"feedHeadingOnly":false,"source":"drive_core_v2"}
06-04 21:04:01.968 I/ReactNativeJS(27948): [VROOM-TEL] 2026-06-04T19:04:01.968Z | GPS_ACCEPT | {"lat":51.370477,"lng":19.367594,"acc":4,"speedKmh":46,"gpsLock":true}
06-04 21:04:02.168 I/ReactNativeJS(27948): [VROOM-TEL] 2026-06-04T19:04:02.167Z | DRIVE_TRACE_CAMERA | {"t":1780599842167,"seq":1583,"gpsTickId":1780599841944,"gpsTickAgeMs":204,"lat":51.370402,"lng":19.367955,"hdg":285,"speedKmh":41.4,"exploring":false,"frameMoveM":0}
06-04 21:04:02.217 I/ReactNativeJS(27948): [VROOM-TEL] 2026-06-04T19:04:02.216Z | CAMERA_HEADING | {"t":1780599842216,"speedKmh":41,"movedM":0.16,"moveBearing":309,"snapHdg":285,"headingOut":309,"flipFromPrevDeg":0,"lookaheadM":33,"nativeFollow":true}
06-04 21:04:02.467 I/ReactNativeJS(27948): [VROOM-TEL] 2026-06-04T19:04:02.467Z | DRIVE_TRACE_CAMERA | {"t":1780599842467,"seq":1584,"gpsTickId":1780599841944,"gpsTickAgeMs":504,"lat":51.370418,"lng":19.367924,"hdg":277,"speedKmh":41.4,"exploring":false,"frameMoveM":0}
06-04 21:04:02.567 I/ReactNativeJS(27948): [VROOM-TEL] 2026-06-04T19:04:02.567Z | CAM_FOLLOW_PUSH | {"t":1780599842567,"lat":51.370423,"lng":19.367913,"hdg":285,"snapHdg":267,"speedKmh":41,"exploring":false,"source":"drive_marker_sv_60fps"}
06-04 21:04:02.767 I/ReactNativeJS(27948): [VROOM-TEL] 2026-06-04T19:04:02.767Z | DRIVE_TRACE_CAMERA | {"t":1780599842767,"seq":1585,"gpsTickId":1780599841944,"gpsTickAgeMs":804,"lat":51.370434,"lng":19.367892,"hdg":285,"speedKmh":41.4,"exploring":false,"frameMoveM":0}
06-04 21:04:02.972 I/ReactNativeJS(27948): [VROOM-TEL] 2026-06-04T19:04:02.972Z | RAW_GPS_TICK | {"t":1780599842972,"gpsTickId":1780599842944,"gpsTickAgeMs":0,"lat":51.370471,"lng":19.367431,"speed":11.36,"speedKmh":40.9,"accuracy":4,"osTimestamp":1780599842944,"tripActive":true,"appState":"active"}
06-04 21:04:02.972 I/ReactNativeJS(27948): [VROOM-TEL] 2026-06-04T19:04:02.972Z | DRIVE_TRACE_RAW | {"t":1780599842972,"seq":1586,"gpsTickId":1780599842944,"gpsTickAgeMs":0,"rawLat":51.370471,"rawLng":19.367431,"accM":4,"speedKmh":40.9,"speedMs":11.4,"heading":267,"tripActive":true,"driving":true,"navigating":false,"osTimestamp":1780599842944}
06-04 21:04:02.974 I/ReactNativeJS(27948): [VROOM-TEL] 2026-06-04T19:04:02.974Z | DRIVE_TRACE_FEED | {"t":1780599842974,"seq":1587,"gpsTickId":1780599842944,"gpsTickAgeMs":2,"lat":51.370447,"lng":19.367778,"hdg":267,"durationMs":730,"speedKmh":42.3}
06-04 21:04:02.974 I/ReactNativeJS(27948): [VROOM-TEL] 2026-06-04T19:04:02.974Z | DRIVE_TRACE_TICK | {"t":1780599842974,"seq":1588,"gpsTickId":1780599842944,"gpsTickAgeMs":2,"rawLat":51.370471,"rawLng":19.367431,"snapLat":51.370447,"snapLng":19.367778,"markerLat":51.370447,"markerLng":19.367778,"markerHdg":267,"markerSvLat":51.370438,"markerSvLng":19.36788,"markerSvHdg":273,"accM":4,"hudKmh":42.3,"engineKmh":42.3,"dopplerKmh":40.9,"feedDurMs":730,"cadenceMs":995,"feedSpeedMs":11.7,"isNavigating":false,"isFreeDrive":true,"isMoving":true,"feedSkipGate":false,"feedAccepted":true,"feedHeadingOnly":false,"source":"drive_core_v2"}
06-04 21:04:02.975 I/ReactNativeJS(27948): [VROOM-TEL] 2026-06-04T19:04:02.975Z | GPS_ACCEPT | {"lat":51.370471,"lng":19.367431,"acc":4,"speedKmh":40.9,"gpsLock":true}
06-04 21:04:03.084 I/ReactNativeJS(27948): [VROOM-TEL] 2026-06-04T19:04:03.084Z | DRIVE_TRACE_CAMERA | {"t":1780599843084,"seq":1589,"gpsTickId":1780599842944,"gpsTickAgeMs":112,"lat":51.370439,"lng":19.367865,"hdg":277,"speedKmh":42.3,"exploring":false,"frameMoveM":0}
06-04 21:04:03.317 I/ReactNativeJS(27948): [VROOM-TEL] 2026-06-04T19:04:03.317Z | CAMERA_HEADING | {"t":1780599843317,"speedKmh":42,"movedM":0.18,"moveBearing":278,"snapHdg":278,"headingOut":278,"flipFromPrevDeg":0,"lookaheadM":33,"nativeFollow":true}
06-04 21:04:03.367 I/ReactNativeJS(27948): [VROOM-TEL] 2026-06-04T19:04:03.367Z | CAM_FOLLOW_PUSH | {"t":1780599843367,"lat":51.370443,"lng":19.367825,"hdg":278,"snapHdg":267,"speedKmh":42,"exploring":false,"source":"drive_marker_sv_60fps"}
06-04 21:04:03.384 I/ReactNativeJS(27948): [VROOM-TEL] 2026-06-04T19:04:03.384Z | DRIVE_TRACE_CAMERA | {"t":1780599843384,"seq":1590,"gpsTickId":1780599842944,"gpsTickAgeMs":412,"lat":51.370443,"lng":19.367823,"hdg":278,"speedKmh":42.3,"exploring":false,"frameMoveM":0}
06-04 21:04:03.701 I/ReactNativeJS(27948): [VROOM-TEL] 2026-06-04T19:04:03.701Z | DRIVE_TRACE_CAMERA | {"t":1780599843701,"seq":1591,"gpsTickId":1780599842944,"gpsTickAgeMs":729,"lat":51.370447,"lng":19.367779,"hdg":278,"speedKmh":42.3,"exploring":false,"frameMoveM":0}
06-04 21:04:03.963 I/ReactNativeJS(27948): [VROOM-TEL] 2026-06-04T19:04:03.963Z | RAW_GPS_TICK | {"t":1780599843963,"gpsTickId":1780599843945,"gpsTickAgeMs":0,"lat":51.370468,"lng":19.367284,"speed":10.25,"speedKmh":36.9,"accuracy":4,"osTimestamp":1780599843945,"tripActive":true,"appState":"active"}
06-04 21:04:03.964 I/ReactNativeJS(27948): [VROOM-TEL] 2026-06-04T19:04:03.964Z | DRIVE_TRACE_RAW | {"t":1780599843964,"seq":1592,"gpsTickId":1780599843945,"gpsTickAgeMs":0,"rawLat":51.370468,"rawLng":19.367284,"accM":4,"speedKmh":36.9,"speedMs":10.3,"heading":268,"tripActive":true,"driving":true,"navigating":false,"osTimestamp":1780599843945}
06-04 21:04:03.967 I/ReactNativeJS(27948): [VROOM-TEL] 2026-06-04T19:04:03.967Z | DRIVE_TRACE_FEED | {"t":1780599843967,"seq":1593,"gpsTickId":1780599843945,"gpsTickAgeMs":4,"lat":51.370454,"lng":19.367659,"hdg":267,"durationMs":737,"speedKmh":40.6}
06-04 21:04:03.967 I/ReactNativeJS(27948): [VROOM-TEL] 2026-06-04T19:04:03.967Z | DRIVE_TRACE_TICK | {"t":1780599843967,"seq":1594,"gpsTickId":1780599843945,"gpsTickAgeMs":4,"rawLat":51.370468,"rawLng":19.367284,"snapLat":51.370454,"snapLng":19.367659,"markerLat":51.370454,"markerLng":19.367659,"markerHdg":267,"markerSvLat":51.370448,"markerSvLng":19.367753,"markerSvHdg":274,"accM":4,"hudKmh":40.6,"engineKmh":40.6,"dopplerKmh":36.9,"feedDurMs":737,"cadenceMs":994,"feedSpeedMs":11.3,"isNavigating":false,"isFreeDrive":true,"isMoving":true,"feedSkipGate":false,"feedAccepted":true,"feedHeadingOnly":false,"source":"drive_core_v2"}
06-04 21:04:03.967 I/ReactNativeJS(27948): [VROOM-TEL] 2026-06-04T19:04:03.967Z | GPS_ACCEPT | {"lat":51.370468,"lng":19.367284,"acc":4,"speedKmh":37.1,"gpsLock":true}
06-04 21:04:04.027 I/ReactNativeJS(27948): [VROOM-TEL] 2026-06-04T19:04:04.027Z | DRIVE_TRACE_CAMERA | {"t":1780599844027,"seq":1595,"gpsTickId":1780599843945,"gpsTickAgeMs":64,"lat":51.370449,"lng":19.367749,"hdg":257,"speedKmh":40.6,"exploring":false,"frameMoveM":0}
06-04 21:04:04.167 I/ReactNativeJS(27948): [VROOM-TEL] 2026-06-04T19:04:04.167Z | CAM_FOLLOW_PUSH | {"t":1780599844167,"lat":51.37045,"lng":19.367728,"hdg":276,"snapHdg":267,"speedKmh":41,"exploring":false,"source":"drive_marker_sv_60fps"}
06-04 21:04:04.334 I/ReactNativeJS(27948): [VROOM-TEL] 2026-06-04T19:04:04.333Z | DRIVE_TRACE_CAMERA | {"t":1780599844333,"seq":1596,"gpsTickId":1780599843945,"gpsTickAgeMs":370,"lat":51.370451,"lng":19.367706,"hdg":276,"speedKmh":40.6,"exploring":false,"frameMoveM":0}
06-04 21:04:04.433 I/ReactNativeJS(27948): [VROOM-TEL] 2026-06-04T19:04:04.433Z | CAMERA_HEADING | {"t":1780599844433,"speedKmh":41,"movedM":0.15,"moveBearing":276,"snapHdg":276,"headingOut":276,"flipFromPrevDeg":0,"lookaheadM":33,"nativeFollow":true}
06-04 21:04:04.553 I/ReactNativeJS(27948): [VROOM-TEL] 2026-06-04T19:04:04.553Z | DRIVE_TRACE_HEARTBEAT | {"t":1780599844553,"seq":1597,"gpsTickId":1780599843945,"gpsTickAgeMs":590,"driving":true,"navigating":false,"tripActive":true,"lat":51.3704677,"lng":19.3672837,"gpsAgeMs":590}
06-04 21:04:04.633 I/ReactNativeJS(27948): [VROOM-TEL] 2026-06-04T19:04:04.633Z | DRIVE_TRACE_CAMERA | {"t":1780599844633,"seq":1598,"gpsTickId":1780599843945,"gpsTickAgeMs":670,"lat":51.370454,"lng":19.367668,"hdg":276,"speedKmh":40.6,"exploring":false,"frameMoveM":0}
06-04 21:04:04.961 I/ReactNativeJS(27948): [VROOM-TEL] 2026-06-04T19:04:04.961Z | RAW_GPS_TICK | {"t":1780599844961,"gpsTickId":1780599844943,"gpsTickAgeMs":0,"lat":51.370465,"lng":19.367166,"speed":8.34,"speedKmh":30,"accuracy":4,"osTimestamp":1780599844943,"tripActive":true,"appState":"active"}
06-04 21:04:04.961 I/ReactNativeJS(27948): [VROOM-TEL] 2026-06-04T19:04:04.961Z | DRIVE_TRACE_RAW | {"t":1780599844961,"seq":1599,"gpsTickId":1780599844943,"gpsTickAgeMs":0,"rawLat":51.370465,"rawLng":19.367166,"accM":4,"speedKmh":30,"speedMs":8.3,"heading":268,"tripActive":true,"driving":true,"navigating":false,"osTimestamp":1780599844943}
06-04 21:04:04.964 I/ReactNativeJS(27948): [VROOM-TEL] 2026-06-04T19:04:04.964Z | DRIVE_TRACE_FEED | {"t":1780599844964,"seq":1600,"gpsTickId":1780599844943,"gpsTickAgeMs":3,"lat":51.370457,"lng":19.367544,"hdg":268,"durationMs":747,"speedKmh":38.6}
06-04 21:04:04.964 I/ReactNativeJS(27948): [VROOM-TEL] 2026-06-04T19:04:04.964Z | DRIVE_TRACE_TICK | {"t":1780599844964,"seq":1601,"gpsTickId":1780599844943,"gpsTickAgeMs":3,"rawLat":51.370465,"rawLng":19.367166,"snapLat":51.370457,"snapLng":19.367544,"markerLat":51.370457,"markerLng":19.367544,"markerHdg":268,"markerSvLat":51.370455,"markerSvLng":19.367637,"markerSvHdg":274,"accM":4,"hudKmh":38.6,"engineKmh":38.6,"dopplerKmh":30,"feedDurMs":747,"cadenceMs":995,"feedSpeedMs":10.7,"isNavigating":false,"isFreeDrive":true,"isMoving":true,"feedSkipGate":false,"feedAccepted":true,"feedHeadingOnly":false,"source":"drive_core_v2"}
06-04 21:04:04.965 I/ReactNativeJS(27948): [VROOM-TEL] 2026-06-04T19:04:04.965Z | GPS_ACCEPT | {"lat":51.370465,"lng":19.367166,"acc":4,"speedKmh":30,"gpsLock":true}
06-04 21:04:05.001 I/ReactNativeJS(27948): [VROOM-TEL] 2026-06-04T19:04:05.001Z | CAM_FOLLOW_PUSH | {"t":1780599845001,"lat":51.370455,"lng":19.367635,"hdg":268,"snapHdg":268,"speedKmh":39,"exploring":false,"source":"drive_marker_sv_60fps"}
06-04 21:04:05.001 I/ReactNativeJS(27948): [VROOM-TEL] 2026-06-04T19:04:05.001Z | DRIVE_TRACE_CAMERA | {"t":1780599845001,"seq":1602,"gpsTickId":1780599844943,"gpsTickAgeMs":40,"lat":51.370455,"lng":19.367635,"hdg":268,"speedKmh":38.6,"exploring":false,"frameMoveM":0}
06-04 21:04:05.316 I/ReactNativeJS(27948): [VROOM-TEL] 2026-06-04T19:04:05.316Z | DRIVE_TRACE_CAMERA | {"t":1780599845316,"seq":1603,"gpsTickId":1780599844943,"gpsTickAgeMs":355,"lat":51.370456,"lng":19.367593,"hdg":272,"speedKmh":38.6,"exploring":false,"frameMoveM":0}
06-04 21:04:05.533 I/ReactNativeJS(27948): [VROOM-TEL] 2026-06-04T19:04:05.533Z | CAMERA_HEADING | {"t":1780599845533,"speedKmh":39,"movedM":0.15,"moveBearing":272,"snapHdg":272,"headingOut":272,"flipFromPrevDeg":0,"lookaheadM":33,"nativeFollow":true}
06-04 21:04:05.617 I/ReactNativeJS(27948): [VROOM-TEL] 2026-06-04T19:04:05.617Z | DRIVE_TRACE_CAMERA | {"t":1780599845617,"seq":1604,"gpsTickId":1780599844943,"gpsTickAgeMs":656,"lat":51.370457,"lng":19.367556,"hdg":272,"speedKmh":38.6,"exploring":false,"frameMoveM":0}
06-04 21:04:05.829 I/ReactNativeJS(27948): [VROOM-TEL] 2026-06-04T19:04:05.829Z | CAM_FOLLOW_PUSH | {"t":1780599845829,"lat":51.370457,"lng":19.367531,"hdg":263,"snapHdg":268,"speedKmh":39,"exploring":false,"source":"drive_marker_sv_60fps"}
06-04 21:04:05.967 I/ReactNativeJS(27948): [VROOM-TEL] 2026-06-04T19:04:05.967Z | RAW_GPS_TICK | {"t":1780599845967,"gpsTickId":1780599845944,"gpsTickAgeMs":0,"lat":51.370465,"lng":19.367079,"speed":6.62,"speedKmh":23.8,"accuracy":4,"osTimestamp":1780599845944,"tripActive":true,"appState":"active"}
06-04 21:04:05.967 I/ReactNativeJS(27948): [VROOM-TEL] 2026-06-04T19:04:05.967Z | DRIVE_TRACE_RAW | {"t":1780599845967,"seq":1605,"gpsTickId":1780599845944,"gpsTickAgeMs":0,"rawLat":51.370465,"rawLng":19.367079,"accM":4,"speedKmh":23.8,"speedMs":6.6,"heading":267,"tripActive":true,"driving":true,"navigating":false,"osTimestamp":1780599845944}
06-04 21:04:05.969 I/ReactNativeJS(27948): [VROOM-TEL] 2026-06-04T19:04:05.969Z | DRIVE_TRACE_FEED | {"t":1780599845969,"seq":1606,"gpsTickId":1780599845944,"gpsTickAgeMs":2,"lat":51.370457,"lng":19.367443,"hdg":269,"durationMs":784,"speedKmh":32.1}
06-04 21:04:05.970 I/ReactNativeJS(27948): [VROOM-TEL] 2026-06-04T19:04:05.970Z | DRIVE_TRACE_TICK | {"t":1780599845970,"seq":1607,"gpsTickId":1780599845944,"gpsTickAgeMs":3,"rawLat":51.370465,"rawLng":19.367079,"snapLat":51.370457,"snapLng":19.367443,"markerLat":51.370457,"markerLng":19.367443,"markerHdg":269,"markerSvLat":51.370458,"markerSvLng":19.367523,"markerSvHdg":274,"accM":4,"hudKmh":32.1,"engineKmh":32.1,"dopplerKmh":23.8,"feedDurMs":784,"cadenceMs":999,"feedSpeedMs":8.9,"isNavigating":false,"isFreeDrive":true,"isMoving":true,"feedSkipGate":false,"feedAccepted":true,"feedHeadingOnly":false,"source":"drive_core_v2"}
06-04 21:04:05.970 I/ReactNativeJS(27948): [VROOM-TEL] 2026-06-04T19:04:05.970Z | GPS_ACCEPT | {"lat":51.370465,"lng":19.367079,"acc":4,"speedKmh":23.8,"gpsLock":true}
06-04 21:04:06.033 I/ReactNativeJS(27948): [VROOM-TEL] 2026-06-04T19:04:06.033Z | DRIVE_TRACE_CAMERA | {"t":1780599846033,"seq":1608,"gpsTickId":1780599845944,"gpsTickAgeMs":66,"lat":51.370458,"lng":19.36752,"hdg":263,"speedKmh":32.1,"exploring":false,"frameMoveM":0}
06-04 21:04:06.444 I/ReactNativeJS(27948): [VROOM-TEL] 2026-06-04T19:04:06.444Z | DRIVE_TRACE_CAMERA | {"t":1780599846444,"seq":1609,"gpsTickId":1780599845944,"gpsTickAgeMs":477,"lat":51.370457,"lng":19.367486,"hdg":268,"speedKmh":32.1,"exploring":false,"frameMoveM":0}
06-04 21:04:06.634 I/ReactNativeJS(27948): [VROOM-TEL] 2026-06-04T19:04:06.634Z | CAMERA_HEADING | {"t":1780599846634,"speedKmh":32,"movedM":0.12,"moveBearing":270,"snapHdg":270,"headingOut":270,"flipFromPrevDeg":0,"lookaheadM":33,"nativeFollow":true}
06-04 21:04:06.634 I/ReactNativeJS(27948): [VROOM-TEL] 2026-06-04T19:04:06.634Z | CAM_FOLLOW_PUSH | {"t":1780599846634,"lat":51.370457,"lng":19.367455,"hdg":270,"snapHdg":269,"speedKmh":32,"exploring":false,"source":"drive_marker_sv_60fps"}
06-04 21:04:06.750 I/ReactNativeJS(27948): [VROOM-TEL] 2026-06-04T19:04:06.750Z | DRIVE_TRACE_CAMERA | {"t":1780599846750,"seq":1610,"gpsTickId":1780599845944,"gpsTickAgeMs":783,"lat":51.370457,"lng":19.367443,"hdg":270,"speedKmh":32.1,"exploring":false,"frameMoveM":0}
06-04 21:04:06.967 I/ReactNativeJS(27948): [VROOM-TEL] 2026-06-04T19:04:06.967Z | RAW_GPS_TICK | {"t":1780599846967,"gpsTickId":1780599846943,"gpsTickAgeMs":0,"lat":51.370456,"lng":19.367001,"speed":5.62,"speedKmh":20.2,"accuracy":4,"osTimestamp":1780599846943,"tripActive":true,"appState":"active"}
06-04 21:04:06.967 I/ReactNativeJS(27948): [VROOM-TEL] 2026-06-04T19:04:06.967Z | DRIVE_TRACE_RAW | {"t":1780599846967,"seq":1611,"gpsTickId":1780599846943,"gpsTickAgeMs":0,"rawLat":51.370456,"rawLng":19.367001,"accM":4,"speedKmh":20.2,"speedMs":5.6,"heading":261,"tripActive":true,"driving":true,"navigating":false,"osTimestamp":1780599846943}
06-04 21:04:06.969 I/ReactNativeJS(27948): [VROOM-TEL] 2026-06-04T19:04:06.969Z | DRIVE_TRACE_FEED | {"t":1780599846969,"seq":1612,"gpsTickId":1780599846943,"gpsTickAgeMs":2,"lat":51.370456,"lng":19.367356,"hdg":265,"durationMs":839,"speedKmh":25.8}
06-04 21:04:06.970 I/ReactNativeJS(27948): [VROOM-TEL] 2026-06-04T19:04:06.970Z | DRIVE_TRACE_TICK | {"t":1780599846970,"seq":1613,"gpsTickId":1780599846943,"gpsTickAgeMs":3,"rawLat":51.370456,"rawLng":19.367001,"snapLat":51.370456,"snapLng":19.367356,"markerLat":51.370456,"markerLng":19.367356,"markerHdg":265,"markerSvLat":51.370458,"markerSvLng":19.36743,"markerSvHdg":274,"accM":4,"hudKmh":25.8,"engineKmh":25.8,"dopplerKmh":20.2,"feedDurMs":839,"cadenceMs":999,"feedSpeedMs":7.2,"isNavigating":false,"isFreeDrive":true,"isMoving":true,"feedSkipGate":false,"feedAccepted":true,"feedHeadingOnly":false,"source":"drive_core_v2"}
06-04 21:04:06.970 I/ReactNativeJS(27948): [VROOM-TEL] 2026-06-04T19:04:06.970Z | GPS_ACCEPT | {"lat":51.370456,"lng":19.367001,"acc":4,"speedKmh":20.2,"gpsLock":true}
06-04 21:04:07.098 I/ReactNativeJS(27948): [VROOM-TEL] 2026-06-04T19:04:07.097Z | DRIVE_TRACE_CAMERA | {"t":1780599847097,"seq":1614,"gpsTickId":1780599846943,"gpsTickAgeMs":130,"lat":51.370458,"lng":19.367423,"hdg":264,"speedKmh":25.8,"exploring":false,"frameMoveM":0}
06-04 21:04:07.399 I/ReactNativeJS(27948): [VROOM-TEL] 2026-06-04T19:04:07.399Z | DRIVE_TRACE_CAMERA | {"t":1780599847399,"seq":1615,"gpsTickId":1780599846943,"gpsTickAgeMs":432,"lat":51.370457,"lng":19.367392,"hdg":268,"speedKmh":25.8,"exploring":false,"frameMoveM":0}
06-04 21:04:07.450 I/ReactNativeJS(27948): [VROOM-TEL] 2026-06-04T19:04:07.450Z | CAM_FOLLOW_PUSH | {"t":1780599847450,"lat":51.370457,"lng":19.367388,"hdg":268,"snapHdg":265,"speedKmh":26,"exploring":false,"source":"drive_marker_sv_60fps"}
06-04 21:04:07.700 I/ReactNativeJS(27948): [VROOM-TEL] 2026-06-04T19:04:07.700Z | DRIVE_TRACE_CAMERA | {"t":1780599847700,"seq":1616,"gpsTickId":1780599846943,"gpsTickAgeMs":733,"lat":51.370456,"lng":19.367366,"hdg":268,"speedKmh":25.8,"exploring":false,"frameMoveM":0}
06-04 21:04:07.749 I/ReactNativeJS(27948): [VROOM-TEL] 2026-06-04T19:04:07.749Z | CAMERA_HEADING | {"t":1780599847749,"speedKmh":26,"movedM":0.1,"moveBearing":268,"snapHdg":268,"headingOut":268,"flipFromPrevDeg":0,"lookaheadM":23,"nativeFollow":true}
06-04 21:04:07.968 I/ReactNativeJS(27948): [VROOM-TEL] 2026-06-04T19:04:07.968Z | RAW_GPS_TICK | {"t":1780599847968,"gpsTickId":1780599847945,"gpsTickAgeMs":0,"lat":51.370436,"lng":19.366931,"speed":5.39,"speedKmh":19.4,"accuracy":4,"osTimestamp":1780599847945,"tripActive":true,"appState":"active"}
06-04 21:04:07.968 I/ReactNativeJS(27948): [VROOM-TEL] 2026-06-04T19:04:07.968Z | DRIVE_TRACE_RAW | {"t":1780599847968,"seq":1617,"gpsTickId":1780599847945,"gpsTickAgeMs":0,"rawLat":51.370436,"rawLng":19.366931,"accM":4,"speedKmh":19.4,"speedMs":5.4,"heading":245,"tripActive":true,"driving":true,"navigating":false,"osTimestamp":1780599847945}
06-04 21:04:07.969 I/ReactNativeJS(27948): [VROOM-TEL] 2026-06-04T19:04:07.969Z | DRIVE_TRACE_FEED | {"t":1780599847969,"seq":1618,"gpsTickId":1780599847945,"gpsTickAgeMs":1,"lat":51.370454,"lng":19.367279,"hdg":253,"durationMs":893,"speedKmh":21.6}
06-04 21:04:07.970 I/ReactNativeJS(27948): [VROOM-TEL] 2026-06-04T19:04:07.970Z | DRIVE_TRACE_TICK | {"t":1780599847970,"seq":1619,"gpsTickId":1780599847945,"gpsTickAgeMs":2,"rawLat":51.370436,"rawLng":19.366931,"snapLat":51.370454,"snapLng":19.367279,"markerLat":51.370454,"markerLng":19.367279,"markerHdg":253,"markerSvLat":51.370456,"markerSvLng":19.367351,"markerSvHdg":266,"accM":4,"hudKmh":21.6,"engineKmh":21.6,"dopplerKmh":19.4,"feedDurMs":893,"cadenceMs":1000,"feedSpeedMs":6,"isNavigating":false,"isFreeDrive":true,"isMoving":true,"feedSkipGate":false,"feedAccepted":true,"feedHeadingOnly":false,"source":"drive_core_v2"}
06-04 21:04:07.970 I/ReactNativeJS(27948): [VROOM-TEL] 2026-06-04T19:04:07.970Z | GPS_ACCEPT | {"lat":51.370436,"lng":19.366931,"acc":4,"speedKmh":19.4,"gpsLock":true}
06-04 21:04:08.025 I/ReactNativeJS(27948): [VROOM-TEL] 2026-06-04T19:04:08.025Z | DRIVE_TRACE_CAMERA | {"t":1780599848025,"seq":1620,"gpsTickId":1780599847945,"gpsTickAgeMs":57,"lat":51.370456,"lng":19.367349,"hdg":252,"speedKmh":21.6,"exploring":false,"frameMoveM":0}
06-04 21:04:08.250 I/ReactNativeJS(27948): [VROOM-TEL] 2026-06-04T19:04:08.250Z | CAM_FOLLOW_PUSH | {"t":1780599848250,"lat":51.370455,"lng":19.367329,"hdg":264,"snapHdg":253,"speedKmh":22,"exploring":false,"source":"drive_marker_sv_60fps"}
06-04 21:04:08.390 I/ReactNativeJS(27948): [VROOM-TEL] 2026-06-04T19:04:08.390Z | DRIVE_TRACE_CAMERA | {"t":1780599848390,"seq":1621,"gpsTickId":1780599847945,"gpsTickAgeMs":422,"lat":51.370455,"lng":19.367323,"hdg":252,"speedKmh":21.6,"exploring":false,"frameMoveM":0}
06-04 21:04:08.700 I/ReactNativeJS(27948): [VROOM-TEL] 2026-06-04T19:04:08.700Z | DRIVE_TRACE_CAMERA | {"t":1780599848700,"seq":1622,"gpsTickId":1780599847945,"gpsTickAgeMs":732,"lat":51.370454,"lng":19.367292,"hdg":264,"speedKmh":21.6,"exploring":false,"frameMoveM":0}
06-04 21:04:08.850 I/ReactNativeJS(27948): [VROOM-TEL] 2026-06-04T19:04:08.850Z | CAMERA_HEADING | {"t":1780599848850,"speedKmh":22,"movedM":0.09,"moveBearing":268,"snapHdg":264,"headingOut":268,"flipFromPrevDeg":0,"lookaheadM":23,"nativeFollow":true}
06-04 21:04:08.970 I/ReactNativeJS(27948): [VROOM-TEL] 2026-06-04T19:04:08.970Z | RAW_GPS_TICK | {"t":1780599848970,"gpsTickId":1780599848944,"gpsTickAgeMs":0,"lat":51.370401,"lng":19.366881,"speed":5.19,"speedKmh":18.7,"accuracy":4,"osTimestamp":1780599848944,"tripActive":true,"appState":"active"}
06-04 21:04:08.970 I/ReactNativeJS(27948): [VROOM-TEL] 2026-06-04T19:04:08.970Z | DRIVE_TRACE_RAW | {"t":1780599848970,"seq":1623,"gpsTickId":1780599848944,"gpsTickAgeMs":0,"rawLat":51.370401,"rawLng":19.366881,"accM":4,"speedKmh":18.7,"speedMs":5.2,"heading":224,"tripActive":true,"driving":true,"navigating":false,"osTimestamp":1780599848944}
06-04 21:04:08.972 I/ReactNativeJS(27948): [VROOM-TEL] 2026-06-04T19:04:08.972Z | DRIVE_TRACE_FEED | {"t":1780599848972,"seq":1624,"gpsTickId":1780599848944,"gpsTickAgeMs":2,"lat":51.370452,"lng":19.3672,"hdg":233,"durationMs":883,"speedKmh":22.3}
06-04 21:04:08.972 I/ReactNativeJS(27948): [VROOM-TEL] 2026-06-04T19:04:08.972Z | DRIVE_TRACE_TICK | {"t":1780599848972,"seq":1625,"gpsTickId":1780599848944,"gpsTickAgeMs":2,"rawLat":51.370401,"rawLng":19.366881,"snapLat":51.370452,"snapLng":19.3672,"markerLat":51.370452,"markerLng":19.3672,"markerHdg":233,"markerSvLat":51.370454,"markerSvLng":19.367279,"markerSvHdg":254,"accM":4,"hudKmh":22.3,"engineKmh":22.3,"dopplerKmh":18.7,"feedDurMs":883,"cadenceMs":1001,"feedSpeedMs":6.2,"isNavigating":false,"isFreeDrive":true,"isMoving":true,"feedSkipGate":false,"feedAccepted":true,"feedHeadingOnly":false,"source":"drive_core_v2"}
06-04 21:04:08.972 I/ReactNativeJS(27948): [VROOM-TEL] 2026-06-04T19:04:08.972Z | GPS_ACCEPT | {"lat":51.370401,"lng":19.366881,"acc":4,"speedKmh":18.7,"gpsLock":true}
06-04 21:04:09.017 I/ReactNativeJS(27948): [VROOM-TEL] 2026-06-04T19:04:09.017Z | DRIVE_TRACE_CAMERA | {"t":1780599849017,"seq":1626,"gpsTickId":1780599848944,"gpsTickAgeMs":47,"lat":51.370454,"lng":19.367275,"hdg":239,"speedKmh":22.3,"exploring":false,"frameMoveM":0}
06-04 21:04:09.051 I/ReactNativeJS(27948): [VROOM-TEL] 2026-06-04T19:04:09.050Z | CAM_FOLLOW_PUSH | {"t":1780599849050,"lat":51.370454,"lng":19.367272,"hdg":239,"snapHdg":233,"speedKmh":22,"exploring":false,"source":"drive_marker_sv_60fps"}
06-04 21:04:09.334 I/ReactNativeJS(27948): [VROOM-TEL] 2026-06-04T19:04:09.334Z | DRIVE_TRACE_CAMERA | {"t":1780599849334,"seq":1627,"gpsTickId":1780599848944,"gpsTickAgeMs":364,"lat":51.370453,"lng":19.367247,"hdg":244,"speedKmh":22.3,"exploring":false,"frameMoveM":0}
06-04 21:04:09.483 I/ReactNativeJS(27948): [VROOM-TEL] 2026-06-04T19:04:09.483Z | DRIVE_HEALTH | {"t":1780599849483,"mode":"driving","speedHudKmh":22.3,"speedPipeKmh":22.3,"gpsAgeMs":513,"drAgeMs":511,"gpsToDriftM":23,"snapAnchorDriftM":0,"offRoute":false,"reroutePending":false,"rerouteLoading":false,"hasRoutePts":0}
06-04 21:04:09.634 I/ReactNativeJS(27948): [VROOM-TEL] 2026-06-04T19:04:09.634Z | DRIVE_TRACE_CAMERA | {"t":1780599849634,"seq":1628,"gpsTickId":1780599848944,"gpsTickAgeMs":664,"lat":51.370452,"lng":19.36722,"hdg":244,"speedKmh":22.3,"exploring":false,"frameMoveM":0}
06-04 21:04:09.650 I/ReactNativeJS(27948): [VROOM-TEL] 2026-06-04T19:04:09.650Z | TRIP_SEGMENT_STATS | {"t":1780599849650,"totalDistanceKm":2.763,"acceptedMain":233,"acceptedMainKm":2.656,"fallbackAccepted":7,"fallbackKm":0.106,"derivedSpeedUsed":4,"derivedSpeedRejected":0,"lowSpeedDropped":0,"zeroMove":0,"rejectedTotal":27,"rejectedJitter":19,"rejectedJump":0,"rejectedStaleGap":0,"rejectedMinSpeed":1,"rejectedAccuracy":0,"rejectedImpossible":7,"rejectedInvalidTime":0}
06-04 21:04:09.850 I/ReactNativeJS(27948): [VROOM-TEL] 2026-06-04T19:04:09.850Z | CAM_FOLLOW_PUSH | {"t":1780599849850,"lat":51.370452,"lng":19.367201,"hdg":244,"snapHdg":233,"speedKmh":22,"exploring":false,"source":"drive_marker_sv_60fps"}
06-04 21:04:09.934 I/ReactNativeJS(27948): [VROOM-TEL] 2026-06-04T19:04:09.934Z | DRIVE_TRACE_CAMERA | {"t":1780599849934,"seq":1629,"gpsTickId":1780599848944,"gpsTickAgeMs":964,"lat":51.370452,"lng":19.3672,"hdg":238,"speedKmh":22.3,"exploring":false,"frameMoveM":0}
06-04 21:04:09.959 I/ReactNativeJS(27948): [VROOM-TEL] 2026-06-04T19:04:09.959Z | RAW_GPS_TICK | {"t":1780599849959,"gpsTickId":1780599849944,"gpsTickAgeMs":0,"lat":51.370354,"lng":19.366865,"speed":4.83,"speedKmh":17.4,"accuracy":4,"osTimestamp":1780599849944,"tripActive":true,"appState":"active"}
06-04 21:04:09.959 I/ReactNativeJS(27948): [VROOM-TEL] 2026-06-04T19:04:09.959Z | DRIVE_TRACE_RAW | {"t":1780599849959,"seq":1630,"gpsTickId":1780599849944,"gpsTickAgeMs":0,"rawLat":51.370354,"rawLng":19.366865,"accM":4,"speedKmh":17.4,"speedMs":4.8,"heading":192,"tripActive":true,"driving":true,"navigating":false,"osTimestamp":1780599849944}
06-04 21:04:09.960 I/ReactNativeJS(27948): [VROOM-TEL] 2026-06-04T19:04:09.960Z | DRIVE_TRACE_FEED | {"t":1780599849960,"seq":1631,"gpsTickId":1780599849944,"gpsTickAgeMs":1,"lat":51.370449,"lng":19.367124,"hdg":207,"durationMs":896,"speedKmh":21.4}
06-04 21:04:09.961 I/ReactNativeJS(27948): [VROOM-TEL] 2026-06-04T19:04:09.961Z | DRIVE_TRACE_TICK | {"t":1780599849961,"seq":1632,"gpsTickId":1780599849944,"gpsTickAgeMs":2,"rawLat":51.370354,"rawLng":19.366865,"snapLat":51.370449,"snapLng":19.367124,"markerLat":51.370449,"markerLng":19.367124,"markerHdg":207,"markerSvLat":51.370452,"markerSvLng":19.3672,"markerSvHdg":256,"accM":4,"hudKmh":21.4,"engineKmh":21.4,"dopplerKmh":17.4,"feedDurMs":896,"cadenceMs":997,"feedSpeedMs":5.9,"isNavigating":false,"isFreeDrive":true,"isMoving":true,"feedSkipGate":false,"feedAccepted":true,"feedHeadingOnly":false,"source":"drive_core_v2"}
06-04 21:04:09.961 I/ReactNativeJS(27948): [VROOM-TEL] 2026-06-04T19:04:09.961Z | GPS_ACCEPT | {"lat":51.370354,"lng":19.366865,"acc":4,"speedKmh":19.6,"gpsLock":true}
06-04 21:04:09.997 I/ReactNativeJS(27948): [VROOM-TEL] 2026-06-04T19:04:09.997Z | CAMERA_HEADING | {"t":1780599849997,"speedKmh":21,"movedM":0.13,"moveBearing":null,"snapHdg":261,"headingOut":261,"flipFromPrevDeg":23,"lookaheadM":23,"nativeFollow":true}
06-04 21:04:10.234 I/ReactNativeJS(27948): [VROOM-TEL] 2026-06-04T19:04:10.234Z | DRIVE_TRACE_CAMERA | {"t":1780599850234,"seq":1633,"gpsTickId":1780599849944,"gpsTickAgeMs":275,"lat":51.370451,"lng":19.367177,"hdg":218,"speedKmh":21.4,"exploring":false,"frameMoveM":0}
06-04 21:04:10.551 I/ReactNativeJS(27948): [VROOM-TEL] 2026-06-04T19:04:10.551Z | DRIVE_TRACE_CAMERA | {"t":1780599850551,"seq":1634,"gpsTickId":1780599849944,"gpsTickAgeMs":592,"lat":51.37045,"lng":19.36715,"hdg":218,"speedKmh":21.4,"exploring":false,"frameMoveM":0}
06-04 21:04:10.654 I/ReactNativeJS(27948): [VROOM-TEL] 2026-06-04T19:04:10.654Z | CAM_FOLLOW_PUSH | {"t":1780599850654,"lat":51.37045,"lng":19.367143,"hdg":218,"snapHdg":207,"speedKmh":21,"exploring":false,"source":"drive_marker_sv_60fps"}
06-04 21:04:10.867 I/ReactNativeJS(27948): [VROOM-TEL] 2026-06-04T19:04:10.867Z | DRIVE_TRACE_CAMERA | {"t":1780599850867,"seq":1635,"gpsTickId":1780599849944,"gpsTickAgeMs":908,"lat":51.370449,"lng":19.367124,"hdg":212,"speedKmh":21.4,"exploring":false,"frameMoveM":0}
06-04 21:04:11.957 I/ReactNativeJS(27948): [VROOM-TEL] 2026-06-04T19:04:11.957Z | RAW_GPS_TICK | {"t":1780599851957,"gpsTickId":1780599851945,"gpsTickAgeMs":0,"lat":51.370288,"lng":19.366903,"speed":3.95,"speedKmh":14.2,"accuracy":4,"osTimestamp":1780599851945,"tripActive":true,"appState":"active"}
06-04 21:04:11.957 I/ReactNativeJS(27948): [VROOM-TEL] 2026-06-04T19:04:11.957Z | DRIVE_TRACE_RAW | {"t":1780599851957,"seq":1636,"gpsTickId":1780599851945,"gpsTickAgeMs":0,"rawLat":51.370288,"rawLng":19.366903,"accM":4,"speedKmh":14.2,"speedMs":4,"heading":150,"tripActive":true,"driving":true,"navigating":false,"osTimestamp":1780599851945}
06-04 21:04:11.960 I/ReactNativeJS(27948): [VROOM-TEL] 2026-06-04T19:04:11.960Z | DRIVE_TRACE_FEED | {"t":1780599851960,"seq":1637,"gpsTickId":1780599851945,"gpsTickAgeMs":3,"lat":51.370432,"lng":19.367057,"hdg":176,"durationMs":927,"speedKmh":19.6}
06-04 21:04:11.961 I/ReactNativeJS(27948): [VROOM-TEL] 2026-06-04T19:04:11.961Z | DRIVE_TRACE_TICK | {"t":1780599851961,"seq":1638,"gpsTickId":1780599851945,"gpsTickAgeMs":4,"rawLat":51.370288,"rawLng":19.366903,"snapLat":51.370432,"snapLng":19.367057,"markerLat":51.370432,"markerLng":19.367057,"markerHdg":176,"markerSvLat":51.370449,"markerSvLng":19.367124,"markerSvHdg":248,"accM":4,"hudKmh":19.6,"engineKmh":19.6,"dopplerKmh":14.2,"feedDurMs":927,"cadenceMs":1347,"feedSpeedMs":5.4,"isNavigating":false,"isFreeDrive":true,"isMoving":true,"feedSkipGate":false,"feedAccepted":true,"feedHeadingOnly":false,"source":"drive_core_v2"}
06-04 21:04:11.961 I/ReactNativeJS(27948): [VROOM-TEL] 2026-06-04T19:04:11.961Z | GPS_ACCEPT | {"lat":51.370288,"lng":19.366903,"acc":4,"speedKmh":14.2,"gpsLock":true}
06-04 21:04:12.014 I/ReactNativeJS(27948): [VROOM-TEL] 2026-06-04T19:04:12.014Z | CAMERA_HEADING | {"t":1780599852014,"speedKmh":20,"movedM":0.21,"moveBearing":null,"snapHdg":247,"headingOut":247,"flipFromPrevDeg":35,"lookaheadM":16,"nativeFollow":true}
06-04 21:04:12.045 I/ReactNativeJS(27948): [VROOM-TEL] 2026-06-04T19:04:12.045Z | CAM_FOLLOW_PUSH | {"t":1780599852045,"lat":51.370449,"lng":19.367123,"hdg":175,"snapHdg":176,"speedKmh":20,"exploring":false,"source":"drive_marker_sv_60fps"}
06-04 21:04:12.045 I/ReactNativeJS(27948): [VROOM-TEL] 2026-06-04T19:04:12.045Z | DRIVE_TRACE_CAMERA | {"t":1780599852045,"seq":1639,"gpsTickId":1780599851945,"gpsTickAgeMs":88,"lat":51.370449,"lng":19.367123,"hdg":175,"speedKmh":19.6,"exploring":false,"frameMoveM":0}
06-04 21:04:12.350 I/ReactNativeJS(27948): [VROOM-TEL] 2026-06-04T19:04:12.350Z | DRIVE_TRACE_CAMERA | {"t":1780599852350,"seq":1640,"gpsTickId":1780599851945,"gpsTickAgeMs":393,"lat":51.370442,"lng":19.367096,"hdg":182,"speedKmh":19.6,"exploring":false,"frameMoveM":0}
06-04 21:04:12.650 I/ReactNativeJS(27948): [VROOM-TEL] 2026-06-04T19:04:12.650Z | DRIVE_TRACE_CAMERA | {"t":1780599852650,"seq":1641,"gpsTickId":1780599851945,"gpsTickAgeMs":693,"lat":51.370436,"lng":19.367074,"hdg":187,"speedKmh":19.6,"exploring":false,"frameMoveM":0}
06-04 21:04:12.850 I/ReactNativeJS(27948): [VROOM-TEL] 2026-06-04T19:04:12.850Z | CAM_FOLLOW_PUSH | {"t":1780599852850,"lat":51.370432,"lng":19.36706,"hdg":187,"snapHdg":176,"speedKmh":20,"exploring":false,"source":"drive_marker_sv_60fps"}
06-04 21:04:13.160 I/ReactNativeJS(27948): [VROOM-TEL] 2026-06-04T19:04:13.160Z | CAMERA_HEADING | {"t":1780599853160,"speedKmh":20,"movedM":0,"moveBearing":null,"snapHdg":240,"headingOut":240,"flipFromPrevDeg":0,"lookaheadM":16,"nativeFollow":true}
06-04 21:04:14.265 I/ReactNativeJS(27948): [VROOM-TEL] 2026-06-04T19:04:14.265Z | CAMERA_HEADING | {"t":1780599854265,"speedKmh":20,"movedM":0,"moveBearing":null,"snapHdg":240,"headingOut":240,"flipFromPrevDeg":0,"lookaheadM":16,"nativeFollow":true}
06-04 21:04:14.508 I/ReactNativeJS(27948): [VROOM-TEL] 2026-06-04T19:04:14.508Z | DRIVE_TRACE_HEARTBEAT | {"t":1780599854508,"seq":1642,"gpsTickId":1780599851945,"gpsTickAgeMs":2551,"driving":true,"navigating":false,"tripActive":true,"lat":51.3702878,"lng":19.3669029,"gpsAgeMs":2551}
06-04 21:04:15.585 I/ReactNativeJS(27948): [VROOM-TEL] 2026-06-04T19:04:15.585Z | CAMERA_HEADING | {"t":1780599855585,"speedKmh":20,"movedM":0,"moveBearing":null,"snapHdg":240,"headingOut":240,"flipFromPrevDeg":0,"lookaheadM":16,"nativeFollow":true}
06-04 21:04:16.833 I/ReactNativeJS(27948): [VROOM-TEL] 2026-06-04T19:04:16.833Z | CAMERA_HEADING | {"t":1780599856833,"speedKmh":20,"movedM":0,"moveBearing":null,"snapHdg":240,"headingOut":240,"flipFromPrevDeg":0,"lookaheadM":16,"nativeFollow":true}
06-04 21:04:18.560 I/ReactNativeJS(27948): [VROOM-TEL] 2026-06-04T19:04:18.560Z | CAMERA_HEADING | {"t":1780599858560,"speedKmh":20,"movedM":0,"moveBearing":null,"snapHdg":240,"headingOut":240,"flipFromPrevDeg":0,"lookaheadM":16,"nativeFollow":true}
06-04 21:04:19.514 I/ReactNativeJS(27948): [VROOM-TEL] 2026-06-04T19:04:19.514Z | DRIVE_TRACE_HEARTBEAT | {"t":1780599859514,"seq":1643,"gpsTickId":1780599851945,"gpsTickAgeMs":7557,"driving":true,"navigating":false,"tripActive":true,"lat":51.3702878,"lng":19.3669029,"gpsAgeMs":7557}
06-04 21:04:19.941 I/ReactNativeJS(27948): [VROOM-TEL] 2026-06-04T19:04:19.941Z | CAMERA_HEADING | {"t":1780599859941,"speedKmh":20,"movedM":0,"moveBearing":null,"snapHdg":240,"headingOut":240,"flipFromPrevDeg":0,"lookaheadM":16,"nativeFollow":true}
06-04 21:04:22.169 I/ReactNativeJS(27948): [VROOM-TEL] 2026-06-04T19:04:22.168Z | RAW_GPS_TICK | {"t":1780599862168,"gpsTickId":1780599861945,"gpsTickAgeMs":0,"lat":51.370266,"lng":19.366931,"speed":0,"speedKmh":0,"accuracy":4,"osTimestamp":1780599861945,"tripActive":true,"appState":"active"}
06-04 21:04:22.169 I/ReactNativeJS(27948): [VROOM-TEL] 2026-06-04T19:04:22.169Z | DRIVE_TRACE_RAW | {"t":1780599862169,"seq":1644,"gpsTickId":1780599861945,"gpsTickAgeMs":1,"rawLat":51.370266,"rawLng":19.366931,"accM":4,"speedKmh":0,"speedMs":0,"heading":0,"tripActive":true,"driving":true,"navigating":false,"osTimestamp":1780599861945}
06-04 21:04:22.169 I/ReactNativeJS(27948): [VROOM-TEL] 2026-06-04T19:04:22.169Z | DRIVE_TRACE_FEED | {"t":1780599862169,"seq":1645,"gpsTickId":1780599861945,"gpsTickAgeMs":1,"lat":51.370408,"lng":19.36702,"hdg":150,"durationMs":1200,"speedKmh":10.5}
06-04 21:04:22.170 I/ReactNativeJS(27948): [VROOM-TEL] 2026-06-04T19:04:22.170Z | DRIVE_TRACE_TICK | {"t":1780599862170,"seq":1646,"gpsTickId":1780599861945,"gpsTickAgeMs":2,"rawLat":51.370266,"rawLng":19.366931,"snapLat":51.370408,"snapLng":19.36702,"markerLat":51.370408,"markerLng":19.36702,"markerHdg":150,"markerSvLat":51.370432,"markerSvLng":19.367057,"markerSvHdg":240,"accM":4,"hudKmh":10.5,"engineKmh":10.5,"dopplerKmh":0,"feedDurMs":1200,"cadenceMs":1347,"feedSpeedMs":2.9,"isNavigating":false,"isFreeDrive":true,"isMoving":true,"feedSkipGate":false,"feedAccepted":true,"feedHeadingOnly":false,"source":"drive_core_v2"}
06-04 21:04:22.170 I/ReactNativeJS(27948): [VROOM-TEL] 2026-06-04T19:04:22.170Z | GPS_ACCEPT | {"lat":51.370266,"lng":19.366931,"acc":4,"speedKmh":1.1,"gpsLock":false}
06-04 21:04:22.171 I/ReactNativeJS(27948): [VROOM-TEL] 2026-06-04T19:04:22.171Z | CAMERA_HEADING | {"t":1780599862171,"speedKmh":11,"movedM":0,"moveBearing":null,"snapHdg":240,"headingOut":240,"flipFromPrevDeg":0,"lookaheadM":0,"nativeFollow":true}
06-04 21:04:22.207 I/ReactNativeJS(27948): [VROOM-TEL] 2026-06-04T19:04:22.207Z | CAM_FOLLOW_PUSH | {"t":1780599862207,"lat":51.370431,"lng":19.367056,"hdg":156,"snapHdg":150,"speedKmh":11,"exploring":false,"source":"drive_marker_sv_60fps"}
06-04 21:04:22.207 I/ReactNativeJS(27948): [VROOM-TEL] 2026-06-04T19:04:22.207Z | DRIVE_TRACE_CAMERA | {"t":1780599862207,"seq":1647,"gpsTickId":1780599861945,"gpsTickAgeMs":39,"lat":51.370431,"lng":19.367056,"hdg":156,"speedKmh":10.5,"exploring":false,"frameMoveM":0}
06-04 21:04:22.530 I/ReactNativeJS(27948): [VROOM-TEL] 2026-06-04T19:04:22.530Z | DRIVE_TRACE_CAMERA | {"t":1780599862530,"seq":1648,"gpsTickId":1780599861945,"gpsTickAgeMs":362,"lat":51.370425,"lng":19.367046,"hdg":150,"speedKmh":10.5,"exploring":false,"frameMoveM":0}
06-04 21:04:22.830 I/ReactNativeJS(27948): [VROOM-TEL] 2026-06-04T19:04:22.830Z | DRIVE_TRACE_CAMERA | {"t":1780599862830,"seq":1649,"gpsTickId":1780599861945,"gpsTickAgeMs":662,"lat":51.370419,"lng":19.367037,"hdg":150,"speedKmh":10.5,"exploring":false,"frameMoveM":0}
06-04 21:04:23.014 I/ReactNativeJS(27948): [VROOM-TEL] 2026-06-04T19:04:23.014Z | CAM_FOLLOW_PUSH | {"t":1780599863014,"lat":51.370415,"lng":19.367031,"hdg":150,"snapHdg":150,"speedKmh":11,"exploring":false,"source":"drive_marker_sv_60fps"}
06-04 21:04:23.141 I/ReactNativeJS(27948): [VROOM-TEL] 2026-06-04T19:04:23.141Z | DRIVE_TRACE_CAMERA | {"t":1780599863141,"seq":1650,"gpsTickId":1780599861945,"gpsTickAgeMs":973,"lat":51.370413,"lng":19.367028,"hdg":150,"speedKmh":10.5,"exploring":false,"frameMoveM":0}
06-04 21:04:23.304 I/ReactNativeJS(27948): [VROOM-TEL] 2026-06-04T19:04:23.304Z | CAMERA_HEADING | {"t":1780599863304,"speedKmh":11,"movedM":0.2,"moveBearing":null,"snapHdg":225,"headingOut":225,"flipFromPrevDeg":28,"lookaheadM":0,"nativeFollow":true}
06-04 21:04:24.530 I/ReactNativeJS(27948): [VROOM-TEL] 2026-06-04T19:04:24.530Z | DRIVE_HEALTH | {"t":1780599864530,"mode":"driving","speedHudKmh":10.5,"speedPipeKmh":10.5,"gpsAgeMs":2362,"drAgeMs":2361,"gpsToDriftM":17,"snapAnchorDriftM":0,"offRoute":false,"reroutePending":false,"rerouteLoading":false,"hasRoutePts":0}
06-04 21:04:24.530 I/ReactNativeJS(27948): [VROOM-TEL] 2026-06-04T19:04:24.530Z | DRIVE_TRACE_HEARTBEAT | {"t":1780599864530,"seq":1651,"gpsTickId":1780599861945,"gpsTickAgeMs":2362,"driving":true,"navigating":false,"tripActive":true,"lat":51.3702665,"lng":19.366931,"gpsAgeMs":2362}
06-04 21:04:25.863 I/ReactNativeJS(27948): [VROOM-TEL] 2026-06-04T19:04:25.863Z | NAV_FREEZE_SUSPECT | {"t":1780599865863,"speedKmh":11,"markerPushAgeMs":3694,"tickAgeMs":3695,"wallAgeMs":3695}
06-04 21:04:26.621 I/ReactNativeJS(27948): [VROOM-TEL] 2026-06-04T19:04:26.621Z | CAMERA_HEADING | {"t":1780599866621,"speedKmh":11,"movedM":0,"moveBearing":null,"snapHdg":232,"headingOut":232,"flipFromPrevDeg":35,"lookaheadM":0,"nativeFollow":true}
06-04 21:04:29.544 I/ReactNativeJS(27948): [VROOM-TEL] 2026-06-04T19:04:29.544Z | DRIVE_TRACE_HEARTBEAT | {"t":1780599869544,"seq":1652,"gpsTickId":1780599861945,"gpsTickAgeMs":7376,"driving":true,"navigating":false,"tripActive":true,"lat":51.3702665,"lng":19.366931,"gpsAgeMs":7376}
06-04 21:04:30.195 I/ReactNativeJS(27948): [VROOM-TEL] 2026-06-04T19:04:30.195Z | GPS_RESUME_HARD_RESTART | {"reason":"restart_resume","at":1780599870195}
06-04 21:04:30.236 I/ReactNativeJS(27948): [VROOM-TEL] 2026-06-04T19:04:30.236Z | CAMERA_HEADING | {"t":1780599870236,"speedKmh":11,"movedM":0,"moveBearing":null,"snapHdg":232,"headingOut":232,"flipFromPrevDeg":0,"lookaheadM":0,"nativeFollow":true}
06-04 21:04:30.959 I/ReactNativeJS(27948): [VROOM-TEL] 2026-06-04T19:04:30.959Z | RAW_GPS_TICK | {"t":1780599870959,"gpsTickId":1780599870418,"gpsTickAgeMs":0,"lat":51.370267,"lng":19.366937,"speed":0,"speedKmh":0,"accuracy":4,"osTimestamp":1780599870418,"tripActive":true,"appState":"active"}
06-04 21:04:30.960 I/ReactNativeJS(27948): [VROOM-TEL] 2026-06-04T19:04:30.960Z | DRIVE_TRACE_RAW | {"t":1780599870960,"seq":1653,"gpsTickId":1780599870418,"gpsTickAgeMs":1,"rawLat":51.370267,"rawLng":19.366937,"accM":4,"speedKmh":0,"speedMs":0,"heading":0,"tripActive":true,"driving":true,"navigating":false,"osTimestamp":1780599870418}
06-04 21:04:30.961 I/ReactNativeJS(27948): [VROOM-TEL] 2026-06-04T19:04:30.961Z | DRIVE_TRACE_FEED | {"t":1780599870961,"seq":1654,"gpsTickId":1780599870418,"gpsTickAgeMs":2,"lat":51.370377,"lng":19.367013,"hdg":150,"durationMs":1200,"speedKmh":4.7}
06-04 21:04:30.961 I/ReactNativeJS(27948): [VROOM-TEL] 2026-06-04T19:04:30.961Z | DRIVE_TRACE_TICK | {"t":1780599870961,"seq":1655,"gpsTickId":1780599870418,"gpsTickAgeMs":2,"rawLat":51.370267,"rawLng":19.366937,"snapLat":51.370377,"snapLng":19.367013,"markerLat":51.370377,"markerLng":19.367013,"markerHdg":150,"markerSvLat":51.370408,"markerSvLng":19.36702,"markerSvHdg":232,"accM":4,"hudKmh":4.7,"engineKmh":4.7,"dopplerKmh":0,"feedDurMs":1200,"cadenceMs":1347,"feedSpeedMs":1.3,"isNavigating":false,"isFreeDrive":true,"isMoving":true,"feedSkipGate":false,"feedAccepted":true,"feedHeadingOnly":false,"source":"drive_core_v2"}
06-04 21:04:30.961 I/ReactNativeJS(27948): [VROOM-TEL] 2026-06-04T19:04:30.961Z | GPS_ACCEPT | {"lat":51.370267,"lng":19.366937,"acc":4,"speedKmh":0.2,"gpsLock":false}
06-04 21:04:30.993 I/ReactNativeJS(27948): [VROOM-TEL] 2026-06-04T19:04:30.993Z | CAM_FOLLOW_PUSH | {"t":1780599870993,"lat":51.370408,"lng":19.36702,"hdg":150,"snapHdg":150,"speedKmh":5,"exploring":false,"source":"drive_marker_sv_60fps"}
06-04 21:04:30.993 I/ReactNativeJS(27948): [VROOM-TEL] 2026-06-04T19:04:30.993Z | DRIVE_TRACE_CAMERA | {"t":1780599870993,"seq":1656,"gpsTickId":1780599870418,"gpsTickAgeMs":34,"lat":51.370408,"lng":19.36702,"hdg":150,"speedKmh":4.7,"exploring":false,"frameMoveM":0}
06-04 21:04:31.307 I/ReactNativeJS(27948): [VROOM-TEL] 2026-06-04T19:04:31.307Z | DRIVE_TRACE_CAMERA | {"t":1780599871307,"seq":1657,"gpsTickId":1780599870418,"gpsTickAgeMs":348,"lat":51.370399,"lng":19.367018,"hdg":150,"speedKmh":4.7,"exploring":false,"frameMoveM":0}
06-04 21:04:31.340 I/ReactNativeJS(27948): [VROOM-TEL] 2026-06-04T19:04:31.340Z | CAMERA_HEADING | {"t":1780599871340,"speedKmh":5,"movedM":0.05,"moveBearing":null,"snapHdg":150,"headingOut":150,"flipFromPrevDeg":0,"lookaheadM":0,"nativeFollow":true}
06-04 21:04:31.623 I/ReactNativeJS(27948): [VROOM-TEL] 2026-06-04T19:04:31.623Z | DRIVE_TRACE_CAMERA | {"t":1780599871623,"seq":1658,"gpsTickId":1780599870418,"gpsTickAgeMs":664,"lat":51.370391,"lng":19.367016,"hdg":150,"speedKmh":4.7,"exploring":false,"frameMoveM":0}
06-04 21:04:31.806 I/ReactNativeJS(27948): [VROOM-TEL] 2026-06-04T19:04:31.806Z | CAM_FOLLOW_PUSH | {"t":1780599871806,"lat":51.370387,"lng":19.367015,"hdg":150,"snapHdg":150,"speedKmh":5,"exploring":false,"source":"drive_marker_sv_60fps"}
06-04 21:04:31.923 I/ReactNativeJS(27948): [VROOM-TEL] 2026-06-04T19:04:31.923Z | DRIVE_TRACE_CAMERA | {"t":1780599871923,"seq":1659,"gpsTickId":1780599870418,"gpsTickAgeMs":964,"lat":51.370383,"lng":19.367014,"hdg":150,"speedKmh":4.7,"exploring":false,"frameMoveM":0}
06-04 21:04:32.830 I/ReactNativeJS(27948): [VROOM-TEL] 2026-06-04T19:04:32.830Z | CAMERA_HEADING | {"t":1780599872830,"speedKmh":5,"movedM":0,"moveBearing":null,"snapHdg":224,"headingOut":150,"flipFromPrevDeg":0,"lookaheadM":0,"nativeFollow":true}
06-04 21:04:34.441 I/ReactNativeJS(27948): [VROOM-TEL] 2026-06-04T19:04:34.441Z | CAMERA_HEADING | {"t":1780599874441,"speedKmh":5,"movedM":0,"moveBearing":null,"snapHdg":224,"headingOut":150,"flipFromPrevDeg":0,"lookaheadM":0,"nativeFollow":true}
06-04 21:04:34.557 I/ReactNativeJS(27948): [VROOM-TEL] 2026-06-04T19:04:34.557Z | DRIVE_TRACE_HEARTBEAT | {"t":1780599874557,"seq":1660,"gpsTickId":1780599870418,"gpsTickAgeMs":3598,"driving":true,"navigating":false,"tripActive":true,"lat":51.3702667,"lng":19.3669368,"gpsAgeMs":3598}
06-04 21:04:35.879 I/ReactNativeJS(27948): [VROOM-TEL] 2026-06-04T19:04:35.879Z | CAMERA_HEADING | {"t":1780599875879,"speedKmh":5,"movedM":0,"moveBearing":null,"snapHdg":224,"headingOut":150,"flipFromPrevDeg":0,"lookaheadM":0,"nativeFollow":true}
06-04 21:04:37.736 I/ReactNativeJS(27948): [VROOM-TEL] 2026-06-04T19:04:37.736Z | CAMERA_HEADING | {"t":1780599877736,"speedKmh":5,"movedM":0,"moveBearing":null,"snapHdg":224,"headingOut":150,"flipFromPrevDeg":0,"lookaheadM":0,"nativeFollow":true}
06-04 21:04:39.268 I/ReactNativeJS(27948): [VROOM-TEL] 2026-06-04T19:04:39.268Z | CAMERA_HEADING | {"t":1780599879268,"speedKmh":5,"movedM":0,"moveBearing":null,"snapHdg":224,"headingOut":150,"flipFromPrevDeg":0,"lookaheadM":0,"nativeFollow":true}
06-04 21:04:39.570 I/ReactNativeJS(27948): [VROOM-TEL] 2026-06-04T19:04:39.570Z | DRIVE_HEALTH | {"t":1780599879570,"mode":"driving","speedHudKmh":4.7,"speedPipeKmh":4.7,"gpsAgeMs":8611,"drAgeMs":8609,"gpsToDriftM":13,"snapAnchorDriftM":0,"offRoute":false,"reroutePending":false,"rerouteLoading":false,"hasRoutePts":0}
06-04 21:04:39.571 I/ReactNativeJS(27948): [VROOM-TEL] 2026-06-04T19:04:39.571Z | DRIVE_TRACE_HEARTBEAT | {"t":1780599879571,"seq":1661,"gpsTickId":1780599870418,"gpsTickAgeMs":8612,"driving":true,"navigating":false,"tripActive":true,"lat":51.3702667,"lng":19.3669368,"gpsAgeMs":8612}
06-04 21:04:39.655 I/ReactNativeJS(27948): [VROOM-TEL] 2026-06-04T19:04:39.654Z | TRIP_SEGMENT_STATS | {"t":1780599879654,"totalDistanceKm":2.78,"acceptedMain":237,"acceptedMainKm":2.674,"fallbackAccepted":7,"fallbackKm":0.106,"derivedSpeedUsed":4,"derivedSpeedRejected":0,"lowSpeedDropped":0,"zeroMove":0,"rejectedTotal":27,"rejectedJitter":19,"rejectedJump":0,"rejectedStaleGap":0,"rejectedMinSpeed":1,"rejectedAccuracy":0,"rejectedImpossible":7,"rejectedInvalidTime":0}
06-04 21:04:41.490 I/ReactNativeJS(27948): [VROOM-TEL] 2026-06-04T19:04:41.490Z | CAMERA_HEADING | {"t":1780599881490,"speedKmh":5,"movedM":0,"moveBearing":null,"snapHdg":224,"headingOut":150,"flipFromPrevDeg":0,"lookaheadM":0,"nativeFollow":true}
06-04 21:04:43.226 I/ReactNativeJS(27948): [VROOM-TEL] 2026-06-04T19:04:43.226Z | CAMERA_HEADING | {"t":1780599883226,"speedKmh":5,"movedM":0,"moveBearing":null,"snapHdg":224,"headingOut":150,"flipFromPrevDeg":0,"lookaheadM":0,"nativeFollow":true}
06-04 21:04:44.585 I/ReactNativeJS(27948): [VROOM-TEL] 2026-06-04T19:04:44.585Z | DRIVE_TRACE_HEARTBEAT | {"t":1780599884585,"seq":1662,"gpsTickId":1780599870418,"gpsTickAgeMs":13626,"driving":true,"navigating":false,"tripActive":true,"lat":51.3702667,"lng":19.3669368,"gpsAgeMs":13626}
06-04 21:04:44.948 I/ReactNativeJS(27948): [VROOM-TEL] 2026-06-04T19:04:44.948Z | CAMERA_HEADING | {"t":1780599884948,"speedKmh":5,"movedM":0,"moveBearing":null,"snapHdg":224,"headingOut":150,"flipFromPrevDeg":0,"lookaheadM":0,"nativeFollow":true}
06-04 21:04:46.073 I/ReactNativeJS(27948): [VROOM-TEL] 2026-06-04T19:04:46.073Z | CAMERA_HEADING | {"t":1780599886073,"speedKmh":5,"movedM":0,"moveBearing":null,"snapHdg":224,"headingOut":150,"flipFromPrevDeg":0,"lookaheadM":0,"nativeFollow":true}
06-04 21:04:46.948 I/ReactNativeJS(27948): [VROOM-TEL] 2026-06-04T19:04:46.947Z | RAW_GPS_TICK | {"t":1780599886947,"gpsTickId":1780599886406,"gpsTickAgeMs":0,"lat":51.370268,"lng":19.366938,"speed":0,"speedKmh":0,"accuracy":4,"osTimestamp":1780599886406,"tripActive":true,"appState":"active"}
06-04 21:04:46.948 I/ReactNativeJS(27948): [VROOM-TEL] 2026-06-04T19:04:46.948Z | DRIVE_TRACE_RAW | {"t":1780599886948,"seq":1663,"gpsTickId":1780599886406,"gpsTickAgeMs":1,"rawLat":51.370268,"rawLng":19.366938,"accM":4,"speedKmh":0,"speedMs":0,"heading":0,"tripActive":true,"driving":true,"navigating":false,"osTimestamp":1780599886406}
06-04 21:04:46.950 I/ReactNativeJS(27948): [VROOM-TEL] 2026-06-04T19:04:46.950Z | DRIVE_TRACE_FEED | {"t":1780599886950,"seq":1664,"gpsTickId":1780599886406,"gpsTickAgeMs":3,"lat":51.370354,"lng":19.367047,"hdg":150,"durationMs":1200,"speedKmh":0}
06-04 21:04:46.951 I/ReactNativeJS(27948): [VROOM-TEL] 2026-06-04T19:04:46.951Z | DRIVE_TRACE_TICK | {"t":1780599886951,"seq":1665,"gpsTickId":1780599886406,"gpsTickAgeMs":4,"rawLat":51.370268,"rawLng":19.366938,"snapLat":51.370354,"snapLng":19.367047,"markerLat":51.370354,"markerLng":19.367047,"markerHdg":150,"markerSvLat":51.370377,"markerSvLng":19.367013,"markerSvHdg":224,"accM":4,"hudKmh":0,"engineKmh":0,"dopplerKmh":0,"feedDurMs":1200,"cadenceMs":1347,"feedSpeedMs":0,"isNavigating":false,"isFreeDrive":true,"isMoving":true,"feedSkipGate":false,"feedAccepted":true,"feedHeadingOnly":false,"source":"drive_core_v2"}
06-04 21:04:46.951 I/ReactNativeJS(27948): [VROOM-TEL] 2026-06-04T19:04:46.951Z | GPS_ACCEPT | {"lat":51.370268,"lng":19.366938,"acc":4,"speedKmh":0,"gpsLock":false}
06-04 21:04:47.008 I/ReactNativeJS(27948): [VROOM-TEL] 2026-06-04T19:04:47.008Z | CAM_FOLLOW_PUSH | {"t":1780599887008,"lat":51.370377,"lng":19.367013,"hdg":150,"snapHdg":150,"speedKmh":0,"exploring":false,"source":"drive_marker_sv_60fps"}
06-04 21:04:47.008 I/ReactNativeJS(27948): [VROOM-TEL] 2026-06-04T19:04:47.008Z | DRIVE_TRACE_CAMERA | {"t":1780599887008,"seq":1666,"gpsTickId":1780599886406,"gpsTickAgeMs":61,"lat":51.370377,"lng":19.367013,"hdg":150,"speedKmh":0,"exploring":false,"frameMoveM":0}
06-04 21:04:47.184 I/ReactNativeJS(27948): [VROOM-TEL] 2026-06-04T19:04:47.184Z | CAMERA_HEADING | {"t":1780599887184,"speedKmh":0,"movedM":0.05,"moveBearing":null,"snapHdg":150,"headingOut":150,"flipFromPrevDeg":0,"lookaheadM":0,"nativeFollow":true}
06-04 21:04:47.318 I/ReactNativeJS(27948): [VROOM-TEL] 2026-06-04T19:04:47.318Z | DRIVE_TRACE_CAMERA | {"t":1780599887318,"seq":1667,"gpsTickId":1780599886406,"gpsTickAgeMs":371,"lat":51.37037,"lng":19.367023,"hdg":150,"speedKmh":0,"exploring":false,"frameMoveM":0}
06-04 21:04:47.618 I/ReactNativeJS(27948): [VROOM-TEL] 2026-06-04T19:04:47.618Z | DRIVE_TRACE_CAMERA | {"t":1780599887618,"seq":1668,"gpsTickId":1780599886406,"gpsTickAgeMs":671,"lat":51.370364,"lng":19.367032,"hdg":150,"speedKmh":0,"exploring":false,"frameMoveM":0}
06-04 21:04:47.817 I/ReactNativeJS(27948): [VROOM-TEL] 2026-06-04T19:04:47.817Z | CAM_FOLLOW_PUSH | {"t":1780599887817,"lat":51.37036,"lng":19.367037,"hdg":150,"snapHdg":150,"speedKmh":0,"exploring":false,"source":"drive_marker_sv_60fps"}
06-04 21:04:47.934 I/ReactNativeJS(27948): [VROOM-TEL] 2026-06-04T19:04:47.934Z | DRIVE_TRACE_CAMERA | {"t":1780599887934,"seq":1669,"gpsTickId":1780599886406,"gpsTickAgeMs":987,"lat":51.370358,"lng":19.367041,"hdg":150,"speedKmh":0,"exploring":false,"frameMoveM":0}
06-04 21:04:49.602 I/ReactNativeJS(27948): [VROOM-TEL] 2026-06-04T19:04:49.602Z | CAMERA_HEADING | {"t":1780599889602,"speedKmh":0,"movedM":0,"moveBearing":null,"snapHdg":216,"headingOut":150,"flipFromPrevDeg":0,"lookaheadM":0,"nativeFollow":true}
06-04 21:04:49.609 I/ReactNativeJS(27948): [VROOM-TEL] 2026-06-04T19:04:49.609Z | DRIVE_TRACE_HEARTBEAT | {"t":1780599889609,"seq":1670,"gpsTickId":1780599886406,"gpsTickAgeMs":2662,"driving":true,"navigating":false,"tripActive":true,"lat":51.3702683,"lng":19.3669377,"gpsAgeMs":2662}
06-04 21:04:51.650 I/ReactNativeJS(27948): [VROOM-TEL] 2026-06-04T19:04:51.650Z | CAMERA_HEADING | {"t":1780599891650,"speedKmh":0,"movedM":0,"moveBearing":null,"snapHdg":216,"headingOut":150,"flipFromPrevDeg":0,"lookaheadM":0,"nativeFollow":true}
06-04 21:04:57.264 I/ReactNativeJS(27948): [VROOM-TEL] 2026-06-04T19:04:57.264Z | CAMERA_HEADING | {"t":1780599897264,"speedKmh":0,"movedM":0,"moveBearing":null,"snapHdg":216,"headingOut":150,"flipFromPrevDeg":0,"lookaheadM":0,"nativeFollow":true}
