--------- beginning of main
06-04 20:04:59.987 I/ReactNativeJS(30359): [VROOM-TEL] 2026-06-04T18:04:59.987Z | GPS_RESUME_HARD_RESTART | {"reason":"app_resume_bg_86021ms","at":1780596299987}
06-04 20:04:59.989 I/ReactNativeJS(30359): [GPS] Resume flow (foreground)
06-04 20:04:59.992 I/ReactNativeJS(30359): [VROOM-TEL] 2026-06-04T18:04:59.992Z | CAMERA_RESYNC | {"lat":51.35988,"lng":19.35614}
06-04 20:04:59.993 I/ReactNativeJS(30359): [VROOM-TEL] 2026-06-04T18:04:59.993Z | RESUME_PROTOCOL | {"t":1780596299993,"bgPauseMs":86023,"freezeMs":0,"jumpFromAnchorM":0,"instantSync":true,"lat":51.35988,"lng":19.35614}
06-04 20:04:59.993 I/ReactNativeJS(30359): [VROOM-TEL] 2026-06-04T18:04:59.993Z | RESUME_TRIP_ANCHOR | {"t":1780596299993,"lat":51.35988,"lng":19.35614,"bgPauseMs":86023,"freezeMs":0,"instantSync":true,"v10":true,"isDriving":true}
06-04 20:05:00.005 I/ReactNativeJS(30359): [VROOM-TEL] 2026-06-04T18:05:00.005Z | DRIVE_TRACE_HEARTBEAT | {"t":1780596300005,"seq":47,"gpsTickId":1780596204297,"gpsTickAgeMs":95589,"driving":true,"navigating":false,"tripActive":true,"lat":51.359881,"lng":19.356139,"gpsAgeMs":95589}
06-04 20:05:00.006 I/ReactNativeJS(30359): [VROOM-TEL] 2026-06-04T18:05:00.006Z | DRIVE_HEALTH | {"t":1780596300006,"mode":"driving","speedHudKmh":12,"speedPipeKmh":12,"gpsAgeMs":95590,"drAgeMs":95588,"gpsToDriftM":0,"snapAnchorDriftM":0,"offRoute":false,"reroutePending":false,"rerouteLoading":false,"hasRoutePts":0}
06-04 20:05:00.006 I/ReactNativeJS(30359): [VROOM-TEL] 2026-06-04T18:05:00.006Z | TRIP_SEGMENT_STATS | {"t":1780596300006,"totalDistanceKm":0,"acceptedMain":0,"acceptedMainKm":0,"fallbackAccepted":0,"fallbackKm":0,"derivedSpeedUsed":0,"derivedSpeedRejected":0,"lowSpeedDropped":0,"zeroMove":0,"rejectedTotal":4,"rejectedJitter":4,"rejectedJump":0,"rejectedStaleGap":0,"rejectedMinSpeed":0,"rejectedAccuracy":0,"rejectedImpossible":0,"rejectedInvalidTime":0}
06-04 20:05:00.006 I/ReactNativeJS(30359): [VROOM-TEL] 2026-06-04T18:05:00.006Z | GPS_RESUME_HARD_RESTART | {"reason":"restart_resume","at":1780596300006}
06-04 20:05:00.053 I/ReactNativeJS(30359): [VROOM-TEL] 2026-06-04T18:05:00.053Z | CAMERA_HEADING | {"t":1780596300053,"speedKmh":12,"movedM":0,"moveBearing":null,"snapHdg":0,"headingOut":0,"flipFromPrevDeg":0,"lookaheadM":8,"nativeFollow":true}
06-04 20:05:00.337 I/ReactNativeJS(30359): 💬 Chat socket connected
06-04 20:05:00.644 I/ReactNativeJS(30359): '[DrivingMapMatch] forceMatch snapped to road:', 2, 'pts'
06-04 20:05:00.644 I/ReactNativeJS(30359): [VROOM-TEL] 2026-06-04T18:05:00.644Z | ROAD_MATCH_SOFT_APPLY_V2 | {"t":1780596300644,"pts":2,"shiftM":4}
06-04 20:05:00.644 I/ReactNativeJS(30359): [VROOM-TEL] 2026-06-04T18:05:00.644Z | ROAD_MATCH_SOFT_APPLY | {"pts":2,"shiftM":4}
06-04 20:05:00.644 I/ReactNativeJS(30359): [VROOM-TEL] 2026-06-04T18:05:00.644Z | DRIVE_TRACE_FEED | {"t":1780596300644,"seq":48,"gpsTickId":1780596204297,"gpsTickAgeMs":96228,"lat":51.359881,"lng":19.35614,"hdg":0,"durationMs":1816,"speedKmh":0}
06-04 20:05:00.644 I/ReactNativeJS(30359): [VROOM-TEL] 2026-06-04T18:05:00.644Z | TRIP_SEGMENT_REJECT | {"t":1780596300644,"reason":"jitter","dtSec":96.2,"speedKmh":null}
06-04 20:05:00.644 I/ReactNativeJS(30359): [VROOM-TEL] 2026-06-04T18:05:00.644Z | DRIVE_TRACE_TICK | {"t":1780596300644,"seq":49,"gpsTickId":1780596204297,"gpsTickAgeMs":96228,"rawLat":51.359901,"rawLng":19.356193,"snapLat":51.359881,"snapLng":19.35614,"markerLat":51.359881,"markerLng":19.35614,"markerHdg":0,"markerSvLat":51.359881,"markerSvLng":19.356139,"markerSvHdg":0,"accM":12,"hudKmh":0,"engineKmh":0,"dopplerKmh":0,"feedDurMs":1816,"cadenceMs":2018,"feedSpeedMs":0,"isNavigating":false,"isFreeDrive":true,"isMoving":true,"feedSkipGate":false,"feedAccepted":true,"feedHeadingOnly":false,"source":"drive_core_v2"}
06-04 20:05:00.645 I/ReactNativeJS(30359): [VROOM-TEL] 2026-06-04T18:05:00.645Z | DRIVE_API | {"allow":true,"trigger":"near_segment_end","crossTrackM":0,"buffered":1,"throttleBlocked":false}
06-04 20:05:00.645 I/ReactNativeJS(30359): [VROOM-TEL] 2026-06-04T18:05:00.645Z | DRIVE_TRACE_FEED | {"t":1780596300645,"seq":50,"gpsTickId":1780596204297,"gpsTickAgeMs":96229,"lat":51.359881,"lng":19.35614,"hdg":332,"durationMs":1816,"speedKmh":0.5}
06-04 20:05:00.645 I/ReactNativeJS(30359): [VROOM-TEL] 2026-06-04T18:05:00.645Z | DRIVE_TRACE_TICK | {"t":1780596300645,"seq":51,"gpsTickId":1780596204297,"gpsTickAgeMs":96229,"rawLat":51.359881,"rawLng":19.356139,"snapLat":51.359881,"snapLng":19.35614,"markerLat":51.359881,"markerLng":19.35614,"markerHdg":332,"markerSvLat":51.359881,"markerSvLng":19.356139,"markerSvHdg":0,"accM":12,"hudKmh":0.5,"engineKmh":0.5,"dopplerKmh":0,"feedDurMs":1816,"cadenceMs":2018,"feedSpeedMs":0,"isNavigating":false,"isFreeDrive":true,"isMoving":true,"feedSkipGate":false,"feedAccepted":true,"feedHeadingOnly":false,"source":"drive_core_v2"}
06-04 20:05:00.664 I/ReactNativeJS(30359): [VROOM-TEL] 2026-06-04T18:05:00.664Z | CAM_FOLLOW_PUSH | {"t":1780596300664,"lat":51.359881,"lng":19.35614,"hdg":332,"snapHdg":332,"speedKmh":0,"exploring":false,"source":"drive_marker_sv_60fps"}
06-04 20:05:00.664 I/ReactNativeJS(30359): [VROOM-TEL] 2026-06-04T18:05:00.664Z | DRIVE_TRACE_CAMERA | {"t":1780596300664,"seq":52,"gpsTickId":1780596204297,"gpsTickAgeMs":96248,"lat":51.359881,"lng":19.35614,"hdg":332,"speedKmh":0,"exploring":false,"frameMoveM":0}
06-04 20:05:00.845 I/ReactNativeJS(30359): [VROOM-TEL] 2026-06-04T18:05:00.845Z | RAW_GPS_TICK | {"t":1780596300845,"gpsTickId":1780596300311,"gpsTickAgeMs":0,"lat":51.359883,"lng":19.356189,"speed":0.29,"speedKmh":1,"accuracy":5,"osTimestamp":1780596300311,"tripActive":true,"appState":"active"}
06-04 20:05:00.845 I/ReactNativeJS(30359): [VROOM-TEL] 2026-06-04T18:05:00.845Z | DRIVE_TRACE_RAW | {"t":1780596300845,"seq":53,"gpsTickId":1780596300311,"gpsTickAgeMs":0,"rawLat":51.359883,"rawLng":19.356189,"accM":5,"speedKmh":1,"speedMs":0.3,"heading":60,"tripActive":true,"driving":true,"navigating":false,"osTimestamp":1780596300311}
06-04 20:05:00.845 I/ReactNativeJS(30359): [VROOM-TEL] 2026-06-04T18:05:00.845Z | DRIVE_API | {"allow":false,"trigger":null,"crossTrackM":2.9,"buffered":1,"throttleBlocked":false}
06-04 20:05:00.845 I/ReactNativeJS(30359): [VROOM-TEL] 2026-06-04T18:05:00.845Z | DRIVE_TRACE_FEED | {"t":1780596300845,"seq":54,"gpsTickId":1780596300311,"gpsTickAgeMs":0,"lat":51.359868,"lng":19.356149,"hdg":304,"durationMs":810,"speedKmh":1}
06-04 20:05:00.845 I/ReactNativeJS(30359): [VROOM-TEL] 2026-06-04T18:05:00.845Z | DRIVE_TRACE_TICK | {"t":1780596300845,"seq":55,"gpsTickId":1780596300311,"gpsTickAgeMs":0,"rawLat":51.359883,"rawLng":19.356189,"snapLat":51.359868,"snapLng":19.356149,"markerLat":51.359868,"markerLng":19.356149,"markerHdg":304,"markerSvLat":51.359881,"markerSvLng":19.35614,"markerSvHdg":332,"accM":5,"hudKmh":1,"engineKmh":0.8,"dopplerKmh":1,"feedDurMs":810,"cadenceMs":2018,"feedSpeedMs":0,"isNavigating":false,"isFreeDrive":true,"isMoving":true,"feedSkipGate":false,"feedAccepted":true,"feedHeadingOnly":false,"source":"drive_core_v2"}
06-04 20:05:00.845 I/ReactNativeJS(30359): [VROOM-TEL] 2026-06-04T18:05:00.845Z | GPS_ACCEPT | {"lat":51.359883,"lng":19.356189,"acc":5,"speedKmh":1,"gpsLock":false}
06-04 20:05:00.974 I/ReactNativeJS(30359): [VROOM-TEL] 2026-06-04T18:05:00.974Z | DRIVE_TRACE_CAMERA | {"t":1780596300974,"seq":56,"gpsTickId":1780596300311,"gpsTickAgeMs":129,"lat":51.359879,"lng":19.356141,"hdg":328,"speedKmh":0,"exploring":false,"frameMoveM":0}
06-04 20:05:01.157 I/ReactNativeJS(30359): [VROOM-TEL] 2026-06-04T18:05:01.157Z | CAMERA_HEADING | {"t":1780596301157,"speedKmh":0,"movedM":0.03,"moveBearing":null,"snapHdg":321,"headingOut":321,"flipFromPrevDeg":1,"lookaheadM":0,"nativeFollow":true}
06-04 20:05:01.277 I/ReactNativeJS(30359): [VROOM-TEL] 2026-06-04T18:05:01.277Z | DRIVE_TRACE_CAMERA | {"t":1780596301277,"seq":57,"gpsTickId":1780596300311,"gpsTickAgeMs":432,"lat":51.359874,"lng":19.356145,"hdg":317,"speedKmh":0,"exploring":false,"frameMoveM":0}
06-04 20:05:01.297 I/ReactNativeJS(30359): 💬 Chat socket connected
06-04 20:05:01.466 I/ReactNativeJS(30359): [VROOM-TEL] 2026-06-04T18:05:01.466Z | CAM_FOLLOW_PUSH | {"t":1780596301466,"lat":51.359871,"lng":19.356147,"hdg":311,"snapHdg":311,"speedKmh":0,"exploring":false,"source":"drive_marker_sv_60fps"}
06-04 20:05:01.582 I/ReactNativeJS(30359): [VROOM-TEL] 2026-06-04T18:05:01.582Z | DRIVE_TRACE_CAMERA | {"t":1780596301582,"seq":58,"gpsTickId":1780596300311,"gpsTickAgeMs":737,"lat":51.359869,"lng":19.356148,"hdg":307,"speedKmh":0,"exploring":false,"frameMoveM":0}
06-04 20:05:03.658 I/ReactNativeJS(30359): [VROOM-TEL] 2026-06-04T18:05:03.658Z | CAMERA_HEADING | {"t":1780596303658,"speedKmh":0,"movedM":0,"moveBearing":null,"snapHdg":304,"headingOut":304,"flipFromPrevDeg":0,"lookaheadM":0,"nativeFollow":true}
06-04 20:05:05.385 I/ReactNativeJS(30359): [VROOM-TEL] 2026-06-04T18:05:05.385Z | CAMERA_HEADING | {"t":1780596305385,"speedKmh":0,"movedM":0,"moveBearing":null,"snapHdg":304,"headingOut":304,"flipFromPrevDeg":0,"lookaheadM":0,"nativeFollow":true}
06-04 20:05:08.011 I/ReactNativeJS(30359): [VROOM-TEL] 2026-06-04T18:05:08.011Z | CAMERA_HEADING | {"t":1780596308011,"speedKmh":0,"movedM":0,"moveBearing":null,"snapHdg":304,"headingOut":304,"flipFromPrevDeg":0,"lookaheadM":0,"nativeFollow":true}
06-04 20:05:10.006 I/ReactNativeJS(30359): [VROOM-TEL] 2026-06-04T18:05:10.006Z | DRIVE_TRACE_HEARTBEAT | {"t":1780596310006,"seq":59,"gpsTickId":1780596300311,"gpsTickAgeMs":9161,"driving":true,"navigating":false,"tripActive":true,"lat":51.3598831,"lng":19.3561893,"gpsAgeMs":9161}
06-04 20:05:10.092 I/ReactNativeJS(30359): [VROOM-TEL] 2026-06-04T18:05:10.092Z | CAMERA_HEADING | {"t":1780596310092,"speedKmh":0,"movedM":0,"moveBearing":null,"snapHdg":304,"headingOut":304,"flipFromPrevDeg":0,"lookaheadM":0,"nativeFollow":true}
06-04 20:05:11.997 I/ReactNativeJS(30359): [VROOM-TEL] 2026-06-04T18:05:11.996Z | CAMERA_HEADING | {"t":1780596311996,"speedKmh":0,"movedM":0,"moveBearing":null,"snapHdg":304,"headingOut":304,"flipFromPrevDeg":0,"lookaheadM":0,"nativeFollow":true}
06-04 20:05:13.498 I/ReactNativeJS(30359): [VROOM-TEL] 2026-06-04T18:05:13.497Z | CAMERA_HEADING | {"t":1780596313497,"speedKmh":0,"movedM":0,"moveBearing":null,"snapHdg":304,"headingOut":304,"flipFromPrevDeg":0,"lookaheadM":0,"nativeFollow":true}
06-04 20:05:15.019 I/ReactNativeJS(30359): [VROOM-TEL] 2026-06-04T18:05:15.019Z | DRIVE_HEALTH | {"t":1780596315019,"mode":"driving","speedHudKmh":1,"speedPipeKmh":1,"gpsAgeMs":14051,"drAgeMs":14174,"gpsToDriftM":3,"snapAnchorDriftM":0,"offRoute":false,"reroutePending":false,"rerouteLoading":false,"hasRoutePts":0}
06-04 20:05:15.020 I/ReactNativeJS(30359): [VROOM-TEL] 2026-06-04T18:05:15.020Z | DRIVE_TRACE_HEARTBEAT | {"t":1780596315020,"seq":60,"gpsTickId":1780596300311,"gpsTickAgeMs":14175,"driving":true,"navigating":false,"tripActive":true,"lat":51.3598831,"lng":19.3561893,"gpsAgeMs":14175}
06-04 20:05:15.967 I/ReactNativeJS(30359): [VROOM-TEL] 2026-06-04T18:05:15.967Z | GPS_LOCK_ACQUIRED | {"at":1780596315967}
06-04 20:05:15.968 I/ReactNativeJS(30359): [VROOM-TEL] 2026-06-04T18:05:15.968Z | RAW_GPS_TICK | {"t":1780596315968,"gpsTickId":1780596315953,"gpsTickAgeMs":0,"lat":51.3598,"lng":19.356205,"speed":3.09,"speedKmh":11.1,"accuracy":9,"osTimestamp":1780596315953,"tripActive":true,"appState":"active"}
06-04 20:05:15.968 I/ReactNativeJS(30359): [VROOM-TEL] 2026-06-04T18:05:15.968Z | DRIVE_TRACE_RAW | {"t":1780596315968,"seq":61,"gpsTickId":1780596315953,"gpsTickAgeMs":0,"rawLat":51.3598,"rawLng":19.356205,"accM":9,"speedKmh":11.1,"speedMs":3.1,"heading":140,"tripActive":true,"driving":true,"navigating":false,"osTimestamp":1780596315953}
06-04 20:05:15.968 I/ReactNativeJS(30359): [VROOM-TEL] 2026-06-04T18:05:15.968Z | DRIVE_API | {"allow":true,"trigger":"near_segment_end","crossTrackM":7.3,"buffered":2,"throttleBlocked":false}
06-04 20:05:15.969 I/ReactNativeJS(30359): [VROOM-TEL] 2026-06-04T18:05:15.969Z | DRIVE_TRACE_FEED | {"t":1780596315969,"seq":62,"gpsTickId":1780596315953,"gpsTickAgeMs":1,"lat":51.359852,"lng":19.356161,"hdg":304,"durationMs":632,"speedKmh":11.1}
06-04 20:05:15.970 I/ReactNativeJS(30359): [VROOM-TEL] 2026-06-04T18:05:15.970Z | TRIP_SEGMENT_REJECT | {"t":1780596315970,"reason":"jitter","dtSec":15.1,"speedKmh":11.1}
06-04 20:05:15.970 I/ReactNativeJS(30359): [VROOM-TEL] 2026-06-04T18:05:15.970Z | DRIVE_TRACE_TICK | {"t":1780596315970,"seq":63,"gpsTickId":1780596315953,"gpsTickAgeMs":2,"rawLat":51.3598,"rawLng":19.356205,"snapLat":51.359852,"snapLng":19.356161,"markerLat":51.359852,"markerLng":19.356161,"markerHdg":304,"markerSvLat":51.359868,"markerSvLng":19.356149,"markerSvHdg":304,"accM":9,"hudKmh":11.1,"engineKmh":2.9,"dopplerKmh":11.1,"feedDurMs":632,"cadenceMs":2018,"feedSpeedMs":3.1,"isNavigating":false,"isFreeDrive":true,"isMoving":true,"feedSkipGate":false,"feedAccepted":true,"feedHeadingOnly":false,"source":"drive_core_v2"}
06-04 20:05:15.970 I/ReactNativeJS(30359): [VROOM-TEL] 2026-06-04T18:05:15.970Z | GPS_ACCEPT | {"lat":51.3598,"lng":19.356205,"acc":9,"speedKmh":11.1,"gpsLock":true}
06-04 20:05:16.003 I/ReactNativeJS(30359): [VROOM-TEL] 2026-06-04T18:05:16.003Z | CAMERA_HEADING | {"t":1780596316003,"speedKmh":11,"movedM":0.05,"moveBearing":null,"snapHdg":304,"headingOut":304,"flipFromPrevDeg":0,"lookaheadM":0,"nativeFollow":true}
06-04 20:05:16.004 I/ReactNativeJS(30359): [VROOM-TEL] 2026-06-04T18:05:16.004Z | CAM_FOLLOW_PUSH | {"t":1780596316004,"lat":51.359868,"lng":19.35615,"hdg":304,"snapHdg":304,"speedKmh":11,"exploring":false,"source":"drive_marker_sv_60fps"}
06-04 20:05:16.004 I/ReactNativeJS(30359): [VROOM-TEL] 2026-06-04T18:05:16.004Z | DRIVE_TRACE_CAMERA | {"t":1780596316004,"seq":64,"gpsTickId":1780596315953,"gpsTickAgeMs":36,"lat":51.359868,"lng":19.35615,"hdg":304,"speedKmh":11.1,"exploring":false,"frameMoveM":0}
06-04 20:05:16.196 I/ReactNativeJS(30359): [VROOM-TEL] 2026-06-04T18:05:16.196Z | ROAD_MATCH_SOFT_APPLY_V2 | {"t":1780596316196,"pts":3,"shiftM":6}
06-04 20:05:16.196 I/ReactNativeJS(30359): [VROOM-TEL] 2026-06-04T18:05:16.196Z | ROAD_MATCH_SOFT_APPLY | {"pts":3,"shiftM":6}
06-04 20:05:16.197 I/ReactNativeJS(30359): [VROOM-TEL] 2026-06-04T18:05:16.197Z | DRIVE_API | {"allow":false,"trigger":null,"crossTrackM":0.9,"buffered":1,"throttleBlocked":true}
06-04 20:05:16.198 I/ReactNativeJS(30359): [VROOM-TEL] 2026-06-04T18:05:16.198Z | DRIVE_TRACE_FEED | {"t":1780596316198,"seq":65,"gpsTickId":1780596315953,"gpsTickAgeMs":230,"lat":51.359822,"lng":19.356177,"hdg":304,"durationMs":1200,"speedKmh":4.9}
06-04 20:05:16.198 I/ReactNativeJS(30359): [VROOM-TEL] 2026-06-04T18:05:16.198Z | DRIVE_TRACE_TICK | {"t":1780596316198,"seq":66,"gpsTickId":1780596315953,"gpsTickAgeMs":230,"rawLat":51.3598,"rawLng":19.356205,"snapLat":51.359822,"snapLng":19.356177,"markerLat":51.359822,"markerLng":19.356177,"markerHdg":304,"markerSvLat":51.359862,"markerSvLng":19.356153,"markerSvHdg":304,"accM":12,"hudKmh":4.9,"engineKmh":4.9,"dopplerKmh":0,"feedDurMs":1200,"cadenceMs":2018,"feedSpeedMs":1.4,"isNavigating":false,"isFreeDrive":true,"isMoving":true,"feedSkipGate":false,"feedAccepted":true,"feedHeadingOnly":false,"source":"drive_core_v2"}
06-04 20:05:16.322 I/ReactNativeJS(30359): [VROOM-TEL] 2026-06-04T18:05:16.322Z | DRIVE_TRACE_CAMERA | {"t":1780596316322,"seq":67,"gpsTickId":1780596315953,"gpsTickAgeMs":354,"lat":51.359858,"lng":19.356156,"hdg":304,"speedKmh":4.9,"exploring":false,"frameMoveM":0}
06-04 20:05:16.627 I/ReactNativeJS(30359): [VROOM-TEL] 2026-06-04T18:05:16.627Z | DRIVE_TRACE_CAMERA | {"t":1780596316627,"seq":68,"gpsTickId":1780596315953,"gpsTickAgeMs":659,"lat":51.359848,"lng":19.356162,"hdg":304,"speedKmh":4.9,"exploring":false,"frameMoveM":0}
06-04 20:05:16.810 I/ReactNativeJS(30359): [VROOM-TEL] 2026-06-04T18:05:16.810Z | CAM_FOLLOW_PUSH | {"t":1780596316810,"lat":51.359842,"lng":19.356165,"hdg":304,"snapHdg":304,"speedKmh":5,"exploring":false,"source":"drive_marker_sv_60fps"}
06-04 20:05:16.943 I/ReactNativeJS(30359): [VROOM-TEL] 2026-06-04T18:05:16.943Z | DRIVE_TRACE_CAMERA | {"t":1780596316943,"seq":69,"gpsTickId":1780596315953,"gpsTickAgeMs":975,"lat":51.359837,"lng":19.356168,"hdg":304,"speedKmh":4.9,"exploring":false,"frameMoveM":0}
06-04 20:05:17.110 I/ReactNativeJS(30359): [VROOM-TEL] 2026-06-04T18:05:17.110Z | CAMERA_HEADING | {"t":1780596317110,"speedKmh":5,"movedM":0.06,"moveBearing":null,"snapHdg":304,"headingOut":304,"flipFromPrevDeg":0,"lookaheadM":0,"nativeFollow":true}
06-04 20:05:17.243 I/ReactNativeJS(30359): [VROOM-TEL] 2026-06-04T18:05:17.243Z | DRIVE_TRACE_CAMERA | {"t":1780596317243,"seq":70,"gpsTickId":1780596315953,"gpsTickAgeMs":1275,"lat":51.359827,"lng":19.356174,"hdg":304,"speedKmh":4.9,"exploring":false,"frameMoveM":0}
06-04 20:05:17.970 I/ReactNativeJS(30359): [VROOM-TEL] 2026-06-04T18:05:17.970Z | RAW_GPS_TICK | {"t":1780596317970,"gpsTickId":1780596317953,"gpsTickAgeMs":0,"lat":51.359729,"lng":19.356218,"speed":3.06,"speedKmh":11,"accuracy":11,"osTimestamp":1780596317953,"tripActive":true,"appState":"active"}
06-04 20:05:17.970 I/ReactNativeJS(30359): [VROOM-TEL] 2026-06-04T18:05:17.970Z | DRIVE_TRACE_RAW | {"t":1780596317970,"seq":71,"gpsTickId":1780596317953,"gpsTickAgeMs":0,"rawLat":51.359729,"rawLng":19.356218,"accM":11,"speedKmh":11,"speedMs":3.1,"heading":148,"tripActive":true,"driving":true,"navigating":false,"osTimestamp":1780596317953}
06-04 20:05:17.970 I/ReactNativeJS(30359): [VROOM-TEL] 2026-06-04T18:05:17.970Z | ROAD_MATCH_SOFT_APPLY_V2 | {"t":1780596317970,"pts":2,"shiftM":6}
06-04 20:05:17.970 I/ReactNativeJS(30359): [VROOM-TEL] 2026-06-04T18:05:17.970Z | ROAD_MATCH_SOFT_APPLY | {"pts":2,"shiftM":6}
06-04 20:05:17.971 I/ReactNativeJS(30359): [VROOM-TEL] 2026-06-04T18:05:17.970Z | DRIVE_API | {"allow":false,"trigger":null,"crossTrackM":15.6,"buffered":2,"throttleBlocked":true}
06-04 20:05:17.972 I/ReactNativeJS(30359): [VROOM-TEL] 2026-06-04T18:05:17.972Z | DRIVE_TRACE_FEED | {"t":1780596317972,"seq":72,"gpsTickId":1780596317953,"gpsTickAgeMs":2,"lat":51.359852,"lng":19.356161,"hdg":304,"durationMs":1153,"speedKmh":11}
06-04 20:05:17.972 I/ReactNativeJS(30359): [VROOM-TEL] 2026-06-04T18:05:17.972Z | DRIVE_TRACE_TICK | {"t":1780596317972,"seq":73,"gpsTickId":1780596317953,"gpsTickAgeMs":2,"rawLat":51.359729,"rawLng":19.356218,"snapLat":51.359852,"snapLng":19.356161,"markerLat":51.359852,"markerLng":19.356161,"markerHdg":304,"markerSvLat":51.359822,"markerSvLng":19.356177,"markerSvHdg":304,"accM":11,"hudKmh":11,"engineKmh":6.8,"dopplerKmh":11,"feedDurMs":1153,"cadenceMs":2012,"feedSpeedMs":3.1,"isNavigating":false,"isFreeDrive":true,"isMoving":true,"feedSkipGate":false,"feedAccepted":true,"feedHeadingOnly":false,"source":"drive_core_v2"}
06-04 20:05:17.973 I/ReactNativeJS(30359): [VROOM-TEL] 2026-06-04T18:05:17.972Z | GPS_ACCEPT | {"lat":51.359729,"lng":19.356218,"acc":11,"speedKmh":14.3,"gpsLock":true}
06-04 20:05:17.980 I/ReactNativeJS(30359): [VROOM-TEL] 2026-06-04T18:05:17.980Z | CAM_FOLLOW_PUSH | {"t":1780596317980,"lat":51.359822,"lng":19.356177,"hdg":307,"snapHdg":307,"speedKmh":11,"exploring":false,"source":"drive_marker_sv_60fps"}
06-04 20:05:17.980 I/ReactNativeJS(30359): [VROOM-TEL] 2026-06-04T18:05:17.980Z | DRIVE_TRACE_CAMERA | {"t":1780596317980,"seq":74,"gpsTickId":1780596317953,"gpsTickAgeMs":10,"lat":51.359822,"lng":19.356177,"hdg":307,"speedKmh":11,"exploring":false,"frameMoveM":0}
06-04 20:05:18.226 I/ReactNativeJS(30359): [VROOM-TEL] 2026-06-04T18:05:18.226Z | CAMERA_HEADING | {"t":1780596318226,"speedKmh":11,"movedM":0.08,"moveBearing":null,"snapHdg":342,"headingOut":342,"flipFromPrevDeg":0,"lookaheadM":0,"nativeFollow":true}
06-04 20:05:18.293 I/ReactNativeJS(30359): [VROOM-TEL] 2026-06-04T18:05:18.293Z | DRIVE_TRACE_CAMERA | {"t":1780596318293,"seq":75,"gpsTickId":1780596317953,"gpsTickAgeMs":323,"lat":51.35983,"lng":19.356172,"hdg":342,"speedKmh":11,"exploring":false,"frameMoveM":0}
06-04 20:05:18.601 I/ReactNativeJS(30359): [VROOM-TEL] 2026-06-04T18:05:18.601Z | DRIVE_TRACE_CAMERA | {"t":1780596318601,"seq":76,"gpsTickId":1780596317953,"gpsTickAgeMs":631,"lat":51.359838,"lng":19.356168,"hdg":342,"speedKmh":11,"exploring":false,"frameMoveM":0}
06-04 20:05:18.794 I/ReactNativeJS(30359): [VROOM-TEL] 2026-06-04T18:05:18.793Z | CAM_FOLLOW_PUSH | {"t":1780596318793,"lat":51.359843,"lng":19.356166,"hdg":342,"snapHdg":342,"speedKmh":11,"exploring":false,"source":"drive_marker_sv_60fps"}
06-04 20:05:18.909 I/ReactNativeJS(30359): [VROOM-TEL] 2026-06-04T18:05:18.909Z | DRIVE_TRACE_CAMERA | {"t":1780596318909,"seq":77,"gpsTickId":1780596317953,"gpsTickAgeMs":939,"lat":51.359846,"lng":19.356164,"hdg":342,"speedKmh":11,"exploring":false,"frameMoveM":0}
06-04 20:05:19.218 I/ReactNativeJS(30359): [VROOM-TEL] 2026-06-04T18:05:19.217Z | DRIVE_TRACE_CAMERA | {"t":1780596319217,"seq":78,"gpsTickId":1780596317953,"gpsTickAgeMs":1247,"lat":51.359852,"lng":19.356161,"hdg":316,"speedKmh":11,"exploring":false,"frameMoveM":0}
06-04 20:05:19.972 I/ReactNativeJS(30359): [VROOM-TEL] 2026-06-04T18:05:19.972Z | RAW_GPS_TICK | {"t":1780596319972,"gpsTickId":1780596319955,"gpsTickAgeMs":0,"lat":51.359671,"lng":19.356178,"speed":3.61,"speedKmh":13,"accuracy":9,"osTimestamp":1780596319955,"tripActive":true,"appState":"active"}
06-04 20:05:19.972 I/ReactNativeJS(30359): [VROOM-TEL] 2026-06-04T18:05:19.972Z | DRIVE_TRACE_RAW | {"t":1780596319972,"seq":79,"gpsTickId":1780596319955,"gpsTickAgeMs":0,"rawLat":51.359671,"rawLng":19.356178,"accM":9,"speedKmh":13,"speedMs":3.6,"heading":191,"tripActive":true,"driving":true,"navigating":false,"osTimestamp":1780596319955}
06-04 20:05:19.973 I/ReactNativeJS(30359): [VROOM-TEL] 2026-06-04T18:05:19.973Z | DRIVE_API | {"allow":false,"trigger":null,"crossTrackM":21.1,"buffered":3,"throttleBlocked":true}
06-04 20:05:19.974 I/ReactNativeJS(30359): [VROOM-TEL] 2026-06-04T18:05:19.974Z | DRIVE_TRACE_FEED | {"t":1780596319974,"seq":80,"gpsTickId":1780596319955,"gpsTickAgeMs":2,"lat":51.359852,"lng":19.356161,"hdg":304,"durationMs":1808,"speedKmh":13}
06-04 20:05:19.975 I/ReactNativeJS(30359): [VROOM-TEL] 2026-06-04T18:05:19.975Z | DRIVE_TRACE_TICK | {"t":1780596319975,"seq":81,"gpsTickId":1780596319955,"gpsTickAgeMs":3,"rawLat":51.359671,"rawLng":19.356178,"snapLat":51.359852,"snapLng":19.356161,"markerLat":51.359852,"markerLng":19.356161,"markerHdg":304,"markerSvLat":51.359852,"markerSvLng":19.356161,"markerSvHdg":304,"accM":9,"hudKmh":13,"engineKmh":6.4,"dopplerKmh":13,"feedDurMs":1808,"cadenceMs":2009,"feedSpeedMs":3.6,"isNavigating":false,"isFreeDrive":true,"isMoving":true,"feedSkipGate":false,"feedAccepted":true,"feedHeadingOnly":false,"source":"drive_core_v2"}
06-04 20:05:19.975 I/ReactNativeJS(30359): [VROOM-TEL] 2026-06-04T18:05:19.975Z | GPS_ACCEPT | {"lat":51.359671,"lng":19.356178,"acc":9,"speedKmh":13,"gpsLock":true}
06-04 20:05:20.007 I/ReactNativeJS(30359): [VROOM-TEL] 2026-06-04T18:05:20.007Z | CAMERA_HEADING | {"t":1780596320007,"speedKmh":13,"movedM":0,"moveBearing":null,"snapHdg":304,"headingOut":304,"flipFromPrevDeg":13,"lookaheadM":0,"nativeFollow":true}
06-04 20:05:20.018 I/ReactNativeJS(30359): [VROOM-TEL] 2026-06-04T18:05:20.018Z | CAM_FOLLOW_PUSH | {"t":1780596320018,"lat":51.359852,"lng":19.35616,"hdg":304,"snapHdg":304,"speedKmh":13,"exploring":false,"source":"drive_marker_sv_60fps"}
06-04 20:05:20.018 I/ReactNativeJS(30359): [VROOM-TEL] 2026-06-04T18:05:20.018Z | DRIVE_TRACE_CAMERA | {"t":1780596320018,"seq":82,"gpsTickId":1780596319955,"gpsTickAgeMs":46,"lat":51.359852,"lng":19.35616,"hdg":304,"speedKmh":13,"exploring":false,"frameMoveM":0}
06-04 20:05:20.026 I/ReactNativeJS(30359): [VROOM-TEL] 2026-06-04T18:05:20.026Z | DRIVE_TRACE_HEARTBEAT | {"t":1780596320026,"seq":83,"gpsTickId":1780596319955,"gpsTickAgeMs":54,"driving":true,"navigating":false,"tripActive":true,"lat":51.3596714,"lng":19.3561782,"gpsAgeMs":54}
06-04 20:05:20.335 I/ReactNativeJS(30359): [VROOM-TEL] 2026-06-04T18:05:20.335Z | DRIVE_TRACE_CAMERA | {"t":1780596320335,"seq":84,"gpsTickId":1780596319955,"gpsTickAgeMs":363,"lat":51.359858,"lng":19.356146,"hdg":304,"speedKmh":13,"exploring":false,"frameMoveM":0}
06-04 20:05:20.651 I/ReactNativeJS(30359): [VROOM-TEL] 2026-06-04T18:05:20.651Z | DRIVE_TRACE_CAMERA | {"t":1780596320651,"seq":85,"gpsTickId":1780596319955,"gpsTickAgeMs":679,"lat":51.359864,"lng":19.356133,"hdg":304,"speedKmh":13,"exploring":false,"frameMoveM":0}
06-04 20:05:20.818 I/ReactNativeJS(30359): [VROOM-TEL] 2026-06-04T18:05:20.818Z | CAM_FOLLOW_PUSH | {"t":1780596320818,"lat":51.359867,"lng":19.356125,"hdg":304,"snapHdg":304,"speedKmh":13,"exploring":false,"source":"drive_marker_sv_60fps"}
06-04 20:05:21.973 I/ReactNativeJS(30359): [VROOM-TEL] 2026-06-04T18:05:21.973Z | RAW_GPS_TICK | {"t":1780596321973,"gpsTickId":1780596321955,"gpsTickAgeMs":0,"lat":51.35964,"lng":19.356071,"speed":3,"speedKmh":10.8,"accuracy":6,"osTimestamp":1780596321955,"tripActive":true,"appState":"active"}
06-04 20:05:21.973 I/ReactNativeJS(30359): [VROOM-TEL] 2026-06-04T18:05:21.973Z | DRIVE_TRACE_RAW | {"t":1780596321973,"seq":86,"gpsTickId":1780596321955,"gpsTickAgeMs":0,"rawLat":51.35964,"rawLng":19.356071,"accM":6,"speedKmh":10.8,"speedMs":3,"heading":263,"tripActive":true,"driving":true,"navigating":false,"osTimestamp":1780596321955}
06-04 20:05:21.973 I/ReactNativeJS(30359): [VROOM-TEL] 2026-06-04T18:05:21.973Z | DRIVE_API | {"allow":true,"trigger":"off_buffer","crossTrackM":23.6,"buffered":4,"throttleBlocked":false}
06-04 20:05:21.975 I/ReactNativeJS(30359): [VROOM-TEL] 2026-06-04T18:05:21.975Z | DRIVE_TRACE_FEED | {"t":1780596321975,"seq":87,"gpsTickId":1780596321955,"gpsTickAgeMs":2,"lat":51.359852,"lng":19.356161,"hdg":284,"durationMs":1805,"speedKmh":10.8}
06-04 20:05:21.976 I/ReactNativeJS(30359): [VROOM-TEL] 2026-06-04T18:05:21.976Z | DRIVE_TRACE_TICK | {"t":1780596321976,"seq":88,"gpsTickId":1780596321955,"gpsTickAgeMs":3,"rawLat":51.35964,"rawLng":19.356071,"snapLat":51.359852,"snapLng":19.356161,"markerLat":51.359852,"markerLng":19.356161,"markerHdg":284,"markerSvLat":51.359868,"markerSvLng":19.356123,"markerSvHdg":304,"accM":6,"hudKmh":10.8,"engineKmh":8.4,"dopplerKmh":10.8,"feedDurMs":1805,"cadenceMs":2006,"feedSpeedMs":3,"isNavigating":false,"isFreeDrive":true,"isMoving":true,"feedSkipGate":false,"feedAccepted":true,"feedHeadingOnly":false,"source":"drive_core_v2"}
06-04 20:05:21.976 I/ReactNativeJS(30359): [VROOM-TEL] 2026-06-04T18:05:21.976Z | GPS_ACCEPT | {"lat":51.35964,"lng":19.356071,"acc":6,"speedKmh":14.8,"gpsLock":true}
06-04 20:05:22.012 I/ReactNativeJS(30359): [VROOM-TEL] 2026-06-04T18:05:22.012Z | CAMERA_HEADING | {"t":1780596322012,"speedKmh":11,"movedM":0.07,"moveBearing":null,"snapHdg":298,"headingOut":298,"flipFromPrevDeg":6,"lookaheadM":0,"nativeFollow":true}
06-04 20:05:22.014 I/ReactNativeJS(30359): [VROOM-TEL] 2026-06-04T18:05:22.014Z | CAM_FOLLOW_PUSH | {"t":1780596322014,"lat":51.359868,"lng":19.356124,"hdg":301,"snapHdg":301,"speedKmh":11,"exploring":false,"source":"drive_marker_sv_60fps"}
06-04 20:05:22.014 I/ReactNativeJS(30359): [VROOM-TEL] 2026-06-04T18:05:22.014Z | DRIVE_TRACE_CAMERA | {"t":1780596322014,"seq":89,"gpsTickId":1780596321955,"gpsTickAgeMs":41,"lat":51.359868,"lng":19.356124,"hdg":301,"speedKmh":10.8,"exploring":false,"frameMoveM":0}
06-04 20:05:22.202 I/ReactNativeJS(30359): [VROOM-TEL] 2026-06-04T18:05:22.202Z | ROAD_MATCH_SOFT_APPLY_V2 | {"t":1780596322202,"pts":5,"shiftM":24}
06-04 20:05:22.202 I/ReactNativeJS(30359): [VROOM-TEL] 2026-06-04T18:05:22.202Z | ROAD_MATCH_SOFT_APPLY | {"pts":5,"shiftM":24}
06-04 20:05:22.202 I/ReactNativeJS(30359): [VROOM-TEL] 2026-06-04T18:05:22.202Z | DRIVE_API | {"allow":false,"trigger":null,"crossTrackM":0.6,"buffered":1,"throttleBlocked":true}
06-04 20:05:22.211 I/ReactNativeJS(30359): [VROOM-TEL] 2026-06-04T18:05:22.211Z | DRIVE_TRACE_FEED | {"t":1780596322211,"seq":90,"gpsTickId":1780596321955,"gpsTickAgeMs":238,"lat":51.359766,"lng":19.356201,"hdg":284,"durationMs":1200,"speedKmh":2}
06-04 20:05:22.211 I/ReactNativeJS(30359): [VROOM-TEL] 2026-06-04T18:05:22.211Z | DRIVE_TRACE_TICK | {"t":1780596322211,"seq":91,"gpsTickId":1780596321955,"gpsTickAgeMs":238,"rawLat":51.35964,"rawLng":19.356071,"snapLat":51.359766,"snapLng":19.356201,"markerLat":51.359766,"markerLng":19.356201,"markerHdg":284,"markerSvLat":51.359865,"markerSvLng":19.356131,"markerSvHdg":284,"accM":12,"hudKmh":2,"engineKmh":2,"dopplerKmh":0,"feedDurMs":1200,"cadenceMs":2006,"feedSpeedMs":0.6,"isNavigating":false,"isFreeDrive":true,"isMoving":true,"feedSkipGate":false,"feedAccepted":true,"feedHeadingOnly":false,"source":"drive_core_v2"}
06-04 20:05:22.329 I/ReactNativeJS(30359): [VROOM-TEL] 2026-06-04T18:05:22.329Z | DRIVE_TRACE_CAMERA | {"t":1780596322329,"seq":92,"gpsTickId":1780596321955,"gpsTickAgeMs":356,"lat":51.359855,"lng":19.356137,"hdg":284,"speedKmh":0,"exploring":false,"frameMoveM":0}
06-04 20:05:22.644 I/ReactNativeJS(30359): [VROOM-TEL] 2026-06-04T18:05:22.644Z | DRIVE_TRACE_CAMERA | {"t":1780596322644,"seq":93,"gpsTickId":1780596321955,"gpsTickAgeMs":671,"lat":51.359829,"lng":19.356156,"hdg":284,"speedKmh":0,"exploring":false,"frameMoveM":0}
06-04 20:05:22.826 I/ReactNativeJS(30359): [VROOM-TEL] 2026-06-04T18:05:22.826Z | CAM_FOLLOW_PUSH | {"t":1780596322826,"lat":51.359814,"lng":19.356166,"hdg":284,"snapHdg":284,"speedKmh":0,"exploring":false,"source":"drive_marker_sv_60fps"}
06-04 20:05:22.959 I/ReactNativeJS(30359): [VROOM-TEL] 2026-06-04T18:05:22.959Z | DRIVE_TRACE_CAMERA | {"t":1780596322959,"seq":94,"gpsTickId":1780596321955,"gpsTickAgeMs":986,"lat":51.359803,"lng":19.356174,"hdg":284,"speedKmh":0,"exploring":false,"frameMoveM":0}
06-04 20:05:23.126 I/ReactNativeJS(30359): [VROOM-TEL] 2026-06-04T18:05:23.126Z | CAMERA_HEADING | {"t":1780596323126,"speedKmh":0,"movedM":0.16,"moveBearing":null,"snapHdg":284,"headingOut":284,"flipFromPrevDeg":0,"lookaheadM":0,"nativeFollow":true}
06-04 20:05:23.259 I/ReactNativeJS(30359): [VROOM-TEL] 2026-06-04T18:05:23.259Z | DRIVE_TRACE_CAMERA | {"t":1780596323259,"seq":95,"gpsTickId":1780596321955,"gpsTickAgeMs":1286,"lat":51.359779,"lng":19.356192,"hdg":284,"speedKmh":0,"exploring":false,"frameMoveM":0}
06-04 20:05:23.972 I/ReactNativeJS(30359): [VROOM-TEL] 2026-06-04T18:05:23.972Z | RAW_GPS_TICK | {"t":1780596323972,"gpsTickId":1780596323955,"gpsTickAgeMs":0,"lat":51.359643,"lng":19.355992,"speed":2.57,"speedKmh":9.2,"accuracy":5,"osTimestamp":1780596323955,"tripActive":true,"appState":"active"}
06-04 20:05:23.972 I/ReactNativeJS(30359): [VROOM-TEL] 2026-06-04T18:05:23.972Z | DRIVE_TRACE_RAW | {"t":1780596323972,"seq":96,"gpsTickId":1780596323955,"gpsTickAgeMs":0,"rawLat":51.359643,"rawLng":19.355992,"accM":5,"speedKmh":9.2,"speedMs":2.6,"heading":277,"tripActive":true,"driving":true,"navigating":false,"osTimestamp":1780596323955}
06-04 20:05:23.972 I/ReactNativeJS(30359): [VROOM-TEL] 2026-06-04T18:05:23.972Z | ROAD_MATCH_SOFT_APPLY_V2 | {"t":1780596323972,"pts":2,"shiftM":24}
06-04 20:05:23.972 I/ReactNativeJS(30359): [VROOM-TEL] 2026-06-04T18:05:23.972Z | ROAD_MATCH_SOFT_APPLY | {"pts":2,"shiftM":24}
06-04 20:05:23.972 I/ReactNativeJS(30359): [VROOM-TEL] 2026-06-04T18:05:23.972Z | DRIVE_API | {"allow":false,"trigger":null,"crossTrackM":0,"buffered":2,"throttleBlocked":true}
06-04 20:05:23.973 I/ReactNativeJS(30359): [VROOM-TEL] 2026-06-04T18:05:23.973Z | DRIVE_TRACE_FEED | {"t":1780596323973,"seq":97,"gpsTickId":1780596323955,"gpsTickAgeMs":1,"lat":51.359852,"lng":19.356161,"hdg":259,"durationMs":1200,"speedKmh":9.2}
06-04 20:05:23.974 I/ReactNativeJS(30359): [VROOM-TEL] 2026-06-04T18:05:23.974Z | DRIVE_TRACE_TICK | {"t":1780596323974,"seq":98,"gpsTickId":1780596323955,"gpsTickAgeMs":2,"rawLat":51.359643,"rawLng":19.355992,"snapLat":51.359852,"snapLng":19.356161,"markerLat":51.359852,"markerLng":19.356161,"markerHdg":259,"markerSvLat":51.359766,"markerSvLng":19.356201,"markerSvHdg":284,"accM":5,"hudKmh":9.2,"engineKmh":3.1,"dopplerKmh":9.2,"feedDurMs":1200,"cadenceMs":2004,"feedSpeedMs":2.6,"isNavigating":false,"isFreeDrive":true,"isMoving":true,"feedSkipGate":false,"feedAccepted":true,"feedHeadingOnly":false,"source":"drive_core_v2"}
06-04 20:05:23.974 I/ReactNativeJS(30359): [VROOM-TEL] 2026-06-04T18:05:23.974Z | GPS_ACCEPT | {"lat":51.359643,"lng":19.355992,"acc":5,"speedKmh":9.9,"gpsLock":true}
06-04 20:05:24.067 I/ReactNativeJS(30359): [VROOM-TEL] 2026-06-04T18:05:24.067Z | CAM_FOLLOW_PUSH | {"t":1780596324067,"lat":51.359767,"lng":19.3562,"hdg":284,"snapHdg":284,"speedKmh":9,"exploring":false,"source":"drive_marker_sv_60fps"}
06-04 20:05:24.067 I/ReactNativeJS(30359): [VROOM-TEL] 2026-06-04T18:05:24.067Z | DRIVE_TRACE_CAMERA | {"t":1780596324067,"seq":99,"gpsTickId":1780596323955,"gpsTickAgeMs":95,"lat":51.359767,"lng":19.3562,"hdg":284,"speedKmh":9.2,"exploring":false,"frameMoveM":0}
06-04 20:05:24.235 I/ReactNativeJS(30359): [VROOM-TEL] 2026-06-04T18:05:24.235Z | CAMERA_HEADING | {"t":1780596324235,"speedKmh":9,"movedM":0.13,"moveBearing":null,"snapHdg":279,"headingOut":279,"flipFromPrevDeg":0,"lookaheadM":0,"nativeFollow":true}
06-04 20:05:24.369 I/ReactNativeJS(30359): [VROOM-TEL] 2026-06-04T18:05:24.369Z | DRIVE_TRACE_CAMERA | {"t":1780596324369,"seq":100,"gpsTickId":1780596323955,"gpsTickAgeMs":397,"lat":51.359794,"lng":19.356188,"hdg":276,"speedKmh":9.2,"exploring":false,"frameMoveM":0}
06-04 20:05:24.676 I/ReactNativeJS(30359): [VROOM-TEL] 2026-06-04T18:05:24.676Z | DRIVE_TRACE_CAMERA | {"t":1780596324676,"seq":101,"gpsTickId":1780596323955,"gpsTickAgeMs":704,"lat":51.359816,"lng":19.356177,"hdg":269,"speedKmh":9.2,"exploring":false,"frameMoveM":0}
06-04 20:05:24.876 I/ReactNativeJS(30359): [VROOM-TEL] 2026-06-04T18:05:24.876Z | CAM_FOLLOW_PUSH | {"t":1780596324876,"lat":51.359831,"lng":19.356171,"hdg":265,"snapHdg":265,"speedKmh":9,"exploring":false,"source":"drive_marker_sv_60fps"}
06-04 20:05:24.992 I/ReactNativeJS(30359): [VROOM-TEL] 2026-06-04T18:05:24.992Z | DRIVE_TRACE_CAMERA | {"t":1780596324992,"seq":102,"gpsTickId":1780596323955,"gpsTickAgeMs":1020,"lat":51.359839,"lng":19.356167,"hdg":263,"speedKmh":9.2,"exploring":false,"frameMoveM":0}
06-04 20:05:25.040 I/ReactNativeJS(30359): [VROOM-TEL] 2026-06-04T18:05:25.039Z | DRIVE_TRACE_HEARTBEAT | {"t":1780596325039,"seq":103,"gpsTickId":1780596323955,"gpsTickAgeMs":1067,"driving":true,"navigating":false,"tripActive":true,"lat":51.3596428,"lng":19.3559916,"gpsAgeMs":1067}
06-04 20:05:25.611 I/ReactNativeJS(30359): [VROOM-TEL] 2026-06-04T18:05:25.611Z | CAMERA_HEADING | {"t":1780596325611,"speedKmh":9,"movedM":0,"moveBearing":null,"snapHdg":259,"headingOut":259,"flipFromPrevDeg":0,"lookaheadM":0,"nativeFollow":true}
06-04 20:05:25.972 I/ReactNativeJS(30359): [VROOM-TEL] 2026-06-04T18:05:25.972Z | RAW_GPS_TICK | {"t":1780596325972,"gpsTickId":1780596325954,"gpsTickAgeMs":0,"lat":51.359634,"lng":19.355904,"speed":4.59,"speedKmh":16.5,"accuracy":5,"osTimestamp":1780596325954,"tripActive":true,"appState":"active"}
06-04 20:05:25.973 I/ReactNativeJS(30359): [VROOM-TEL] 2026-06-04T18:05:25.972Z | DRIVE_TRACE_RAW | {"t":1780596325972,"seq":104,"gpsTickId":1780596325954,"gpsTickAgeMs":0,"rawLat":51.359634,"rawLng":19.355904,"accM":5,"speedKmh":16.5,"speedMs":4.6,"heading":264,"tripActive":true,"driving":true,"navigating":false,"osTimestamp":1780596325954}
06-04 20:05:25.973 I/ReactNativeJS(30359): [VROOM-TEL] 2026-06-04T18:05:25.973Z | DRIVE_API | {"allow":false,"trigger":null,"crossTrackM":26.8,"buffered":3,"throttleBlocked":true}
06-04 20:05:25.975 I/ReactNativeJS(30359): [VROOM-TEL] 2026-06-04T18:05:25.975Z | DRIVE_TRACE_FEED | {"t":1780596325975,"seq":105,"gpsTickId":1780596325954,"gpsTickAgeMs":3,"lat":51.359852,"lng":19.356161,"hdg":267,"durationMs":1803,"speedKmh":16.5}
06-04 20:05:25.976 I/ReactNativeJS(30359): [VROOM-TEL] 2026-06-04T18:05:25.976Z | TRIP_SEGMENT_REJECT | {"t":1780596325976,"reason":"jitter","dtSec":2,"speedKmh":16.5}
06-04 20:05:25.976 I/ReactNativeJS(30359): [VROOM-TEL] 2026-06-04T18:05:25.976Z | DRIVE_TRACE_TICK | {"t":1780596325976,"seq":106,"gpsTickId":1780596325954,"gpsTickAgeMs":4,"rawLat":51.359634,"rawLng":19.355904,"snapLat":51.359852,"snapLng":19.356161,"markerLat":51.359852,"markerLng":19.356161,"markerHdg":267,"markerSvLat":51.359852,"markerSvLng":19.356161,"markerSvHdg":259,"accM":5,"hudKmh":16.5,"engineKmh":6.1,"dopplerKmh":16.5,"feedDurMs":1803,"cadenceMs":2003,"feedSpeedMs":4.6,"isNavigating":false,"isFreeDrive":true,"isMoving":true,"feedSkipGate":false,"feedAccepted":true,"feedHeadingOnly":false,"source":"drive_core_v2"}
06-04 20:05:25.976 I/ReactNativeJS(30359): [VROOM-TEL] 2026-06-04T18:05:25.976Z | GPS_ACCEPT | {"lat":51.359634,"lng":19.355904,"acc":5,"speedKmh":16.5,"gpsLock":true}
06-04 20:05:26.008 I/ReactNativeJS(30359): [VROOM-TEL] 2026-06-04T18:05:26.008Z | CAM_FOLLOW_PUSH | {"t":1780596326008,"lat":51.359852,"lng":19.35616,"hdg":259,"snapHdg":259,"speedKmh":17,"exploring":false,"source":"drive_marker_sv_60fps"}
06-04 20:05:26.008 I/ReactNativeJS(30359): [VROOM-TEL] 2026-06-04T18:05:26.008Z | DRIVE_TRACE_CAMERA | {"t":1780596326008,"seq":107,"gpsTickId":1780596325954,"gpsTickAgeMs":36,"lat":51.359852,"lng":19.35616,"hdg":259,"speedKmh":16.5,"exploring":false,"frameMoveM":0}
06-04 20:05:26.309 I/ReactNativeJS(30359): [VROOM-TEL] 2026-06-04T18:05:26.309Z | DRIVE_TRACE_CAMERA | {"t":1780596326309,"seq":108,"gpsTickId":1780596325954,"gpsTickAgeMs":337,"lat":51.359849,"lng":19.356138,"hdg":259,"speedKmh":16.5,"exploring":false,"frameMoveM":0}
06-04 20:05:26.610 I/ReactNativeJS(30359): [VROOM-TEL] 2026-06-04T18:05:26.610Z | DRIVE_TRACE_CAMERA | {"t":1780596326610,"seq":109,"gpsTickId":1780596325954,"gpsTickAgeMs":638,"lat":51.359847,"lng":19.356119,"hdg":259,"speedKmh":16.5,"exploring":false,"frameMoveM":0}
06-04 20:05:26.717 I/ReactNativeJS(30359): [VROOM-TEL] 2026-06-04T18:05:26.717Z | CAMERA_HEADING | {"t":1780596326717,"speedKmh":17,"movedM":0.11,"moveBearing":null,"snapHdg":259,"headingOut":259,"flipFromPrevDeg":0,"lookaheadM":13,"nativeFollow":true}
06-04 20:05:26.810 I/ReactNativeJS(30359): [VROOM-TEL] 2026-06-04T18:05:26.810Z | CAM_FOLLOW_PUSH | {"t":1780596326810,"lat":51.359845,"lng":19.356106,"hdg":259,"snapHdg":259,"speedKmh":17,"exploring":false,"source":"drive_marker_sv_60fps"}
06-04 20:05:26.978 I/ReactNativeJS(30359): [VROOM-TEL] 2026-06-04T18:05:26.978Z | RAW_GPS_TICK | {"t":1780596326978,"gpsTickId":1780596326955,"gpsTickAgeMs":0,"lat":51.359609,"lng":19.355826,"speed":6.68,"speedKmh":24,"accuracy":5,"osTimestamp":1780596326955,"tripActive":true,"appState":"active"}
06-04 20:05:26.978 I/ReactNativeJS(30359): [VROOM-TEL] 2026-06-04T18:05:26.978Z | DRIVE_TRACE_RAW | {"t":1780596326978,"seq":110,"gpsTickId":1780596326955,"gpsTickAgeMs":0,"rawLat":51.359609,"rawLng":19.355826,"accM":5,"speedKmh":24,"speedMs":6.7,"heading":244,"tripActive":true,"driving":true,"navigating":false,"osTimestamp":1780596326955}
06-04 20:05:26.978 I/ReactNativeJS(30359): [VROOM-TEL] 2026-06-04T18:05:26.978Z | DRIVE_API | {"allow":true,"trigger":"near_segment_end","crossTrackM":0,"buffered":4,"throttleBlocked":false}
06-04 20:05:26.979 I/ReactNativeJS(30359): [VROOM-TEL] 2026-06-04T18:05:26.979Z | DRIVE_TRACE_FEED | {"t":1780596326979,"seq":111,"gpsTickId":1780596326955,"gpsTickAgeMs":1,"lat":51.359852,"lng":19.356161,"hdg":252,"durationMs":1489,"speedKmh":24}
06-04 20:05:26.980 I/ReactNativeJS(30359): [VROOM-TEL] 2026-06-04T18:05:26.980Z | DRIVE_TRACE_TICK | {"t":1780596326980,"seq":112,"gpsTickId":1780596326955,"gpsTickAgeMs":2,"rawLat":51.359609,"rawLng":19.355826,"snapLat":51.359852,"snapLng":19.356161,"markerLat":51.359852,"markerLng":19.356161,"markerHdg":252,"markerSvLat":51.359845,"markerSvLng":19.356102,"markerSvHdg":259,"accM":5,"hudKmh":24,"engineKmh":6.1,"dopplerKmh":24,"feedDurMs":1489,"cadenceMs":1654,"feedSpeedMs":6.7,"isNavigating":false,"isFreeDrive":true,"isMoving":true,"feedSkipGate":false,"feedAccepted":true,"feedHeadingOnly":false,"source":"drive_core_v2"}
06-04 20:05:26.980 I/ReactNativeJS(30359): [VROOM-TEL] 2026-06-04T18:05:26.980Z | GPS_ACCEPT | {"lat":51.359609,"lng":19.355826,"acc":5,"speedKmh":24,"gpsLock":true}
06-04 20:05:26.992 I/ReactNativeJS(30359): [VROOM-TEL] 2026-06-04T18:05:26.992Z | DRIVE_TRACE_CAMERA | {"t":1780596326992,"seq":113,"gpsTickId":1780596326955,"gpsTickAgeMs":14,"lat":51.359845,"lng":19.356103,"hdg":259,"speedKmh":24,"exploring":false,"frameMoveM":0}
06-04 20:05:27.201 I/ReactNativeJS(30359): [VROOM-TEL] 2026-06-04T18:05:27.201Z | ROAD_MATCH_SOFT_APPLY_V2 | {"t":1780596327201,"pts":4,"shiftM":37}
06-04 20:05:27.201 I/ReactNativeJS(30359): [VROOM-TEL] 2026-06-04T18:05:27.201Z | ROAD_MATCH_SOFT_APPLY | {"pts":4,"shiftM":37}
06-04 20:05:27.201 I/ReactNativeJS(30359): [VROOM-TEL] 2026-06-04T18:05:27.201Z | DRIVE_API | {"allow":false,"trigger":null,"crossTrackM":3.4,"buffered":1,"throttleBlocked":true}
06-04 20:05:27.201 I/ReactNativeJS(30359): [VROOM-TEL] 2026-06-04T18:05:27.201Z | DRIVE_TRACE_FEED | {"t":1780596327201,"seq":114,"gpsTickId":1780596326955,"gpsTickAgeMs":223,"lat":51.359645,"lng":19.35607,"hdg":252,"durationMs":1200,"speedKmh":0}
06-04 20:05:27.202 I/ReactNativeJS(30359): [VROOM-TEL] 2026-06-04T18:05:27.202Z | DRIVE_TRACE_TICK | {"t":1780596327202,"seq":115,"gpsTickId":1780596326955,"gpsTickAgeMs":224,"rawLat":51.359609,"rawLng":19.355826,"snapLat":51.359645,"snapLng":19.35607,"markerLat":51.359645,"markerLng":19.35607,"markerHdg":252,"markerSvLat":51.359846,"markerSvLng":19.356113,"markerSvHdg":259,"accM":12,"hudKmh":0,"engineKmh":0,"dopplerKmh":0,"feedDurMs":1200,"cadenceMs":1654,"feedSpeedMs":0,"isNavigating":false,"isFreeDrive":true,"isMoving":true,"feedSkipGate":false,"feedAccepted":true,"feedHeadingOnly":false,"source":"drive_core_v2"}
06-04 20:05:27.304 I/ReactNativeJS(30359): [VROOM-TEL] 2026-06-04T18:05:27.304Z | DRIVE_TRACE_CAMERA | {"t":1780596327304,"seq":116,"gpsTickId":1780596326955,"gpsTickAgeMs":326,"lat":51.359834,"lng":19.35611,"hdg":259,"speedKmh":0,"exploring":false,"frameMoveM":0}
06-04 20:05:27.636 I/ReactNativeJS(30359): [VROOM-TEL] 2026-06-04T18:05:27.636Z | CAM_FOLLOW_PUSH | {"t":1780596327636,"lat":51.359784,"lng":19.3561,"hdg":259,"snapHdg":259,"speedKmh":0,"exploring":false,"source":"drive_marker_sv_60fps"}
06-04 20:05:27.636 I/ReactNativeJS(30359): [VROOM-TEL] 2026-06-04T18:05:27.636Z | DRIVE_TRACE_CAMERA | {"t":1780596327636,"seq":117,"gpsTickId":1780596326955,"gpsTickAgeMs":658,"lat":51.359784,"lng":19.3561,"hdg":259,"speedKmh":0,"exploring":false,"frameMoveM":0}
06-04 20:05:27.826 I/ReactNativeJS(30359): [VROOM-TEL] 2026-06-04T18:05:27.825Z | CAMERA_HEADING | {"t":1780596327825,"speedKmh":0,"movedM":0.32,"moveBearing":null,"snapHdg":259,"headingOut":259,"flipFromPrevDeg":0,"lookaheadM":0,"nativeFollow":true}
06-04 20:05:27.951 I/ReactNativeJS(30359): [VROOM-TEL] 2026-06-04T18:05:27.951Z | DRIVE_TRACE_CAMERA | {"t":1780596327951,"seq":118,"gpsTickId":1780596326955,"gpsTickAgeMs":973,"lat":51.359721,"lng":19.356086,"hdg":259,"speedKmh":0,"exploring":false,"frameMoveM":0}
06-04 20:05:27.976 I/ReactNativeJS(30359): [VROOM-TEL] 2026-06-04T18:05:27.976Z | RAW_GPS_TICK | {"t":1780596327976,"gpsTickId":1780596327954,"gpsTickAgeMs":0,"lat":51.359581,"lng":19.355741,"speed":6.44,"speedKmh":23.2,"accuracy":4,"osTimestamp":1780596327954,"tripActive":true,"appState":"active"}
06-04 20:05:27.976 I/ReactNativeJS(30359): [VROOM-TEL] 2026-06-04T18:05:27.976Z | DRIVE_TRACE_RAW | {"t":1780596327976,"seq":119,"gpsTickId":1780596327954,"gpsTickAgeMs":0,"rawLat":51.359581,"rawLng":19.355741,"accM":4,"speedKmh":23.2,"speedMs":6.4,"heading":244,"tripActive":true,"driving":true,"navigating":false,"osTimestamp":1780596327954}
06-04 20:05:27.977 I/ReactNativeJS(30359): [VROOM-TEL] 2026-06-04T18:05:27.977Z | ROAD_MATCH_SOFT_APPLY | {"pts":2,"shiftM":37}
06-04 20:05:27.977 I/ReactNativeJS(30359): [VROOM-TEL] 2026-06-04T18:05:27.977Z | DRIVE_API | {"allow":false,"trigger":null,"crossTrackM":0,"buffered":2,"throttleBlocked":true}
06-04 20:05:27.978 I/ReactNativeJS(30359): [VROOM-TEL] 2026-06-04T18:05:27.978Z | DRIVE_TRACE_FEED | {"t":1780596327978,"seq":120,"gpsTickId":1780596327954,"gpsTickAgeMs":2,"lat":51.359852,"lng":19.356161,"hdg":243,"durationMs":1200,"speedKmh":23.2}
06-04 20:05:27.978 I/ReactNativeJS(30359): [VROOM-TEL] 2026-06-04T18:05:27.978Z | DRIVE_TRACE_TICK | {"t":1780596327978,"seq":121,"gpsTickId":1780596327954,"gpsTickAgeMs":2,"rawLat":51.359581,"rawLng":19.355741,"snapLat":51.359852,"snapLng":19.356161,"markerLat":51.359852,"markerLng":19.356161,"markerHdg":243,"markerSvLat":51.359716,"markerSvLng":19.356085,"markerSvHdg":259,"accM":4,"hudKmh":23.2,"engineKmh":7,"dopplerKmh":23.2,"feedDurMs":1200,"cadenceMs":1424,"feedSpeedMs":6.4,"isNavigating":false,"isFreeDrive":true,"isMoving":true,"feedSkipGate":false,"feedAccepted":true,"feedHeadingOnly":false,"source":"drive_core_v2"}
06-04 20:05:27.978 I/ReactNativeJS(30359): [VROOM-TEL] 2026-06-04T18:05:27.978Z | GPS_ACCEPT | {"lat":51.359581,"lng":19.355741,"acc":4,"speedKmh":23.8,"gpsLock":true}
06-04 20:05:28.258 I/ReactNativeJS(30359): [VROOM-TEL] 2026-06-04T18:05:28.258Z | DRIVE_TRACE_CAMERA | {"t":1780596328258,"seq":122,"gpsTickId":1780596327954,"gpsTickAgeMs":282,"lat":51.359748,"lng":19.356103,"hdg":243,"speedKmh":23.2,"exploring":false,"frameMoveM":0}
06-04 20:05:28.444 I/ReactNativeJS(30359): [VROOM-TEL] 2026-06-04T18:05:28.444Z | CAM_FOLLOW_PUSH | {"t":1780596328444,"lat":51.359769,"lng":19.356115,"hdg":243,"snapHdg":243,"speedKmh":23,"exploring":false,"source":"drive_marker_sv_60fps"}
06-04 20:05:28.559 I/ReactNativeJS(30359): [VROOM-TEL] 2026-06-04T18:05:28.559Z | DRIVE_TRACE_CAMERA | {"t":1780596328559,"seq":123,"gpsTickId":1780596327954,"gpsTickAgeMs":583,"lat":51.359782,"lng":19.356122,"hdg":243,"speedKmh":23.2,"exploring":false,"frameMoveM":0}
06-04 20:05:28.859 I/ReactNativeJS(30359): [VROOM-TEL] 2026-06-04T18:05:28.859Z | DRIVE_TRACE_CAMERA | {"t":1780596328859,"seq":124,"gpsTickId":1780596327954,"gpsTickAgeMs":883,"lat":51.359816,"lng":19.356141,"hdg":243,"speedKmh":23.2,"exploring":false,"frameMoveM":0}
06-04 20:05:28.925 I/ReactNativeJS(30359): [VROOM-TEL] 2026-06-04T18:05:28.925Z | CAMERA_HEADING | {"t":1780596328925,"speedKmh":23,"movedM":0.23,"moveBearing":null,"snapHdg":243,"headingOut":243,"flipFromPrevDeg":0,"lookaheadM":20,"nativeFollow":true}
06-04 20:05:28.971 I/ReactNativeJS(30359): [VROOM-TEL] 2026-06-04T18:05:28.971Z | RAW_GPS_TICK | {"t":1780596328971,"gpsTickId":1780596328953,"gpsTickAgeMs":0,"lat":51.359557,"lng":19.355662,"speed":6.21,"speedKmh":22.4,"accuracy":4,"osTimestamp":1780596328953,"tripActive":true,"appState":"active"}
06-04 20:05:28.972 I/ReactNativeJS(30359): [VROOM-TEL] 2026-06-04T18:05:28.972Z | DRIVE_TRACE_RAW | {"t":1780596328972,"seq":125,"gpsTickId":1780596328953,"gpsTickAgeMs":1,"rawLat":51.359557,"rawLng":19.355662,"accM":4,"speedKmh":22.4,"speedMs":6.2,"heading":243,"tripActive":true,"driving":true,"navigating":false,"osTimestamp":1780596328953}
06-04 20:05:28.972 I/ReactNativeJS(30359): [VROOM-TEL] 2026-06-04T18:05:28.972Z | DRIVE_API | {"allow":false,"trigger":null,"crossTrackM":41.9,"buffered":3,"throttleBlocked":true}
06-04 20:05:28.973 I/ReactNativeJS(30359): [VROOM-TEL] 2026-06-04T18:05:28.973Z | DRIVE_TRACE_FEED | {"t":1780596328973,"seq":126,"gpsTickId":1780596328953,"gpsTickAgeMs":2,"lat":51.359852,"lng":19.356161,"hdg":243,"durationMs":1147,"speedKmh":22.4}
06-04 20:05:28.974 I/ReactNativeJS(30359): [VROOM-TEL] 2026-06-04T18:05:28.974Z | DRIVE_TRACE_TICK | {"t":1780596328974,"seq":127,"gpsTickId":1780596328953,"gpsTickAgeMs":3,"rawLat":51.359557,"rawLng":19.355662,"snapLat":51.359852,"snapLng":19.356161,"markerLat":51.359852,"markerLng":19.356161,"markerHdg":243,"markerSvLat":51.359828,"markerSvLng":19.356148,"markerSvHdg":243,"accM":4,"hudKmh":22.4,"engineKmh":7,"dopplerKmh":22.4,"feedDurMs":1147,"cadenceMs":1274,"feedSpeedMs":6.2,"isNavigating":false,"isFreeDrive":true,"isMoving":true,"feedSkipGate":false,"feedAccepted":true,"feedHeadingOnly":false,"source":"drive_core_v2"}
06-04 20:05:28.974 I/ReactNativeJS(30359): [VROOM-TEL] 2026-06-04T18:05:28.974Z | GPS_ACCEPT | {"lat":51.359557,"lng":19.355662,"acc":4,"speedKmh":22.4,"gpsLock":true}
06-04 20:05:29.159 I/ReactNativeJS(30359): [VROOM-TEL] 2026-06-04T18:05:29.159Z | DRIVE_TRACE_CAMERA | {"t":1780596329159,"seq":128,"gpsTickId":1780596328953,"gpsTickAgeMs":188,"lat":51.359832,"lng":19.35615,"hdg":243,"speedKmh":22.4,"exploring":false,"frameMoveM":0}
06-04 20:05:29.259 I/ReactNativeJS(30359): [VROOM-TEL] 2026-06-04T18:05:29.259Z | CAM_FOLLOW_PUSH | {"t":1780596329259,"lat":51.359834,"lng":19.356151,"hdg":243,"snapHdg":243,"speedKmh":22,"exploring":false,"source":"drive_marker_sv_60fps"}
06-04 20:05:29.460 I/ReactNativeJS(30359): [VROOM-TEL] 2026-06-04T18:05:29.460Z | DRIVE_TRACE_CAMERA | {"t":1780596329460,"seq":129,"gpsTickId":1780596328953,"gpsTickAgeMs":489,"lat":51.359838,"lng":19.356153,"hdg":243,"speedKmh":22.4,"exploring":false,"frameMoveM":0}
06-04 20:05:29.776 I/ReactNativeJS(30359): [VROOM-TEL] 2026-06-04T18:05:29.776Z | DRIVE_TRACE_CAMERA | {"t":1780596329776,"seq":130,"gpsTickId":1780596328953,"gpsTickAgeMs":805,"lat":51.359845,"lng":19.356157,"hdg":243,"speedKmh":22.4,"exploring":false,"frameMoveM":0}
06-04 20:05:29.971 I/ReactNativeJS(30359): [VROOM-TEL] 2026-06-04T18:05:29.971Z | RAW_GPS_TICK | {"t":1780596329971,"gpsTickId":1780596329953,"gpsTickAgeMs":0,"lat":51.359535,"lng":19.355596,"speed":5.21,"speedKmh":18.8,"accuracy":4,"osTimestamp":1780596329953,"tripActive":true,"appState":"active"}
06-04 20:05:29.971 I/ReactNativeJS(30359): [VROOM-TEL] 2026-06-04T18:05:29.971Z | DRIVE_TRACE_RAW | {"t":1780596329971,"seq":131,"gpsTickId":1780596329953,"gpsTickAgeMs":0,"rawLat":51.359535,"rawLng":19.355596,"accM":4,"speedKmh":18.8,"speedMs":5.2,"heading":243,"tripActive":true,"driving":true,"navigating":false,"osTimestamp":1780596329953}
06-04 20:05:29.971 I/ReactNativeJS(30359): [VROOM-TEL] 2026-06-04T18:05:29.971Z | DRIVE_API | {"allow":false,"trigger":null,"crossTrackM":46.2,"buffered":4,"throttleBlocked":true}
06-04 20:05:29.972 I/ReactNativeJS(30359): [VROOM-TEL] 2026-06-04T18:05:29.972Z | DRIVE_TRACE_FEED | {"t":1780596329972,"seq":132,"gpsTickId":1780596329953,"gpsTickAgeMs":1,"lat":51.359852,"lng":19.356161,"hdg":243,"durationMs":1060,"speedKmh":18.8}
06-04 20:05:29.972 I/ReactNativeJS(30359): [VROOM-TEL] 2026-06-04T18:05:29.972Z | DRIVE_TRACE_TICK | {"t":1780596329972,"seq":133,"gpsTickId":1780596329953,"gpsTickAgeMs":1,"rawLat":51.359535,"rawLng":19.355596,"snapLat":51.359852,"snapLng":19.356161,"markerLat":51.359852,"markerLng":19.356161,"markerHdg":243,"markerSvLat":51.359849,"markerSvLng":19.356159,"markerSvHdg":243,"accM":4,"hudKmh":18.8,"engineKmh":10.5,"dopplerKmh":18.8,"feedDurMs":1060,"cadenceMs":1178,"feedSpeedMs":5.2,"isNavigating":false,"isFreeDrive":true,"isMoving":true,"feedSkipGate":false,"feedAccepted":true,"feedHeadingOnly":false,"source":"drive_core_v2"}
06-04 20:05:29.972 I/ReactNativeJS(30359): [VROOM-TEL] 2026-06-04T18:05:29.972Z | GPS_ACCEPT | {"lat":51.359535,"lng":19.355596,"acc":4,"speedKmh":18.8,"gpsLock":true}
06-04 20:05:30.033 I/ReactNativeJS(30359): [VROOM-TEL] 2026-06-04T18:05:30.033Z | CAMERA_HEADING | {"t":1780596330033,"speedKmh":19,"movedM":0.01,"moveBearing":null,"snapHdg":243,"headingOut":243,"flipFromPrevDeg":0,"lookaheadM":20,"nativeFollow":true}
06-04 20:05:30.041 I/ReactNativeJS(30359): [VROOM-TEL] 2026-06-04T18:05:30.041Z | DRIVE_TRACE_HEARTBEAT | {"t":1780596330041,"seq":134,"gpsTickId":1780596329953,"gpsTickAgeMs":70,"driving":true,"navigating":false,"tripActive":true,"lat":51.3595353,"lng":19.3555958,"gpsAgeMs":70}
06-04 20:05:30.042 I/ReactNativeJS(30359): [VROOM-TEL] 2026-06-04T18:05:30.042Z | DRIVE_HEALTH | {"t":1780596330042,"mode":"driving","speedHudKmh":18.8,"speedPipeKmh":18.8,"gpsAgeMs":71,"drAgeMs":70,"gpsToDriftM":53,"snapAnchorDriftM":0,"offRoute":false,"reroutePending":false,"rerouteLoading":false,"hasRoutePts":0}
06-04 20:05:30.067 I/ReactNativeJS(30359): [VROOM-TEL] 2026-06-04T18:05:30.067Z | CAM_FOLLOW_PUSH | {"t":1780596330067,"lat":51.359849,"lng":19.356159,"hdg":243,"snapHdg":243,"speedKmh":19,"exploring":false,"source":"drive_marker_sv_60fps"}
06-04 20:05:30.083 I/ReactNativeJS(30359): [VROOM-TEL] 2026-06-04T18:05:30.083Z | DRIVE_TRACE_CAMERA | {"t":1780596330083,"seq":135,"gpsTickId":1780596329953,"gpsTickAgeMs":112,"lat":51.359849,"lng":19.356159,"hdg":243,"speedKmh":18.8,"exploring":false,"frameMoveM":0}
06-04 20:05:30.384 I/ReactNativeJS(30359): [VROOM-TEL] 2026-06-04T18:05:30.383Z | DRIVE_TRACE_CAMERA | {"t":1780596330383,"seq":136,"gpsTickId":1780596329953,"gpsTickAgeMs":412,"lat":51.35985,"lng":19.35616,"hdg":243,"speedKmh":18.8,"exploring":false,"frameMoveM":0}
06-04 20:05:30.691 I/ReactNativeJS(30359): [VROOM-TEL] 2026-06-04T18:05:30.691Z | DRIVE_TRACE_CAMERA | {"t":1780596330691,"seq":137,"gpsTickId":1780596329953,"gpsTickAgeMs":720,"lat":51.359851,"lng":19.35616,"hdg":243,"speedKmh":18.8,"exploring":false,"frameMoveM":0}
06-04 20:05:30.868 I/ReactNativeJS(30359): [VROOM-TEL] 2026-06-04T18:05:30.867Z | CAM_FOLLOW_PUSH | {"t":1780596330867,"lat":51.359852,"lng":19.356161,"hdg":243,"snapHdg":243,"speedKmh":19,"exploring":false,"source":"drive_marker_sv_60fps"}
06-04 20:05:31.000 I/ReactNativeJS(30359): [VROOM-TEL] 2026-06-04T18:05:31.000Z | DRIVE_TRACE_CAMERA | {"t":1780596331000,"seq":138,"gpsTickId":1780596329953,"gpsTickAgeMs":1029,"lat":51.359852,"lng":19.356161,"hdg":243,"speedKmh":18.8,"exploring":false,"frameMoveM":0}
06-04 20:05:31.374 I/ReactNativeJS(30359): [VROOM-TEL] 2026-06-04T18:05:31.374Z | CAMERA_HEADING | {"t":1780596331374,"speedKmh":19,"movedM":0,"moveBearing":null,"snapHdg":243,"headingOut":243,"flipFromPrevDeg":0,"lookaheadM":20,"nativeFollow":true}
06-04 20:05:31.971 I/ReactNativeJS(30359): [VROOM-TEL] 2026-06-04T18:05:31.971Z | RAW_GPS_TICK | {"t":1780596331971,"gpsTickId":1780596331954,"gpsTickAgeMs":0,"lat":51.359521,"lng":19.355524,"speed":2.11,"speedKmh":7.6,"accuracy":4,"osTimestamp":1780596331954,"tripActive":true,"appState":"active"}
06-04 20:05:31.971 I/ReactNativeJS(30359): [VROOM-TEL] 2026-06-04T18:05:31.971Z | DRIVE_TRACE_RAW | {"t":1780596331971,"seq":139,"gpsTickId":1780596331954,"gpsTickAgeMs":0,"rawLat":51.359521,"rawLng":19.355524,"accM":4,"speedKmh":7.6,"speedMs":2.1,"heading":256,"tripActive":true,"driving":true,"navigating":false,"osTimestamp":1780596331954}
06-04 20:05:31.972 I/ReactNativeJS(30359): [VROOM-TEL] 2026-06-04T18:05:31.972Z | DRIVE_API | {"allow":true,"trigger":"no_cache","crossTrackM":50.5,"buffered":5,"throttleBlocked":false}
06-04 20:05:31.973 I/ReactNativeJS(30359): [VROOM-TEL] 2026-06-04T18:05:31.973Z | DRIVE_TRACE_FEED | {"t":1780596331973,"seq":140,"gpsTickId":1780596331954,"gpsTickAgeMs":2,"lat":51.359852,"lng":19.356161,"hdg":248,"durationMs":1319,"speedKmh":7.6}
06-04 20:05:31.974 I/ReactNativeJS(30359): [VROOM-TEL] 2026-06-04T18:05:31.974Z | DRIVE_TRACE_TICK | {"t":1780596331974,"seq":141,"gpsTickId":1780596331954,"gpsTickAgeMs":3,"rawLat":51.359521,"rawLng":19.355524,"snapLat":51.359852,"snapLng":19.356161,"markerLat":51.359852,"markerLng":19.356161,"markerHdg":248,"markerSvLat":51.359852,"markerSvLng":19.356161,"markerSvHdg":243,"accM":4,"hudKmh":7.6,"engineKmh":4.8,"dopplerKmh":7.6,"feedDurMs":1319,"cadenceMs":1466,"feedSpeedMs":2.1,"isNavigating":false,"isFreeDrive":true,"isMoving":true,"feedSkipGate":false,"feedAccepted":true,"feedHeadingOnly":false,"source":"drive_core_v2"}
06-04 20:05:31.974 I/ReactNativeJS(30359): [VROOM-TEL] 2026-06-04T18:05:31.974Z | GPS_ACCEPT | {"lat":51.359521,"lng":19.355524,"acc":4,"speedKmh":9.5,"gpsLock":true}
06-04 20:05:32.008 I/ReactNativeJS(30359): [VROOM-TEL] 2026-06-04T18:05:32.008Z | CAM_FOLLOW_PUSH | {"t":1780596332008,"lat":51.359852,"lng":19.356161,"hdg":243,"snapHdg":243,"speedKmh":8,"exploring":false,"source":"drive_marker_sv_60fps"}
06-04 20:05:32.008 I/ReactNativeJS(30359): [VROOM-TEL] 2026-06-04T18:05:32.008Z | DRIVE_TRACE_CAMERA | {"t":1780596332008,"seq":142,"gpsTickId":1780596331954,"gpsTickAgeMs":37,"lat":51.359852,"lng":19.356161,"hdg":243,"speedKmh":7.6,"exploring":false,"frameMoveM":0}
06-04 20:05:32.202 I/ReactNativeJS(30359): [VROOM-TEL] 2026-06-04T18:05:32.202Z | ROAD_MATCH_SOFT_APPLY_V2 | {"t":1780596332202,"pts":7,"shiftM":58}
06-04 20:05:32.202 I/ReactNativeJS(30359): [VROOM-TEL] 2026-06-04T18:05:32.202Z | ROAD_MATCH_SOFT_APPLY | {"pts":7,"shiftM":58}
06-04 20:05:32.202 I/ReactNativeJS(30359): [VROOM-TEL] 2026-06-04T18:05:32.202Z | DRIVE_API | {"allow":false,"trigger":null,"crossTrackM":3.4,"buffered":1,"throttleBlocked":true}
06-04 20:05:32.202 I/ReactNativeJS(30359): [VROOM-TEL] 2026-06-04T18:05:32.202Z | DRIVE_TRACE_FEED | {"t":1780596332202,"seq":143,"gpsTickId":1780596331954,"gpsTickAgeMs":231,"lat":51.359571,"lng":19.355798,"hdg":248,"durationMs":1200,"speedKmh":1.4}
06-04 20:05:32.202 I/ReactNativeJS(30359): [VROOM-TEL] 2026-06-04T18:05:32.202Z | DRIVE_TRACE_TICK | {"t":1780596332202,"seq":144,"gpsTickId":1780596331954,"gpsTickAgeMs":231,"rawLat":51.359521,"rawLng":19.355524,"snapLat":51.359571,"snapLng":19.355798,"markerLat":51.359571,"markerLng":19.355798,"markerHdg":248,"markerSvLat":51.35985,"markerSvLng":19.356154,"markerSvHdg":243,"accM":12,"hudKmh":1.4,"engineKmh":1.4,"dopplerKmh":0,"feedDurMs":1200,"cadenceMs":1466,"feedSpeedMs":0,"isNavigating":false,"isFreeDrive":true,"isMoving":true,"feedSkipGate":false,"feedAccepted":true,"feedHeadingOnly":false,"source":"drive_core_v2"}
06-04 20:05:32.309 I/ReactNativeJS(30359): [VROOM-TEL] 2026-06-04T18:05:32.309Z | DRIVE_TRACE_CAMERA | {"t":1780596332309,"seq":145,"gpsTickId":1780596331954,"gpsTickAgeMs":338,"lat":51.359825,"lng":19.356123,"hdg":243,"speedKmh":0,"exploring":false,"frameMoveM":0}
06-04 20:05:32.483 I/ReactNativeJS(30359): [VROOM-TEL] 2026-06-04T18:05:32.483Z | CAMERA_HEADING | {"t":1780596332483,"speedKmh":0,"movedM":0.56,"moveBearing":null,"snapHdg":244,"headingOut":244,"flipFromPrevDeg":0,"lookaheadM":0,"nativeFollow":true}
06-04 20:05:32.609 I/ReactNativeJS(30359): [VROOM-TEL] 2026-06-04T18:05:32.609Z | DRIVE_TRACE_CAMERA | {"t":1780596332609,"seq":146,"gpsTickId":1780596331954,"gpsTickAgeMs":638,"lat":51.359755,"lng":19.356034,"hdg":244,"speedKmh":0,"exploring":false,"frameMoveM":0}
06-04 20:05:32.809 I/ReactNativeJS(30359): [VROOM-TEL] 2026-06-04T18:05:32.809Z | CAM_FOLLOW_PUSH | {"t":1780596332809,"lat":51.359709,"lng":19.355974,"hdg":245,"snapHdg":245,"speedKmh":0,"exploring":false,"source":"drive_marker_sv_60fps"}
06-04 20:05:32.909 I/ReactNativeJS(30359): [VROOM-TEL] 2026-06-04T18:05:32.909Z | DRIVE_TRACE_CAMERA | {"t":1780596332909,"seq":147,"gpsTickId":1780596331954,"gpsTickAgeMs":938,"lat":51.359686,"lng":19.355945,"hdg":246,"speedKmh":0,"exploring":false,"frameMoveM":0}
06-04 20:05:33.211 I/ReactNativeJS(30359): [VROOM-TEL] 2026-06-04T18:05:33.211Z | DRIVE_TRACE_CAMERA | {"t":1780596333211,"seq":148,"gpsTickId":1780596331954,"gpsTickAgeMs":1240,"lat":51.359616,"lng":19.355856,"hdg":247,"speedKmh":0,"exploring":false,"frameMoveM":0}
06-04 20:05:33.985 I/ReactNativeJS(30359): [VROOM-TEL] 2026-06-04T18:05:33.985Z | CAMERA_HEADING | {"t":1780596333985,"speedKmh":0,"movedM":0.07,"moveBearing":null,"snapHdg":248,"headingOut":248,"flipFromPrevDeg":0,"lookaheadM":0,"nativeFollow":true}
06-04 20:05:35.058 I/ReactNativeJS(30359): [VROOM-TEL] 2026-06-04T18:05:35.058Z | DRIVE_TRACE_HEARTBEAT | {"t":1780596335058,"seq":149,"gpsTickId":1780596331954,"gpsTickAgeMs":3087,"driving":true,"navigating":false,"tripActive":true,"lat":51.3595209,"lng":19.3555237,"gpsAgeMs":3087}
06-04 20:05:35.485 I/ReactNativeJS(30359): [VROOM-TEL] 2026-06-04T18:05:35.485Z | CAMERA_HEADING | {"t":1780596335485,"speedKmh":0,"movedM":0,"moveBearing":null,"snapHdg":248,"headingOut":248,"flipFromPrevDeg":0,"lookaheadM":0,"nativeFollow":true}
06-04 20:05:36.652 I/ReactNativeJS(30359): [VROOM-TEL] 2026-06-04T18:05:36.652Z | CAMERA_HEADING | {"t":1780596336652,"speedKmh":0,"movedM":0,"moveBearing":null,"snapHdg":248,"headingOut":248,"flipFromPrevDeg":0,"lookaheadM":0,"nativeFollow":true}
06-04 20:05:39.465 I/ReactNativeJS(30359): [VROOM-TEL] 2026-06-04T18:05:39.465Z | CAMERA_HEADING | {"t":1780596339465,"speedKmh":0,"movedM":0,"moveBearing":null,"snapHdg":248,"headingOut":248,"flipFromPrevDeg":0,"lookaheadM":0,"nativeFollow":true}
06-04 20:05:40.085 I/ReactNativeJS(30359): [VROOM-TEL] 2026-06-04T18:05:40.085Z | DRIVE_TRACE_HEARTBEAT | {"t":1780596340085,"seq":150,"gpsTickId":1780596331954,"gpsTickAgeMs":8114,"driving":true,"navigating":false,"tripActive":true,"lat":51.3595209,"lng":19.3555237,"gpsAgeMs":8114}
06-04 20:05:41.939 I/ReactNativeJS(30359): [VROOM-TEL] 2026-06-04T18:05:41.939Z | CAMERA_HEADING | {"t":1780596341939,"speedKmh":0,"movedM":0,"moveBearing":null,"snapHdg":248,"headingOut":248,"flipFromPrevDeg":0,"lookaheadM":0,"nativeFollow":true}
06-04 20:05:43.973 I/ReactNativeJS(30359): [VROOM-TEL] 2026-06-04T18:05:43.972Z | RAW_GPS_TICK | {"t":1780596343972,"gpsTickId":1780596343955,"gpsTickAgeMs":0,"lat":51.359506,"lng":19.355449,"speed":2.53,"speedKmh":9.1,"accuracy":5,"osTimestamp":1780596343955,"tripActive":true,"appState":"active"}
06-04 20:05:43.973 I/ReactNativeJS(30359): [VROOM-TEL] 2026-06-04T18:05:43.973Z | DRIVE_TRACE_RAW | {"t":1780596343973,"seq":151,"gpsTickId":1780596343955,"gpsTickAgeMs":1,"rawLat":51.359506,"rawLng":19.355449,"accM":5,"speedKmh":9.1,"speedMs":2.5,"heading":247,"tripActive":true,"driving":true,"navigating":false,"osTimestamp":1780596343955}
06-04 20:05:43.973 I/ReactNativeJS(30359): [VROOM-TEL] 2026-06-04T18:05:43.973Z | ROAD_MATCH_SOFT_APPLY_V2 | {"t":1780596343973,"pts":2,"shiftM":58}
06-04 20:05:43.973 I/ReactNativeJS(30359): [VROOM-TEL] 2026-06-04T18:05:43.973Z | ROAD_MATCH_SOFT_APPLY | {"pts":2,"shiftM":58}
06-04 20:05:43.973 I/ReactNativeJS(30359): [VROOM-TEL] 2026-06-04T18:05:43.973Z | DRIVE_API | {"allow":true,"trigger":"off_buffer","crossTrackM":55,"buffered":2,"throttleBlocked":false}
06-04 20:05:43.975 I/ReactNativeJS(30359): [VROOM-TEL] 2026-06-04T18:05:43.975Z | DRIVE_TRACE_FEED | {"t":1780596343975,"seq":152,"gpsTickId":1780596343955,"gpsTickAgeMs":3,"lat":51.359852,"lng":19.356161,"hdg":252,"durationMs":1200,"speedKmh":9.1}
06-04 20:05:43.975 I/ReactNativeJS(30359): [VROOM-TEL] 2026-06-04T18:05:43.975Z | DRIVE_TRACE_TICK | {"t":1780596343975,"seq":153,"gpsTickId":1780596343955,"gpsTickAgeMs":3,"rawLat":51.359506,"rawLng":19.355449,"snapLat":51.359852,"snapLng":19.356161,"markerLat":51.359852,"markerLng":19.356161,"markerHdg":252,"markerSvLat":51.359571,"markerSvLng":19.355798,"markerSvHdg":248,"accM":5,"hudKmh":9.1,"engineKmh":4.4,"dopplerKmh":9.1,"feedDurMs":1200,"cadenceMs":1466,"feedSpeedMs":2.5,"isNavigating":false,"isFreeDrive":true,"isMoving":true,"feedSkipGate":false,"feedAccepted":true,"feedHeadingOnly":false,"source":"drive_core_v2"}
06-04 20:05:43.975 I/ReactNativeJS(30359): [VROOM-TEL] 2026-06-04T18:05:43.975Z | GPS_ACCEPT | {"lat":51.359506,"lng":19.355449,"acc":5,"speedKmh":9.1,"gpsLock":true}
06-04 20:05:44.003 I/ReactNativeJS(30359): [VROOM-TEL] 2026-06-04T18:05:44.003Z | CAMERA_HEADING | {"t":1780596344003,"speedKmh":9,"movedM":0.44,"moveBearing":null,"snapHdg":248,"headingOut":248,"flipFromPrevDeg":0,"lookaheadM":0,"nativeFollow":true}
06-04 20:05:44.009 I/ReactNativeJS(30359): [VROOM-TEL] 2026-06-04T18:05:44.009Z | CAM_FOLLOW_PUSH | {"t":1780596344009,"lat":51.359574,"lng":19.355802,"hdg":248,"snapHdg":248,"speedKmh":9,"exploring":false,"source":"drive_marker_sv_60fps"}
06-04 20:05:44.009 I/ReactNativeJS(30359): [VROOM-TEL] 2026-06-04T18:05:44.009Z | DRIVE_TRACE_CAMERA | {"t":1780596344009,"seq":154,"gpsTickId":1780596343955,"gpsTickAgeMs":37,"lat":51.359574,"lng":19.355802,"hdg":248,"speedKmh":9.1,"exploring":false,"frameMoveM":0}
06-04 20:05:44.205 I/ReactNativeJS(30359): [VROOM-TEL] 2026-06-04T18:05:44.204Z | ROAD_MATCH_SOFT_APPLY | {"pts":3,"shiftM":64}
06-04 20:05:44.205 I/ReactNativeJS(30359): [VROOM-TEL] 2026-06-04T18:05:44.205Z | DRIVE_API | {"allow":false,"trigger":null,"crossTrackM":2.5,"buffered":1,"throttleBlocked":true}
06-04 20:05:44.206 I/ReactNativeJS(30359): [VROOM-TEL] 2026-06-04T18:05:44.206Z | DRIVE_TRACE_FEED | {"t":1780596344206,"seq":155,"gpsTickId":1780596343955,"gpsTickAgeMs":234,"lat":51.35949,"lng":19.355493,"hdg":252,"durationMs":1200,"speedKmh":4.4}
06-04 20:05:44.206 I/ReactNativeJS(30359): [VROOM-TEL] 2026-06-04T18:05:44.206Z | DRIVE_TRACE_TICK | {"t":1780596344206,"seq":156,"gpsTickId":1780596343955,"gpsTickAgeMs":234,"rawLat":51.359506,"rawLng":19.355449,"snapLat":51.35949,"snapLng":19.355493,"markerLat":51.35949,"markerLng":19.355493,"markerHdg":252,"markerSvLat":51.359624,"markerSvLng":19.355867,"markerSvHdg":248,"accM":12,"hudKmh":4.4,"engineKmh":4.4,"dopplerKmh":0,"feedDurMs":1200,"cadenceMs":1466,"feedSpeedMs":1.2,"isNavigating":false,"isFreeDrive":true,"isMoving":true,"feedSkipGate":false,"feedAccepted":true,"feedHeadingOnly":false,"source":"drive_core_v2"}
06-04 20:05:44.324 I/ReactNativeJS(30359): [VROOM-TEL] 2026-06-04T18:05:44.324Z | DRIVE_TRACE_CAMERA | {"t":1780596344324,"seq":157,"gpsTickId":1780596343955,"gpsTickAgeMs":352,"lat":51.359611,"lng":19.355831,"hdg":248,"speedKmh":4.4,"exploring":false,"frameMoveM":0}
06-04 20:05:44.629 I/ReactNativeJS(30359): [VROOM-TEL] 2026-06-04T18:05:44.629Z | DRIVE_TRACE_CAMERA | {"t":1780596344629,"seq":158,"gpsTickId":1780596343955,"gpsTickAgeMs":657,"lat":51.359577,"lng":19.355735,"hdg":249,"speedKmh":4.4,"exploring":false,"frameMoveM":0}
06-04 20:05:44.812 I/ReactNativeJS(30359): [VROOM-TEL] 2026-06-04T18:05:44.812Z | CAM_FOLLOW_PUSH | {"t":1780596344812,"lat":51.359556,"lng":19.355678,"hdg":250,"snapHdg":250,"speedKmh":4,"exploring":false,"source":"drive_marker_sv_60fps"}
06-04 20:05:44.929 I/ReactNativeJS(30359): [VROOM-TEL] 2026-06-04T18:05:44.929Z | DRIVE_TRACE_CAMERA | {"t":1780596344929,"seq":159,"gpsTickId":1780596343955,"gpsTickAgeMs":957,"lat":51.359543,"lng":19.355642,"hdg":250,"speedKmh":4.4,"exploring":false,"frameMoveM":0}
06-04 20:05:45.079 I/ReactNativeJS(30359): [VROOM-TEL] 2026-06-04T18:05:45.079Z | DRIVE_HEALTH | {"t":1780596345079,"mode":"driving","speedHudKmh":4.4,"speedPipeKmh":4.4,"gpsAgeMs":874,"drAgeMs":873,"gpsToDriftM":4,"snapAnchorDriftM":0,"offRoute":false,"reroutePending":false,"rerouteLoading":false,"hasRoutePts":0}
06-04 20:05:45.112 I/ReactNativeJS(30359): [VROOM-TEL] 2026-06-04T18:05:45.112Z | CAMERA_HEADING | {"t":1780596345112,"speedKmh":4,"movedM":0.43,"moveBearing":null,"snapHdg":251,"headingOut":251,"flipFromPrevDeg":0,"lookaheadM":0,"nativeFollow":true}
06-04 20:05:45.229 I/ReactNativeJS(30359): [VROOM-TEL] 2026-06-04T18:05:45.229Z | DRIVE_TRACE_CAMERA | {"t":1780596345229,"seq":160,"gpsTickId":1780596343955,"gpsTickAgeMs":1257,"lat":51.35951,"lng":19.355548,"hdg":252,"speedKmh":4.4,"exploring":false,"frameMoveM":0}
06-04 20:05:45.892 I/ReactNativeJS(30359): [VROOM-TEL] 2026-06-04T18:05:45.892Z | RAW_GPS_TICK | {"t":1780596345892,"gpsTickId":1780596345888,"gpsTickAgeMs":0,"lat":51.359477,"lng":19.355379,"speed":3.46,"speedKmh":12.4,"accuracy":6,"osTimestamp":1780596345888,"tripActive":true,"appState":"active"}
06-04 20:05:45.892 I/ReactNativeJS(30359): [VROOM-TEL] 2026-06-04T18:05:45.892Z | DRIVE_TRACE_RAW | {"t":1780596345892,"seq":161,"gpsTickId":1780596345888,"gpsTickAgeMs":0,"rawLat":51.359477,"rawLng":19.355379,"accM":6,"speedKmh":12.4,"speedMs":3.5,"heading":226,"tripActive":true,"driving":true,"navigating":false,"osTimestamp":1780596345888}
06-04 20:05:45.892 I/ReactNativeJS(30359): [VROOM-TEL] 2026-06-04T18:05:45.892Z | ROAD_MATCH_SOFT_APPLY_V2 | {"t":1780596345892,"pts":2,"shiftM":64}
06-04 20:05:45.892 I/ReactNativeJS(30359): [VROOM-TEL] 2026-06-04T18:05:45.892Z | ROAD_MATCH_SOFT_APPLY | {"pts":2,"shiftM":64}
06-04 20:05:45.892 I/ReactNativeJS(30359): [VROOM-TEL] 2026-06-04T18:05:45.892Z | DRIVE_API | {"allow":false,"trigger":null,"crossTrackM":60.1,"buffered":2,"throttleBlocked":true}
06-04 20:05:45.894 I/ReactNativeJS(30359): [VROOM-TEL] 2026-06-04T18:05:45.894Z | DRIVE_TRACE_FEED | {"t":1780596345894,"seq":162,"gpsTickId":1780596345888,"gpsTickAgeMs":2,"lat":51.359852,"lng":19.356161,"hdg":244,"durationMs":1200,"speedKmh":12.4}
06-04 20:05:45.894 I/ReactNativeJS(30359): [VROOM-TEL] 2026-06-04T18:05:45.894Z | DRIVE_TRACE_TICK | {"t":1780596345894,"seq":163,"gpsTickId":1780596345888,"gpsTickAgeMs":2,"rawLat":51.359477,"rawLng":19.355379,"snapLat":51.359852,"snapLng":19.356161,"markerLat":51.359852,"markerLng":19.356161,"markerHdg":244,"markerSvLat":51.35949,"markerSvLng":19.355493,"markerSvHdg":252,"accM":6,"hudKmh":12.4,"engineKmh":4.1,"dopplerKmh":12.4,"feedDurMs":1200,"cadenceMs":1625,"feedSpeedMs":3.5,"isNavigating":false,"isFreeDrive":true,"isMoving":true,"feedSkipGate":false,"feedAccepted":true,"feedHeadingOnly":false,"source":"drive_core_v2"}
06-04 20:05:45.894 I/ReactNativeJS(30359): [VROOM-TEL] 2026-06-04T18:05:45.894Z | GPS_ACCEPT | {"lat":51.359477,"lng":19.355379,"acc":6,"speedKmh":12.4,"gpsLock":true}
06-04 20:05:45.932 I/ReactNativeJS(30359): [VROOM-TEL] 2026-06-04T18:05:45.932Z | CAM_FOLLOW_PUSH | {"t":1780596345932,"lat":51.359495,"lng":19.355503,"hdg":250,"snapHdg":250,"speedKmh":12,"exploring":false,"source":"drive_marker_sv_60fps"}
06-04 20:05:45.932 I/ReactNativeJS(30359): [VROOM-TEL] 2026-06-04T18:05:45.932Z | DRIVE_TRACE_CAMERA | {"t":1780596345932,"seq":164,"gpsTickId":1780596345888,"gpsTickAgeMs":40,"lat":51.359495,"lng":19.355503,"hdg":250,"speedKmh":12.4,"exploring":false,"frameMoveM":0}
06-04 20:05:46.212 I/ReactNativeJS(30359): [VROOM-TEL] 2026-06-04T18:05:46.212Z | CAMERA_HEADING | {"t":1780596346212,"speedKmh":12,"movedM":0.87,"moveBearing":null,"snapHdg":244,"headingOut":244,"flipFromPrevDeg":0,"lookaheadM":0,"nativeFollow":true}
06-04 20:05:46.246 I/ReactNativeJS(30359): [VROOM-TEL] 2026-06-04T18:05:46.246Z | DRIVE_TRACE_CAMERA | {"t":1780596346246,"seq":165,"gpsTickId":1780596345888,"gpsTickAgeMs":354,"lat":51.359596,"lng":19.355688,"hdg":244,"speedKmh":12.4,"exploring":false,"frameMoveM":0}
06-04 20:05:46.546 I/ReactNativeJS(30359): [VROOM-TEL] 2026-06-04T18:05:46.546Z | DRIVE_TRACE_CAMERA | {"t":1780596346546,"seq":166,"gpsTickId":1780596345888,"gpsTickAgeMs":654,"lat":51.359686,"lng":19.355855,"hdg":244,"speedKmh":12.4,"exploring":false,"frameMoveM":0}
06-04 20:05:46.746 I/ReactNativeJS(30359): [VROOM-TEL] 2026-06-04T18:05:46.746Z | CAM_FOLLOW_PUSH | {"t":1780596346746,"lat":51.359747,"lng":19.355967,"hdg":244,"snapHdg":244,"speedKmh":12,"exploring":false,"source":"drive_marker_sv_60fps"}
06-04 20:05:46.846 I/ReactNativeJS(30359): [VROOM-TEL] 2026-06-04T18:05:46.846Z | DRIVE_TRACE_CAMERA | {"t":1780596346846,"seq":167,"gpsTickId":1780596345888,"gpsTickAgeMs":954,"lat":51.359777,"lng":19.356022,"hdg":244,"speedKmh":12.4,"exploring":false,"frameMoveM":0}
06-04 20:05:46.975 I/ReactNativeJS(30359): [VROOM-TEL] 2026-06-04T18:05:46.975Z | RAW_GPS_TICK | {"t":1780596346975,"gpsTickId":1780596346954,"gpsTickAgeMs":0,"lat":51.359373,"lng":19.35535,"speed":7.85,"speedKmh":28.3,"accuracy":6,"osTimestamp":1780596346954,"tripActive":true,"appState":"active"}
06-04 20:05:46.975 I/ReactNativeJS(30359): [VROOM-TEL] 2026-06-04T18:05:46.975Z | DRIVE_TRACE_RAW | {"t":1780596346975,"seq":168,"gpsTickId":1780596346954,"gpsTickAgeMs":0,"rawLat":51.359373,"rawLng":19.35535,"accM":6,"speedKmh":28.3,"speedMs":7.9,"heading":179,"tripActive":true,"driving":true,"navigating":false,"osTimestamp":1780596346954}
06-04 20:05:46.975 I/ReactNativeJS(30359): [VROOM-TEL] 2026-06-04T18:05:46.975Z | DRIVE_API | {"allow":false,"trigger":null,"crossTrackM":68,"buffered":3,"throttleBlocked":true}
06-04 20:05:46.976 I/ReactNativeJS(30359): [VROOM-TEL] 2026-06-04T18:05:46.976Z | MARKER_STUCK | {"t":1780596346976,"markerRawGapM":78,"hudKmh":28,"snapLat":51.35985,"rawLat":51.35937}
06-04 20:05:46.977 I/ReactNativeJS(30359): [VROOM-TEL] 2026-06-04T18:05:46.977Z | DRIVE_TRACE_FEED | {"t":1780596346977,"seq":169,"gpsTickId":1780596346954,"gpsTickAgeMs":2,"lat":51.359852,"lng":19.356161,"hdg":213,"durationMs":1292,"speedKmh":28.3}
06-04 20:05:46.977 I/ReactNativeJS(30359): [VROOM-TEL] 2026-06-04T18:05:46.977Z | TRIP_SEGMENT_REJECT | {"t":1780596346977,"reason":"jitter","dtSec":1.1,"speedKmh":28.3}
06-04 20:05:46.977 I/ReactNativeJS(30359): [VROOM-TEL] 2026-06-04T18:05:46.977Z | DRIVE_TRACE_TICK | {"t":1780596346977,"seq":170,"gpsTickId":1780596346954,"gpsTickAgeMs":2,"rawLat":51.359373,"rawLng":19.35535,"snapLat":51.359852,"snapLng":19.356161,"markerLat":51.359852,"markerLng":19.356161,"markerHdg":213,"markerSvLat":51.359815,"markerSvLng":19.356092,"markerSvHdg":244,"accM":6,"hudKmh":28.3,"engineKmh":4.1,"dopplerKmh":28.3,"feedDurMs":1292,"cadenceMs":1435,"feedSpeedMs":7.9,"isNavigating":false,"isFreeDrive":true,"isMoving":true,"feedSkipGate":false,"feedAccepted":true,"feedHeadingOnly":false,"source":"drive_core_v2"}
06-04 20:05:46.977 I/ReactNativeJS(30359): [VROOM-TEL] 2026-06-04T18:05:46.977Z | GPS_ACCEPT | {"lat":51.359373,"lng":19.35535,"acc":6,"speedKmh":39.1,"gpsLock":true}
06-04 20:05:47.154 I/ReactNativeJS(30359): [VROOM-TEL] 2026-06-04T18:05:47.154Z | DRIVE_TRACE_CAMERA | {"t":1780596347154,"seq":171,"gpsTickId":1780596346954,"gpsTickAgeMs":179,"lat":51.35982,"lng":19.356102,"hdg":213,"speedKmh":28.3,"exploring":false,"frameMoveM":0}
06-04 20:05:47.312 I/ReactNativeJS(30359): [VROOM-TEL] 2026-06-04T18:05:47.312Z | CAMERA_HEADING | {"t":1780596347312,"speedKmh":28,"movedM":0.09,"moveBearing":null,"snapHdg":213,"headingOut":213,"flipFromPrevDeg":0,"lookaheadM":25,"nativeFollow":true}
06-04 20:05:47.462 I/ReactNativeJS(30359): [VROOM-TEL] 2026-06-04T18:05:47.462Z | DRIVE_TRACE_CAMERA | {"t":1780596347462,"seq":172,"gpsTickId":1780596346954,"gpsTickAgeMs":487,"lat":51.35983,"lng":19.35612,"hdg":213,"speedKmh":28.3,"exploring":false,"frameMoveM":0}
06-04 20:05:47.592 I/ReactNativeJS(30359): [VROOM-TEL] 2026-06-04T18:05:47.592Z | CAM_FOLLOW_PUSH | {"t":1780596347592,"lat":51.359832,"lng":19.356125,"hdg":213,"snapHdg":213,"speedKmh":28,"exploring":false,"source":"drive_marker_sv_60fps"}
06-04 20:05:47.763 I/ReactNativeJS(30359): [VROOM-TEL] 2026-06-04T18:05:47.762Z | DRIVE_TRACE_CAMERA | {"t":1780596347762,"seq":173,"gpsTickId":1780596346954,"gpsTickAgeMs":787,"lat":51.359839,"lng":19.356137,"hdg":213,"speedKmh":28.3,"exploring":false,"frameMoveM":0}
06-04 20:05:47.975 I/ReactNativeJS(30359): [VROOM-TEL] 2026-06-04T18:05:47.975Z | RAW_GPS_TICK | {"t":1780596347975,"gpsTickId":1780596347955,"gpsTickAgeMs":0,"lat":51.359279,"lng":19.355359,"speed":9.58,"speedKmh":34.5,"accuracy":6,"osTimestamp":1780596347955,"tripActive":true,"appState":"active"}
06-04 20:05:47.976 I/ReactNativeJS(30359): [VROOM-TEL] 2026-06-04T18:05:47.976Z | DRIVE_TRACE_RAW | {"t":1780596347976,"seq":174,"gpsTickId":1780596347955,"gpsTickAgeMs":1,"rawLat":51.359279,"rawLng":19.355359,"accM":6,"speedKmh":34.5,"speedMs":9.6,"heading":179,"tripActive":true,"driving":true,"navigating":false,"osTimestamp":1780596347955}
06-04 20:05:47.976 I/ReactNativeJS(30359): [VROOM-TEL] 2026-06-04T18:05:47.976Z | DRIVE_API | {"allow":false,"trigger":null,"crossTrackM":74.6,"buffered":4,"throttleBlocked":true}
06-04 20:05:47.977 I/ReactNativeJS(30359): [VROOM-TEL] 2026-06-04T18:05:47.977Z | DRIVE_TRACE_FEED | {"t":1780596347977,"seq":175,"gpsTickId":1780596347955,"gpsTickAgeMs":2,"lat":51.359852,"lng":19.356161,"hdg":183,"durationMs":1155,"speedKmh":34.5}
06-04 20:05:47.977 I/ReactNativeJS(30359): [VROOM-TEL] 2026-06-04T18:05:47.977Z | DRIVE_TRACE_TICK | {"t":1780596347977,"seq":176,"gpsTickId":1780596347955,"gpsTickAgeMs":2,"rawLat":51.359279,"rawLng":19.355359,"snapLat":51.359852,"snapLng":19.356161,"markerLat":51.359852,"markerLng":19.356161,"markerHdg":183,"markerSvLat":51.359846,"markerSvLng":19.356149,"markerSvHdg":213,"accM":6,"hudKmh":34.5,"engineKmh":4.1,"dopplerKmh":34.5,"feedDurMs":1155,"cadenceMs":1283,"feedSpeedMs":9.6,"isNavigating":false,"isFreeDrive":true,"isMoving":true,"feedSkipGate":false,"feedAccepted":true,"feedHeadingOnly":false,"source":"drive_core_v2"}
06-04 20:05:47.977 I/ReactNativeJS(30359): [VROOM-TEL] 2026-06-04T18:05:47.977Z | GPS_ACCEPT | {"lat":51.359279,"lng":19.355359,"acc":6,"speedKmh":37.7,"gpsLock":true}
06-04 20:05:48.068 I/ReactNativeJS(30359): [VROOM-TEL] 2026-06-04T18:05:48.068Z | DRIVE_TRACE_CAMERA | {"t":1780596348068,"seq":177,"gpsTickId":1780596347955,"gpsTickAgeMs":93,"lat":51.359846,"lng":19.35615,"hdg":193,"speedKmh":34.5,"exploring":false,"frameMoveM":0}
06-04 20:05:48.381 I/ReactNativeJS(30359): [VROOM-TEL] 2026-06-04T18:05:48.381Z | DRIVE_TRACE_CAMERA | {"t":1780596348381,"seq":178,"gpsTickId":1780596347955,"gpsTickAgeMs":406,"lat":51.359848,"lng":19.356153,"hdg":183,"speedKmh":34.5,"exploring":false,"frameMoveM":0}
06-04 20:05:48.396 I/ReactNativeJS(30359): [VROOM-TEL] 2026-06-04T18:05:48.396Z | CAM_FOLLOW_PUSH | {"t":1780596348396,"lat":51.359848,"lng":19.356153,"hdg":183,"snapHdg":183,"speedKmh":34,"exploring":false,"source":"drive_marker_sv_60fps"}
06-04 20:05:48.412 I/ReactNativeJS(30359): [VROOM-TEL] 2026-06-04T18:05:48.412Z | CAMERA_HEADING | {"t":1780596348412,"speedKmh":34,"movedM":0.02,"moveBearing":null,"snapHdg":183,"headingOut":183,"flipFromPrevDeg":0,"lookaheadM":30,"nativeFollow":true}
06-04 20:05:48.696 I/ReactNativeJS(30359): [VROOM-TEL] 2026-06-04T18:05:48.696Z | DRIVE_TRACE_CAMERA | {"t":1780596348696,"seq":179,"gpsTickId":1780596347955,"gpsTickAgeMs":721,"lat":51.35985,"lng":19.356156,"hdg":183,"speedKmh":34.5,"exploring":false,"frameMoveM":0}
06-04 20:05:48.985 I/ReactNativeJS(30359): [VROOM-TEL] 2026-06-04T18:05:48.985Z | RAW_GPS_TICK | {"t":1780596348985,"gpsTickId":1780596348955,"gpsTickAgeMs":0,"lat":51.359187,"lng":19.355362,"speed":9.65,"speedKmh":34.7,"accuracy":6,"osTimestamp":1780596348955,"tripActive":true,"appState":"active"}
06-04 20:05:48.985 I/ReactNativeJS(30359): [VROOM-TEL] 2026-06-04T18:05:48.985Z | DRIVE_TRACE_RAW | {"t":1780596348985,"seq":180,"gpsTickId":1780596348955,"gpsTickAgeMs":0,"rawLat":51.359187,"rawLng":19.355362,"accM":6,"speedKmh":34.7,"speedMs":9.6,"heading":179,"tripActive":true,"driving":true,"navigating":false,"osTimestamp":1780596348955}
06-04 20:05:48.985 I/ReactNativeJS(30359): [VROOM-TEL] 2026-06-04T18:05:48.985Z | DRIVE_API | {"allow":true,"trigger":"no_cache","crossTrackM":82.2,"buffered":5,"throttleBlocked":false}
06-04 20:05:48.986 I/ReactNativeJS(30359): [VROOM-TEL] 2026-06-04T18:05:48.986Z | MARKER_STUCK | {"t":1780596348986,"markerRawGapM":92,"hudKmh":35,"snapLat":51.35985,"rawLat":51.35919}
06-04 20:05:48.989 I/ReactNativeJS(30359): [VROOM-TEL] 2026-06-04T18:05:48.989Z | DRIVE_TRACE_FEED | {"t":1780596348989,"seq":181,"gpsTickId":1780596348955,"gpsTickAgeMs":4,"lat":51.359852,"lng":19.356161,"hdg":178,"durationMs":1068,"speedKmh":34.7}
06-04 20:05:48.989 I/ReactNativeJS(30359): [VROOM-TEL] 2026-06-04T18:05:48.989Z | DRIVE_TRACE_TICK | {"t":1780596348989,"seq":182,"gpsTickId":1780596348955,"gpsTickAgeMs":4,"rawLat":51.359187,"rawLng":19.355362,"snapLat":51.359852,"snapLng":19.356161,"markerLat":51.359852,"markerLng":19.356161,"markerHdg":178,"markerSvLat":51.359851,"markerSvLng":19.35616,"markerSvHdg":183,"accM":6,"hudKmh":34.7,"engineKmh":0,"dopplerKmh":34.7,"feedDurMs":1068,"cadenceMs":1187,"feedSpeedMs":9.6,"isNavigating":false,"isFreeDrive":true,"isMoving":true,"feedSkipGate":false,"feedAccepted":true,"feedHeadingOnly":false,"source":"drive_core_v2"}
06-04 20:05:48.989 I/ReactNativeJS(30359): [VROOM-TEL] 2026-06-04T18:05:48.989Z | GPS_ACCEPT | {"lat":51.359187,"lng":19.355362,"acc":6,"speedKmh":36.3,"gpsLock":true}
06-04 20:05:49.011 I/ReactNativeJS(30359): [VROOM-TEL] 2026-06-04T18:05:49.011Z | DRIVE_TRACE_CAMERA | {"t":1780596349011,"seq":183,"gpsTickId":1780596348955,"gpsTickAgeMs":26,"lat":51.359852,"lng":19.356161,"hdg":183,"speedKmh":34.7,"exploring":false,"frameMoveM":0}
06-04 20:05:49.196 I/ReactNativeJS(30359): [VROOM-TEL] 2026-06-04T18:05:49.196Z | CAM_FOLLOW_PUSH | {"t":1780596349196,"lat":51.359834,"lng":19.356159,"hdg":183,"snapHdg":183,"speedKmh":35,"exploring":false,"source":"drive_marker_sv_60fps"}
06-04 20:05:49.275 I/ReactNativeJS(30359): [VROOM-TEL] 2026-06-04T18:05:49.275Z | ROAD_MATCH_SOFT_APPLY_V2 | {"t":1780596349275,"pts":7,"shiftM":92}
06-04 20:05:49.275 I/ReactNativeJS(30359): [VROOM-TEL] 2026-06-04T18:05:49.275Z | ROAD_MATCH_SOFT_APPLY | {"pts":7,"shiftM":92}
06-04 20:05:49.275 I/ReactNativeJS(30359): [VROOM-TEL] 2026-06-04T18:05:49.275Z | DRIVE_API | {"allow":false,"trigger":null,"crossTrackM":0.3,"buffered":1,"throttleBlocked":true}
06-04 20:05:49.277 I/ReactNativeJS(30359): [VROOM-TEL] 2026-06-04T18:05:49.277Z | DRIVE_TRACE_FEED | {"t":1780596349277,"seq":184,"gpsTickId":1780596348955,"gpsTickAgeMs":292,"lat":51.359484,"lng":19.355448,"hdg":178,"durationMs":1200,"speedKmh":0}
06-04 20:05:49.277 I/ReactNativeJS(30359): [VROOM-TEL] 2026-06-04T18:05:49.277Z | DRIVE_TRACE_TICK | {"t":1780596349277,"seq":185,"gpsTickId":1780596348955,"gpsTickAgeMs":292,"rawLat":51.359187,"rawLng":19.355362,"snapLat":51.359484,"snapLng":19.355448,"markerLat":51.359484,"markerLng":19.355448,"markerHdg":178,"markerSvLat":51.359828,"markerSvLng":19.356159,"markerSvHdg":183,"accM":12,"hudKmh":0,"engineKmh":0,"dopplerKmh":0,"feedDurMs":1200,"cadenceMs":1187,"feedSpeedMs":0,"isNavigating":false,"isFreeDrive":true,"isMoving":true,"feedSkipGate":false,"feedAccepted":true,"feedHeadingOnly":false,"source":"drive_core_v2"}
06-04 20:05:49.313 I/ReactNativeJS(30359): [VROOM-TEL] 2026-06-04T18:05:49.313Z | DRIVE_TRACE_CAMERA | {"t":1780596349313,"seq":186,"gpsTickId":1780596348955,"gpsTickAgeMs":328,"lat":51.359824,"lng":19.356152,"hdg":183,"speedKmh":0,"exploring":false,"frameMoveM":0}
06-04 20:05:49.521 I/ReactNativeJS(30359): [VROOM-TEL] 2026-06-04T18:05:49.521Z | CAMERA_HEADING | {"t":1780596349521,"speedKmh":0,"movedM":0.83,"moveBearing":null,"snapHdg":183,"headingOut":183,"flipFromPrevDeg":0,"lookaheadM":0,"nativeFollow":true}
06-04 20:05:49.621 I/ReactNativeJS(30359): [VROOM-TEL] 2026-06-04T18:05:49.621Z | DRIVE_TRACE_CAMERA | {"t":1780596349621,"seq":187,"gpsTickId":1780596348955,"gpsTickAgeMs":636,"lat":51.359729,"lng":19.355954,"hdg":183,"speedKmh":0,"exploring":false,"frameMoveM":0}
06-04 20:05:49.921 I/ReactNativeJS(30359): [VROOM-TEL] 2026-06-04T18:05:49.921Z | DRIVE_TRACE_CAMERA | {"t":1780596349921,"seq":188,"gpsTickId":1780596348955,"gpsTickAgeMs":936,"lat":51.359643,"lng":19.355777,"hdg":183,"speedKmh":0,"exploring":false,"frameMoveM":0}
06-04 20:05:49.998 I/ReactNativeJS(30359): [VROOM-TEL] 2026-06-04T18:05:49.998Z | CAM_FOLLOW_PUSH | {"t":1780596349998,"lat":51.359638,"lng":19.355767,"hdg":183,"snapHdg":183,"speedKmh":0,"exploring":false,"source":"drive_marker_sv_60fps"}
06-04 20:05:49.999 I/ReactNativeJS(30359): [VROOM-TEL] 2026-06-04T18:05:49.999Z | RAW_GPS_TICK | {"t":1780596349999,"gpsTickId":1780596349955,"gpsTickAgeMs":0,"lat":51.359085,"lng":19.355366,"speed":11.29,"speedKmh":40.6,"accuracy":5,"osTimestamp":1780596349955,"tripActive":true,"appState":"active"}
06-04 20:05:49.999 I/ReactNativeJS(30359): [VROOM-TEL] 2026-06-04T18:05:49.999Z | DRIVE_TRACE_RAW | {"t":1780596349999,"seq":189,"gpsTickId":1780596349955,"gpsTickAgeMs":0,"rawLat":51.359085,"rawLng":19.355366,"accM":5,"speedKmh":40.6,"speedMs":11.3,"heading":179,"tripActive":true,"driving":true,"navigating":false,"osTimestamp":1780596349955}
06-04 20:05:49.999 I/ReactNativeJS(30359): [VROOM-TEL] 2026-06-04T18:05:49.999Z | ROAD_MATCH_SOFT_APPLY | {"pts":2,"shiftM":92}
06-04 20:05:49.999 I/ReactNativeJS(30359): [VROOM-TEL] 2026-06-04T18:05:49.999Z | DRIVE_API | {"allow":false,"trigger":null,"crossTrackM":91.3,"buffered":2,"throttleBlocked":true}
06-04 20:05:49.999 I/ReactNativeJS(30359): [VROOM-TEL] 2026-06-04T18:05:49.999Z | DRIVE_TRACE_FEED | {"t":1780596349999,"seq":190,"gpsTickId":1780596349955,"gpsTickAgeMs":0,"lat":51.359852,"lng":19.356161,"hdg":179,"durationMs":1200,"speedKmh":40.6}
06-04 20:05:49.999 I/ReactNativeJS(30359): [VROOM-TEL] 2026-06-04T18:05:49.999Z | DRIVE_TRACE_TICK | {"t":1780596349999,"seq":191,"gpsTickId":1780596349955,"gpsTickAgeMs":0,"rawLat":51.359085,"rawLng":19.355366,"snapLat":51.359852,"snapLng":19.356161,"markerLat":51.359852,"markerLng":19.356161,"markerHdg":179,"markerSvLat":51.359622,"markerSvLng":19.355733,"markerSvHdg":183,"accM":5,"hudKmh":40.6,"engineKmh":6.3,"dopplerKmh":40.6,"feedDurMs":1200,"cadenceMs":1126,"feedSpeedMs":11.3,"isNavigating":false,"isFreeDrive":true,"isMoving":true,"feedSkipGate":false,"feedAccepted":true,"feedHeadingOnly":false,"source":"drive_core_v2"}
06-04 20:05:49.999 I/ReactNativeJS(30359): [VROOM-TEL] 2026-06-04T18:05:49.999Z | GPS_ACCEPT | {"lat":51.359085,"lng":19.355366,"acc":5,"speedKmh":40.6,"gpsLock":true}
06-04 20:05:50.098 I/ReactNativeJS(30359): [VROOM-TEL] 2026-06-04T18:05:50.098Z | DRIVE_TRACE_HEARTBEAT | {"t":1780596350098,"seq":192,"gpsTickId":1780596349955,"gpsTickAgeMs":99,"driving":true,"navigating":false,"tripActive":true,"lat":51.359085,"lng":19.3553663,"gpsAgeMs":99}
06-04 20:05:50.242 I/ReactNativeJS(30359): [VROOM-TEL] 2026-06-04T18:05:50.242Z | DRIVE_TRACE_CAMERA | {"t":1780596350242,"seq":193,"gpsTickId":1780596349955,"gpsTickAgeMs":243,"lat":51.359667,"lng":19.355818,"hdg":183,"speedKmh":40.6,"exploring":false,"frameMoveM":0}
06-04 20:05:50.547 I/ReactNativeJS(30359): [VROOM-TEL] 2026-06-04T18:05:50.546Z | DRIVE_TRACE_CAMERA | {"t":1780596350546,"seq":194,"gpsTickId":1780596349955,"gpsTickAgeMs":547,"lat":51.359727,"lng":19.355928,"hdg":183,"speedKmh":40.6,"exploring":false,"frameMoveM":0}
06-04 20:05:50.629 I/ReactNativeJS(30359): [VROOM-TEL] 2026-06-04T18:05:50.629Z | CAMERA_HEADING | {"t":1780596350629,"speedKmh":41,"movedM":0.56,"moveBearing":null,"snapHdg":183,"headingOut":183,"flipFromPrevDeg":0,"lookaheadM":35,"nativeFollow":true}
06-04 20:05:50.816 I/ReactNativeJS(30359): [VROOM-TEL] 2026-06-04T18:05:50.815Z | CAM_FOLLOW_PUSH | {"t":1780596350815,"lat":51.359778,"lng":19.356023,"hdg":183,"snapHdg":183,"speedKmh":41,"exploring":false,"source":"drive_marker_sv_60fps"}
06-04 20:05:50.847 I/ReactNativeJS(30359): [VROOM-TEL] 2026-06-04T18:05:50.847Z | DRIVE_TRACE_CAMERA | {"t":1780596350847,"seq":195,"gpsTickId":1780596349955,"gpsTickAgeMs":848,"lat":51.359784,"lng":19.356035,"hdg":183,"speedKmh":40.6,"exploring":false,"frameMoveM":0}
06-04 20:05:50.975 I/ReactNativeJS(30359): [VROOM-TEL] 2026-06-04T18:05:50.975Z | RAW_GPS_TICK | {"t":1780596350975,"gpsTickId":1780596350953,"gpsTickAgeMs":0,"lat":51.358966,"lng":19.355366,"speed":13.04,"speedKmh":46.9,"accuracy":4,"osTimestamp":1780596350953,"tripActive":true,"appState":"active"}
06-04 20:05:50.975 I/ReactNativeJS(30359): [VROOM-TEL] 2026-06-04T18:05:50.975Z | DRIVE_TRACE_RAW | {"t":1780596350975,"seq":196,"gpsTickId":1780596350953,"gpsTickAgeMs":0,"rawLat":51.358966,"rawLng":19.355366,"accM":4,"speedKmh":46.9,"speedMs":13,"heading":180,"tripActive":true,"driving":true,"navigating":false,"osTimestamp":1780596350953}
06-04 20:05:50.975 I/ReactNativeJS(30359): [VROOM-TEL] 2026-06-04T18:05:50.975Z | DRIVE_API | {"allow":false,"trigger":null,"crossTrackM":65.5,"buffered":3,"throttleBlocked":true}
06-04 20:05:50.975 I/ReactNativeJS(30359): [VROOM-TEL] 2026-06-04T18:05:50.975Z | MARKER_STUCK | {"t":1780596350975,"markerRawGapM":113,"hudKmh":47,"snapLat":51.35985,"rawLat":51.35897}
06-04 20:05:50.976 I/ReactNativeJS(30359): [VROOM-TEL] 2026-06-04T18:05:50.976Z | DRIVE_TRACE_FEED | {"t":1780596350976,"seq":197,"gpsTickId":1780596350953,"gpsTickAgeMs":1,"lat":51.359852,"lng":19.356161,"hdg":179,"durationMs":967,"speedKmh":46.9}
06-04 20:05:50.977 I/ReactNativeJS(30359): [VROOM-TEL] 2026-06-04T18:05:50.976Z | DRIVE_TRACE_TICK | {"t":1780596350976,"seq":198,"gpsTickId":1780596350953,"gpsTickAgeMs":1,"rawLat":51.358966,"rawLng":19.355366,"snapLat":51.359852,"snapLng":19.356161,"markerLat":51.359852,"markerLng":19.356161,"markerHdg":179,"markerSvLat":51.359808,"markerSvLng":19.356079,"markerSvHdg":183,"accM":4,"hudKmh":46.9,"engineKmh":6.3,"dopplerKmh":46.9,"feedDurMs":967,"cadenceMs":1074,"feedSpeedMs":13,"isNavigating":false,"isFreeDrive":true,"isMoving":true,"feedSkipGate":false,"feedAccepted":true,"feedHeadingOnly":false,"source":"drive_core_v2"}
06-04 20:05:50.977 I/ReactNativeJS(30359): [VROOM-TEL] 2026-06-04T18:05:50.977Z | GPS_ACCEPT | {"lat":51.358966,"lng":19.355366,"acc":4,"speedKmh":48.8,"gpsLock":true}
06-04 20:05:51.162 I/ReactNativeJS(30359): [VROOM-TEL] 2026-06-04T18:05:51.162Z | DRIVE_TRACE_CAMERA | {"t":1780596351162,"seq":199,"gpsTickId":1780596350953,"gpsTickAgeMs":187,"lat":51.359817,"lng":19.356095,"hdg":183,"speedKmh":46.9,"exploring":false,"frameMoveM":0}
06-04 20:05:51.463 I/ReactNativeJS(30359): [VROOM-TEL] 2026-06-04T18:05:51.462Z | DRIVE_TRACE_CAMERA | {"t":1780596351462,"seq":200,"gpsTickId":1780596350953,"gpsTickAgeMs":487,"lat":51.35983,"lng":19.35612,"hdg":183,"speedKmh":46.9,"exploring":false,"frameMoveM":0}
06-04 20:05:51.629 I/ReactNativeJS(30359): [VROOM-TEL] 2026-06-04T18:05:51.629Z | CAM_FOLLOW_PUSH | {"t":1780596351629,"lat":51.359838,"lng":19.356134,"hdg":183,"snapHdg":183,"speedKmh":47,"exploring":false,"source":"drive_marker_sv_60fps"}
06-04 20:05:51.730 I/ReactNativeJS(30359): [VROOM-TEL] 2026-06-04T18:05:51.730Z | CAMERA_HEADING | {"t":1780596351730,"speedKmh":47,"movedM":0.13,"moveBearing":null,"snapHdg":183,"headingOut":183,"flipFromPrevDeg":0,"lookaheadM":41,"nativeFollow":true}
06-04 20:05:51.769 I/ReactNativeJS(30359): [VROOM-TEL] 2026-06-04T18:05:51.769Z | DRIVE_TRACE_CAMERA | {"t":1780596351769,"seq":201,"gpsTickId":1780596350953,"gpsTickAgeMs":794,"lat":51.359844,"lng":19.356146,"hdg":183,"speedKmh":46.9,"exploring":false,"frameMoveM":0}
06-04 20:05:51.975 I/ReactNativeJS(30359): [VROOM-TEL] 2026-06-04T18:05:51.975Z | RAW_GPS_TICK | {"t":1780596351975,"gpsTickId":1780596351954,"gpsTickAgeMs":0,"lat":51.358849,"lng":19.355365,"speed":13,"speedKmh":46.8,"accuracy":4,"osTimestamp":1780596351954,"tripActive":true,"appState":"active"}
06-04 20:05:51.975 I/ReactNativeJS(30359): [VROOM-TEL] 2026-06-04T18:05:51.975Z | DRIVE_TRACE_RAW | {"t":1780596351975,"seq":202,"gpsTickId":1780596351954,"gpsTickAgeMs":0,"rawLat":51.358849,"rawLng":19.355365,"accM":4,"speedKmh":46.8,"speedMs":13,"heading":180,"tripActive":true,"driving":true,"navigating":false,"osTimestamp":1780596351954}
06-04 20:05:51.975 I/ReactNativeJS(30359): [VROOM-TEL] 2026-06-04T18:05:51.975Z | DRIVE_API | {"allow":false,"trigger":null,"crossTrackM":32.2,"buffered":4,"throttleBlocked":true}
06-04 20:05:51.976 I/ReactNativeJS(30359): [VROOM-TEL] 2026-06-04T18:05:51.976Z | DRIVE_TRACE_FEED | {"t":1780596351976,"seq":203,"gpsTickId":1780596351954,"gpsTickAgeMs":1,"lat":51.359852,"lng":19.356161,"hdg":180,"durationMs":943,"speedKmh":46.8}
06-04 20:05:51.977 I/ReactNativeJS(30359): [VROOM-TEL] 2026-06-04T18:05:51.977Z | DRIVE_TRACE_TICK | {"t":1780596351977,"seq":204,"gpsTickId":1780596351954,"gpsTickAgeMs":2,"rawLat":51.358849,"rawLng":19.355365,"snapLat":51.359852,"snapLng":19.356161,"markerLat":51.359852,"markerLng":19.356161,"markerHdg":180,"markerSvLat":51.359852,"markerSvLng":19.356161,"markerSvHdg":183,"accM":4,"hudKmh":46.8,"engineKmh":6.3,"dopplerKmh":46.8,"feedDurMs":943,"cadenceMs":1048,"feedSpeedMs":13,"isNavigating":false,"isFreeDrive":true,"isMoving":true,"feedSkipGate":false,"feedAccepted":true,"feedHeadingOnly":false,"source":"drive_core_v2"}
06-04 20:05:51.977 I/ReactNativeJS(30359): [VROOM-TEL] 2026-06-04T18:05:51.977Z | GPS_ACCEPT | {"lat":51.358849,"lng":19.355365,"acc":4,"speedKmh":47,"gpsLock":true}
06-04 20:05:52.070 I/ReactNativeJS(30359): [VROOM-TEL] 2026-06-04T18:05:52.070Z | DRIVE_TRACE_CAMERA | {"t":1780596352070,"seq":205,"gpsTickId":1780596351954,"gpsTickAgeMs":95,"lat":51.35984,"lng":19.35616,"hdg":183,"speedKmh":46.8,"exploring":false,"frameMoveM":0}
06-04 20:05:52.371 I/ReactNativeJS(30359): [VROOM-TEL] 2026-06-04T18:05:52.371Z | DRIVE_TRACE_CAMERA | {"t":1780596352371,"seq":206,"gpsTickId":1780596351954,"gpsTickAgeMs":396,"lat":51.359805,"lng":19.356157,"hdg":183,"speedKmh":46.8,"exploring":false,"frameMoveM":0}
06-04 20:05:52.438 I/ReactNativeJS(30359): [VROOM-TEL] 2026-06-04T18:05:52.438Z | CAM_FOLLOW_PUSH | {"t":1780596352438,"lat":51.359798,"lng":19.356156,"hdg":183,"snapHdg":183,"speedKmh":47,"exploring":false,"source":"drive_marker_sv_60fps"}
06-04 20:05:52.671 I/ReactNativeJS(30359): [VROOM-TEL] 2026-06-04T18:05:52.671Z | DRIVE_TRACE_CAMERA | {"t":1780596352671,"seq":207,"gpsTickId":1780596351954,"gpsTickAgeMs":696,"lat":51.35977,"lng":19.356154,"hdg":183,"speedKmh":46.8,"exploring":false,"frameMoveM":0}
06-04 20:05:52.837 I/ReactNativeJS(30359): [VROOM-TEL] 2026-06-04T18:05:52.837Z | CAMERA_HEADING | {"t":1780596352837,"speedKmh":47,"movedM":0.22,"moveBearing":null,"snapHdg":183,"headingOut":183,"flipFromPrevDeg":0,"lookaheadM":41,"nativeFollow":true}
06-04 20:05:52.979 I/ReactNativeJS(30359): [VROOM-TEL] 2026-06-04T18:05:52.979Z | RAW_GPS_TICK | {"t":1780596352979,"gpsTickId":1780596352954,"gpsTickAgeMs":0,"lat":51.35873,"lng":19.355362,"speed":13.09,"speedKmh":47.1,"accuracy":4,"osTimestamp":1780596352954,"tripActive":true,"appState":"active"}
06-04 20:05:52.980 I/ReactNativeJS(30359): [VROOM-TEL] 2026-06-04T18:05:52.980Z | DRIVE_TRACE_RAW | {"t":1780596352980,"seq":208,"gpsTickId":1780596352954,"gpsTickAgeMs":1,"rawLat":51.35873,"rawLng":19.355362,"accM":4,"speedKmh":47.1,"speedMs":13.1,"heading":180,"tripActive":true,"driving":true,"navigating":false,"osTimestamp":1780596352954}
06-04 20:05:52.980 I/ReactNativeJS(30359): [VROOM-TEL] 2026-06-04T18:05:52.980Z | DRIVE_API | {"allow":false,"trigger":null,"crossTrackM":17.8,"buffered":5,"throttleBlocked":true}
06-04 20:05:52.980 I/ReactNativeJS(30359): [VROOM-TEL] 2026-06-04T18:05:52.980Z | MARKER_STUCK | {"t":1780596352980,"markerRawGapM":112,"hudKmh":47,"snapLat":51.35965,"rawLat":51.35873}
06-04 20:05:52.981 I/ReactNativeJS(30359): [VROOM-TEL] 2026-06-04T18:05:52.981Z | DRIVE_TRACE_FEED | {"t":1780596352981,"seq":209,"gpsTickId":1780596352954,"gpsTickAgeMs":2,"lat":51.359651,"lng":19.356018,"hdg":180,"durationMs":1200,"speedKmh":47.1}
06-04 20:05:52.981 I/ReactNativeJS(30359): [VROOM-TEL] 2026-06-04T18:05:52.981Z | DRIVE_TRACE_TICK | {"t":1780596352981,"seq":210,"gpsTickId":1780596352954,"gpsTickAgeMs":2,"rawLat":51.35873,"rawLng":19.355362,"snapLat":51.359651,"snapLng":19.356018,"markerLat":51.359651,"markerLng":19.356018,"markerHdg":180,"markerSvLat":51.359747,"markerSvLng":19.356152,"markerSvHdg":183,"accM":4,"hudKmh":47.1,"engineKmh":11.4,"dopplerKmh":47.1,"feedDurMs":1200,"cadenceMs":1033,"feedSpeedMs":13.1,"isNavigating":false,"isFreeDrive":true,"isMoving":true,"feedSkipGate":false,"feedAccepted":true,"feedHeadingOnly":false,"source":"drive_core_v2"}
06-04 20:05:52.981 I/ReactNativeJS(30359): [VROOM-TEL] 2026-06-04T18:05:52.981Z | GPS_ACCEPT | {"lat":51.35873,"lng":19.355362,"acc":4,"speedKmh":47.4,"gpsLock":true}
06-04 20:05:53.021 I/ReactNativeJS(30359): [VROOM-TEL] 2026-06-04T18:05:53.021Z | DRIVE_TRACE_CAMERA | {"t":1780596353021,"seq":211,"gpsTickId":1780596352954,"gpsTickAgeMs":42,"lat":51.359746,"lng":19.35615,"hdg":186,"speedKmh":47.1,"exploring":false,"frameMoveM":0}
06-04 20:05:53.246 I/ReactNativeJS(30359): [VROOM-TEL] 2026-06-04T18:05:53.246Z | CAM_FOLLOW_PUSH | {"t":1780596353246,"lat":51.359726,"lng":19.356122,"hdg":221,"snapHdg":221,"speedKmh":47,"exploring":false,"source":"drive_marker_sv_60fps"}
06-04 20:05:53.329 I/ReactNativeJS(30359): [VROOM-TEL] 2026-06-04T18:05:53.329Z | DRIVE_TRACE_CAMERA | {"t":1780596353329,"seq":212,"gpsTickId":1780596352954,"gpsTickAgeMs":350,"lat":51.359719,"lng":19.356113,"hdg":221,"speedKmh":47.1,"exploring":false,"frameMoveM":0}
06-04 20:05:53.629 I/ReactNativeJS(30359): [VROOM-TEL] 2026-06-04T18:05:53.629Z | DRIVE_TRACE_CAMERA | {"t":1780596353629,"seq":213,"gpsTickId":1780596352954,"gpsTickAgeMs":650,"lat":51.359695,"lng":19.35608,"hdg":221,"speedKmh":47.1,"exploring":false,"frameMoveM":0}
06-04 20:05:53.929 I/ReactNativeJS(30359): [VROOM-TEL] 2026-06-04T18:05:53.929Z | DRIVE_TRACE_CAMERA | {"t":1780596353929,"seq":214,"gpsTickId":1780596352954,"gpsTickAgeMs":950,"lat":51.359671,"lng":19.356046,"hdg":221,"speedKmh":47.1,"exploring":false,"frameMoveM":0}
06-04 20:05:53.945 I/ReactNativeJS(30359): [VROOM-TEL] 2026-06-04T18:05:53.945Z | CAMERA_HEADING | {"t":1780596353945,"speedKmh":47,"movedM":0.19,"moveBearing":null,"snapHdg":221,"headingOut":221,"flipFromPrevDeg":0,"lookaheadM":41,"nativeFollow":true}
06-04 20:05:53.975 I/ReactNativeJS(30359): [VROOM-TEL] 2026-06-04T18:05:53.975Z | RAW_GPS_TICK | {"t":1780596353975,"gpsTickId":1780596353954,"gpsTickAgeMs":0,"lat":51.358611,"lng":19.35536,"speed":13.17,"speedKmh":47.4,"accuracy":4,"osTimestamp":1780596353954,"tripActive":true,"appState":"active"}
06-04 20:05:53.975 I/ReactNativeJS(30359): [VROOM-TEL] 2026-06-04T18:05:53.975Z | DRIVE_TRACE_RAW | {"t":1780596353975,"seq":215,"gpsTickId":1780596353954,"gpsTickAgeMs":0,"rawLat":51.358611,"rawLng":19.35536,"accM":4,"speedKmh":47.4,"speedMs":13.2,"heading":180,"tripActive":true,"driving":true,"navigating":false,"osTimestamp":1780596353954}
06-04 20:05:53.975 I/ReactNativeJS(30359): [VROOM-TEL] 2026-06-04T18:05:53.975Z | DRIVE_API | {"allow":true,"trigger":"no_cache","crossTrackM":12.3,"buffered":6,"throttleBlocked":false}
06-04 20:05:53.976 I/ReactNativeJS(30359): [VROOM-TEL] 2026-06-04T18:05:53.976Z | DRIVE_TRACE_FEED | {"t":1780596353976,"seq":216,"gpsTickId":1780596353954,"gpsTickAgeMs":1,"lat":51.35948,"lng":19.355915,"hdg":181,"durationMs":1200,"speedKmh":47.4}
06-04 20:05:53.977 I/ReactNativeJS(30359): [VROOM-TEL] 2026-06-04T18:05:53.977Z | DRIVE_TRACE_TICK | {"t":1780596353977,"seq":217,"gpsTickId":1780596353954,"gpsTickAgeMs":2,"rawLat":51.358611,"rawLng":19.35536,"snapLat":51.35948,"snapLng":19.355915,"markerLat":51.35948,"markerLng":19.355915,"markerHdg":181,"markerSvLat":51.359668,"markerSvLng":19.356042,"markerSvHdg":221,"accM":4,"hudKmh":47.4,"engineKmh":24.6,"dopplerKmh":47.4,"feedDurMs":1200,"cadenceMs":1020,"feedSpeedMs":13.2,"isNavigating":false,"isFreeDrive":true,"isMoving":true,"feedSkipGate":false,"feedAccepted":true,"feedHeadingOnly":false,"source":"drive_core_v2"}
06-04 20:05:53.977 I/ReactNativeJS(30359): [VROOM-TEL] 2026-06-04T18:05:53.977Z | GPS_ACCEPT | {"lat":51.358611,"lng":19.35536,"acc":4,"speedKmh":47.6,"gpsLock":true}
06-04 20:05:54.062 I/ReactNativeJS(30359): [VROOM-TEL] 2026-06-04T18:05:54.062Z | CAM_FOLLOW_PUSH | {"t":1780596354062,"lat":51.359655,"lng":19.356033,"hdg":203,"snapHdg":203,"speedKmh":47,"exploring":false,"source":"drive_marker_sv_60fps"}
06-04 20:05:54.230 I/ReactNativeJS(30359): [VROOM-TEL] 2026-06-04T18:05:54.230Z | DRIVE_TRACE_CAMERA | {"t":1780596354230,"seq":218,"gpsTickId":1780596353954,"gpsTickAgeMs":255,"lat":51.359628,"lng":19.356015,"hdg":203,"speedKmh":47.4,"exploring":false,"frameMoveM":0}
06-04 20:05:54.397 I/ReactNativeJS(30359): [VROOM-TEL] 2026-06-04T18:05:54.397Z | ROAD_MATCH_SOFT_APPLY_V2 | {"t":1780596354397,"pts":10,"shiftM":148}
06-04 20:05:54.397 I/ReactNativeJS(30359): [VROOM-TEL] 2026-06-04T18:05:54.397Z | ROAD_MATCH_SOFT_APPLY | {"pts":10,"shiftM":148}
06-04 20:05:54.397 I/ReactNativeJS(30359): [VROOM-TEL] 2026-06-04T18:05:54.397Z | DRIVE_API | {"allow":false,"trigger":null,"crossTrackM":0.9,"buffered":1,"throttleBlocked":true}
06-04 20:05:54.399 I/ReactNativeJS(30359): [VROOM-TEL] 2026-06-04T18:05:54.399Z | DRIVE_TRACE_FEED | {"t":1780596354399,"seq":219,"gpsTickId":1780596353954,"gpsTickAgeMs":424,"lat":51.358869,"lng":19.35537,"hdg":181,"durationMs":1200,"speedKmh":13.1}
06-04 20:05:54.400 I/ReactNativeJS(30359): [VROOM-TEL] 2026-06-04T18:05:54.400Z | DRIVE_TRACE_TICK | {"t":1780596354400,"seq":220,"gpsTickId":1780596353954,"gpsTickAgeMs":425,"rawLat":51.358611,"rawLng":19.35536,"snapLat":51.358869,"snapLng":19.35537,"markerLat":51.358869,"markerLng":19.35537,"markerHdg":181,"markerSvLat":51.359603,"markerSvLng":19.355997,"markerSvHdg":203,"accM":12,"hudKmh":13.1,"engineKmh":13.1,"dopplerKmh":0,"feedDurMs":1200,"cadenceMs":1020,"feedSpeedMs":3.6,"isNavigating":false,"isFreeDrive":true,"isMoving":true,"feedSkipGate":false,"feedAccepted":true,"feedHeadingOnly":false,"source":"drive_core_v2"}
06-04 20:05:54.546 I/ReactNativeJS(30359): [VROOM-TEL] 2026-06-04T18:05:54.546Z | DRIVE_TRACE_CAMERA | {"t":1780596354546,"seq":221,"gpsTickId":1780596353954,"gpsTickAgeMs":571,"lat":51.359533,"lng":19.355938,"hdg":208,"speedKmh":13.1,"exploring":false,"frameMoveM":0}
06-04 20:05:54.652 I/ReactNativeJS(30359): [GPS] Resume flow (foreground)
06-04 20:05:54.653 I/ReactNativeJS(30359): [VROOM-TEL] 2026-06-04T18:05:54.653Z | CAMERA_RESYNC | {"lat":51.35887,"lng":19.35537}
06-04 20:05:54.653 I/ReactNativeJS(30359): [VROOM-TEL] 2026-06-04T18:05:54.653Z | RESUME_PROTOCOL | {"t":1780596354653,"bgPauseMs":75,"freezeMs":0,"jumpFromAnchorM":0,"instantSync":true,"lat":51.35887,"lng":19.35537}
06-04 20:05:54.653 I/ReactNativeJS(30359): [VROOM-TEL] 2026-06-04T18:05:54.653Z | RESUME_TRIP_ANCHOR | {"t":1780596354653,"lat":51.35887,"lng":19.35537,"bgPauseMs":75,"freezeMs":0,"instantSync":true,"v10":true,"isDriving":true}
06-04 20:05:54.653 I/ReactNativeJS(30359): [VROOM-TEL] 2026-06-04T18:05:54.653Z | ROAD_MATCH_SOFT_APPLY | {"pts":2,"shiftM":148}
06-04 20:05:54.653 I/ReactNativeJS(30359): [VROOM-TEL] 2026-06-04T18:05:54.653Z | DRIVE_TRACE_FEED | {"t":1780596354653,"seq":222,"gpsTickId":1780596353954,"gpsTickAgeMs":678,"lat":51.359852,"lng":19.356161,"hdg":181,"durationMs":1200,"speedKmh":0}
06-04 20:05:54.653 I/ReactNativeJS(30359): [VROOM-TEL] 2026-06-04T18:05:54.653Z | DRIVE_TRACE_TICK | {"t":1780596354653,"seq":223,"gpsTickId":1780596353954,"gpsTickAgeMs":678,"rawLat":51.358611,"rawLng":19.35536,"snapLat":51.359852,"snapLng":19.356161,"markerLat":51.359852,"markerLng":19.356161,"markerHdg":181,"markerSvLat":51.359452,"markerSvLng":19.355869,"markerSvHdg":208,"accM":12,"hudKmh":0,"engineKmh":0,"dopplerKmh":0,"feedDurMs":1200,"cadenceMs":1020,"feedSpeedMs":0,"isNavigating":false,"isFreeDrive":true,"isMoving":true,"feedSkipGate":false,"feedAccepted":true,"feedHeadingOnly":false,"source":"drive_core_v2"}
06-04 20:05:54.862 I/ReactNativeJS(30359): [VROOM-TEL] 2026-06-04T18:05:54.862Z | CAM_FOLLOW_PUSH | {"t":1780596354862,"lat":51.359522,"lng":19.35592,"hdg":203,"snapHdg":203,"speedKmh":0,"exploring":false,"source":"drive_marker_sv_60fps"}
06-04 20:05:54.862 I/ReactNativeJS(30359): [VROOM-TEL] 2026-06-04T18:05:54.862Z | DRIVE_TRACE_CAMERA | {"t":1780596354862,"seq":224,"gpsTickId":1780596353954,"gpsTickAgeMs":887,"lat":51.359522,"lng":19.35592,"hdg":203,"speedKmh":0,"exploring":false,"frameMoveM":0}
06-04 20:05:54.867 I/ReactNativeJS(30359): '[DrivingMapMatch] forceMatch snapped to road:', 2, 'pts'
06-04 20:05:54.867 I/ReactNativeJS(30359): [VROOM-TEL] 2026-06-04T18:05:54.867Z | ROAD_MATCH_SOFT_APPLY | {"pts":2,"shiftM":128}
06-04 20:05:54.867 I/ReactNativeJS(30359): [VROOM-TEL] 2026-06-04T18:05:54.867Z | DRIVE_TRACE_FEED | {"t":1780596354867,"seq":225,"gpsTickId":1780596353954,"gpsTickAgeMs":892,"lat":51.358857,"lng":19.355372,"hdg":181,"durationMs":1200,"speedKmh":0}
06-04 20:05:54.867 I/ReactNativeJS(30359): [VROOM-TEL] 2026-06-04T18:05:54.867Z | DRIVE_TRACE_TICK | {"t":1780596354867,"seq":226,"gpsTickId":1780596353954,"gpsTickAgeMs":892,"rawLat":51.358611,"rawLng":19.35536,"snapLat":51.358857,"snapLng":19.355372,"markerLat":51.358857,"markerLng":19.355372,"markerHdg":181,"markerSvLat":51.359522,"markerSvLng":19.35592,"markerSvHdg":203,"accM":12,"hudKmh":0,"engineKmh":0,"dopplerKmh":0,"feedDurMs":1200,"cadenceMs":1020,"feedSpeedMs":0,"isNavigating":false,"isFreeDrive":true,"isMoving":true,"feedSkipGate":false,"feedAccepted":true,"feedHeadingOnly":false,"source":"drive_core_v2"}
06-04 20:05:54.868 I/ReactNativeJS(30359): [VROOM-TEL] 2026-06-04T18:05:54.868Z | DRIVE_TRACE_FEED | {"t":1780596354868,"seq":227,"gpsTickId":1780596353954,"gpsTickAgeMs":893,"lat":51.358857,"lng":19.355364,"hdg":166,"durationMs":918,"speedKmh":0}
06-04 20:05:54.868 I/ReactNativeJS(30359): [VROOM-TEL] 2026-06-04T18:05:54.868Z | DRIVE_TRACE_TICK | {"t":1780596354868,"seq":228,"gpsTickId":1780596353954,"gpsTickAgeMs":893,"rawLat":51.358869,"rawLng":19.35537,"snapLat":51.358857,"snapLng":19.355364,"markerLat":51.358857,"markerLng":19.355364,"markerHdg":166,"markerSvLat":51.359522,"markerSvLng":19.35592,"markerSvHdg":203,"accM":12,"hudKmh":0,"engineKmh":0,"dopplerKmh":0,"feedDurMs":918,"cadenceMs":1020,"feedSpeedMs":0,"isNavigating":false,"isFreeDrive":true,"isMoving":true,"feedSkipGate":false,"feedAccepted":true,"feedHeadingOnly":false,"source":"drive_core_v2"}
06-04 20:05:55.046 I/ReactNativeJS(30359): [VROOM-TEL] 2026-06-04T18:05:55.046Z | CAMERA_HEADING | {"t":1780596355046,"speedKmh":0,"movedM":1.63,"moveBearing":208,"snapHdg":196,"headingOut":196,"flipFromPrevDeg":1,"lookaheadM":0,"nativeFollow":true}
06-04 20:05:55.162 I/ReactNativeJS(30359): [VROOM-TEL] 2026-06-04T18:05:55.162Z | DRIVE_TRACE_CAMERA | {"t":1780596355162,"seq":229,"gpsTickId":1780596353954,"gpsTickAgeMs":1187,"lat":51.359309,"lng":19.355742,"hdg":191,"speedKmh":0,"exploring":false,"frameMoveM":0}
06-04 20:05:55.436 I/ReactNativeJS(30359): [VROOM-TEL] 2026-06-04T18:05:55.436Z | RAW_GPS_TICK | {"t":1780596355436,"gpsTickId":1780596354872,"gpsTickAgeMs":0,"lat":51.358504,"lng":19.355364,"speed":13.15,"speedKmh":47.3,"accuracy":4,"osTimestamp":1780596354872,"tripActive":true,"appState":"active"}
06-04 20:05:55.436 I/ReactNativeJS(30359): [VROOM-TEL] 2026-06-04T18:05:55.436Z | DRIVE_TRACE_RAW | {"t":1780596355436,"seq":230,"gpsTickId":1780596354872,"gpsTickAgeMs":0,"rawLat":51.358504,"rawLng":19.355364,"accM":4,"speedKmh":47.3,"speedMs":13.1,"heading":180,"tripActive":true,"driving":true,"navigating":false,"osTimestamp":1780596354872}
06-04 20:05:55.438 I/ReactNativeJS(30359): [VROOM-TEL] 2026-06-04T18:05:55.438Z | DRIVE_TRACE_FEED | {"t":1780596355438,"seq":231,"gpsTickId":1780596354872,"gpsTickAgeMs":2,"lat":51.358857,"lng":19.355372,"hdg":110,"durationMs":1057,"speedKmh":47.3}
06-04 20:05:55.438 I/ReactNativeJS(30359): [VROOM-TEL] 2026-06-04T18:05:55.438Z | TRIP_SEGMENT_REJECT | {"t":1780596355438,"reason":"jitter","dtSec":0.6,"speedKmh":47.3}
06-04 20:05:55.438 I/ReactNativeJS(30359): [VROOM-TEL] 2026-06-04T18:05:55.438Z | DRIVE_TRACE_TICK | {"t":1780596355438,"seq":232,"gpsTickId":1780596354872,"gpsTickAgeMs":2,"rawLat":51.358504,"rawLng":19.355364,"snapLat":51.358857,"snapLng":19.355372,"markerLat":51.358857,"markerLng":19.355372,"markerHdg":110,"markerSvLat":51.35911,"markerSvLng":19.355576,"markerSvHdg":180,"accM":4,"hudKmh":47.3,"engineKmh":47.3,"dopplerKmh":47.3,"feedDurMs":1057,"cadenceMs":1174,"feedSpeedMs":13.1,"isNavigating":false,"isFreeDrive":true,"isMoving":true,"feedSkipGate":false,"feedAccepted":true,"feedHeadingOnly":false,"source":"drive_core_v2"}
06-04 20:05:55.438 I/ReactNativeJS(30359): [VROOM-TEL] 2026-06-04T18:05:55.438Z | GPS_ACCEPT | {"lat":51.358504,"lng":19.355364,"acc":4,"speedKmh":47.3,"gpsLock":false}
06-04 20:05:55.494 I/ReactNativeJS(30359): [VROOM-TEL] 2026-06-04T18:05:55.494Z | DRIVE_TRACE_CAMERA | {"t":1780596355494,"seq":233,"gpsTickId":1780596354872,"gpsTickAgeMs":58,"lat":51.359107,"lng":19.355573,"hdg":194,"speedKmh":47.3,"exploring":false,"frameMoveM":0}
06-04 20:05:55.670 I/ReactNativeJS(30359): [VROOM-TEL] 2026-06-04T18:05:55.670Z | CAM_FOLLOW_PUSH | {"t":1780596355670,"lat":51.359082,"lng":19.355553,"hdg":82,"snapHdg":207,"speedKmh":47,"exploring":false,"source":"drive_marker_sv_60fps"}
06-04 20:05:55.795 I/ReactNativeJS(30359): [VROOM-TEL] 2026-06-04T18:05:55.795Z | DRIVE_TRACE_CAMERA | {"t":1780596355795,"seq":234,"gpsTickId":1780596354872,"gpsTickAgeMs":359,"lat":51.359029,"lng":19.35551,"hdg":207,"speedKmh":47.3,"exploring":false,"frameMoveM":0}
06-04 20:05:55.973 I/ReactNativeJS(30359): [VROOM-TEL] 2026-06-04T18:05:55.973Z | GPS_LOCK_ACQUIRED | {"at":1780596355973}
06-04 20:05:55.973 I/ReactNativeJS(30359): [VROOM-TEL] 2026-06-04T18:05:55.973Z | RAW_GPS_TICK | {"t":1780596355973,"gpsTickId":1780596355955,"gpsTickAgeMs":0,"lat":51.358378,"lng":19.355359,"speed":13.11,"speedKmh":47.2,"accuracy":4,"osTimestamp":1780596355955,"tripActive":true,"appState":"active"}
06-04 20:05:55.973 I/ReactNativeJS(30359): [VROOM-TEL] 2026-06-04T18:05:55.973Z | DRIVE_TRACE_RAW | {"t":1780596355973,"seq":235,"gpsTickId":1780596355955,"gpsTickAgeMs":0,"rawLat":51.358378,"rawLng":19.355359,"accM":4,"speedKmh":47.2,"speedMs":13.1,"heading":181,"tripActive":true,"driving":true,"navigating":false,"osTimestamp":1780596355955}
06-04 20:05:55.974 I/ReactNativeJS(30359): [VROOM-TEL] 2026-06-04T18:05:55.974Z | DRIVE_TRACE_FEED | {"t":1780596355974,"seq":236,"gpsTickId":1780596355955,"gpsTickAgeMs":1,"lat":51.358857,"lng":19.355372,"hdg":166,"durationMs":856,"speedKmh":47.2}
06-04 20:05:55.974 I/ReactNativeJS(30359): [VROOM-TEL] 2026-06-04T18:05:55.974Z | DRIVE_TRACE_TICK | {"t":1780596355974,"seq":237,"gpsTickId":1780596355955,"gpsTickAgeMs":1,"rawLat":51.358378,"rawLng":19.355359,"snapLat":51.358857,"snapLng":19.355372,"markerLat":51.358857,"markerLng":19.355372,"markerHdg":166,"markerSvLat":51.358986,"markerSvLng":19.355476,"markerSvHdg":207,"accM":4,"hudKmh":47.2,"engineKmh":47.2,"dopplerKmh":47.2,"feedDurMs":856,"cadenceMs":951,"feedSpeedMs":13.1,"isNavigating":false,"isFreeDrive":true,"isMoving":true,"feedSkipGate":false,"feedAccepted":true,"feedHeadingOnly":false,"source":"drive_core_v2"}
06-04 20:05:55.974 I/ReactNativeJS(30359): [VROOM-TEL] 2026-06-04T18:05:55.974Z | GPS_ACCEPT | {"lat":51.358378,"lng":19.355359,"acc":4,"speedKmh":47.2,"gpsLock":true}
06-04 20:05:56.103 I/ReactNativeJS(30359): [VROOM-TEL] 2026-06-04T18:05:56.103Z | DRIVE_TRACE_CAMERA | {"t":1780596356103,"seq":238,"gpsTickId":1780596355955,"gpsTickAgeMs":130,"lat":51.358966,"lng":19.35546,"hdg":207,"speedKmh":47.2,"exploring":false,"frameMoveM":0}
06-04 20:05:56.185 I/ReactNativeJS(30359): [VROOM-TEL] 2026-06-04T18:05:56.185Z | CAMERA_HEADING | {"t":1780596356185,"speedKmh":47,"movedM":1.41,"moveBearing":207,"snapHdg":207,"headingOut":207,"flipFromPrevDeg":0,"lookaheadM":41,"nativeFollow":true}
06-04 20:05:56.412 I/ReactNativeJS(30359): [VROOM-TEL] 2026-06-04T18:05:56.412Z | DRIVE_TRACE_CAMERA | {"t":1780596356412,"seq":239,"gpsTickId":1780596355955,"gpsTickAgeMs":439,"lat":51.35892,"lng":19.355423,"hdg":207,"speedKmh":47.2,"exploring":false,"frameMoveM":0}
06-04 20:05:56.479 I/ReactNativeJS(30359): [VROOM-TEL] 2026-06-04T18:05:56.479Z | CAM_FOLLOW_PUSH | {"t":1780596356479,"lat":51.35891,"lng":19.355415,"hdg":207,"snapHdg":207,"speedKmh":47,"exploring":false,"source":"drive_marker_sv_60fps"}
06-04 20:05:56.712 I/ReactNativeJS(30359): [VROOM-TEL] 2026-06-04T18:05:56.712Z | DRIVE_TRACE_CAMERA | {"t":1780596356712,"seq":240,"gpsTickId":1780596355955,"gpsTickAgeMs":739,"lat":51.358875,"lng":19.355386,"hdg":207,"speedKmh":47.2,"exploring":false,"frameMoveM":0}
06-04 20:05:56.988 I/ReactNativeJS(30359): [VROOM-TEL] 2026-06-04T18:05:56.988Z | RAW_GPS_TICK | {"t":1780596356988,"gpsTickId":1780596356955,"gpsTickAgeMs":0,"lat":51.358263,"lng":19.355356,"speed":13.04,"speedKmh":46.9,"accuracy":4,"osTimestamp":1780596356955,"tripActive":true,"appState":"active"}
06-04 20:05:56.989 I/ReactNativeJS(30359): [VROOM-TEL] 2026-06-04T18:05:56.989Z | DRIVE_TRACE_RAW | {"t":1780596356989,"seq":241,"gpsTickId":1780596356955,"gpsTickAgeMs":1,"rawLat":51.358263,"rawLng":19.355356,"accM":4,"speedKmh":46.9,"speedMs":13,"heading":181,"tripActive":true,"driving":true,"navigating":false,"osTimestamp":1780596356955}
06-04 20:05:56.989 I/ReactNativeJS(30359): [VROOM-TEL] 2026-06-04T18:05:56.989Z | DRIVE_API | {"allow":false,"trigger":null,"crossTrackM":68.1,"buffered":2,"throttleBlocked":true}
06-04 20:05:56.991 I/ReactNativeJS(30359): [VROOM-TEL] 2026-06-04T18:05:56.991Z | DRIVE_TRACE_FEED | {"t":1780596356991,"seq":242,"gpsTickId":1780596356955,"gpsTickAgeMs":3,"lat":51.358857,"lng":19.355372,"hdg":181,"durationMs":876,"speedKmh":46.9}
06-04 20:05:56.991 I/ReactNativeJS(30359): [VROOM-TEL] 2026-06-04T18:05:56.991Z | DRIVE_TRACE_TICK | {"t":1780596356991,"seq":243,"gpsTickId":1780596356955,"gpsTickAgeMs":3,"rawLat":51.358263,"rawLng":19.355356,"snapLat":51.358857,"snapLng":19.355372,"markerLat":51.358857,"markerLng":19.355372,"markerHdg":181,"markerSvLat":51.358853,"markerSvLng":19.35537,"markerSvHdg":169,"accM":4,"hudKmh":46.9,"engineKmh":0,"dopplerKmh":46.9,"feedDurMs":876,"cadenceMs":973,"feedSpeedMs":13,"isNavigating":false,"isFreeDrive":true,"isMoving":true,"feedSkipGate":false,"feedAccepted":true,"feedHeadingOnly":false,"source":"drive_core_v2"}
06-04 20:05:56.991 I/ReactNativeJS(30359): [VROOM-TEL] 2026-06-04T18:05:56.991Z | GPS_ACCEPT | {"lat":51.358263,"lng":19.355356,"acc":4,"speedKmh":46.9,"gpsLock":true}
06-04 20:05:57.074 I/ReactNativeJS(30359): [VROOM-TEL] 2026-06-04T18:05:57.074Z | DRIVE_TRACE_CAMERA | {"t":1780596357074,"seq":244,"gpsTickId":1780596356955,"gpsTickAgeMs":86,"lat":51.358853,"lng":19.35537,"hdg":171,"speedKmh":46.9,"exploring":false,"frameMoveM":0}
06-04 20:05:57.279 I/ReactNativeJS(30359): [VROOM-TEL] 2026-06-04T18:05:57.279Z | CAM_FOLLOW_PUSH | {"t":1780596357279,"lat":51.358855,"lng":19.35537,"hdg":181,"snapHdg":181,"speedKmh":47,"exploring":false,"source":"drive_marker_sv_60fps"}
06-04 20:05:57.296 I/ReactNativeJS(30359): [VROOM-TEL] 2026-06-04T18:05:57.296Z | CAMERA_HEADING | {"t":1780596357296,"speedKmh":47,"movedM":0.01,"moveBearing":null,"snapHdg":181,"headingOut":181,"flipFromPrevDeg":0,"lookaheadM":41,"nativeFollow":true}
06-04 20:05:57.379 I/ReactNativeJS(30359): [VROOM-TEL] 2026-06-04T18:05:57.379Z | DRIVE_TRACE_CAMERA | {"t":1780596357379,"seq":245,"gpsTickId":1780596356955,"gpsTickAgeMs":391,"lat":51.358855,"lng":19.355371,"hdg":181,"speedKmh":46.9,"exploring":false,"frameMoveM":0}
06-04 20:05:57.679 I/ReactNativeJS(30359): [VROOM-TEL] 2026-06-04T18:05:57.679Z | DRIVE_TRACE_CAMERA | {"t":1780596357679,"seq":246,"gpsTickId":1780596356955,"gpsTickAgeMs":691,"lat":51.358856,"lng":19.355371,"hdg":181,"speedKmh":46.9,"exploring":false,"frameMoveM":0}
06-04 20:05:57.984 I/ReactNativeJS(30359): [VROOM-TEL] 2026-06-04T18:05:57.983Z | RAW_GPS_TICK | {"t":1780596357983,"gpsTickId":1780596357954,"gpsTickAgeMs":0,"lat":51.358146,"lng":19.355352,"speed":12.79,"speedKmh":46,"accuracy":4,"osTimestamp":1780596357954,"tripActive":true,"appState":"active"}
06-04 20:05:57.984 I/ReactNativeJS(30359): [VROOM-TEL] 2026-06-04T18:05:57.984Z | DRIVE_TRACE_RAW | {"t":1780596357984,"seq":247,"gpsTickId":1780596357954,"gpsTickAgeMs":1,"rawLat":51.358146,"rawLng":19.355352,"accM":4,"speedKmh":46,"speedMs":12.8,"heading":181,"tripActive":true,"driving":true,"navigating":false,"osTimestamp":1780596357954}
06-04 20:05:57.984 I/ReactNativeJS(30359): [VROOM-TEL] 2026-06-04T18:05:57.984Z | DRIVE_API | {"allow":false,"trigger":null,"crossTrackM":81.4,"buffered":3,"throttleBlocked":true}
06-04 20:05:57.984 I/ReactNativeJS(30359): [VROOM-TEL] 2026-06-04T18:05:57.984Z | MARKER_STUCK | {"t":1780596357984,"markerRawGapM":79,"hudKmh":46,"snapLat":51.35886,"rawLat":51.35815}
06-04 20:05:57.985 I/ReactNativeJS(30359): [VROOM-TEL] 2026-06-04T18:05:57.985Z | DRIVE_TRACE_FEED | {"t":1780596357985,"seq":248,"gpsTickId":1780596357954,"gpsTickAgeMs":2,"lat":51.358857,"lng":19.355372,"hdg":181,"durationMs":883,"speedKmh":46}
06-04 20:05:57.986 I/ReactNativeJS(30359): [VROOM-TEL] 2026-06-04T18:05:57.985Z | DRIVE_TRACE_TICK | {"t":1780596357985,"seq":249,"gpsTickId":1780596357954,"gpsTickAgeMs":2,"rawLat":51.358146,"rawLng":19.355352,"snapLat":51.358857,"snapLng":19.355372,"markerLat":51.358857,"markerLng":19.355372,"markerHdg":181,"markerSvLat":51.358857,"markerSvLng":19.355372,"markerSvHdg":181,"accM":4,"hudKmh":46,"engineKmh":0,"dopplerKmh":46,"feedDurMs":883,"cadenceMs":981,"feedSpeedMs":12.8,"isNavigating":false,"isFreeDrive":true,"isMoving":true,"feedSkipGate":false,"feedAccepted":true,"feedHeadingOnly":false,"source":"drive_core_v2"}
06-04 20:05:57.986 I/ReactNativeJS(30359): [VROOM-TEL] 2026-06-04T18:05:57.986Z | GPS_ACCEPT | {"lat":51.358146,"lng":19.355352,"acc":4,"speedKmh":46.8,"gpsLock":true}
06-04 20:05:58.029 I/ReactNativeJS(30359): [VROOM-TEL] 2026-06-04T18:05:58.029Z | DRIVE_TRACE_CAMERA | {"t":1780596358029,"seq":250,"gpsTickId":1780596357954,"gpsTickAgeMs":46,"lat":51.358855,"lng":19.355372,"hdg":181,"speedKmh":46,"exploring":false,"frameMoveM":0}
06-04 20:05:58.079 I/ReactNativeJS(30359): [VROOM-TEL] 2026-06-04T18:05:58.079Z | CAM_FOLLOW_PUSH | {"t":1780596358079,"lat":51.358849,"lng":19.355372,"hdg":181,"snapHdg":181,"speedKmh":46,"exploring":false,"source":"drive_marker_sv_60fps"}
06-04 20:05:58.329 I/ReactNativeJS(30359): [VROOM-TEL] 2026-06-04T18:05:58.329Z | DRIVE_TRACE_CAMERA | {"t":1780596358329,"seq":251,"gpsTickId":1780596357954,"gpsTickAgeMs":346,"lat":51.358821,"lng":19.355371,"hdg":181,"speedKmh":46,"exploring":false,"frameMoveM":0}
06-04 20:05:58.396 I/ReactNativeJS(30359): [VROOM-TEL] 2026-06-04T18:05:58.396Z | CAMERA_HEADING | {"t":1780596358396,"speedKmh":46,"movedM":0.21,"moveBearing":null,"snapHdg":181,"headingOut":181,"flipFromPrevDeg":0,"lookaheadM":41,"nativeFollow":true}
06-04 20:05:58.629 I/ReactNativeJS(30359): [VROOM-TEL] 2026-06-04T18:05:58.629Z | DRIVE_TRACE_CAMERA | {"t":1780596358629,"seq":252,"gpsTickId":1780596357954,"gpsTickAgeMs":646,"lat":51.358786,"lng":19.35537,"hdg":181,"speedKmh":46,"exploring":false,"frameMoveM":0}
06-04 20:05:58.879 I/ReactNativeJS(30359): [VROOM-TEL] 2026-06-04T18:05:58.879Z | CAM_FOLLOW_PUSH | {"t":1780596358879,"lat":51.358757,"lng":19.355369,"hdg":181,"snapHdg":181,"speedKmh":46,"exploring":false,"source":"drive_marker_sv_60fps"}
06-04 20:05:58.980 I/ReactNativeJS(30359): [VROOM-TEL] 2026-06-04T18:05:58.980Z | RAW_GPS_TICK | {"t":1780596358980,"gpsTickId":1780596358955,"gpsTickAgeMs":0,"lat":51.35803,"lng":19.355345,"speed":12.68,"speedKmh":45.6,"accuracy":4,"osTimestamp":1780596358955,"tripActive":true,"appState":"active"}
06-04 20:05:58.980 I/ReactNativeJS(30359): [VROOM-TEL] 2026-06-04T18:05:58.980Z | DRIVE_TRACE_RAW | {"t":1780596358980,"seq":253,"gpsTickId":1780596358955,"gpsTickAgeMs":0,"rawLat":51.35803,"rawLng":19.355345,"accM":4,"speedKmh":45.6,"speedMs":12.7,"heading":182,"tripActive":true,"driving":true,"navigating":false,"osTimestamp":1780596358955}
06-04 20:05:58.980 I/ReactNativeJS(30359): [VROOM-TEL] 2026-06-04T18:05:58.980Z | DRIVE_API | {"allow":true,"trigger":"no_cache","crossTrackM":94.6,"buffered":4,"throttleBlocked":false}
06-04 20:05:58.981 I/ReactNativeJS(30359): [VROOM-TEL] 2026-06-04T18:05:58.981Z | DRIVE_TRACE_FEED | {"t":1780596358981,"seq":254,"gpsTickId":1780596358955,"gpsTickAgeMs":1,"lat":51.358857,"lng":19.355372,"hdg":182,"durationMs":888,"speedKmh":45.6}
06-04 20:05:58.982 I/ReactNativeJS(30359): [VROOM-TEL] 2026-06-04T18:05:58.982Z | DRIVE_TRACE_TICK | {"t":1780596358982,"seq":255,"gpsTickId":1780596358955,"gpsTickAgeMs":2,"rawLat":51.35803,"rawLng":19.355345,"snapLat":51.358857,"snapLng":19.355372,"markerLat":51.358857,"markerLng":19.355372,"markerHdg":182,"markerSvLat":51.358757,"markerSvLng":19.355369,"markerSvHdg":181,"accM":4,"hudKmh":45.6,"engineKmh":0,"dopplerKmh":45.6,"feedDurMs":888,"cadenceMs":987,"feedSpeedMs":12.7,"isNavigating":false,"isFreeDrive":true,"isMoving":true,"feedSkipGate":false,"feedAccepted":true,"feedHeadingOnly":false,"source":"drive_core_v2"}
06-04 20:05:58.982 I/ReactNativeJS(30359): [VROOM-TEL] 2026-06-04T18:05:58.982Z | GPS_ACCEPT | {"lat":51.35803,"lng":19.355345,"acc":4,"speedKmh":46.6,"gpsLock":true}
06-04 20:05:59.012 I/ReactNativeJS(30359): [VROOM-TEL] 2026-06-04T18:05:59.012Z | DRIVE_TRACE_CAMERA | {"t":1780596359012,"seq":256,"gpsTickId":1780596358955,"gpsTickAgeMs":32,"lat":51.358761,"lng":19.355369,"hdg":181,"speedKmh":45.6,"exploring":false,"frameMoveM":0}
06-04 20:05:59.303 I/ReactNativeJS(30359): [VROOM-TEL] 2026-06-04T18:05:59.303Z | ROAD_MATCH_SOFT_APPLY_V2 | {"t":1780596359303,"pts":10,"shiftM":92}
06-04 20:05:59.303 I/ReactNativeJS(30359): [VROOM-TEL] 2026-06-04T18:05:59.303Z | ROAD_MATCH_SOFT_APPLY | {"pts":10,"shiftM":92}
06-04 20:05:59.303 I/ReactNativeJS(30359): [VROOM-TEL] 2026-06-04T18:05:59.303Z | DRIVE_API | {"allow":false,"trigger":null,"crossTrackM":0.8,"buffered":1,"throttleBlocked":true}
06-04 20:05:59.305 I/ReactNativeJS(30359): [VROOM-TEL] 2026-06-04T18:05:59.305Z | DRIVE_TRACE_FEED | {"t":1780596359305,"seq":257,"gpsTickId":1780596358955,"gpsTickAgeMs":325,"lat":51.358611,"lng":19.355373,"hdg":182,"durationMs":1200,"speedKmh":0}
06-04 20:05:59.305 I/ReactNativeJS(30359): [VROOM-TEL] 2026-06-04T18:05:59.305Z | DRIVE_TRACE_TICK | {"t":1780596359305,"seq":258,"gpsTickId":1780596358955,"gpsTickAgeMs":325,"rawLat":51.35803,"rawLng":19.355345,"snapLat":51.358611,"snapLng":19.355373,"markerLat":51.358611,"markerLng":19.355373,"markerHdg":182,"markerSvLat":51.358793,"markerSvLng":19.35537,"markerSvHdg":181,"accM":12,"hudKmh":0,"engineKmh":0,"dopplerKmh":0,"feedDurMs":1200,"cadenceMs":987,"feedSpeedMs":0,"isNavigating":false,"isFreeDrive":true,"isMoving":true,"feedSkipGate":false,"feedAccepted":true,"feedHeadingOnly":false,"source":"drive_core_v2"}
06-04 20:05:59.322 I/ReactNativeJS(30359): [VROOM-TEL] 2026-06-04T18:05:59.322Z | DRIVE_TRACE_CAMERA | {"t":1780596359322,"seq":259,"gpsTickId":1780596358955,"gpsTickAgeMs":342,"lat":51.358792,"lng":19.35537,"hdg":181,"speedKmh":0,"exploring":false,"frameMoveM":0}
06-04 20:05:59.512 I/ReactNativeJS(30359): [VROOM-TEL] 2026-06-04T18:05:59.512Z | CAMERA_HEADING | {"t":1780596359512,"speedKmh":0,"movedM":0.29,"moveBearing":null,"snapHdg":181,"headingOut":181,"flipFromPrevDeg":0,"lookaheadM":0,"nativeFollow":true}
06-04 20:05:59.629 I/ReactNativeJS(30359): [VROOM-TEL] 2026-06-04T18:05:59.629Z | DRIVE_TRACE_CAMERA | {"t":1780596359629,"seq":260,"gpsTickId":1780596358955,"gpsTickAgeMs":649,"lat":51.358744,"lng":19.355371,"hdg":181,"speedKmh":0,"exploring":false,"frameMoveM":0}
06-04 20:05:59.679 I/ReactNativeJS(30359): [VROOM-TEL] 2026-06-04T18:05:59.679Z | CAM_FOLLOW_PUSH | {"t":1780596359679,"lat":51.358736,"lng":19.355371,"hdg":181,"snapHdg":181,"speedKmh":0,"exploring":false,"source":"drive_marker_sv_60fps"}
06-04 20:05:59.929 I/ReactNativeJS(30359): [VROOM-TEL] 2026-06-04T18:05:59.929Z | DRIVE_TRACE_CAMERA | {"t":1780596359929,"seq":261,"gpsTickId":1780596358955,"gpsTickAgeMs":949,"lat":51.358698,"lng":19.355371,"hdg":181,"speedKmh":0,"exploring":false,"frameMoveM":0}
06-04 20:05:59.969 I/ReactNativeJS(30359): [VROOM-TEL] 2026-06-04T18:05:59.969Z | RAW_GPS_TICK | {"t":1780596359969,"gpsTickId":1780596359955,"gpsTickAgeMs":0,"lat":51.357916,"lng":19.35534,"speed":12.67,"speedKmh":45.6,"accuracy":4,"osTimestamp":1780596359955,"tripActive":true,"appState":"active"}
06-04 20:05:59.969 I/ReactNativeJS(30359): [VROOM-TEL] 2026-06-04T18:05:59.969Z | DRIVE_TRACE_RAW | {"t":1780596359969,"seq":262,"gpsTickId":1780596359955,"gpsTickAgeMs":0,"rawLat":51.357916,"rawLng":19.35534,"accM":4,"speedKmh":45.6,"speedMs":12.7,"heading":181,"tripActive":true,"driving":true,"navigating":false,"osTimestamp":1780596359955}
06-04 20:05:59.969 I/ReactNativeJS(30359): [VROOM-TEL] 2026-06-04T18:05:59.969Z | ROAD_MATCH_SOFT_APPLY | {"pts":2,"shiftM":92}
06-04 20:05:59.969 I/ReactNativeJS(30359): [VROOM-TEL] 2026-06-04T18:05:59.969Z | DRIVE_API | {"allow":false,"trigger":null,"crossTrackM":98.3,"buffered":2,"throttleBlocked":true}
06-04 20:05:59.969 I/ReactNativeJS(30359): [VROOM-TEL] 2026-06-04T18:05:59.969Z | MARKER_STUCK | {"t":1780596359969,"markerRawGapM":105,"hudKmh":46,"snapLat":51.35886,"rawLat":51.35792}
06-04 20:05:59.970 I/ReactNativeJS(30359): [VROOM-TEL] 2026-06-04T18:05:59.970Z | DRIVE_TRACE_FEED | {"t":1780596359970,"seq":263,"gpsTickId":1780596359955,"gpsTickAgeMs":1,"lat":51.358857,"lng":19.355372,"hdg":182,"durationMs":1200,"speedKmh":45.6}
06-04 20:05:59.970 I/ReactNativeJS(30359): [VROOM-TEL] 2026-06-04T18:05:59.970Z | DRIVE_TRACE_TICK | {"t":1780596359970,"seq":264,"gpsTickId":1780596359955,"gpsTickAgeMs":1,"rawLat":51.357916,"rawLng":19.35534,"snapLat":51.358857,"snapLng":19.355372,"markerLat":51.358857,"markerLng":19.355372,"markerHdg":182,"markerSvLat":51.358693,"markerSvLng":19.355372,"markerSvHdg":181,"accM":4,"hudKmh":45.6,"engineKmh":6.1,"dopplerKmh":45.6,"feedDurMs":1200,"cadenceMs":988,"feedSpeedMs":12.7,"isNavigating":false,"isFreeDrive":true,"isMoving":true,"feedSkipGate":false,"feedAccepted":true,"feedHeadingOnly":false,"source":"drive_core_v2"}
06-04 20:05:59.970 I/ReactNativeJS(30359): [VROOM-TEL] 2026-06-04T18:05:59.970Z | GPS_ACCEPT | {"lat":51.357916,"lng":19.35534,"acc":4,"speedKmh":46.3,"gpsLock":true}
06-04 20:05:59.997 I/ReactNativeJS(30359): [VROOM-TEL] 2026-06-04T18:05:59.997Z | TRIP_SEGMENT_STATS | {"t":1780596359997,"totalDistanceKm":0.386,"acceptedMain":10,"acceptedMainKm":0.225,"fallbackAccepted":9,"fallbackKm":0.161,"derivedSpeedUsed":6,"derivedSpeedRejected":0,"lowSpeedDropped":0,"zeroMove":0,"rejectedTotal":35,"rejectedJitter":26,"rejectedJump":0,"rejectedStaleGap":0,"rejectedMinSpeed":0,"rejectedAccuracy":0,"rejectedImpossible":9,"rejectedInvalidTime":0}
06-04 20:06:00.112 I/ReactNativeJS(30359): [VROOM-TEL] 2026-06-04T18:06:00.112Z | DRIVE_HEALTH | {"t":1780596360112,"mode":"driving","speedHudKmh":45.6,"speedPipeKmh":45.6,"gpsAgeMs":143,"drAgeMs":142,"gpsToDriftM":105,"snapAnchorDriftM":0,"offRoute":false,"reroutePending":false,"rerouteLoading":false,"hasRoutePts":0}
06-04 20:06:00.112 I/ReactNativeJS(30359): [VROOM-TEL] 2026-06-04T18:06:00.112Z | DRIVE_TRACE_HEARTBEAT | {"t":1780596360112,"seq":265,"gpsTickId":1780596359955,"gpsTickAgeMs":143,"driving":true,"navigating":false,"tripActive":true,"lat":51.357916,"lng":19.3553397,"gpsAgeMs":143}
06-04 20:06:00.245 I/ReactNativeJS(30359): [VROOM-TEL] 2026-06-04T18:06:00.245Z | DRIVE_TRACE_CAMERA | {"t":1780596360245,"seq":266,"gpsTickId":1780596359955,"gpsTickAgeMs":276,"lat":51.358731,"lng":19.355372,"hdg":181,"speedKmh":45.6,"exploring":false,"frameMoveM":0}
06-04 20:06:00.479 I/ReactNativeJS(30359): [VROOM-TEL] 2026-06-04T18:06:00.479Z | CAM_FOLLOW_PUSH | {"t":1780596360479,"lat":51.358763,"lng":19.355372,"hdg":181,"snapHdg":181,"speedKmh":46,"exploring":false,"source":"drive_marker_sv_60fps"}
06-04 20:06:00.547 I/ReactNativeJS(30359): [VROOM-TEL] 2026-06-04T18:06:00.547Z | DRIVE_TRACE_CAMERA | {"t":1780596360547,"seq":267,"gpsTickId":1780596359955,"gpsTickAgeMs":578,"lat":51.358772,"lng":19.355372,"hdg":181,"speedKmh":45.6,"exploring":false,"frameMoveM":0}
06-04 20:06:00.612 I/ReactNativeJS(30359): [VROOM-TEL] 2026-06-04T18:06:00.612Z | CAMERA_HEADING | {"t":1780596360612,"speedKmh":46,"movedM":0.26,"moveBearing":null,"snapHdg":181,"headingOut":181,"flipFromPrevDeg":0,"lookaheadM":40,"nativeFollow":true}
06-04 20:06:00.862 I/ReactNativeJS(30359): [VROOM-TEL] 2026-06-04T18:06:00.862Z | DRIVE_TRACE_CAMERA | {"t":1780596360862,"seq":268,"gpsTickId":1780596359955,"gpsTickAgeMs":893,"lat":51.358815,"lng":19.355372,"hdg":181,"speedKmh":45.6,"exploring":false,"frameMoveM":0}
06-04 20:06:01.162 I/ReactNativeJS(30359): [VROOM-TEL] 2026-06-04T18:06:01.162Z | DRIVE_TRACE_CAMERA | {"t":1780596361162,"seq":269,"gpsTickId":1780596359955,"gpsTickAgeMs":1193,"lat":51.358856,"lng":19.355372,"hdg":181,"speedKmh":45.6,"exploring":false,"frameMoveM":0}
06-04 20:06:02.099 I/ReactNativeJS(30359): [VROOM-TEL] 2026-06-04T18:06:02.098Z | RAW_GPS_TICK | {"t":1780596362098,"gpsTickId":1780596361558,"gpsTickAgeMs":0,"lat":51.357726,"lng":19.355333,"speed":13.28,"speedKmh":47.8,"accuracy":4,"osTimestamp":1780596361558,"tripActive":true,"appState":"active"}
06-04 20:06:02.099 I/ReactNativeJS(30359): [VROOM-TEL] 2026-06-04T18:06:02.099Z | DRIVE_TRACE_RAW | {"t":1780596362099,"seq":270,"gpsTickId":1780596361558,"gpsTickAgeMs":1,"rawLat":51.357726,"rawLng":19.355333,"accM":4,"speedKmh":47.8,"speedMs":13.3,"heading":181,"tripActive":true,"driving":true,"navigating":false,"osTimestamp":1780596361558}
06-04 20:06:02.099 I/ReactNativeJS(30359): [VROOM-TEL] 2026-06-04T18:06:02.099Z | DRIVE_API | {"allow":false,"trigger":null,"crossTrackM":117,"buffered":3,"throttleBlocked":true}
06-04 20:06:02.099 I/ReactNativeJS(30359): [VROOM-TEL] 2026-06-04T18:06:02.099Z | MARKER_STUCK | {"t":1780596362099,"markerRawGapM":126,"hudKmh":48,"snapLat":51.35886,"rawLat":51.35773}
06-04 20:06:02.101 I/ReactNativeJS(30359): [VROOM-TEL] 2026-06-04T18:06:02.101Z | DRIVE_TRACE_FEED | {"t":1780596362101,"seq":271,"gpsTickId":1780596361558,"gpsTickAgeMs":3,"lat":51.358857,"lng":19.355372,"hdg":182,"durationMs":1248,"speedKmh":47.8}
06-04 20:06:02.101 I/ReactNativeJS(30359): [VROOM-TEL] 2026-06-04T18:06:02.101Z | DRIVE_TRACE_TICK | {"t":1780596362101,"seq":272,"gpsTickId":1780596361558,"gpsTickAgeMs":3,"rawLat":51.357726,"rawLng":19.355333,"snapLat":51.358857,"snapLng":19.355372,"markerLat":51.358857,"markerLng":19.355372,"markerHdg":182,"markerSvLat":51.358857,"markerSvLng":19.355372,"markerSvHdg":181,"accM":4,"hudKmh":47.8,"engineKmh":6.1,"dopplerKmh":47.8,"feedDurMs":1248,"cadenceMs":1387,"feedSpeedMs":13.3,"isNavigating":false,"isFreeDrive":true,"isMoving":true,"feedSkipGate":false,"feedAccepted":true,"feedHeadingOnly":false,"source":"drive_core_v2"}
06-04 20:06:02.101 I/ReactNativeJS(30359): [VROOM-TEL] 2026-06-04T18:06:02.101Z | GPS_ACCEPT | {"lat":51.357726,"lng":19.355333,"acc":4,"speedKmh":47.8,"gpsLock":true}
06-04 20:06:02.126 I/ReactNativeJS(30359): [VROOM-TEL] 2026-06-04T18:06:02.126Z | CAMERA_HEADING | {"t":1780596362126,"speedKmh":48,"movedM":0,"moveBearing":null,"snapHdg":181,"headingOut":181,"flipFromPrevDeg":0,"lookaheadM":40,"nativeFollow":true}
06-04 20:06:02.152 I/ReactNativeJS(30359): [VROOM-TEL] 2026-06-04T18:06:02.152Z | CAM_FOLLOW_PUSH | {"t":1780596362152,"lat":51.358855,"lng":19.355372,"hdg":181,"snapHdg":181,"speedKmh":48,"exploring":false,"source":"drive_marker_sv_60fps"}
06-04 20:06:02.152 I/ReactNativeJS(30359): [VROOM-TEL] 2026-06-04T18:06:02.152Z | DRIVE_TRACE_CAMERA | {"t":1780596362152,"seq":273,"gpsTickId":1780596361558,"gpsTickAgeMs":54,"lat":51.358855,"lng":19.355372,"hdg":181,"speedKmh":47.8,"exploring":false,"frameMoveM":0}
06-04 20:06:02.463 I/ReactNativeJS(30359): [VROOM-TEL] 2026-06-04T18:06:02.463Z | DRIVE_TRACE_CAMERA | {"t":1780596362463,"seq":274,"gpsTickId":1780596361558,"gpsTickAgeMs":365,"lat":51.358815,"lng":19.355371,"hdg":181,"speedKmh":47.8,"exploring":false,"frameMoveM":0}
06-04 20:06:02.763 I/ReactNativeJS(30359): [VROOM-TEL] 2026-06-04T18:06:02.763Z | DRIVE_TRACE_CAMERA | {"t":1780596362763,"seq":275,"gpsTickId":1780596361558,"gpsTickAgeMs":665,"lat":51.35878,"lng":19.355369,"hdg":181,"speedKmh":47.8,"exploring":false,"frameMoveM":0}
06-04 20:06:02.986 I/ReactNativeJS(30359): [VROOM-TEL] 2026-06-04T18:06:02.986Z | CAM_FOLLOW_PUSH | {"t":1780596362986,"lat":51.35876,"lng":19.355369,"hdg":181,"snapHdg":181,"speedKmh":48,"exploring":false,"source":"drive_marker_sv_60fps"}
06-04 20:06:02.987 I/ReactNativeJS(30359): [VROOM-TEL] 2026-06-04T18:06:02.987Z | RAW_GPS_TICK | {"t":1780596362987,"gpsTickId":1780596362956,"gpsTickAgeMs":0,"lat":51.357558,"lng":19.355324,"speed":13.44,"speedKmh":48.4,"accuracy":4,"osTimestamp":1780596362956,"tripActive":true,"appState":"active"}
06-04 20:06:02.987 I/ReactNativeJS(30359): [VROOM-TEL] 2026-06-04T18:06:02.987Z | DRIVE_TRACE_RAW | {"t":1780596362987,"seq":276,"gpsTickId":1780596362956,"gpsTickAgeMs":0,"rawLat":51.357558,"rawLng":19.355324,"accM":4,"speedKmh":48.4,"speedMs":13.4,"heading":181,"tripActive":true,"driving":true,"navigating":false,"osTimestamp":1780596362956}
06-04 20:06:02.987 I/ReactNativeJS(30359): [VROOM-TEL] 2026-06-04T18:06:02.987Z | DRIVE_TRACE_FEED | {"t":1780596362987,"seq":277,"gpsTickId":1780596362956,"gpsTickAgeMs":0,"lat":51.358613,"lng":19.355363,"hdg":182,"durationMs":1200,"speedKmh":48.4}
06-04 20:06:02.988 I/ReactNativeJS(30359): [VROOM-TEL] 2026-06-04T18:06:02.988Z | DRIVE_TRACE_TICK | {"t":1780596362988,"seq":278,"gpsTickId":1780596362956,"gpsTickAgeMs":1,"rawLat":51.357558,"rawLng":19.355324,"snapLat":51.358613,"snapLng":19.355363,"markerLat":51.358613,"markerLng":19.355363,"markerHdg":182,"markerSvLat":51.358754,"markerSvLng":19.355369,"markerSvHdg":181,"accM":4,"hudKmh":48.4,"engineKmh":6.1,"dopplerKmh":48.4,"feedDurMs":1200,"cadenceMs":1213,"feedSpeedMs":13.4,"isNavigating":false,"isFreeDrive":true,"isMoving":true,"feedSkipGate":false,"feedAccepted":true,"feedHeadingOnly":false,"source":"drive_core_v2"}
06-04 20:06:02.988 I/ReactNativeJS(30359): [VROOM-TEL] 2026-06-04T18:06:02.988Z | GPS_ACCEPT | {"lat":51.357558,"lng":19.355324,"acc":4,"speedKmh":48.4,"gpsLock":true}
06-04 20:06:03.079 I/ReactNativeJS(30359): [VROOM-TEL] 2026-06-04T18:06:03.079Z | DRIVE_TRACE_CAMERA | {"t":1780596363079,"seq":279,"gpsTickId":1780596362956,"gpsTickAgeMs":92,"lat":51.358743,"lng":19.355368,"hdg":181,"speedKmh":48.4,"exploring":false,"frameMoveM":0}
06-04 20:06:03.229 I/ReactNativeJS(30359): [VROOM-TEL] 2026-06-04T18:06:03.229Z | CAMERA_HEADING | {"t":1780596363229,"speedKmh":48,"movedM":0.22,"moveBearing":null,"snapHdg":181,"headingOut":181,"flipFromPrevDeg":0,"lookaheadM":40,"nativeFollow":true}
06-04 20:06:03.379 I/ReactNativeJS(30359): [VROOM-TEL] 2026-06-04T18:06:03.379Z | DRIVE_TRACE_CAMERA | {"t":1780596363379,"seq":280,"gpsTickId":1780596362956,"gpsTickAgeMs":392,"lat":51.358708,"lng":19.355367,"hdg":181,"speedKmh":48.4,"exploring":false,"frameMoveM":0}
06-04 20:06:03.679 I/ReactNativeJS(30359): [VROOM-TEL] 2026-06-04T18:06:03.679Z | DRIVE_TRACE_CAMERA | {"t":1780596363679,"seq":281,"gpsTickId":1780596362956,"gpsTickAgeMs":692,"lat":51.358673,"lng":19.355365,"hdg":181,"speedKmh":48.4,"exploring":false,"frameMoveM":0}
06-04 20:06:03.796 I/ReactNativeJS(30359): [VROOM-TEL] 2026-06-04T18:06:03.796Z | CAM_FOLLOW_PUSH | {"t":1780596363796,"lat":51.358659,"lng":19.355365,"hdg":181,"snapHdg":181,"speedKmh":48,"exploring":false,"source":"drive_marker_sv_60fps"}
06-04 20:06:03.973 I/ReactNativeJS(30359): [VROOM-TEL] 2026-06-04T18:06:03.973Z | RAW_GPS_TICK | {"t":1780596363973,"gpsTickId":1780596363955,"gpsTickAgeMs":0,"lat":51.357436,"lng":19.355326,"speed":13.46,"speedKmh":48.5,"accuracy":4,"osTimestamp":1780596363955,"tripActive":true,"appState":"active"}
06-04 20:06:03.973 I/ReactNativeJS(30359): [VROOM-TEL] 2026-06-04T18:06:03.973Z | DRIVE_TRACE_RAW | {"t":1780596363973,"seq":282,"gpsTickId":1780596363955,"gpsTickAgeMs":0,"rawLat":51.357436,"rawLng":19.355326,"accM":4,"speedKmh":48.5,"speedMs":13.5,"heading":181,"tripActive":true,"driving":true,"navigating":false,"osTimestamp":1780596363955}
06-04 20:06:03.974 I/ReactNativeJS(30359): [VROOM-TEL] 2026-06-04T18:06:03.973Z | MARKER_STUCK | {"t":1780596363973,"markerRawGapM":108,"hudKmh":48,"snapLat":51.35841,"rawLat":51.35744}
06-04 20:06:03.975 I/ReactNativeJS(30359): [VROOM-TEL] 2026-06-04T18:06:03.975Z | DRIVE_TRACE_FEED | {"t":1780596363975,"seq":283,"gpsTickId":1780596363955,"gpsTickAgeMs":2,"lat":51.358411,"lng":19.355357,"hdg":181,"durationMs":1200,"speedKmh":48.5}
06-04 20:06:03.975 I/ReactNativeJS(30359): [VROOM-TEL] 2026-06-04T18:06:03.975Z | DRIVE_TRACE_TICK | {"t":1780596363975,"seq":284,"gpsTickId":1780596363955,"gpsTickAgeMs":2,"rawLat":51.357436,"rawLng":19.355326,"snapLat":51.358411,"snapLng":19.355357,"markerLat":51.358411,"markerLng":19.355357,"markerHdg":181,"markerSvLat":51.35864,"markerSvLng":19.355364,"markerSvHdg":181,"accM":4,"hudKmh":48.5,"engineKmh":11.4,"dopplerKmh":48.5,"feedDurMs":1200,"cadenceMs":1134,"feedSpeedMs":13.5,"isNavigating":false,"isFreeDrive":true,"isMoving":true,"feedSkipGate":false,"feedAccepted":true,"feedHeadingOnly":false,"source":"drive_core_v2"}
06-04 20:06:03.975 I/ReactNativeJS(30359): [VROOM-TEL] 2026-06-04T18:06:03.975Z | GPS_ACCEPT | {"lat":51.357436,"lng":19.355326,"acc":4,"speedKmh":49.5,"gpsLock":true}
06-04 20:06:04.004 I/ReactNativeJS(30359): [VROOM-TEL] 2026-06-04T18:06:04.004Z | DRIVE_TRACE_CAMERA | {"t":1780596364004,"seq":285,"gpsTickId":1780596363955,"gpsTickAgeMs":31,"lat":51.358639,"lng":19.355364,"hdg":181,"speedKmh":48.5,"exploring":false,"frameMoveM":0}
06-04 20:06:04.312 I/ReactNativeJS(30359): [VROOM-TEL] 2026-06-04T18:06:04.312Z | DRIVE_TRACE_CAMERA | {"t":1780596364312,"seq":286,"gpsTickId":1780596363955,"gpsTickAgeMs":339,"lat":51.358575,"lng":19.355362,"hdg":181,"speedKmh":48.5,"exploring":false,"frameMoveM":0}
06-04 20:06:04.329 I/ReactNativeJS(30359): [VROOM-TEL] 2026-06-04T18:06:04.329Z | CAMERA_HEADING | {"t":1780596364329,"speedKmh":48,"movedM":0.36,"moveBearing":null,"snapHdg":181,"headingOut":181,"flipFromPrevDeg":0,"lookaheadM":40,"nativeFollow":true}
06-04 20:06:04.596 I/ReactNativeJS(30359): [VROOM-TEL] 2026-06-04T18:06:04.596Z | CAM_FOLLOW_PUSH | {"t":1780596364596,"lat":51.358521,"lng":19.355361,"hdg":181,"snapHdg":181,"speedKmh":48,"exploring":false,"source":"drive_marker_sv_60fps"}
06-04 20:06:04.612 I/ReactNativeJS(30359): [VROOM-TEL] 2026-06-04T18:06:04.612Z | DRIVE_TRACE_CAMERA | {"t":1780596364612,"seq":287,"gpsTickId":1780596363955,"gpsTickAgeMs":639,"lat":51.358518,"lng":19.35536,"hdg":181,"speedKmh":48.5,"exploring":false,"frameMoveM":0}
06-04 20:06:04.912 I/ReactNativeJS(30359): [VROOM-TEL] 2026-06-04T18:06:04.912Z | DRIVE_TRACE_CAMERA | {"t":1780596364912,"seq":288,"gpsTickId":1780596363955,"gpsTickAgeMs":939,"lat":51.358461,"lng":19.355359,"hdg":181,"speedKmh":48.5,"exploring":false,"frameMoveM":0}
06-04 20:06:04.983 I/ReactNativeJS(30359): [VROOM-TEL] 2026-06-04T18:06:04.983Z | RAW_GPS_TICK | {"t":1780596364983,"gpsTickId":1780596364954,"gpsTickAgeMs":0,"lat":51.357318,"lng":19.355323,"speed":13.46,"speedKmh":48.5,"accuracy":4,"osTimestamp":1780596364954,"tripActive":true,"appState":"active"}
06-04 20:06:04.984 I/ReactNativeJS(30359): [VROOM-TEL] 2026-06-04T18:06:04.984Z | DRIVE_TRACE_RAW | {"t":1780596364984,"seq":289,"gpsTickId":1780596364954,"gpsTickAgeMs":1,"rawLat":51.357318,"rawLng":19.355323,"accM":4,"speedKmh":48.5,"speedMs":13.5,"heading":180,"tripActive":true,"driving":true,"navigating":false,"osTimestamp":1780596364954}
06-04 20:06:04.985 I/ReactNativeJS(30359): [VROOM-TEL] 2026-06-04T18:06:04.985Z | DRIVE_TRACE_FEED | {"t":1780596364985,"seq":290,"gpsTickId":1780596364954,"gpsTickAgeMs":2,"lat":51.357842,"lng":19.355339,"hdg":180,"durationMs":1200,"speedKmh":48.5}
06-04 20:06:04.985 I/ReactNativeJS(30359): [VROOM-TEL] 2026-06-04T18:06:04.985Z | DRIVE_TRACE_TICK | {"t":1780596364985,"seq":291,"gpsTickId":1780596364954,"gpsTickAgeMs":2,"rawLat":51.357318,"rawLng":19.355323,"snapLat":51.357842,"snapLng":19.355339,"markerLat":51.357842,"markerLng":19.355339,"markerHdg":180,"markerSvLat":51.358448,"markerSvLng":19.355358,"markerSvHdg":181,"accM":4,"hudKmh":48.5,"engineKmh":24.5,"dopplerKmh":48.5,"feedDurMs":1200,"cadenceMs":1091,"feedSpeedMs":13.5,"isNavigating":false,"isFreeDrive":true,"isMoving":true,"feedSkipGate":false,"feedAccepted":true,"feedHeadingOnly":false,"source":"drive_core_v2"}
06-04 20:06:04.985 I/ReactNativeJS(30359): [VROOM-TEL] 2026-06-04T18:06:04.985Z | GPS_ACCEPT | {"lat":51.357318,"lng":19.355323,"acc":4,"speedKmh":48.5,"gpsLock":true}
06-04 20:06:05.130 I/ReactNativeJS(30359): [VROOM-TEL] 2026-06-04T18:06:05.130Z | DRIVE_TRACE_HEARTBEAT | {"t":1780596365130,"seq":292,"gpsTickId":1780596364954,"gpsTickAgeMs":147,"driving":true,"navigating":false,"tripActive":true,"lat":51.3573181,"lng":19.3553226,"gpsAgeMs":147}
06-04 20:06:05.213 I/ReactNativeJS(30359): [VROOM-TEL] 2026-06-04T18:06:05.213Z | DRIVE_TRACE_CAMERA | {"t":1780596365213,"seq":293,"gpsTickId":1780596364954,"gpsTickAgeMs":230,"lat":51.358333,"lng":19.355355,"hdg":181,"speedKmh":48.5,"exploring":false,"frameMoveM":0}
06-04 20:06:05.396 I/ReactNativeJS(30359): [VROOM-TEL] 2026-06-04T18:06:05.396Z | CAM_FOLLOW_PUSH | {"t":1780596365396,"lat":51.358241,"lng":19.355352,"hdg":181,"snapHdg":181,"speedKmh":48,"exploring":false,"source":"drive_marker_sv_60fps"}
06-04 20:06:05.429 I/ReactNativeJS(30359): [VROOM-TEL] 2026-06-04T18:06:05.429Z | CAMERA_HEADING | {"t":1780596365429,"speedKmh":48,"movedM":0.96,"moveBearing":null,"snapHdg":181,"headingOut":181,"flipFromPrevDeg":0,"lookaheadM":40,"nativeFollow":true}
06-04 20:06:05.513 I/ReactNativeJS(30359): [VROOM-TEL] 2026-06-04T18:06:05.513Z | DRIVE_TRACE_CAMERA | {"t":1780596365513,"seq":294,"gpsTickId":1780596364954,"gpsTickAgeMs":530,"lat":51.358182,"lng":19.35535,"hdg":181,"speedKmh":48.5,"exploring":false,"frameMoveM":0}
06-04 20:06:05.813 I/ReactNativeJS(30359): [VROOM-TEL] 2026-06-04T18:06:05.813Z | DRIVE_TRACE_CAMERA | {"t":1780596365813,"seq":295,"gpsTickId":1780596364954,"gpsTickAgeMs":830,"lat":51.35803,"lng":19.355345,"hdg":181,"speedKmh":48.5,"exploring":false,"frameMoveM":0}
06-04 20:06:05.984 I/ReactNativeJS(30359): [VROOM-TEL] 2026-06-04T18:06:05.984Z | RAW_GPS_TICK | {"t":1780596365984,"gpsTickId":1780596365955,"gpsTickAgeMs":0,"lat":51.357193,"lng":19.35532,"speed":13.89,"speedKmh":50,"accuracy":4,"osTimestamp":1780596365955,"tripActive":true,"appState":"active"}
06-04 20:06:05.984 I/ReactNativeJS(30359): [VROOM-TEL] 2026-06-04T18:06:05.984Z | DRIVE_TRACE_RAW | {"t":1780596365984,"seq":296,"gpsTickId":1780596365955,"gpsTickAgeMs":0,"rawLat":51.357193,"rawLng":19.35532,"accM":4,"speedKmh":50,"speedMs":13.9,"heading":180,"tripActive":true,"driving":true,"navigating":false,"osTimestamp":1780596365955}
06-04 20:06:05.985 I/ReactNativeJS(30359): [VROOM-TEL] 2026-06-04T18:06:05.985Z | DRIVE_TRACE_FEED | {"t":1780596365985,"seq":297,"gpsTickId":1780596365955,"gpsTickAgeMs":1,"lat":51.357423,"lng":19.355327,"hdg":181,"durationMs":1200,"speedKmh":50}
06-04 20:06:05.986 I/ReactNativeJS(30359): [VROOM-TEL] 2026-06-04T18:06:05.986Z | DRIVE_TRACE_TICK | {"t":1780596365986,"seq":298,"gpsTickId":1780596365955,"gpsTickAgeMs":2,"rawLat":51.357193,"rawLng":19.35532,"snapLat":51.357423,"snapLng":19.355327,"markerLat":51.357423,"markerLng":19.355327,"markerHdg":181,"markerSvLat":51.357946,"markerSvLng":19.355342,"markerSvHdg":181,"accM":4,"hudKmh":50,"engineKmh":41.2,"dopplerKmh":50,"feedDurMs":1200,"cadenceMs":1060,"feedSpeedMs":13.9,"isNavigating":false,"isFreeDrive":true,"isMoving":true,"feedSkipGate":false,"feedAccepted":true,"feedHeadingOnly":false,"source":"drive_core_v2"}
06-04 20:06:05.986 I/ReactNativeJS(30359): [VROOM-TEL] 2026-06-04T18:06:05.986Z | GPS_ACCEPT | {"lat":51.357193,"lng":19.35532,"acc":4,"speedKmh":50,"gpsLock":true}
06-04 20:06:06.113 I/ReactNativeJS(30359): [VROOM-TEL] 2026-06-04T18:06:06.113Z | DRIVE_TRACE_CAMERA | {"t":1780596366113,"seq":299,"gpsTickId":1780596365955,"gpsTickAgeMs":129,"lat":51.35789,"lng":19.355341,"hdg":181,"speedKmh":50,"exploring":false,"frameMoveM":0}
06-04 20:06:06.196 I/ReactNativeJS(30359): [VROOM-TEL] 2026-06-04T18:06:06.196Z | CAM_FOLLOW_PUSH | {"t":1780596366196,"lat":51.357854,"lng":19.35534,"hdg":181,"snapHdg":181,"speedKmh":50,"exploring":false,"source":"drive_marker_sv_60fps"}
06-04 20:06:06.429 I/ReactNativeJS(30359): [VROOM-TEL] 2026-06-04T18:06:06.429Z | DRIVE_TRACE_CAMERA | {"t":1780596366429,"seq":300,"gpsTickId":1780596365955,"gpsTickAgeMs":445,"lat":51.357752,"lng":19.355336,"hdg":181,"speedKmh":50,"exploring":false,"frameMoveM":0}
06-04 20:06:06.529 I/ReactNativeJS(30359): [VROOM-TEL] 2026-06-04T18:06:06.529Z | CAMERA_HEADING | {"t":1780596366529,"speedKmh":50,"movedM":0.82,"moveBearing":null,"snapHdg":181,"headingOut":181,"flipFromPrevDeg":0,"lookaheadM":40,"nativeFollow":true}
06-04 20:06:06.730 I/ReactNativeJS(30359): [VROOM-TEL] 2026-06-04T18:06:06.730Z | DRIVE_TRACE_CAMERA | {"t":1780596366730,"seq":301,"gpsTickId":1780596365955,"gpsTickAgeMs":746,"lat":51.357622,"lng":19.355333,"hdg":181,"speedKmh":50,"exploring":false,"frameMoveM":0}
06-04 20:06:06.977 I/ReactNativeJS(30359): [VROOM-TEL] 2026-06-04T18:06:06.977Z | RAW_GPS_TICK | {"t":1780596366977,"gpsTickId":1780596366954,"gpsTickAgeMs":0,"lat":51.357069,"lng":19.355316,"speed":13.97,"speedKmh":50.3,"accuracy":4,"osTimestamp":1780596366954,"tripActive":true,"appState":"active"}
06-04 20:06:06.977 I/ReactNativeJS(30359): [VROOM-TEL] 2026-06-04T18:06:06.977Z | DRIVE_TRACE_RAW | {"t":1780596366977,"seq":302,"gpsTickId":1780596366954,"gpsTickAgeMs":0,"rawLat":51.357069,"rawLng":19.355316,"accM":4,"speedKmh":50.3,"speedMs":14,"heading":180,"tripActive":true,"driving":true,"navigating":false,"osTimestamp":1780596366954}
06-04 20:06:06.984 I/ReactNativeJS(30359): [VROOM-TEL] 2026-06-04T18:06:06.984Z | DRIVE_TRACE_FEED | {"t":1780596366984,"seq":303,"gpsTickId":1780596366954,"gpsTickAgeMs":7,"lat":51.357228,"lng":19.355321,"hdg":181,"durationMs":1200,"speedKmh":50.3}
06-04 20:06:06.985 I/ReactNativeJS(30359): [VROOM-TEL] 2026-06-04T18:06:06.985Z | DRIVE_TRACE_TICK | {"t":1780596366985,"seq":304,"gpsTickId":1780596366954,"gpsTickAgeMs":8,"rawLat":51.357069,"rawLng":19.355316,"snapLat":51.357228,"snapLng":19.355321,"markerLat":51.357228,"markerLng":19.355321,"markerHdg":181,"markerSvLat":51.357513,"markerSvLng":19.355329,"markerSvHdg":181,"accM":4,"hudKmh":50.3,"engineKmh":46.6,"dopplerKmh":50.3,"feedDurMs":1200,"cadenceMs":1037,"feedSpeedMs":14,"isNavigating":false,"isFreeDrive":true,"isMoving":true,"feedSkipGate":false,"feedAccepted":true,"feedHeadingOnly":false,"source":"drive_core_v2"}
06-04 20:06:06.985 I/ReactNativeJS(30359): [VROOM-TEL] 2026-06-04T18:06:06.985Z | GPS_ACCEPT | {"lat":51.357069,"lng":19.355316,"acc":4,"speedKmh":50.3,"gpsLock":true}
06-04 20:06:07.007 I/ReactNativeJS(30359): [VROOM-TEL] 2026-06-04T18:06:07.007Z | CAM_FOLLOW_PUSH | {"t":1780596367007,"lat":51.357506,"lng":19.355329,"hdg":181,"snapHdg":181,"speedKmh":50,"exploring":false,"source":"drive_marker_sv_60fps"}
06-04 20:06:07.048 I/ReactNativeJS(30359): [VROOM-TEL] 2026-06-04T18:06:07.048Z | DRIVE_TRACE_CAMERA | {"t":1780596367048,"seq":305,"gpsTickId":1780596366954,"gpsTickAgeMs":71,"lat":51.357498,"lng":19.355329,"hdg":181,"speedKmh":50.3,"exploring":false,"frameMoveM":0}
06-04 20:06:07.348 I/ReactNativeJS(30359): [VROOM-TEL] 2026-06-04T18:06:07.348Z | DRIVE_TRACE_CAMERA | {"t":1780596367348,"seq":306,"gpsTickId":1780596366954,"gpsTickAgeMs":371,"lat":51.357427,"lng":19.355327,"hdg":181,"speedKmh":50.3,"exploring":false,"frameMoveM":0}
06-04 20:06:07.630 I/ReactNativeJS(30359): [VROOM-TEL] 2026-06-04T18:06:07.629Z | CAMERA_HEADING | {"t":1780596367629,"speedKmh":50,"movedM":0.45,"moveBearing":null,"snapHdg":181,"headingOut":181,"flipFromPrevDeg":0,"lookaheadM":40,"nativeFollow":true}
06-04 20:06:07.662 I/ReactNativeJS(30359): [VROOM-TEL] 2026-06-04T18:06:07.662Z | DRIVE_TRACE_CAMERA | {"t":1780596367662,"seq":307,"gpsTickId":1780596366954,"gpsTickAgeMs":685,"lat":51.357352,"lng":19.355324,"hdg":181,"speedKmh":50.3,"exploring":false,"frameMoveM":0}
06-04 20:06:07.813 I/ReactNativeJS(30359): [VROOM-TEL] 2026-06-04T18:06:07.813Z | CAM_FOLLOW_PUSH | {"t":1780596367813,"lat":51.357317,"lng":19.355323,"hdg":181,"snapHdg":181,"speedKmh":50,"exploring":false,"source":"drive_marker_sv_60fps"}
06-04 20:06:07.963 I/ReactNativeJS(30359): [VROOM-TEL] 2026-06-04T18:06:07.963Z | DRIVE_TRACE_CAMERA | {"t":1780596367963,"seq":308,"gpsTickId":1780596366954,"gpsTickAgeMs":986,"lat":51.357281,"lng":19.355322,"hdg":181,"speedKmh":50.3,"exploring":false,"frameMoveM":0}
06-04 20:06:08.032 I/ReactNativeJS(30359): [VROOM-TEL] 2026-06-04T18:06:08.032Z | RAW_GPS_TICK | {"t":1780596368032,"gpsTickId":1780596367955,"gpsTickAgeMs":0,"lat":51.356943,"lng":19.355314,"speed":14.13,"speedKmh":50.9,"accuracy":4,"osTimestamp":1780596367955,"tripActive":true,"appState":"active"}
06-04 20:06:08.032 I/ReactNativeJS(30359): [VROOM-TEL] 2026-06-04T18:06:08.032Z | DRIVE_TRACE_RAW | {"t":1780596368032,"seq":309,"gpsTickId":1780596367955,"gpsTickAgeMs":0,"rawLat":51.356943,"rawLng":19.355314,"accM":4,"speedKmh":50.9,"speedMs":14.1,"heading":180,"tripActive":true,"driving":true,"navigating":false,"osTimestamp":1780596367955}
06-04 20:06:08.032 I/ReactNativeJS(30359): [VROOM-TEL] 2026-06-04T18:06:08.032Z | DRIVE_TRACE_FEED | {"t":1780596368032,"seq":310,"gpsTickId":1780596367955,"gpsTickAgeMs":0,"lat":51.357228,"lng":19.355321,"hdg":181,"durationMs":939,"speedKmh":50.9}
06-04 20:06:08.032 I/ReactNativeJS(30359): [VROOM-TEL] 2026-06-04T18:06:08.032Z | TRIP_SEGMENT_REJECT | {"t":1780596368032,"reason":"jitter","dtSec":1,"speedKmh":50.9}
06-04 20:06:08.033 I/ReactNativeJS(30359): [VROOM-TEL] 2026-06-04T18:06:08.033Z | DRIVE_TRACE_TICK | {"t":1780596368033,"seq":311,"gpsTickId":1780596367955,"gpsTickAgeMs":1,"rawLat":51.356943,"rawLng":19.355314,"snapLat":51.357228,"snapLng":19.355321,"markerLat":51.357228,"markerLng":19.355321,"markerHdg":181,"markerSvLat":51.357265,"markerSvLng":19.355322,"markerSvHdg":181,"accM":4,"hudKmh":50.9,"engineKmh":50.3,"dopplerKmh":50.9,"feedDurMs":939,"cadenceMs":1043,"feedSpeedMs":14.1,"isNavigating":false,"isFreeDrive":true,"isMoving":true,"feedSkipGate":false,"feedAccepted":true,"feedHeadingOnly":false,"source":"drive_core_v2"}
06-04 20:06:08.033 I/ReactNativeJS(30359): [VROOM-TEL] 2026-06-04T18:06:08.033Z | GPS_ACCEPT | {"lat":51.356943,"lng":19.355314,"acc":4,"speedKmh":50.9,"gpsLock":true}
06-04 20:06:08.279 I/ReactNativeJS(30359): [VROOM-TEL] 2026-06-04T18:06:08.279Z | DRIVE_TRACE_CAMERA | {"t":1780596368279,"seq":312,"gpsTickId":1780596367955,"gpsTickAgeMs":247,"lat":51.357255,"lng":19.355321,"hdg":181,"speedKmh":50.9,"exploring":false,"frameMoveM":0}
06-04 20:06:08.579 I/ReactNativeJS(30359): [VROOM-TEL] 2026-06-04T18:06:08.579Z | DRIVE_TRACE_CAMERA | {"t":1780596368579,"seq":313,"gpsTickId":1780596367955,"gpsTickAgeMs":547,"lat":51.357244,"lng":19.355321,"hdg":181,"speedKmh":50.9,"exploring":false,"frameMoveM":0}
06-04 20:06:08.613 I/ReactNativeJS(30359): [VROOM-TEL] 2026-06-04T18:06:08.613Z | CAM_FOLLOW_PUSH | {"t":1780596368613,"lat":51.357242,"lng":19.355321,"hdg":181,"snapHdg":181,"speedKmh":51,"exploring":false,"source":"drive_marker_sv_60fps"}
06-04 20:06:08.729 I/ReactNativeJS(30359): [VROOM-TEL] 2026-06-04T18:06:08.729Z | CAMERA_HEADING | {"t":1780596368729,"speedKmh":51,"movedM":0.07,"moveBearing":null,"snapHdg":181,"headingOut":181,"flipFromPrevDeg":0,"lookaheadM":40,"nativeFollow":true}
06-04 20:06:08.879 I/ReactNativeJS(30359): [VROOM-TEL] 2026-06-04T18:06:08.879Z | DRIVE_TRACE_CAMERA | {"t":1780596368879,"seq":314,"gpsTickId":1780596367955,"gpsTickAgeMs":847,"lat":51.357232,"lng":19.355321,"hdg":181,"speedKmh":50.9,"exploring":false,"frameMoveM":0}
06-04 20:06:08.976 I/ReactNativeJS(30359): [VROOM-TEL] 2026-06-04T18:06:08.976Z | RAW_GPS_TICK | {"t":1780596368976,"gpsTickId":1780596368954,"gpsTickAgeMs":0,"lat":51.356815,"lng":19.35531,"speed":14.25,"speedKmh":51.3,"accuracy":4,"osTimestamp":1780596368954,"tripActive":true,"appState":"active"}
06-04 20:06:08.976 I/ReactNativeJS(30359): [VROOM-TEL] 2026-06-04T18:06:08.976Z | DRIVE_TRACE_RAW | {"t":1780596368976,"seq":315,"gpsTickId":1780596368954,"gpsTickAgeMs":0,"rawLat":51.356815,"rawLng":19.35531,"accM":4,"speedKmh":51.3,"speedMs":14.3,"heading":181,"tripActive":true,"driving":true,"navigating":false,"osTimestamp":1780596368954}
06-04 20:06:08.977 I/ReactNativeJS(30359): [VROOM-TEL] 2026-06-04T18:06:08.977Z | DRIVE_TRACE_FEED | {"t":1780596368977,"seq":316,"gpsTickId":1780596368954,"gpsTickAgeMs":1,"lat":51.35703,"lng":19.355316,"hdg":181,"durationMs":1200,"speedKmh":51.3}
06-04 20:06:08.978 I/ReactNativeJS(30359): [VROOM-TEL] 2026-06-04T18:06:08.977Z | DRIVE_TRACE_TICK | {"t":1780596368977,"seq":317,"gpsTickId":1780596368954,"gpsTickAgeMs":1,"rawLat":51.356815,"rawLng":19.35531,"snapLat":51.35703,"snapLng":19.355316,"markerLat":51.35703,"markerLng":19.355316,"markerHdg":181,"markerSvLat":51.357229,"markerSvLng":19.355321,"markerSvHdg":181,"accM":4,"hudKmh":51.3,"engineKmh":50.6,"dopplerKmh":51.3,"feedDurMs":1200,"cadenceMs":1008,"feedSpeedMs":14.3,"isNavigating":false,"isFreeDrive":true,"isMoving":true,"feedSkipGate":false,"feedAccepted":true,"feedHeadingOnly":false,"source":"drive_core_v2"}
06-04 20:06:08.978 I/ReactNativeJS(30359): [VROOM-TEL] 2026-06-04T18:06:08.978Z | GPS_ACCEPT | {"lat":51.356815,"lng":19.35531,"acc":4,"speedKmh":54.1,"gpsLock":true}
06-04 20:06:09.179 I/ReactNativeJS(30359): [VROOM-TEL] 2026-06-04T18:06:09.179Z | DRIVE_TRACE_CAMERA | {"t":1780596369179,"seq":318,"gpsTickId":1780596368954,"gpsTickAgeMs":203,"lat":51.357195,"lng":19.35532,"hdg":181,"speedKmh":51.3,"exploring":false,"frameMoveM":0}
06-04 20:06:09.429 I/ReactNativeJS(30359): [VROOM-TEL] 2026-06-04T18:06:09.429Z | CAM_FOLLOW_PUSH | {"t":1780596369429,"lat":51.357154,"lng":19.355319,"hdg":181,"snapHdg":181,"speedKmh":51,"exploring":false,"source":"drive_marker_sv_60fps"}
06-04 20:06:09.480 I/ReactNativeJS(30359): [VROOM-TEL] 2026-06-04T18:06:09.479Z | DRIVE_TRACE_CAMERA | {"t":1780596369479,"seq":319,"gpsTickId":1780596368954,"gpsTickAgeMs":503,"lat":51.357146,"lng":19.355319,"hdg":181,"speedKmh":51.3,"exploring":false,"frameMoveM":0}
06-04 20:06:09.780 I/ReactNativeJS(30359): [VROOM-TEL] 2026-06-04T18:06:09.780Z | DRIVE_TRACE_CAMERA | {"t":1780596369780,"seq":320,"gpsTickId":1780596368954,"gpsTickAgeMs":804,"lat":51.357096,"lng":19.355317,"hdg":181,"speedKmh":51.3,"exploring":false,"frameMoveM":0}
06-04 20:06:09.829 I/ReactNativeJS(30359): [VROOM-TEL] 2026-06-04T18:06:09.829Z | CAMERA_HEADING | {"t":1780596369829,"speedKmh":51,"movedM":0.31,"moveBearing":null,"snapHdg":181,"headingOut":181,"flipFromPrevDeg":0,"lookaheadM":40,"nativeFollow":true}
06-04 20:06:09.978 I/ReactNativeJS(30359): [VROOM-TEL] 2026-06-04T18:06:09.978Z | RAW_GPS_TICK | {"t":1780596369978,"gpsTickId":1780596369954,"gpsTickAgeMs":0,"lat":51.356686,"lng":19.355303,"speed":14.43,"speedKmh":51.9,"accuracy":4,"osTimestamp":1780596369954,"tripActive":true,"appState":"active"}
06-04 20:06:09.978 I/ReactNativeJS(30359): [VROOM-TEL] 2026-06-04T18:06:09.978Z | DRIVE_TRACE_RAW | {"t":1780596369978,"seq":321,"gpsTickId":1780596369954,"gpsTickAgeMs":0,"rawLat":51.356686,"rawLng":19.355303,"accM":4,"speedKmh":51.9,"speedMs":14.4,"heading":181,"tripActive":true,"driving":true,"navigating":false,"osTimestamp":1780596369954}
06-04 20:06:09.979 I/ReactNativeJS(30359): [VROOM-TEL] 2026-06-04T18:06:09.979Z | DRIVE_TRACE_FEED | {"t":1780596369979,"seq":322,"gpsTickId":1780596369954,"gpsTickAgeMs":1,"lat":51.356841,"lng":19.355309,"hdg":182,"durationMs":1200,"speedKmh":51.9}
06-04 20:06:09.980 I/ReactNativeJS(30359): [VROOM-TEL] 2026-06-04T18:06:09.980Z | DRIVE_TRACE_TICK | {"t":1780596369980,"seq":323,"gpsTickId":1780596369954,"gpsTickAgeMs":2,"rawLat":51.356686,"rawLng":19.355303,"snapLat":51.356841,"snapLng":19.355309,"markerLat":51.356841,"markerLng":19.355309,"markerHdg":182,"markerSvLat":51.357063,"markerSvLng":19.355316,"markerSvHdg":181,"accM":4,"hudKmh":51.9,"engineKmh":51.1,"dopplerKmh":51.9,"feedDurMs":1200,"cadenceMs":1006,"feedSpeedMs":14.4,"isNavigating":false,"isFreeDrive":true,"isMoving":true,"feedSkipGate":false,"feedAccepted":true,"feedHeadingOnly":false,"source":"drive_core_v2"}
06-04 20:06:09.980 I/ReactNativeJS(30359): [VROOM-TEL] 2026-06-04T18:06:09.980Z | GPS_ACCEPT | {"lat":51.356686,"lng":19.355303,"acc":4,"speedKmh":51.9,"gpsLock":true}
06-04 20:06:10.101 I/ReactNativeJS(30359): [VROOM-TEL] 2026-06-04T18:06:10.101Z | DRIVE_TRACE_CAMERA | {"t":1780596370101,"seq":324,"gpsTickId":1780596369954,"gpsTickAgeMs":123,"lat":51.357042,"lng":19.355316,"hdg":181,"speedKmh":51.9,"exploring":false,"frameMoveM":0}
06-04 20:06:10.163 I/ReactNativeJS(30359): [VROOM-TEL] 2026-06-04T18:06:10.163Z | DRIVE_TRACE_HEARTBEAT | {"t":1780596370163,"seq":325,"gpsTickId":1780596369954,"gpsTickAgeMs":185,"driving":true,"navigating":false,"tripActive":true,"lat":51.3566859,"lng":19.355303,"gpsAgeMs":185}
06-04 20:06:10.229 I/ReactNativeJS(30359): [VROOM-TEL] 2026-06-04T18:06:10.229Z | CAM_FOLLOW_PUSH | {"t":1780596370229,"lat":51.357017,"lng":19.355315,"hdg":181,"snapHdg":181,"speedKmh":52,"exploring":false,"source":"drive_marker_sv_60fps"}
06-04 20:06:10.412 I/ReactNativeJS(30359): [VROOM-TEL] 2026-06-04T18:06:10.412Z | DRIVE_TRACE_CAMERA | {"t":1780596370412,"seq":326,"gpsTickId":1780596369954,"gpsTickAgeMs":434,"lat":51.356983,"lng":19.355314,"hdg":181,"speedKmh":51.9,"exploring":false,"frameMoveM":0}
06-04 20:06:10.712 I/ReactNativeJS(30359): [VROOM-TEL] 2026-06-04T18:06:10.712Z | DRIVE_TRACE_CAMERA | {"t":1780596370712,"seq":327,"gpsTickId":1780596369954,"gpsTickAgeMs":734,"lat":51.356928,"lng":19.355312,"hdg":181,"speedKmh":51.9,"exploring":false,"frameMoveM":0}
06-04 20:06:10.929 I/ReactNativeJS(30359): [VROOM-TEL] 2026-06-04T18:06:10.929Z | CAMERA_HEADING | {"t":1780596370929,"speedKmh":52,"movedM":0.33,"moveBearing":null,"snapHdg":181,"headingOut":181,"flipFromPrevDeg":0,"lookaheadM":45,"nativeFollow":true}
06-04 20:06:10.981 I/ReactNativeJS(30359): [VROOM-TEL] 2026-06-04T18:06:10.981Z | RAW_GPS_TICK | {"t":1780596370981,"gpsTickId":1780596370954,"gpsTickAgeMs":1,"lat":51.356556,"lng":19.355299,"speed":14.47,"speedKmh":52.1,"accuracy":4,"osTimestamp":1780596370954,"tripActive":true,"appState":"active"}
06-04 20:06:10.981 I/ReactNativeJS(30359): [VROOM-TEL] 2026-06-04T18:06:10.981Z | DRIVE_TRACE_RAW | {"t":1780596370981,"seq":328,"gpsTickId":1780596370954,"gpsTickAgeMs":1,"rawLat":51.356556,"rawLng":19.355299,"accM":4,"speedKmh":52.1,"speedMs":14.5,"heading":180,"tripActive":true,"driving":true,"navigating":false,"osTimestamp":1780596370954}
06-04 20:06:10.982 I/ReactNativeJS(30359): [VROOM-TEL] 2026-06-04T18:06:10.982Z | DRIVE_TRACE_FEED | {"t":1780596370982,"seq":329,"gpsTickId":1780596370954,"gpsTickAgeMs":2,"lat":51.35675,"lng":19.355306,"hdg":182,"durationMs":698,"speedKmh":52.1}
06-04 20:06:10.982 I/ReactNativeJS(30359): [VROOM-TEL] 2026-06-04T18:06:10.982Z | DRIVE_TRACE_TICK | {"t":1780596370982,"seq":330,"gpsTickId":1780596370954,"gpsTickAgeMs":2,"rawLat":51.356556,"rawLng":19.355299,"snapLat":51.35675,"snapLng":19.355306,"markerLat":51.35675,"markerLng":19.355306,"markerHdg":182,"markerSvLat":51.356878,"markerSvLng":19.35531,"markerSvHdg":181,"accM":4,"hudKmh":52.1,"engineKmh":51.6,"dopplerKmh":52.1,"feedDurMs":698,"cadenceMs":1005,"feedSpeedMs":14.5,"isNavigating":false,"isFreeDrive":true,"isMoving":true,"feedSkipGate":false,"feedAccepted":true,"feedHeadingOnly":false,"source":"drive_core_v2"}
06-04 20:06:10.982 I/ReactNativeJS(30359): [VROOM-TEL] 2026-06-04T18:06:10.982Z | GPS_ACCEPT | {"lat":51.356556,"lng":19.355299,"acc":4,"speedKmh":52.1,"gpsLock":true}
06-04 20:06:11.033 I/ReactNativeJS(30359): [VROOM-TEL] 2026-06-04T18:06:11.033Z | CAM_FOLLOW_PUSH | {"t":1780596371033,"lat":51.356876,"lng":19.35531,"hdg":181,"snapHdg":181,"speedKmh":52,"exploring":false,"source":"drive_marker_sv_60fps"}
06-04 20:06:11.033 I/ReactNativeJS(30359): [VROOM-TEL] 2026-06-04T18:06:11.033Z | DRIVE_TRACE_CAMERA | {"t":1780596371033,"seq":331,"gpsTickId":1780596370954,"gpsTickAgeMs":53,"lat":51.356876,"lng":19.35531,"hdg":181,"speedKmh":52.1,"exploring":false,"frameMoveM":0}
06-04 20:06:11.346 I/ReactNativeJS(30359): [VROOM-TEL] 2026-06-04T18:06:11.346Z | DRIVE_TRACE_CAMERA | {"t":1780596371346,"seq":332,"gpsTickId":1780596370954,"gpsTickAgeMs":366,"lat":51.356811,"lng":19.355308,"hdg":181,"speedKmh":52.1,"exploring":false,"frameMoveM":0}
06-04 20:06:11.646 I/ReactNativeJS(30359): [VROOM-TEL] 2026-06-04T18:06:11.646Z | DRIVE_TRACE_CAMERA | {"t":1780596371646,"seq":333,"gpsTickId":1780596370954,"gpsTickAgeMs":666,"lat":51.356756,"lng":19.355306,"hdg":181,"speedKmh":52.1,"exploring":false,"frameMoveM":0}
06-04 20:06:11.846 I/ReactNativeJS(30359): [VROOM-TEL] 2026-06-04T18:06:11.846Z | CAM_FOLLOW_PUSH | {"t":1780596371846,"lat":51.356731,"lng":19.355305,"hdg":181,"snapHdg":181,"speedKmh":52,"exploring":false,"source":"drive_marker_sv_60fps"}
06-04 20:06:11.968 I/ReactNativeJS(30359): [VROOM-TEL] 2026-06-04T18:06:11.968Z | RAW_GPS_TICK | {"t":1780596371968,"gpsTickId":1780596371953,"gpsTickAgeMs":0,"lat":51.356426,"lng":19.355293,"speed":14.65,"speedKmh":52.7,"accuracy":4,"osTimestamp":1780596371953,"tripActive":true,"appState":"active"}
06-04 20:06:11.968 I/ReactNativeJS(30359): [VROOM-TEL] 2026-06-04T18:06:11.968Z | DRIVE_TRACE_RAW | {"t":1780596371968,"seq":334,"gpsTickId":1780596371953,"gpsTickAgeMs":0,"rawLat":51.356426,"rawLng":19.355293,"accM":4,"speedKmh":52.7,"speedMs":14.6,"heading":181,"tripActive":true,"driving":true,"navigating":false,"osTimestamp":1780596371953}
06-04 20:06:11.970 I/ReactNativeJS(30359): [VROOM-TEL] 2026-06-04T18:06:11.969Z | DRIVE_TRACE_FEED | {"t":1780596371969,"seq":335,"gpsTickId":1780596371953,"gpsTickAgeMs":1,"lat":51.356658,"lng":19.355302,"hdg":181,"durationMs":697,"speedKmh":52.7}
06-04 20:06:11.970 I/ReactNativeJS(30359): [VROOM-TEL] 2026-06-04T18:06:11.970Z | DRIVE_TRACE_TICK | {"t":1780596371970,"seq":336,"gpsTickId":1780596371953,"gpsTickAgeMs":2,"rawLat":51.356426,"rawLng":19.355293,"snapLat":51.356658,"snapLng":19.355302,"markerLat":51.356658,"markerLng":19.355302,"markerHdg":181,"markerSvLat":51.356726,"markerSvLng":19.355305,"markerSvHdg":181,"accM":4,"hudKmh":52.7,"engineKmh":52,"dopplerKmh":52.7,"feedDurMs":697,"cadenceMs":999,"feedSpeedMs":14.6,"isNavigating":false,"isFreeDrive":true,"isMoving":true,"feedSkipGate":false,"feedAccepted":true,"feedHeadingOnly":false,"source":"drive_core_v2"}
06-04 20:06:11.970 I/ReactNativeJS(30359): [VROOM-TEL] 2026-06-04T18:06:11.970Z | GPS_ACCEPT | {"lat":51.356426,"lng":19.355293,"acc":4,"speedKmh":52.7,"gpsLock":true}
06-04 20:06:12.008 I/ReactNativeJS(30359): [VROOM-TEL] 2026-06-04T18:06:12.008Z | DRIVE_TRACE_CAMERA | {"t":1780596372008,"seq":337,"gpsTickId":1780596371953,"gpsTickAgeMs":40,"lat":51.356724,"lng":19.355305,"hdg":181,"speedKmh":52.7,"exploring":false,"frameMoveM":0}
06-04 20:06:12.029 I/ReactNativeJS(30359): [VROOM-TEL] 2026-06-04T18:06:12.029Z | CAMERA_HEADING | {"t":1780596372029,"speedKmh":53,"movedM":0.37,"moveBearing":null,"snapHdg":181,"headingOut":181,"flipFromPrevDeg":0,"lookaheadM":45,"nativeFollow":true}
06-04 20:06:12.313 I/ReactNativeJS(30359): [VROOM-TEL] 2026-06-04T18:06:12.313Z | DRIVE_TRACE_CAMERA | {"t":1780596372313,"seq":338,"gpsTickId":1780596371953,"gpsTickAgeMs":345,"lat":51.356693,"lng":19.355304,"hdg":181,"speedKmh":52.7,"exploring":false,"frameMoveM":0}
06-04 20:06:12.613 I/ReactNativeJS(30359): [VROOM-TEL] 2026-06-04T18:06:12.613Z | DRIVE_TRACE_CAMERA | {"t":1780596372613,"seq":339,"gpsTickId":1780596371953,"gpsTickAgeMs":645,"lat":51.356664,"lng":19.355302,"hdg":181,"speedKmh":52.7,"exploring":false,"frameMoveM":0}
06-04 20:06:12.646 I/ReactNativeJS(30359): [VROOM-TEL] 2026-06-04T18:06:12.646Z | CAM_FOLLOW_PUSH | {"t":1780596372646,"lat":51.35666,"lng":19.355302,"hdg":181,"snapHdg":181,"speedKmh":53,"exploring":false,"source":"drive_marker_sv_60fps"}
06-04 20:06:12.980 I/ReactNativeJS(30359): [VROOM-TEL] 2026-06-04T18:06:12.980Z | RAW_GPS_TICK | {"t":1780596372980,"gpsTickId":1780596372955,"gpsTickAgeMs":0,"lat":51.356294,"lng":19.355287,"speed":14.77,"speedKmh":53.2,"accuracy":4,"osTimestamp":1780596372955,"tripActive":true,"appState":"active"}
06-04 20:06:12.987 I/ReactNativeJS(30359): [VROOM-TEL] 2026-06-04T18:06:12.980Z | DRIVE_TRACE_RAW | {"t":1780596372980,"seq":340,"gpsTickId":1780596372955,"gpsTickAgeMs":0,"rawLat":51.356294,"rawLng":19.355287,"accM":4,"speedKmh":53.2,"speedMs":14.8,"heading":182,"tripActive":true,"driving":true,"navigating":false,"osTimestamp":1780596372955}
06-04 20:06:12.989 I/ReactNativeJS(30359): [VROOM-TEL] 2026-06-04T18:06:12.989Z | DRIVE_TRACE_FEED | {"t":1780596372989,"seq":341,"gpsTickId":1780596372955,"gpsTickAgeMs":9,"lat":51.356566,"lng":19.355298,"hdg":182,"durationMs":695,"speedKmh":53.2}
06-04 20:06:12.989 I/ReactNativeJS(30359): [VROOM-TEL] 2026-06-04T18:06:12.989Z | DRIVE_TRACE_TICK | {"t":1780596372989,"seq":342,"gpsTickId":1780596372955,"gpsTickAgeMs":9,"rawLat":51.356294,"rawLng":19.355287,"snapLat":51.356566,"snapLng":19.355298,"markerLat":51.356566,"markerLng":19.355298,"markerHdg":182,"markerSvLat":51.356634,"markerSvLng":19.355301,"markerSvHdg":181,"accM":4,"hudKmh":53.2,"engineKmh":52.4,"dopplerKmh":53.2,"feedDurMs":695,"cadenceMs":1004,"feedSpeedMs":14.8,"isNavigating":false,"isFreeDrive":true,"isMoving":true,"feedSkipGate":false,"feedAccepted":true,"feedHeadingOnly":false,"source":"drive_core_v2"}
06-04 20:06:12.989 I/ReactNativeJS(30359): [VROOM-TEL] 2026-06-04T18:06:12.989Z | GPS_ACCEPT | {"lat":51.356294,"lng":19.355287,"acc":4,"speedKmh":53.2,"gpsLock":true}
06-04 20:06:13.044 I/ReactNativeJS(30359): [VROOM-TEL] 2026-06-04T18:06:13.044Z | DRIVE_TRACE_CAMERA | {"t":1780596373044,"seq":343,"gpsTickId":1780596372955,"gpsTickAgeMs":64,"lat":51.356632,"lng":19.355301,"hdg":181,"speedKmh":53.2,"exploring":false,"frameMoveM":0}
06-04 20:06:13.129 I/ReactNativeJS(30359): [VROOM-TEL] 2026-06-04T18:06:13.129Z | CAMERA_HEADING | {"t":1780596373129,"speedKmh":53,"movedM":0.19,"moveBearing":null,"snapHdg":181,"headingOut":181,"flipFromPrevDeg":0,"lookaheadM":45,"nativeFollow":true}
06-04 20:06:13.346 I/ReactNativeJS(30359): [VROOM-TEL] 2026-06-04T18:06:13.346Z | DRIVE_TRACE_CAMERA | {"t":1780596373346,"seq":344,"gpsTickId":1780596372955,"gpsTickAgeMs":366,"lat":51.356599,"lng":19.3553,"hdg":181,"speedKmh":53.2,"exploring":false,"frameMoveM":0}
06-04 20:06:13.446 I/ReactNativeJS(30359): [VROOM-TEL] 2026-06-04T18:06:13.446Z | CAM_FOLLOW_PUSH | {"t":1780596373446,"lat":51.356589,"lng":19.355299,"hdg":181,"snapHdg":181,"speedKmh":53,"exploring":false,"source":"drive_marker_sv_60fps"}
06-04 20:06:13.663 I/ReactNativeJS(30359): [VROOM-TEL] 2026-06-04T18:06:13.663Z | DRIVE_TRACE_CAMERA | {"t":1780596373663,"seq":345,"gpsTickId":1780596372955,"gpsTickAgeMs":683,"lat":51.356568,"lng":19.355299,"hdg":181,"speedKmh":53.2,"exploring":false,"frameMoveM":0}
06-04 20:06:13.980 I/ReactNativeJS(30359): [VROOM-TEL] 2026-06-04T18:06:13.980Z | RAW_GPS_TICK | {"t":1780596373980,"gpsTickId":1780596373954,"gpsTickAgeMs":0,"lat":51.356163,"lng":19.355277,"speed":14.72,"speedKmh":53,"accuracy":4,"osTimestamp":1780596373954,"tripActive":true,"appState":"active"}
06-04 20:06:13.980 I/ReactNativeJS(30359): [VROOM-TEL] 2026-06-04T18:06:13.980Z | DRIVE_TRACE_RAW | {"t":1780596373980,"seq":346,"gpsTickId":1780596373954,"gpsTickAgeMs":0,"rawLat":51.356163,"rawLng":19.355277,"accM":4,"speedKmh":53,"speedMs":14.7,"heading":182,"tripActive":true,"driving":true,"navigating":false,"osTimestamp":1780596373954}
06-04 20:06:13.982 I/ReactNativeJS(30359): [VROOM-TEL] 2026-06-04T18:06:13.982Z | DRIVE_TRACE_FEED | {"t":1780596373982,"seq":347,"gpsTickId":1780596373954,"gpsTickAgeMs":2,"lat":51.356303,"lng":19.355285,"hdg":182,"durationMs":1200,"speedKmh":53}
06-04 20:06:13.982 I/ReactNativeJS(30359): [VROOM-TEL] 2026-06-04T18:06:13.982Z | DRIVE_TRACE_TICK | {"t":1780596373982,"seq":348,"gpsTickId":1780596373954,"gpsTickAgeMs":2,"rawLat":51.356163,"rawLng":19.355277,"snapLat":51.356303,"snapLng":19.355285,"markerLat":51.356303,"markerLng":19.355285,"markerHdg":182,"markerSvLat":51.356542,"markerSvLng":19.355297,"markerSvHdg":181,"accM":4,"hudKmh":53,"engineKmh":52.7,"dopplerKmh":53,"feedDurMs":1200,"cadenceMs":1003,"feedSpeedMs":14.7,"isNavigating":false,"isFreeDrive":true,"isMoving":true,"feedSkipGate":false,"feedAccepted":true,"feedHeadingOnly":false,"source":"drive_core_v2"}
06-04 20:06:13.982 I/ReactNativeJS(30359): [VROOM-TEL] 2026-06-04T18:06:13.982Z | GPS_ACCEPT | {"lat":51.356163,"lng":19.355277,"acc":4,"speedKmh":53,"gpsLock":true}
06-04 20:06:14.022 I/ReactNativeJS(30359): [VROOM-TEL] 2026-06-04T18:06:14.022Z | DRIVE_TRACE_CAMERA | {"t":1780596374022,"seq":349,"gpsTickId":1780596373954,"gpsTickAgeMs":41,"lat":51.356536,"lng":19.355297,"hdg":182,"speedKmh":53,"exploring":false,"frameMoveM":0}
06-04 20:06:14.229 I/ReactNativeJS(30359): [VROOM-TEL] 2026-06-04T18:06:14.229Z | CAMERA_HEADING | {"t":1780596374229,"speedKmh":53,"movedM":0.38,"moveBearing":null,"snapHdg":182,"headingOut":182,"flipFromPrevDeg":0,"lookaheadM":45,"nativeFollow":true}
06-04 20:06:14.319 I/ReactNativeJS(30359): [VROOM-TEL] 2026-06-04T18:06:14.319Z | CAM_FOLLOW_PUSH | {"t":1780596374319,"lat":51.35649,"lng":19.355295,"hdg":182,"snapHdg":182,"speedKmh":53,"exploring":false,"source":"drive_marker_sv_60fps"}
06-04 20:06:14.378 I/ReactNativeJS(30359): [VROOM-TEL] 2026-06-04T18:06:14.378Z | DRIVE_TRACE_CAMERA | {"t":1780596374378,"seq":350,"gpsTickId":1780596373954,"gpsTickAgeMs":398,"lat":51.356473,"lng":19.355294,"hdg":182,"speedKmh":53,"exploring":false,"frameMoveM":0}
06-04 20:06:14.679 I/ReactNativeJS(30359): [VROOM-TEL] 2026-06-04T18:06:14.679Z | DRIVE_TRACE_CAMERA | {"t":1780596374679,"seq":351,"gpsTickId":1780596373954,"gpsTickAgeMs":699,"lat":51.356403,"lng":19.35529,"hdg":182,"speedKmh":53,"exploring":false,"frameMoveM":0}
06-04 20:06:14.979 I/ReactNativeJS(30359): [VROOM-TEL] 2026-06-04T18:06:14.979Z | DRIVE_TRACE_CAMERA | {"t":1780596374979,"seq":352,"gpsTickId":1780596373954,"gpsTickAgeMs":999,"lat":51.356343,"lng":19.355287,"hdg":182,"speedKmh":53,"exploring":false,"frameMoveM":0}
06-04 20:06:14.980 I/ReactNativeJS(30359): [VROOM-TEL] 2026-06-04T18:06:14.980Z | RAW_GPS_TICK | {"t":1780596374980,"gpsTickId":1780596374954,"gpsTickAgeMs":0,"lat":51.35603,"lng":19.355266,"speed":14.86,"speedKmh":53.5,"accuracy":4,"osTimestamp":1780596374954,"tripActive":true,"appState":"active"}
06-04 20:06:14.980 I/ReactNativeJS(30359): [VROOM-TEL] 2026-06-04T18:06:14.980Z | DRIVE_TRACE_RAW | {"t":1780596374980,"seq":353,"gpsTickId":1780596374954,"gpsTickAgeMs":0,"rawLat":51.35603,"rawLng":19.355266,"accM":4,"speedKmh":53.5,"speedMs":14.9,"heading":182,"tripActive":true,"driving":true,"navigating":false,"osTimestamp":1780596374954}
06-04 20:06:14.981 I/ReactNativeJS(30359): [VROOM-TEL] 2026-06-04T18:06:14.981Z | DRIVE_TRACE_FEED | {"t":1780596374981,"seq":354,"gpsTickId":1780596374954,"gpsTickAgeMs":1,"lat":51.35621,"lng":19.355279,"hdg":183,"durationMs":695,"speedKmh":53.5}
06-04 20:06:14.981 I/ReactNativeJS(30359): [VROOM-TEL] 2026-06-04T18:06:14.981Z | DRIVE_TRACE_TICK | {"t":1780596374981,"seq":355,"gpsTickId":1780596374954,"gpsTickAgeMs":1,"rawLat":51.35603,"rawLng":19.355266,"snapLat":51.35621,"snapLng":19.355279,"markerLat":51.35621,"markerLng":19.355279,"markerHdg":183,"markerSvLat":51.356343,"markerSvLng":19.355287,"markerSvHdg":182,"accM":4,"hudKmh":53.5,"engineKmh":53,"dopplerKmh":53.5,"feedDurMs":695,"cadenceMs":1002,"feedSpeedMs":14.9,"isNavigating":false,"isFreeDrive":true,"isMoving":true,"feedSkipGate":false,"feedAccepted":true,"feedHeadingOnly":false,"source":"drive_core_v2"}
06-04 20:06:14.981 I/ReactNativeJS(30359): [VROOM-TEL] 2026-06-04T18:06:14.981Z | GPS_ACCEPT | {"lat":51.35603,"lng":19.355266,"acc":4,"speedKmh":53.5,"gpsLock":true}
06-04 20:06:15.194 I/ReactNativeJS(30359): [VROOM-TEL] 2026-06-04T18:06:15.194Z | CAM_FOLLOW_PUSH | {"t":1780596375194,"lat":51.356315,"lng":19.355285,"hdg":182,"snapHdg":182,"speedKmh":53,"exploring":false,"source":"drive_marker_sv_60fps"}
06-04 20:06:15.195 I/ReactNativeJS(30359): [VROOM-TEL] 2026-06-04T18:06:15.195Z | DRIVE_HEALTH | {"t":1780596375195,"mode":"driving","speedHudKmh":53.5,"speedPipeKmh":53.5,"gpsAgeMs":215,"drAgeMs":214,"gpsToDriftM":20,"snapAnchorDriftM":0,"offRoute":false,"reroutePending":false,"rerouteLoading":false,"hasRoutePts":0}
06-04 20:06:15.195 I/ReactNativeJS(30359): [VROOM-TEL] 2026-06-04T18:06:15.195Z | DRIVE_TRACE_HEARTBEAT | {"t":1780596375195,"seq":356,"gpsTickId":1780596374954,"gpsTickAgeMs":215,"driving":true,"navigating":false,"tripActive":true,"lat":51.35603,"lng":19.3552662,"gpsAgeMs":215}
06-04 20:06:15.279 I/ReactNativeJS(30359): [VROOM-TEL] 2026-06-04T18:06:15.279Z | DRIVE_TRACE_CAMERA | {"t":1780596375279,"seq":357,"gpsTickId":1780596374954,"gpsTickAgeMs":299,"lat":51.356286,"lng":19.355284,"hdg":182,"speedKmh":53.5,"exploring":false,"frameMoveM":0}
06-04 20:06:15.329 I/ReactNativeJS(30359): [VROOM-TEL] 2026-06-04T18:06:15.329Z | CAMERA_HEADING | {"t":1780596375329,"speedKmh":53,"movedM":0.36,"moveBearing":null,"snapHdg":182,"headingOut":182,"flipFromPrevDeg":0,"lookaheadM":45,"nativeFollow":true}
06-04 20:06:15.580 I/ReactNativeJS(30359): [VROOM-TEL] 2026-06-04T18:06:15.580Z | DRIVE_TRACE_CAMERA | {"t":1780596375580,"seq":358,"gpsTickId":1780596374954,"gpsTickAgeMs":600,"lat":51.356229,"lng":19.35528,"hdg":182,"speedKmh":53.5,"exploring":false,"frameMoveM":0}
06-04 20:06:15.924 I/ReactNativeJS(30359): [VROOM-TEL] 2026-06-04T18:06:15.924Z | DRIVE_TRACE_CAMERA | {"t":1780596375924,"seq":359,"gpsTickId":1780596374954,"gpsTickAgeMs":944,"lat":51.356186,"lng":19.355277,"hdg":182,"speedKmh":53.5,"exploring":false,"frameMoveM":0}
06-04 20:06:15.984 I/ReactNativeJS(30359): [VROOM-TEL] 2026-06-04T18:06:15.984Z | RAW_GPS_TICK | {"t":1780596375984,"gpsTickId":1780596375955,"gpsTickAgeMs":0,"lat":51.355898,"lng":19.355259,"speed":14.76,"speedKmh":53.1,"accuracy":4,"osTimestamp":1780596375955,"tripActive":true,"appState":"active"}
06-04 20:06:15.984 I/ReactNativeJS(30359): [VROOM-TEL] 2026-06-04T18:06:15.984Z | DRIVE_TRACE_RAW | {"t":1780596375984,"seq":360,"gpsTickId":1780596375955,"gpsTickAgeMs":0,"rawLat":51.355898,"rawLng":19.355259,"accM":4,"speedKmh":53.1,"speedMs":14.8,"heading":182,"tripActive":true,"driving":true,"navigating":false,"osTimestamp":1780596375955}
06-04 20:06:15.986 I/ReactNativeJS(30359): [VROOM-TEL] 2026-06-04T18:06:15.986Z | DRIVE_TRACE_FEED | {"t":1780596375986,"seq":361,"gpsTickId":1780596375955,"gpsTickAgeMs":2,"lat":51.356118,"lng":19.355273,"hdg":182,"durationMs":696,"speedKmh":53.1}
06-04 20:06:15.986 I/ReactNativeJS(30359): [VROOM-TEL] 2026-06-04T18:06:15.986Z | DRIVE_TRACE_TICK | {"t":1780596375986,"seq":362,"gpsTickId":1780596375955,"gpsTickAgeMs":2,"rawLat":51.355898,"rawLng":19.355259,"snapLat":51.356118,"snapLng":19.355273,"markerLat":51.356118,"markerLng":19.355273,"markerHdg":182,"markerSvLat":51.356184,"markerSvLng":19.355277,"markerSvHdg":182,"accM":4,"hudKmh":53.1,"engineKmh":53,"dopplerKmh":53.1,"feedDurMs":696,"cadenceMs":1003,"feedSpeedMs":14.8,"isNavigating":false,"isFreeDrive":true,"isMoving":true,"feedSkipGate":false,"feedAccepted":true,"feedHeadingOnly":false,"source":"drive_core_v2"}
06-04 20:06:15.986 I/ReactNativeJS(30359): [VROOM-TEL] 2026-06-04T18:06:15.986Z | GPS_ACCEPT | {"lat":51.355898,"lng":19.355259,"acc":4,"speedKmh":53.1,"gpsLock":true}
06-04 20:06:16.043 I/ReactNativeJS(30359): [VROOM-TEL] 2026-06-04T18:06:16.043Z | CAM_FOLLOW_PUSH | {"t":1780596376043,"lat":51.356181,"lng":19.355277,"hdg":182,"snapHdg":182,"speedKmh":53,"exploring":false,"source":"drive_marker_sv_60fps"}
06-04 20:06:16.230 I/ReactNativeJS(30359): [VROOM-TEL] 2026-06-04T18:06:16.230Z | DRIVE_TRACE_CAMERA | {"t":1780596376230,"seq":363,"gpsTickId":1780596375955,"gpsTickAgeMs":246,"lat":51.356161,"lng":19.355276,"hdg":182,"speedKmh":53.1,"exploring":false,"frameMoveM":0}
06-04 20:06:16.429 I/ReactNativeJS(30359): [VROOM-TEL] 2026-06-04T18:06:16.429Z | CAMERA_HEADING | {"t":1780596376429,"speedKmh":53,"movedM":0.18,"moveBearing":null,"snapHdg":182,"headingOut":182,"flipFromPrevDeg":0,"lookaheadM":45,"nativeFollow":true}
06-04 20:06:16.530 I/ReactNativeJS(30359): [VROOM-TEL] 2026-06-04T18:06:16.530Z | DRIVE_TRACE_CAMERA | {"t":1780596376530,"seq":364,"gpsTickId":1780596375955,"gpsTickAgeMs":546,"lat":51.356133,"lng":19.355274,"hdg":182,"speedKmh":53.1,"exploring":false,"frameMoveM":0}
06-04 20:06:16.846 I/ReactNativeJS(30359): [VROOM-TEL] 2026-06-04T18:06:16.846Z | CAM_FOLLOW_PUSH | {"t":1780596376846,"lat":51.356098,"lng":19.355272,"hdg":182,"snapHdg":182,"speedKmh":53,"exploring":false,"source":"drive_marker_sv_60fps"}
06-04 20:06:16.846 I/ReactNativeJS(30359): [VROOM-TEL] 2026-06-04T18:06:16.846Z | DRIVE_TRACE_CAMERA | {"t":1780596376846,"seq":365,"gpsTickId":1780596375955,"gpsTickAgeMs":862,"lat":51.356098,"lng":19.355272,"hdg":182,"speedKmh":53.1,"exploring":false,"frameMoveM":0}
06-04 20:06:16.981 I/ReactNativeJS(30359): [VROOM-TEL] 2026-06-04T18:06:16.981Z | RAW_GPS_TICK | {"t":1780596376981,"gpsTickId":1780596376954,"gpsTickAgeMs":0,"lat":51.355764,"lng":19.355251,"speed":14.77,"speedKmh":53.2,"accuracy":4,"osTimestamp":1780596376954,"tripActive":true,"appState":"active"}
06-04 20:06:16.981 I/ReactNativeJS(30359): [VROOM-TEL] 2026-06-04T18:06:16.981Z | DRIVE_TRACE_RAW | {"t":1780596376981,"seq":366,"gpsTickId":1780596376954,"gpsTickAgeMs":0,"rawLat":51.355764,"rawLng":19.355251,"accM":4,"speedKmh":53.2,"speedMs":14.8,"heading":181,"tripActive":true,"driving":true,"navigating":false,"osTimestamp":1780596376954}
06-04 20:06:16.982 I/ReactNativeJS(30359): [VROOM-TEL] 2026-06-04T18:06:16.982Z | DRIVE_TRACE_FEED | {"t":1780596376982,"seq":367,"gpsTickId":1780596376954,"gpsTickAgeMs":1,"lat":51.356026,"lng":19.355267,"hdg":182,"durationMs":695,"speedKmh":53.2}
06-04 20:06:16.983 I/ReactNativeJS(30359): [VROOM-TEL] 2026-06-04T18:06:16.983Z | DRIVE_TRACE_TICK | {"t":1780596376983,"seq":368,"gpsTickId":1780596376954,"gpsTickAgeMs":2,"rawLat":51.355764,"rawLng":19.355251,"snapLat":51.356026,"snapLng":19.355267,"markerLat":51.356026,"markerLng":19.355267,"markerHdg":182,"markerSvLat":51.356094,"markerSvLng":19.355271,"markerSvHdg":182,"accM":4,"hudKmh":53.2,"engineKmh":53.2,"dopplerKmh":53.2,"feedDurMs":695,"cadenceMs":1001,"feedSpeedMs":14.8,"isNavigating":false,"isFreeDrive":true,"isMoving":true,"feedSkipGate":false,"feedAccepted":true,"feedHeadingOnly":false,"source":"drive_core_v2"}
06-04 20:06:16.983 I/ReactNativeJS(30359): [VROOM-TEL] 2026-06-04T18:06:16.983Z | GPS_ACCEPT | {"lat":51.355764,"lng":19.355251,"acc":4,"speedKmh":54,"gpsLock":true}
06-04 20:06:17.146 I/ReactNativeJS(30359): [VROOM-TEL] 2026-06-04T18:06:17.146Z | DRIVE_TRACE_CAMERA | {"t":1780596377146,"seq":369,"gpsTickId":1780596376954,"gpsTickAgeMs":165,"lat":51.356078,"lng":19.35527,"hdg":182,"speedKmh":53.2,"exploring":false,"frameMoveM":0}
06-04 20:06:17.446 I/ReactNativeJS(30359): [VROOM-TEL] 2026-06-04T18:06:17.446Z | DRIVE_TRACE_CAMERA | {"t":1780596377446,"seq":370,"gpsTickId":1780596376954,"gpsTickAgeMs":465,"lat":51.356048,"lng":19.355269,"hdg":182,"speedKmh":53.2,"exploring":false,"frameMoveM":0}
06-04 20:06:17.529 I/ReactNativeJS(30359): [VROOM-TEL] 2026-06-04T18:06:17.529Z | CAMERA_HEADING | {"t":1780596377529,"speedKmh":53,"movedM":0.19,"moveBearing":null,"snapHdg":182,"headingOut":182,"flipFromPrevDeg":0,"lookaheadM":45,"nativeFollow":true}
06-04 20:06:17.646 I/ReactNativeJS(30359): [VROOM-TEL] 2026-06-04T18:06:17.646Z | CAM_FOLLOW_PUSH | {"t":1780596377646,"lat":51.356029,"lng":19.355267,"hdg":182,"snapHdg":182,"speedKmh":53,"exploring":false,"source":"drive_marker_sv_60fps"}
06-04 20:06:17.746 I/ReactNativeJS(30359): [VROOM-TEL] 2026-06-04T18:06:17.746Z | DRIVE_TRACE_CAMERA | {"t":1780596377746,"seq":371,"gpsTickId":1780596376954,"gpsTickAgeMs":765,"lat":51.356017,"lng":19.355267,"hdg":182,"speedKmh":53.2,"exploring":false,"frameMoveM":0}
06-04 20:06:17.980 I/ReactNativeJS(30359): [VROOM-TEL] 2026-06-04T18:06:17.980Z | RAW_GPS_TICK | {"t":1780596377980,"gpsTickId":1780596377954,"gpsTickAgeMs":0,"lat":51.355629,"lng":19.355245,"speed":15,"speedKmh":54,"accuracy":4,"osTimestamp":1780596377954,"tripActive":true,"appState":"active"}
06-04 20:06:17.980 I/ReactNativeJS(30359): [VROOM-TEL] 2026-06-04T18:06:17.980Z | DRIVE_TRACE_RAW | {"t":1780596377980,"seq":372,"gpsTickId":1780596377954,"gpsTickAgeMs":0,"rawLat":51.355629,"rawLng":19.355245,"accM":4,"speedKmh":54,"speedMs":15,"heading":181,"tripActive":true,"driving":true,"navigating":false,"osTimestamp":1780596377954}
06-04 20:06:17.981 I/ReactNativeJS(30359): [VROOM-TEL] 2026-06-04T18:06:17.981Z | DRIVE_TRACE_FEED | {"t":1780596377981,"seq":373,"gpsTickId":1780596377954,"gpsTickAgeMs":1,"lat":51.355766,"lng":19.355252,"hdg":182,"durationMs":1200,"speedKmh":54}
06-04 20:06:17.982 I/ReactNativeJS(30359): [VROOM-TEL] 2026-06-04T18:06:17.982Z | DRIVE_TRACE_TICK | {"t":1780596377982,"seq":374,"gpsTickId":1780596377954,"gpsTickAgeMs":2,"rawLat":51.355629,"rawLng":19.355245,"snapLat":51.355766,"snapLng":19.355252,"markerLat":51.355766,"markerLng":19.355252,"markerHdg":182,"markerSvLat":51.355999,"markerSvLng":19.355266,"markerSvHdg":182,"accM":4,"hudKmh":54,"engineKmh":53.4,"dopplerKmh":54,"feedDurMs":1200,"cadenceMs":1000,"feedSpeedMs":15,"isNavigating":false,"isFreeDrive":true,"isMoving":true,"feedSkipGate":false,"feedAccepted":true,"feedHeadingOnly":false,"source":"drive_core_v2"}
06-04 20:06:17.982 I/ReactNativeJS(30359): [VROOM-TEL] 2026-06-04T18:06:17.982Z | GPS_ACCEPT | {"lat":51.355629,"lng":19.355245,"acc":4,"speedKmh":54,"gpsLock":true}
06-04 20:06:18.062 I/ReactNativeJS(30359): [VROOM-TEL] 2026-06-04T18:06:18.062Z | DRIVE_TRACE_CAMERA | {"t":1780596378062,"seq":375,"gpsTickId":1780596377954,"gpsTickAgeMs":82,"lat":51.355983,"lng":19.355265,"hdg":182,"speedKmh":54,"exploring":false,"frameMoveM":0}
06-04 20:06:18.362 I/ReactNativeJS(30359): [VROOM-TEL] 2026-06-04T18:06:18.362Z | DRIVE_TRACE_CAMERA | {"t":1780596378362,"seq":376,"gpsTickId":1780596377954,"gpsTickAgeMs":382,"lat":51.355925,"lng":19.355261,"hdg":182,"speedKmh":54,"exploring":false,"frameMoveM":0}
06-04 20:06:18.446 I/ReactNativeJS(30359): [VROOM-TEL] 2026-06-04T18:06:18.446Z | CAM_FOLLOW_PUSH | {"t":1780596378446,"lat":51.355909,"lng":19.35526,"hdg":182,"snapHdg":182,"speedKmh":54,"exploring":false,"source":"drive_marker_sv_60fps"}
06-04 20:06:18.629 I/ReactNativeJS(30359): [VROOM-TEL] 2026-06-04T18:06:18.629Z | CAMERA_HEADING | {"t":1780596378629,"speedKmh":54,"movedM":0.35,"moveBearing":null,"snapHdg":182,"headingOut":182,"flipFromPrevDeg":0,"lookaheadM":45,"nativeFollow":true}
06-04 20:06:18.662 I/ReactNativeJS(30359): [VROOM-TEL] 2026-06-04T18:06:18.662Z | DRIVE_TRACE_CAMERA | {"t":1780596378662,"seq":377,"gpsTickId":1780596377954,"gpsTickAgeMs":682,"lat":51.355867,"lng":19.355258,"hdg":182,"speedKmh":54,"exploring":false,"frameMoveM":0}
06-04 20:06:18.963 I/ReactNativeJS(30359): [VROOM-TEL] 2026-06-04T18:06:18.963Z | DRIVE_TRACE_CAMERA | {"t":1780596378963,"seq":378,"gpsTickId":1780596377954,"gpsTickAgeMs":983,"lat":51.355808,"lng":19.355255,"hdg":182,"speedKmh":54,"exploring":false,"frameMoveM":0}
06-04 20:06:18.983 I/ReactNativeJS(30359): [VROOM-TEL] 2026-06-04T18:06:18.983Z | RAW_GPS_TICK | {"t":1780596378983,"gpsTickId":1780596378955,"gpsTickAgeMs":0,"lat":51.355494,"lng":19.355239,"speed":15.12,"speedKmh":54.4,"accuracy":4,"osTimestamp":1780596378955,"tripActive":true,"appState":"active"}
06-04 20:06:18.983 I/ReactNativeJS(30359): [VROOM-TEL] 2026-06-04T18:06:18.983Z | DRIVE_TRACE_RAW | {"t":1780596378983,"seq":379,"gpsTickId":1780596378955,"gpsTickAgeMs":0,"rawLat":51.355494,"rawLng":19.355239,"accM":4,"speedKmh":54.4,"speedMs":15.1,"heading":181,"tripActive":true,"driving":true,"navigating":false,"osTimestamp":1780596378955}
06-04 20:06:18.984 I/ReactNativeJS(30359): [VROOM-TEL] 2026-06-04T18:06:18.984Z | DRIVE_TRACE_FEED | {"t":1780596378984,"seq":380,"gpsTickId":1780596378955,"gpsTickAgeMs":1,"lat":51.355672,"lng":19.355247,"hdg":182,"durationMs":692,"speedKmh":54.4}
06-04 20:06:18.985 I/ReactNativeJS(30359): [VROOM-TEL] 2026-06-04T18:06:18.985Z | DRIVE_TRACE_TICK | {"t":1780596378985,"seq":381,"gpsTickId":1780596378955,"gpsTickAgeMs":2,"rawLat":51.355494,"rawLng":19.355239,"snapLat":51.355672,"snapLng":19.355247,"markerLat":51.355672,"markerLng":19.355247,"markerHdg":182,"markerSvLat":51.355805,"markerSvLng":19.355254,"markerSvHdg":182,"accM":4,"hudKmh":54.4,"engineKmh":53.8,"dopplerKmh":54.4,"feedDurMs":692,"cadenceMs":1001,"feedSpeedMs":15.1,"isNavigating":false,"isFreeDrive":true,"isMoving":true,"feedSkipGate":false,"feedAccepted":true,"feedHeadingOnly":false,"source":"drive_core_v2"}
06-04 20:06:18.985 I/ReactNativeJS(30359): [VROOM-TEL] 2026-06-04T18:06:18.985Z | GPS_ACCEPT | {"lat":51.355494,"lng":19.355239,"acc":4,"speedKmh":54.4,"gpsLock":true}
06-04 20:06:19.247 I/ReactNativeJS(30359): [VROOM-TEL] 2026-06-04T18:06:19.247Z | CAM_FOLLOW_PUSH | {"t":1780596379247,"lat":51.355754,"lng":19.355252,"hdg":182,"snapHdg":182,"speedKmh":54,"exploring":false,"source":"drive_marker_sv_60fps"}
06-04 20:06:19.279 I/ReactNativeJS(30359): [VROOM-TEL] 2026-06-04T18:06:19.279Z | DRIVE_TRACE_CAMERA | {"t":1780596379279,"seq":382,"gpsTickId":1780596378955,"gpsTickAgeMs":296,"lat":51.355748,"lng":19.355251,"hdg":182,"speedKmh":54.4,"exploring":false,"frameMoveM":0}
06-04 20:06:19.579 I/ReactNativeJS(30359): [VROOM-TEL] 2026-06-04T18:06:19.579Z | DRIVE_TRACE_CAMERA | {"t":1780596379579,"seq":383,"gpsTickId":1780596378955,"gpsTickAgeMs":596,"lat":51.35569,"lng":19.355248,"hdg":182,"speedKmh":54.4,"exploring":false,"frameMoveM":0}
06-04 20:06:19.729 I/ReactNativeJS(30359): [VROOM-TEL] 2026-06-04T18:06:19.729Z | CAMERA_HEADING | {"t":1780596379729,"speedKmh":54,"movedM":0.25,"moveBearing":null,"snapHdg":182,"headingOut":182,"flipFromPrevDeg":0,"lookaheadM":45,"nativeFollow":true}
06-04 20:06:19.880 I/ReactNativeJS(30359): [VROOM-TEL] 2026-06-04T18:06:19.880Z | DRIVE_TRACE_CAMERA | {"t":1780596379880,"seq":384,"gpsTickId":1780596378955,"gpsTickAgeMs":897,"lat":51.355644,"lng":19.355246,"hdg":182,"speedKmh":54.4,"exploring":false,"frameMoveM":0}
06-04 20:06:19.980 I/ReactNativeJS(30359): [VROOM-TEL] 2026-06-04T18:06:19.980Z | RAW_GPS_TICK | {"t":1780596379980,"gpsTickId":1780596379955,"gpsTickAgeMs":0,"lat":51.355356,"lng":19.355231,"speed":15.23,"speedKmh":54.8,"accuracy":4,"osTimestamp":1780596379955,"tripActive":true,"appState":"active"}
06-04 20:06:19.980 I/ReactNativeJS(30359): [VROOM-TEL] 2026-06-04T18:06:19.980Z | DRIVE_TRACE_RAW | {"t":1780596379980,"seq":385,"gpsTickId":1780596379955,"gpsTickAgeMs":0,"rawLat":51.355356,"rawLng":19.355231,"accM":4,"speedKmh":54.8,"speedMs":15.2,"heading":181,"tripActive":true,"driving":true,"navigating":false,"osTimestamp":1780596379955}
06-04 20:06:19.981 I/ReactNativeJS(30359): [VROOM-TEL] 2026-06-04T18:06:19.981Z | DRIVE_TRACE_FEED | {"t":1780596379981,"seq":386,"gpsTickId":1780596379955,"gpsTickAgeMs":1,"lat":51.355577,"lng":19.355242,"hdg":182,"durationMs":691,"speedKmh":54.8}
06-04 20:06:19.982 I/ReactNativeJS(30359): [VROOM-TEL] 2026-06-04T18:06:19.982Z | DRIVE_TRACE_TICK | {"t":1780596379982,"seq":387,"gpsTickId":1780596379955,"gpsTickAgeMs":2,"rawLat":51.355356,"rawLng":19.355231,"snapLat":51.355577,"snapLng":19.355242,"markerLat":51.355577,"markerLng":19.355242,"markerHdg":182,"markerSvLat":51.355644,"markerSvLng":19.355246,"markerSvHdg":182,"accM":4,"hudKmh":54.8,"engineKmh":54.3,"dopplerKmh":54.8,"feedDurMs":691,"cadenceMs":1000,"feedSpeedMs":15.2,"isNavigating":false,"isFreeDrive":true,"isMoving":true,"feedSkipGate":false,"feedAccepted":true,"feedHeadingOnly":false,"source":"drive_core_v2"}
06-04 20:06:19.982 I/ReactNativeJS(30359): [VROOM-TEL] 2026-06-04T18:06:19.982Z | GPS_ACCEPT | {"lat":51.355356,"lng":19.355231,"acc":4,"speedKmh":55.3,"gpsLock":true}
06-04 20:06:20.063 I/ReactNativeJS(30359): [VROOM-TEL] 2026-06-04T18:06:20.062Z | CAM_FOLLOW_PUSH | {"t":1780596380062,"lat":51.355636,"lng":19.355246,"hdg":182,"snapHdg":182,"speedKmh":55,"exploring":false,"source":"drive_marker_sv_60fps"}
06-04 20:06:20.196 I/ReactNativeJS(30359): [VROOM-TEL] 2026-06-04T18:06:20.196Z | DRIVE_TRACE_CAMERA | {"t":1780596380196,"seq":388,"gpsTickId":1780596379955,"gpsTickAgeMs":216,"lat":51.355623,"lng":19.355245,"hdg":182,"speedKmh":54.8,"exploring":false,"frameMoveM":0}
06-04 20:06:20.496 I/ReactNativeJS(30359): [VROOM-TEL] 2026-06-04T18:06:20.496Z | DRIVE_TRACE_CAMERA | {"t":1780596380496,"seq":389,"gpsTickId":1780596379955,"gpsTickAgeMs":516,"lat":51.355594,"lng":19.355243,"hdg":182,"speedKmh":54.8,"exploring":false,"frameMoveM":0}
06-04 20:06:20.796 I/ReactNativeJS(30359): [VROOM-TEL] 2026-06-04T18:06:20.796Z | DRIVE_TRACE_CAMERA | {"t":1780596380796,"seq":390,"gpsTickId":1780596379955,"gpsTickAgeMs":816,"lat":51.355561,"lng":19.355242,"hdg":182,"speedKmh":54.8,"exploring":false,"frameMoveM":0}
06-04 20:06:20.829 I/ReactNativeJS(30359): [VROOM-TEL] 2026-06-04T18:06:20.829Z | CAMERA_HEADING | {"t":1780596380829,"speedKmh":55,"movedM":0.25,"moveBearing":null,"snapHdg":182,"headingOut":182,"flipFromPrevDeg":0,"lookaheadM":45,"nativeFollow":true}
06-04 20:06:20.863 I/ReactNativeJS(30359): [VROOM-TEL] 2026-06-04T18:06:20.863Z | CAM_FOLLOW_PUSH | {"t":1780596380863,"lat":51.355552,"lng":19.355241,"hdg":182,"snapHdg":182,"speedKmh":55,"exploring":false,"source":"drive_marker_sv_60fps"}
06-04 20:06:20.984 I/ReactNativeJS(30359): [VROOM-TEL] 2026-06-04T18:06:20.984Z | RAW_GPS_TICK | {"t":1780596380984,"gpsTickId":1780596380955,"gpsTickAgeMs":0,"lat":51.355217,"lng":19.355225,"speed":15.31,"speedKmh":55.1,"accuracy":4,"osTimestamp":1780596380955,"tripActive":true,"appState":"active"}
06-04 20:06:20.984 I/ReactNativeJS(30359): [VROOM-TEL] 2026-06-04T18:06:20.984Z | DRIVE_TRACE_RAW | {"t":1780596380984,"seq":391,"gpsTickId":1780596380955,"gpsTickAgeMs":0,"rawLat":51.355217,"rawLng":19.355225,"accM":4,"speedKmh":55.1,"speedMs":15.3,"heading":181,"tripActive":true,"driving":true,"navigating":false,"osTimestamp":1780596380955}
06-04 20:06:20.985 I/ReactNativeJS(30359): [VROOM-TEL] 2026-06-04T18:06:20.985Z | DRIVE_TRACE_FEED | {"t":1780596380985,"seq":392,"gpsTickId":1780596380955,"gpsTickAgeMs":1,"lat":51.355482,"lng":19.355238,"hdg":182,"durationMs":691,"speedKmh":55.1}
06-04 20:06:20.986 I/ReactNativeJS(30359): [VROOM-TEL] 2026-06-04T18:06:20.986Z | DRIVE_TRACE_TICK | {"t":1780596380986,"seq":393,"gpsTickId":1780596380955,"gpsTickAgeMs":2,"rawLat":51.355217,"rawLng":19.355225,"snapLat":51.355482,"snapLng":19.355238,"markerLat":51.355482,"markerLng":19.355238,"markerHdg":182,"markerSvLat":51.355549,"markerSvLng":19.355241,"markerSvHdg":182,"accM":4,"hudKmh":55.1,"engineKmh":54.7,"dopplerKmh":55.1,"feedDurMs":691,"cadenceMs":1001,"feedSpeedMs":15.3,"isNavigating":false,"isFreeDrive":true,"isMoving":true,"feedSkipGate":false,"feedAccepted":true,"feedHeadingOnly":false,"source":"drive_core_v2"}
06-04 20:06:20.986 I/ReactNativeJS(30359): [VROOM-TEL] 2026-06-04T18:06:20.986Z | GPS_ACCEPT | {"lat":51.355217,"lng":19.355225,"acc":4,"speedKmh":55.6,"gpsLock":true}
06-04 20:06:21.096 I/ReactNativeJS(30359): [VROOM-TEL] 2026-06-04T18:06:21.096Z | DRIVE_TRACE_CAMERA | {"t":1780596381096,"seq":394,"gpsTickId":1780596380955,"gpsTickAgeMs":112,"lat":51.355539,"lng":19.35524,"hdg":182,"speedKmh":55.1,"exploring":false,"frameMoveM":0}
06-04 20:06:21.396 I/ReactNativeJS(30359): [VROOM-TEL] 2026-06-04T18:06:21.396Z | DRIVE_TRACE_CAMERA | {"t":1780596381396,"seq":395,"gpsTickId":1780596380955,"gpsTickAgeMs":412,"lat":51.355509,"lng":19.355239,"hdg":182,"speedKmh":55.1,"exploring":false,"frameMoveM":0}
06-04 20:06:21.663 I/ReactNativeJS(30359): [VROOM-TEL] 2026-06-04T18:06:21.663Z | CAM_FOLLOW_PUSH | {"t":1780596381663,"lat":51.355483,"lng":19.355238,"hdg":182,"snapHdg":182,"speedKmh":55,"exploring":false,"source":"drive_marker_sv_60fps"}
06-04 20:06:21.696 I/ReactNativeJS(30359): [VROOM-TEL] 2026-06-04T18:06:21.696Z | DRIVE_TRACE_CAMERA | {"t":1780596381696,"seq":396,"gpsTickId":1780596380955,"gpsTickAgeMs":712,"lat":51.35548,"lng":19.355238,"hdg":182,"speedKmh":55.1,"exploring":false,"frameMoveM":0}
06-04 20:06:21.981 I/ReactNativeJS(30359): [VROOM-TEL] 2026-06-04T18:06:21.981Z | RAW_GPS_TICK | {"t":1780596381981,"gpsTickId":1780596381954,"gpsTickAgeMs":0,"lat":51.355078,"lng":19.355218,"speed":15.34,"speedKmh":55.2,"accuracy":4,"osTimestamp":1780596381954,"tripActive":true,"appState":"active"}
06-04 20:06:21.982 I/ReactNativeJS(30359): [VROOM-TEL] 2026-06-04T18:06:21.981Z | DRIVE_TRACE_RAW | {"t":1780596381981,"seq":397,"gpsTickId":1780596381954,"gpsTickAgeMs":0,"rawLat":51.355078,"rawLng":19.355218,"accM":4,"speedKmh":55.2,"speedMs":15.3,"heading":182,"tripActive":true,"driving":true,"navigating":false,"osTimestamp":1780596381954}
06-04 20:06:21.983 I/ReactNativeJS(30359): [VROOM-TEL] 2026-06-04T18:06:21.983Z | DRIVE_TRACE_FEED | {"t":1780596381983,"seq":398,"gpsTickId":1780596381954,"gpsTickAgeMs":2,"lat":51.355217,"lng":19.355225,"hdg":182,"durationMs":1200,"speedKmh":55.2}
06-04 20:06:21.984 I/ReactNativeJS(30359): [VROOM-TEL] 2026-06-04T18:06:21.983Z | DRIVE_TRACE_TICK | {"t":1780596381983,"seq":399,"gpsTickId":1780596381954,"gpsTickAgeMs":2,"rawLat":51.355078,"rawLng":19.355218,"snapLat":51.355217,"snapLng":19.355225,"markerLat":51.355217,"markerLng":19.355225,"markerHdg":182,"markerSvLat":51.355454,"markerSvLng":19.355236,"markerSvHdg":182,"accM":4,"hudKmh":55.2,"engineKmh":55.1,"dopplerKmh":55.2,"feedDurMs":1200,"cadenceMs":1000,"feedSpeedMs":15.3,"isNavigating":false,"isFreeDrive":true,"isMoving":true,"feedSkipGate":false,"feedAccepted":true,"feedHeadingOnly":false,"source":"drive_core_v2"}
06-04 20:06:21.984 I/ReactNativeJS(30359): [VROOM-TEL] 2026-06-04T18:06:21.984Z | GPS_ACCEPT | {"lat":51.355078,"lng":19.355218,"acc":4,"speedKmh":55.6,"gpsLock":true}
06-04 20:06:22.024 I/ReactNativeJS(30359): [VROOM-TEL] 2026-06-04T18:06:22.024Z | CAMERA_HEADING | {"t":1780596382024,"speedKmh":55,"movedM":0.64,"moveBearing":null,"snapHdg":182,"headingOut":182,"flipFromPrevDeg":0,"lookaheadM":45,"nativeFollow":true}
06-04 20:06:22.026 I/ReactNativeJS(30359): [VROOM-TEL] 2026-06-04T18:06:22.026Z | DRIVE_TRACE_CAMERA | {"t":1780596382026,"seq":400,"gpsTickId":1780596381954,"gpsTickAgeMs":45,"lat":51.355449,"lng":19.355236,"hdg":182,"speedKmh":55.2,"exploring":false,"frameMoveM":0}
06-04 20:06:22.330 I/ReactNativeJS(30359): [VROOM-TEL] 2026-06-04T18:06:22.330Z | DRIVE_TRACE_CAMERA | {"t":1780596382330,"seq":401,"gpsTickId":1780596381954,"gpsTickAgeMs":349,"lat":51.355386,"lng":19.355233,"hdg":182,"speedKmh":55.2,"exploring":false,"frameMoveM":0}
06-04 20:06:22.479 I/ReactNativeJS(30359): [VROOM-TEL] 2026-06-04T18:06:22.479Z | CAM_FOLLOW_PUSH | {"t":1780596382479,"lat":51.355356,"lng":19.355232,"hdg":182,"snapHdg":182,"speedKmh":55,"exploring":false,"source":"drive_marker_sv_60fps"}
06-04 20:06:22.649 I/ReactNativeJS(30359): [VROOM-TEL] 2026-06-04T18:06:22.649Z | DRIVE_TRACE_CAMERA | {"t":1780596382649,"seq":402,"gpsTickId":1780596381954,"gpsTickAgeMs":668,"lat":51.355323,"lng":19.35523,"hdg":182,"speedKmh":55.2,"exploring":false,"frameMoveM":0}
06-04 20:06:22.962 I/ReactNativeJS(30359): [VROOM-TEL] 2026-06-04T18:06:22.962Z | DRIVE_TRACE_CAMERA | {"t":1780596382962,"seq":403,"gpsTickId":1780596381954,"gpsTickAgeMs":981,"lat":51.355261,"lng":19.355227,"hdg":182,"speedKmh":55.2,"exploring":false,"frameMoveM":0}
06-04 20:06:22.971 I/ReactNativeJS(30359): [VROOM-TEL] 2026-06-04T18:06:22.971Z | RAW_GPS_TICK | {"t":1780596382971,"gpsTickId":1780596382955,"gpsTickAgeMs":0,"lat":51.354941,"lng":19.355207,"speed":15.32,"speedKmh":55.2,"accuracy":4,"osTimestamp":1780596382955,"tripActive":true,"appState":"active"}
06-04 20:06:22.972 I/ReactNativeJS(30359): [VROOM-TEL] 2026-06-04T18:06:22.972Z | DRIVE_TRACE_RAW | {"t":1780596382972,"seq":404,"gpsTickId":1780596382955,"gpsTickAgeMs":1,"rawLat":51.354941,"rawLng":19.355207,"accM":4,"speedKmh":55.2,"speedMs":15.3,"heading":182,"tripActive":true,"driving":true,"navigating":false,"osTimestamp":1780596382955}
06-04 20:06:22.974 I/ReactNativeJS(30359): [VROOM-TEL] 2026-06-04T18:06:22.974Z | DRIVE_TRACE_FEED | {"t":1780596382974,"seq":405,"gpsTickId":1780596382955,"gpsTickAgeMs":3,"lat":51.355122,"lng":19.355219,"hdg":182,"durationMs":690,"speedKmh":55.2}
06-04 20:06:22.975 I/ReactNativeJS(30359): [VROOM-TEL] 2026-06-04T18:06:22.974Z | DRIVE_TRACE_TICK | {"t":1780596382974,"seq":406,"gpsTickId":1780596382955,"gpsTickAgeMs":3,"rawLat":51.354941,"rawLng":19.355207,"snapLat":51.355122,"snapLng":19.355219,"markerLat":51.355122,"markerLng":19.355219,"markerHdg":182,"markerSvLat":51.355261,"markerSvLng":19.355227,"markerSvHdg":182,"accM":4,"hudKmh":55.2,"engineKmh":55.2,"dopplerKmh":55.2,"feedDurMs":690,"cadenceMs":997,"feedSpeedMs":15.3,"isNavigating":false,"isFreeDrive":true,"isMoving":true,"feedSkipGate":false,"feedAccepted":true,"feedHeadingOnly":false,"source":"drive_core_v2"}
06-04 20:06:22.975 I/ReactNativeJS(30359): [VROOM-TEL] 2026-06-04T18:06:22.975Z | GPS_ACCEPT | {"lat":51.354941,"lng":19.355207,"acc":4,"speedKmh":55.4,"gpsLock":true}
06-04 20:06:23.129 I/ReactNativeJS(30359): [VROOM-TEL] 2026-06-04T18:06:23.129Z | CAMERA_HEADING | {"t":1780596383129,"speedKmh":55,"movedM":0.38,"moveBearing":null,"snapHdg":182,"headingOut":182,"flipFromPrevDeg":0,"lookaheadM":45,"nativeFollow":true}
06-04 20:06:23.263 I/ReactNativeJS(30359): [VROOM-TEL] 2026-06-04T18:06:23.263Z | DRIVE_TRACE_CAMERA | {"t":1780596383263,"seq":407,"gpsTickId":1780596382955,"gpsTickAgeMs":292,"lat":51.355202,"lng":19.355224,"hdg":182,"speedKmh":55.2,"exploring":false,"frameMoveM":0}
06-04 20:06:23.279 I/ReactNativeJS(30359): [VROOM-TEL] 2026-06-04T18:06:23.279Z | CAM_FOLLOW_PUSH | {"t":1780596383279,"lat":51.355199,"lng":19.355223,"hdg":182,"snapHdg":182,"speedKmh":55,"exploring":false,"source":"drive_marker_sv_60fps"}
06-04 20:06:23.563 I/ReactNativeJS(30359): [VROOM-TEL] 2026-06-04T18:06:23.563Z | DRIVE_TRACE_CAMERA | {"t":1780596383563,"seq":408,"gpsTickId":1780596382955,"gpsTickAgeMs":592,"lat":51.355142,"lng":19.35522,"hdg":182,"speedKmh":55.2,"exploring":false,"frameMoveM":0}
06-04 20:06:23.863 I/ReactNativeJS(30359): [VROOM-TEL] 2026-06-04T18:06:23.863Z | DRIVE_TRACE_CAMERA | {"t":1780596383863,"seq":409,"gpsTickId":1780596382955,"gpsTickAgeMs":892,"lat":51.355097,"lng":19.355217,"hdg":182,"speedKmh":55.2,"exploring":false,"frameMoveM":0}
06-04 20:06:23.981 I/ReactNativeJS(30359): [VROOM-TEL] 2026-06-04T18:06:23.981Z | RAW_GPS_TICK | {"t":1780596383981,"gpsTickId":1780596383954,"gpsTickAgeMs":0,"lat":51.354805,"lng":19.355205,"speed":15.35,"speedKmh":55.3,"accuracy":4,"osTimestamp":1780596383954,"tripActive":true,"appState":"active"}
06-04 20:06:23.981 I/ReactNativeJS(30359): [VROOM-TEL] 2026-06-04T18:06:23.981Z | DRIVE_TRACE_RAW | {"t":1780596383981,"seq":410,"gpsTickId":1780596383954,"gpsTickAgeMs":0,"rawLat":51.354805,"rawLng":19.355205,"accM":4,"speedKmh":55.3,"speedMs":15.4,"heading":181,"tripActive":true,"driving":true,"navigating":false,"osTimestamp":1780596383954}
06-04 20:06:23.983 I/ReactNativeJS(30359): [VROOM-TEL] 2026-06-04T18:06:23.983Z | DRIVE_TRACE_FEED | {"t":1780596383983,"seq":411,"gpsTickId":1780596383954,"gpsTickAgeMs":2,"lat":51.355027,"lng":19.355214,"hdg":182,"durationMs":690,"speedKmh":55.3}
06-04 20:06:23.983 I/ReactNativeJS(30359): [VROOM-TEL] 2026-06-04T18:06:23.983Z | DRIVE_TRACE_TICK | {"t":1780596383983,"seq":412,"gpsTickId":1780596383954,"gpsTickAgeMs":2,"rawLat":51.354805,"rawLng":19.355205,"snapLat":51.355027,"snapLng":19.355214,"markerLat":51.355027,"markerLng":19.355214,"markerHdg":182,"markerSvLat":51.355097,"markerSvLng":19.355217,"markerSvHdg":182,"accM":4,"hudKmh":55.3,"engineKmh":55.2,"dopplerKmh":55.3,"feedDurMs":690,"cadenceMs":1002,"feedSpeedMs":15.4,"isNavigating":false,"isFreeDrive":true,"isMoving":true,"feedSkipGate":false,"feedAccepted":true,"feedHeadingOnly":false,"source":"drive_core_v2"}
06-04 20:06:23.983 I/ReactNativeJS(30359): [VROOM-TEL] 2026-06-04T18:06:23.983Z | GPS_ACCEPT | {"lat":51.354805,"lng":19.355205,"acc":4,"speedKmh":55.3,"gpsLock":true}
06-04 20:06:24.079 I/ReactNativeJS(30359): [VROOM-TEL] 2026-06-04T18:06:24.079Z | CAM_FOLLOW_PUSH | {"t":1780596384079,"lat":51.355087,"lng":19.355217,"hdg":182,"snapHdg":182,"speedKmh":55,"exploring":false,"source":"drive_marker_sv_60fps"}
06-04 20:06:24.163 I/ReactNativeJS(30359): [VROOM-TEL] 2026-06-04T18:06:24.163Z | DRIVE_TRACE_CAMERA | {"t":1780596384163,"seq":413,"gpsTickId":1780596383954,"gpsTickAgeMs":182,"lat":51.355078,"lng":19.355217,"hdg":182,"speedKmh":55.3,"exploring":false,"frameMoveM":0}
06-04 20:06:24.230 I/ReactNativeJS(30359): [VROOM-TEL] 2026-06-04T18:06:24.230Z | CAMERA_HEADING | {"t":1780596384230,"speedKmh":55,"movedM":0.19,"moveBearing":null,"snapHdg":182,"headingOut":182,"flipFromPrevDeg":0,"lookaheadM":45,"nativeFollow":true}
06-04 20:06:24.463 I/ReactNativeJS(30359): [VROOM-TEL] 2026-06-04T18:06:24.463Z | DRIVE_TRACE_CAMERA | {"t":1780596384463,"seq":414,"gpsTickId":1780596383954,"gpsTickAgeMs":482,"lat":51.355048,"lng":19.355215,"hdg":182,"speedKmh":55.3,"exploring":false,"frameMoveM":0}
06-04 20:06:24.780 I/ReactNativeJS(30359): [VROOM-TEL] 2026-06-04T18:06:24.780Z | DRIVE_TRACE_CAMERA | {"t":1780596384780,"seq":415,"gpsTickId":1780596383954,"gpsTickAgeMs":799,"lat":51.355013,"lng":19.355214,"hdg":182,"speedKmh":55.3,"exploring":false,"frameMoveM":0}
06-04 20:06:24.879 I/ReactNativeJS(30359): [VROOM-TEL] 2026-06-04T18:06:24.879Z | CAM_FOLLOW_PUSH | {"t":1780596384879,"lat":51.354999,"lng":19.355213,"hdg":182,"snapHdg":182,"speedKmh":55,"exploring":false,"source":"drive_marker_sv_60fps"}
06-04 20:06:25.050 I/ReactNativeJS(30359): [VROOM-TEL] 2026-06-04T18:06:25.050Z | RAW_GPS_TICK | {"t":1780596385050,"gpsTickId":1780596384954,"gpsTickAgeMs":0,"lat":51.354668,"lng":19.355203,"speed":15.33,"speedKmh":55.2,"accuracy":4,"osTimestamp":1780596384954,"tripActive":true,"appState":"active"}
06-04 20:06:25.050 I/ReactNativeJS(30359): [VROOM-TEL] 2026-06-04T18:06:25.050Z | DRIVE_TRACE_RAW | {"t":1780596385050,"seq":416,"gpsTickId":1780596384954,"gpsTickAgeMs":0,"rawLat":51.354668,"rawLng":19.355203,"accM":4,"speedKmh":55.2,"speedMs":15.3,"heading":180,"tripActive":true,"driving":true,"navigating":false,"osTimestamp":1780596384954}
06-04 20:06:25.051 I/ReactNativeJS(30359): [VROOM-TEL] 2026-06-04T18:06:25.051Z | DRIVE_TRACE_FEED | {"t":1780596385051,"seq":417,"gpsTickId":1780596384954,"gpsTickAgeMs":1,"lat":51.354931,"lng":19.355211,"hdg":181,"durationMs":690,"speedKmh":55.2}
06-04 20:06:25.051 I/ReactNativeJS(30359): [VROOM-TEL] 2026-06-04T18:06:25.051Z | DRIVE_TRACE_TICK | {"t":1780596385051,"seq":418,"gpsTickId":1780596384954,"gpsTickAgeMs":1,"rawLat":51.354668,"rawLng":19.355203,"snapLat":51.354931,"snapLng":19.355211,"markerLat":51.354931,"markerLng":19.355211,"markerHdg":181,"markerSvLat":51.354999,"markerSvLng":19.355213,"markerSvHdg":182,"accM":4,"hudKmh":55.2,"engineKmh":55.1,"dopplerKmh":55.2,"feedDurMs":690,"cadenceMs":1025,"feedSpeedMs":15.3,"isNavigating":false,"isFreeDrive":true,"isMoving":true,"feedSkipGate":false,"feedAccepted":true,"feedHeadingOnly":false,"source":"drive_core_v2"}
06-04 20:06:25.051 I/ReactNativeJS(30359): [VROOM-TEL] 2026-06-04T18:06:25.051Z | GPS_ACCEPT | {"lat":51.354668,"lng":19.355203,"acc":4,"speedKmh":55.2,"gpsLock":true}
06-04 20:06:25.129 I/ReactNativeJS(30359): [VROOM-TEL] 2026-06-04T18:06:25.129Z | DRIVE_TRACE_CAMERA | {"t":1780596385129,"seq":419,"gpsTickId":1780596384954,"gpsTickAgeMs":79,"lat":51.354996,"lng":19.355213,"hdg":181,"speedKmh":55.2,"exploring":false,"frameMoveM":0}
06-04 20:06:25.196 I/ReactNativeJS(30359): [VROOM-TEL] 2026-06-04T18:06:25.196Z | DRIVE_TRACE_HEARTBEAT | {"t":1780596385196,"seq":420,"gpsTickId":1780596384954,"gpsTickAgeMs":146,"driving":true,"navigating":false,"tripActive":true,"lat":51.3546678,"lng":19.3552025,"gpsAgeMs":146}
06-04 20:06:25.346 I/ReactNativeJS(30359): [VROOM-TEL] 2026-06-04T18:06:25.345Z | CAMERA_HEADING | {"t":1780596385345,"speedKmh":55,"movedM":0.17,"moveBearing":null,"snapHdg":181,"headingOut":181,"flipFromPrevDeg":0,"lookaheadM":45,"nativeFollow":true}
06-04 20:06:25.429 I/ReactNativeJS(30359): [VROOM-TEL] 2026-06-04T18:06:25.429Z | DRIVE_TRACE_CAMERA | {"t":1780596385429,"seq":421,"gpsTickId":1780596384954,"gpsTickAgeMs":379,"lat":51.354962,"lng":19.355212,"hdg":181,"speedKmh":55.2,"exploring":false,"frameMoveM":0}
06-04 20:06:25.679 I/ReactNativeJS(30359): [VROOM-TEL] 2026-06-04T18:06:25.679Z | CAM_FOLLOW_PUSH | {"t":1780596385679,"lat":51.354937,"lng":19.355211,"hdg":181,"snapHdg":181,"speedKmh":55,"exploring":false,"source":"drive_marker_sv_60fps"}
06-04 20:06:25.729 I/ReactNativeJS(30359): [VROOM-TEL] 2026-06-04T18:06:25.729Z | DRIVE_TRACE_CAMERA | {"t":1780596385729,"seq":422,"gpsTickId":1780596384954,"gpsTickAgeMs":679,"lat":51.354933,"lng":19.355211,"hdg":181,"speedKmh":55.2,"exploring":false,"frameMoveM":0}
06-04 20:06:25.970 I/ReactNativeJS(30359): [VROOM-TEL] 2026-06-04T18:06:25.970Z | RAW_GPS_TICK | {"t":1780596385970,"gpsTickId":1780596385955,"gpsTickAgeMs":0,"lat":51.354527,"lng":19.355198,"speed":15.39,"speedKmh":55.4,"accuracy":4,"osTimestamp":1780596385955,"tripActive":true,"appState":"active"}
06-04 20:06:25.970 I/ReactNativeJS(30359): [VROOM-TEL] 2026-06-04T18:06:25.970Z | DRIVE_TRACE_RAW | {"t":1780596385970,"seq":423,"gpsTickId":1780596385955,"gpsTickAgeMs":0,"rawLat":51.354527,"rawLng":19.355198,"accM":4,"speedKmh":55.4,"speedMs":15.4,"heading":180,"tripActive":true,"driving":true,"navigating":false,"osTimestamp":1780596385955}
06-04 20:06:25.973 I/ReactNativeJS(30359): [VROOM-TEL] 2026-06-04T18:06:25.973Z | DRIVE_TRACE_FEED | {"t":1780596385973,"seq":424,"gpsTickId":1780596385955,"gpsTickAgeMs":3,"lat":51.354666,"lng":19.355202,"hdg":181,"durationMs":1200,"speedKmh":55.4}
06-04 20:06:25.974 I/ReactNativeJS(30359): [VROOM-TEL] 2026-06-04T18:06:25.974Z | DRIVE_TRACE_TICK | {"t":1780596385974,"seq":425,"gpsTickId":1780596385955,"gpsTickAgeMs":4,"rawLat":51.354527,"rawLng":19.355198,"snapLat":51.354666,"snapLng":19.355202,"markerLat":51.354666,"markerLng":19.355202,"markerHdg":181,"markerSvLat":51.354904,"markerSvLng":19.35521,"markerSvHdg":181,"accM":4,"hudKmh":55.4,"engineKmh":55.2,"dopplerKmh":55.4,"feedDurMs":1200,"cadenceMs":988,"feedSpeedMs":15.4,"isNavigating":false,"isFreeDrive":true,"isMoving":true,"feedSkipGate":false,"feedAccepted":true,"feedHeadingOnly":false,"source":"drive_core_v2"}
06-04 20:06:25.974 I/ReactNativeJS(30359): [VROOM-TEL] 2026-06-04T18:06:25.974Z | GPS_ACCEPT | {"lat":51.354527,"lng":19.355198,"acc":4,"speedKmh":61.2,"gpsLock":true}
06-04 20:06:26.045 I/ReactNativeJS(30359): [VROOM-TEL] 2026-06-04T18:06:26.045Z | DRIVE_TRACE_CAMERA | {"t":1780596386045,"seq":426,"gpsTickId":1780596385955,"gpsTickAgeMs":75,"lat":51.35489,"lng":19.35521,"hdg":181,"speedKmh":55.4,"exploring":false,"frameMoveM":0}
06-04 20:06:26.346 I/ReactNativeJS(30359): [VROOM-TEL] 2026-06-04T18:06:26.346Z | DRIVE_TRACE_CAMERA | {"t":1780596386346,"seq":427,"gpsTickId":1780596385955,"gpsTickAgeMs":376,"lat":51.35483,"lng":19.355208,"hdg":181,"speedKmh":55.4,"exploring":false,"frameMoveM":0}
06-04 20:06:26.445 I/ReactNativeJS(30359): [VROOM-TEL] 2026-06-04T18:06:26.445Z | CAMERA_HEADING | {"t":1780596386445,"speedKmh":55,"movedM":0.37,"moveBearing":null,"snapHdg":181,"headingOut":181,"flipFromPrevDeg":0,"lookaheadM":45,"nativeFollow":true}
06-04 20:06:26.479 I/ReactNativeJS(30359): [VROOM-TEL] 2026-06-04T18:06:26.479Z | CAM_FOLLOW_PUSH | {"t":1780596386479,"lat":51.354804,"lng":19.355207,"hdg":181,"snapHdg":181,"speedKmh":55,"exploring":false,"source":"drive_marker_sv_60fps"}
06-04 20:06:26.646 I/ReactNativeJS(30359): [VROOM-TEL] 2026-06-04T18:06:26.646Z | DRIVE_TRACE_CAMERA | {"t":1780596386646,"seq":428,"gpsTickId":1780596385955,"gpsTickAgeMs":676,"lat":51.35477,"lng":19.355206,"hdg":181,"speedKmh":55.4,"exploring":false,"frameMoveM":0}
06-04 20:06:26.946 I/ReactNativeJS(30359): [VROOM-TEL] 2026-06-04T18:06:26.946Z | DRIVE_TRACE_CAMERA | {"t":1780596386946,"seq":429,"gpsTickId":1780596385955,"gpsTickAgeMs":976,"lat":51.354711,"lng":19.355204,"hdg":181,"speedKmh":55.4,"exploring":false,"frameMoveM":0}
06-04 20:06:26.970 I/ReactNativeJS(30359): [VROOM-TEL] 2026-06-04T18:06:26.970Z | RAW_GPS_TICK | {"t":1780596386970,"gpsTickId":1780596386954,"gpsTickAgeMs":0,"lat":51.354389,"lng":19.355192,"speed":15.4,"speedKmh":55.4,"accuracy":4,"osTimestamp":1780596386954,"tripActive":true,"appState":"active"}
06-04 20:06:26.971 I/ReactNativeJS(30359): [VROOM-TEL] 2026-06-04T18:06:26.970Z | DRIVE_TRACE_RAW | {"t":1780596386970,"seq":430,"gpsTickId":1780596386954,"gpsTickAgeMs":0,"rawLat":51.354389,"rawLng":19.355192,"accM":4,"speedKmh":55.4,"speedMs":15.4,"heading":181,"tripActive":true,"driving":true,"navigating":false,"osTimestamp":1780596386954}
06-04 20:06:26.972 I/ReactNativeJS(30359): [VROOM-TEL] 2026-06-04T18:06:26.972Z | DRIVE_TRACE_FEED | {"t":1780596386972,"seq":431,"gpsTickId":1780596386954,"gpsTickAgeMs":2,"lat":51.354571,"lng":19.355199,"hdg":181,"durationMs":690,"speedKmh":55.4}
06-04 20:06:26.973 I/ReactNativeJS(30359): [VROOM-TEL] 2026-06-04T18:06:26.973Z | DRIVE_TRACE_TICK | {"t":1780596386973,"seq":432,"gpsTickId":1780596386954,"gpsTickAgeMs":3,"rawLat":51.354389,"rawLng":19.355192,"snapLat":51.354571,"snapLng":19.355199,"markerLat":51.354571,"markerLng":19.355199,"markerHdg":181,"markerSvLat":51.354708,"markerSvLng":19.355204,"markerSvHdg":181,"accM":4,"hudKmh":55.4,"engineKmh":55.3,"dopplerKmh":55.4,"feedDurMs":690,"cadenceMs":992,"feedSpeedMs":15.4,"isNavigating":false,"isFreeDrive":true,"isMoving":true,"feedSkipGate":false,"feedAccepted":true,"feedHeadingOnly":false,"source":"drive_core_v2"}
06-04 20:06:26.973 I/ReactNativeJS(30359): [VROOM-TEL] 2026-06-04T18:06:26.973Z | GPS_ACCEPT | {"lat":51.354389,"lng":19.355192,"acc":4,"speedKmh":55.4,"gpsLock":true}
06-04 20:06:27.246 I/ReactNativeJS(30359): [VROOM-TEL] 2026-06-04T18:06:27.246Z | DRIVE_TRACE_CAMERA | {"t":1780596387246,"seq":433,"gpsTickId":1780596386954,"gpsTickAgeMs":276,"lat":51.354653,"lng":19.355202,"hdg":181,"speedKmh":55.4,"exploring":false,"frameMoveM":0}
06-04 20:06:27.279 I/ReactNativeJS(30359): [VROOM-TEL] 2026-06-04T18:06:27.279Z | CAM_FOLLOW_PUSH | {"t":1780596387279,"lat":51.354647,"lng":19.355201,"hdg":181,"snapHdg":181,"speedKmh":55,"exploring":false,"source":"drive_marker_sv_60fps"}
06-04 20:06:27.546 I/ReactNativeJS(30359): [VROOM-TEL] 2026-06-04T18:06:27.546Z | CAMERA_HEADING | {"t":1780596387546,"speedKmh":55,"movedM":0.38,"moveBearing":null,"snapHdg":181,"headingOut":181,"flipFromPrevDeg":0,"lookaheadM":45,"nativeFollow":true}
06-04 20:06:27.547 I/ReactNativeJS(30359): [VROOM-TEL] 2026-06-04T18:06:27.547Z | DRIVE_TRACE_CAMERA | {"t":1780596387547,"seq":434,"gpsTickId":1780596386954,"gpsTickAgeMs":576,"lat":51.354594,"lng":19.3552,"hdg":181,"speedKmh":55.4,"exploring":false,"frameMoveM":0}
06-04 20:06:27.846 I/ReactNativeJS(30359): [VROOM-TEL] 2026-06-04T18:06:27.846Z | DRIVE_TRACE_CAMERA | {"t":1780596387846,"seq":435,"gpsTickId":1780596386954,"gpsTickAgeMs":876,"lat":51.354545,"lng":19.355198,"hdg":181,"speedKmh":55.4,"exploring":false,"frameMoveM":0}
06-04 20:06:27.969 I/ReactNativeJS(30359): [VROOM-TEL] 2026-06-04T18:06:27.969Z | RAW_GPS_TICK | {"t":1780596387969,"gpsTickId":1780596387954,"gpsTickAgeMs":0,"lat":51.35425,"lng":19.355186,"speed":15.4,"speedKmh":55.4,"accuracy":4,"osTimestamp":1780596387954,"tripActive":true,"appState":"active"}
06-04 20:06:27.969 I/ReactNativeJS(30359): [VROOM-TEL] 2026-06-04T18:06:27.969Z | DRIVE_TRACE_RAW | {"t":1780596387969,"seq":436,"gpsTickId":1780596387954,"gpsTickAgeMs":0,"rawLat":51.35425,"rawLng":19.355186,"accM":4,"speedKmh":55.4,"speedMs":15.4,"heading":181,"tripActive":true,"driving":true,"navigating":false,"osTimestamp":1780596387954}
06-04 20:06:27.971 I/ReactNativeJS(30359): [VROOM-TEL] 2026-06-04T18:06:27.971Z | DRIVE_TRACE_FEED | {"t":1780596387971,"seq":437,"gpsTickId":1780596387954,"gpsTickAgeMs":2,"lat":51.354475,"lng":19.355195,"hdg":181,"durationMs":690,"speedKmh":55.5}
06-04 20:06:27.971 I/ReactNativeJS(30359): [VROOM-TEL] 2026-06-04T18:06:27.971Z | DRIVE_TRACE_TICK | {"t":1780596387971,"seq":438,"gpsTickId":1780596387954,"gpsTickAgeMs":2,"rawLat":51.35425,"rawLng":19.355186,"snapLat":51.354475,"snapLng":19.355195,"markerLat":51.354475,"markerLng":19.355195,"markerHdg":181,"markerSvLat":51.354543,"markerSvLng":19.355198,"markerSvHdg":181,"accM":4,"hudKmh":55.5,"engineKmh":55.5,"dopplerKmh":55.4,"feedDurMs":690,"cadenceMs":994,"feedSpeedMs":15.4,"isNavigating":false,"isFreeDrive":true,"isMoving":true,"feedSkipGate":false,"feedAccepted":true,"feedHeadingOnly":false,"source":"drive_core_v2"}
06-04 20:06:27.971 I/ReactNativeJS(30359): [VROOM-TEL] 2026-06-04T18:06:27.971Z | GPS_ACCEPT | {"lat":51.35425,"lng":19.355186,"acc":4,"speedKmh":55.9,"gpsLock":true}
06-04 20:06:28.079 I/ReactNativeJS(30359): [VROOM-TEL] 2026-06-04T18:06:28.079Z | CAM_FOLLOW_PUSH | {"t":1780596388079,"lat":51.354532,"lng":19.355197,"hdg":181,"snapHdg":181,"speedKmh":56,"exploring":false,"source":"drive_marker_sv_60fps"}
06-04 20:06:28.146 I/ReactNativeJS(30359): [VROOM-TEL] 2026-06-04T18:06:28.146Z | DRIVE_TRACE_CAMERA | {"t":1780596388146,"seq":439,"gpsTickId":1780596387954,"gpsTickAgeMs":177,"lat":51.354526,"lng":19.355197,"hdg":181,"speedKmh":55.5,"exploring":false,"frameMoveM":0}
06-04 20:06:28.449 I/ReactNativeJS(30359): [VROOM-TEL] 2026-06-04T18:06:28.449Z | DRIVE_TRACE_CAMERA | {"t":1780596388449,"seq":440,"gpsTickId":1780596387954,"gpsTickAgeMs":480,"lat":51.354496,"lng":19.355196,"hdg":181,"speedKmh":55.5,"exploring":false,"frameMoveM":0}
06-04 20:06:28.647 I/ReactNativeJS(30359): [VROOM-TEL] 2026-06-04T18:06:28.647Z | CAMERA_HEADING | {"t":1780596388647,"speedKmh":56,"movedM":0.2,"moveBearing":null,"snapHdg":181,"headingOut":181,"flipFromPrevDeg":0,"lookaheadM":45,"nativeFollow":true}
06-04 20:06:28.762 I/ReactNativeJS(30359): [VROOM-TEL] 2026-06-04T18:06:28.762Z | DRIVE_TRACE_CAMERA | {"t":1780596388762,"seq":441,"gpsTickId":1780596387954,"gpsTickAgeMs":793,"lat":51.354461,"lng":19.355195,"hdg":181,"speedKmh":55.5,"exploring":false,"frameMoveM":0}
06-04 20:06:28.980 I/ReactNativeJS(30359): [VROOM-TEL] 2026-06-04T18:06:28.980Z | RAW_GPS_TICK | {"t":1780596388980,"gpsTickId":1780596388955,"gpsTickAgeMs":0,"lat":51.354111,"lng":19.355184,"speed":15.42,"speedKmh":55.5,"accuracy":4,"osTimestamp":1780596388955,"tripActive":true,"appState":"active"}
06-04 20:06:28.980 I/ReactNativeJS(30359): [VROOM-TEL] 2026-06-04T18:06:28.980Z | DRIVE_TRACE_RAW | {"t":1780596388980,"seq":442,"gpsTickId":1780596388955,"gpsTickAgeMs":0,"rawLat":51.354111,"rawLng":19.355184,"accM":4,"speedKmh":55.5,"speedMs":15.4,"heading":180,"tripActive":true,"driving":true,"navigating":false,"osTimestamp":1780596388955}
06-04 20:06:28.982 I/ReactNativeJS(30359): [VROOM-TEL] 2026-06-04T18:06:28.982Z | DRIVE_TRACE_FEED | {"t":1780596388982,"seq":443,"gpsTickId":1780596388955,"gpsTickAgeMs":1,"lat":51.354379,"lng":19.355192,"hdg":181,"durationMs":690,"speedKmh":55.5}
06-04 20:06:28.982 I/ReactNativeJS(30359): [VROOM-TEL] 2026-06-04T18:06:28.982Z | DRIVE_TRACE_TICK | {"t":1780596388982,"seq":444,"gpsTickId":1780596388955,"gpsTickAgeMs":2,"rawLat":51.354111,"rawLng":19.355184,"snapLat":51.354379,"snapLng":19.355192,"markerLat":51.354379,"markerLng":19.355192,"markerHdg":181,"markerSvLat":51.354447,"markerSvLng":19.355194,"markerSvHdg":181,"accM":4,"hudKmh":55.5,"engineKmh":55.5,"dopplerKmh":55.5,"feedDurMs":690,"cadenceMs":1000,"feedSpeedMs":15.4,"isNavigating":false,"isFreeDrive":true,"isMoving":true,"feedSkipGate":false,"feedAccepted":true,"feedHeadingOnly":false,"source":"drive_core_v2"}
06-04 20:06:28.982 I/ReactNativeJS(30359): [VROOM-TEL] 2026-06-04T18:06:28.982Z | GPS_ACCEPT | {"lat":51.354111,"lng":19.355184,"acc":4,"speedKmh":55.5,"gpsLock":true}
06-04 20:06:29.076 I/ReactNativeJS(30359): [VROOM-TEL] 2026-06-04T18:06:29.076Z | CAM_FOLLOW_PUSH | {"t":1780596389076,"lat":51.354444,"lng":19.355194,"hdg":181,"snapHdg":181,"speedKmh":56,"exploring":false,"source":"drive_marker_sv_60fps"}
06-04 20:06:29.076 I/ReactNativeJS(30359): [VROOM-TEL] 2026-06-04T18:06:29.076Z | DRIVE_TRACE_CAMERA | {"t":1780596389076,"seq":445,"gpsTickId":1780596388955,"gpsTickAgeMs":96,"lat":51.354444,"lng":19.355194,"hdg":181,"speedKmh":55.5,"exploring":false,"frameMoveM":0}
06-04 20:06:29.379 I/ReactNativeJS(30359): [VROOM-TEL] 2026-06-04T18:06:29.379Z | DRIVE_TRACE_CAMERA | {"t":1780596389379,"seq":446,"gpsTickId":1780596388955,"gpsTickAgeMs":399,"lat":51.354408,"lng":19.355193,"hdg":181,"speedKmh":55.5,"exploring":false,"frameMoveM":0}
06-04 20:06:29.679 I/ReactNativeJS(30359): [VROOM-TEL] 2026-06-04T18:06:29.679Z | DRIVE_TRACE_CAMERA | {"t":1780596389679,"seq":447,"gpsTickId":1780596388955,"gpsTickAgeMs":699,"lat":51.354379,"lng":19.355192,"hdg":181,"speedKmh":55.5,"exploring":false,"frameMoveM":0}
06-04 20:06:29.763 I/ReactNativeJS(30359): [VROOM-TEL] 2026-06-04T18:06:29.763Z | CAMERA_HEADING | {"t":1780596389763,"speedKmh":56,"movedM":0.26,"moveBearing":null,"snapHdg":181,"headingOut":181,"flipFromPrevDeg":0,"lookaheadM":45,"nativeFollow":true}
06-04 20:06:29.879 I/ReactNativeJS(30359): [VROOM-TEL] 2026-06-04T18:06:29.879Z | CAM_FOLLOW_PUSH | {"t":1780596389879,"lat":51.354352,"lng":19.355191,"hdg":181,"snapHdg":181,"speedKmh":56,"exploring":false,"source":"drive_marker_sv_60fps"}
06-04 20:06:29.982 I/ReactNativeJS(30359): [VROOM-TEL] 2026-06-04T18:06:29.982Z | RAW_GPS_TICK | {"t":1780596389982,"gpsTickId":1780596389954,"gpsTickAgeMs":0,"lat":51.353973,"lng":19.355183,"speed":15.43,"speedKmh":55.5,"accuracy":4,"osTimestamp":1780596389954,"tripActive":true,"appState":"active"}
06-04 20:06:29.982 I/ReactNativeJS(30359): [VROOM-TEL] 2026-06-04T18:06:29.982Z | DRIVE_TRACE_RAW | {"t":1780596389982,"seq":448,"gpsTickId":1780596389954,"gpsTickAgeMs":0,"rawLat":51.353973,"rawLng":19.355183,"accM":4,"speedKmh":55.5,"speedMs":15.4,"heading":180,"tripActive":true,"driving":true,"navigating":false,"osTimestamp":1780596389954}
06-04 20:06:29.984 I/ReactNativeJS(30359): [VROOM-TEL] 2026-06-04T18:06:29.984Z | DRIVE_TRACE_FEED | {"t":1780596389984,"seq":449,"gpsTickId":1780596389954,"gpsTickAgeMs":2,"lat":51.354113,"lng":19.355186,"hdg":180,"durationMs":1200,"speedKmh":55.5}
06-04 20:06:29.984 I/ReactNativeJS(30359): [VROOM-TEL] 2026-06-04T18:06:29.984Z | DRIVE_TRACE_TICK | {"t":1780596389984,"seq":450,"gpsTickId":1780596389954,"gpsTickAgeMs":2,"rawLat":51.353973,"rawLng":19.355183,"snapLat":51.354113,"snapLng":19.355186,"markerLat":51.354113,"markerLng":19.355186,"markerHdg":180,"markerSvLat":51.354352,"markerSvLng":19.355191,"markerSvHdg":181,"accM":4,"hudKmh":55.5,"engineKmh":55.5,"dopplerKmh":55.5,"feedDurMs":1200,"cadenceMs":1001,"feedSpeedMs":15.4,"isNavigating":false,"isFreeDrive":true,"isMoving":true,"feedSkipGate":false,"feedAccepted":true,"feedHeadingOnly":false,"source":"drive_core_v2"}
06-04 20:06:29.984 I/ReactNativeJS(30359): [VROOM-TEL] 2026-06-04T18:06:29.984Z | GPS_ACCEPT | {"lat":51.353973,"lng":19.355183,"acc":4,"speedKmh":55.5,"gpsLock":true}
06-04 20:06:30.026 I/ReactNativeJS(30359): [VROOM-TEL] 2026-06-04T18:06:30.025Z | DRIVE_TRACE_CAMERA | {"t":1780596390025,"seq":451,"gpsTickId":1780596389954,"gpsTickAgeMs":43,"lat":51.354346,"lng":19.355191,"hdg":181,"speedKmh":55.5,"exploring":false,"frameMoveM":0}
06-04 20:06:30.026 I/ReactNativeJS(30359): [VROOM-TEL] 2026-06-04T18:06:30.026Z | TRIP_SEGMENT_STATS | {"t":1780596390026,"totalDistanceKm":0.906,"acceptedMain":36,"acceptedMainKm":0.689,"fallbackAccepted":10,"fallbackKm":0.218,"derivedSpeedUsed":6,"derivedSpeedRejected":0,"lowSpeedDropped":0,"zeroMove":0,"rejectedTotal":38,"rejectedJitter":28,"rejectedJump":0,"rejectedStaleGap":0,"rejectedMinSpeed":0,"rejectedAccuracy":0,"rejectedImpossible":10,"rejectedInvalidTime":0}
06-04 20:06:30.213 I/ReactNativeJS(30359): [VROOM-TEL] 2026-06-04T18:06:30.213Z | DRIVE_TRACE_HEARTBEAT | {"t":1780596390213,"seq":452,"gpsTickId":1780596389954,"gpsTickAgeMs":231,"driving":true,"navigating":false,"tripActive":true,"lat":51.3539727,"lng":19.355183,"gpsAgeMs":231}
06-04 20:06:30.213 I/ReactNativeJS(30359): [VROOM-TEL] 2026-06-04T18:06:30.213Z | DRIVE_HEALTH | {"t":1780596390213,"mode":"driving","speedHudKmh":55.5,"speedPipeKmh":55.5,"gpsAgeMs":231,"drAgeMs":229,"gpsToDriftM":16,"snapAnchorDriftM":0,"offRoute":false,"reroutePending":false,"rerouteLoading":false,"hasRoutePts":0}
06-04 20:06:30.329 I/ReactNativeJS(30359): [VROOM-TEL] 2026-06-04T18:06:30.329Z | DRIVE_TRACE_CAMERA | {"t":1780596390329,"seq":453,"gpsTickId":1780596389954,"gpsTickAgeMs":347,"lat":51.354283,"lng":19.35519,"hdg":181,"speedKmh":55.5,"exploring":false,"frameMoveM":0}
06-04 20:06:30.629 I/ReactNativeJS(30359): [VROOM-TEL] 2026-06-04T18:06:30.629Z | DRIVE_TRACE_CAMERA | {"t":1780596390629,"seq":454,"gpsTickId":1780596389954,"gpsTickAgeMs":647,"lat":51.354223,"lng":19.355188,"hdg":181,"speedKmh":55.5,"exploring":false,"frameMoveM":0}
06-04 20:06:30.679 I/ReactNativeJS(30359): [VROOM-TEL] 2026-06-04T18:06:30.679Z | CAM_FOLLOW_PUSH | {"t":1780596390679,"lat":51.354213,"lng":19.355188,"hdg":181,"snapHdg":181,"speedKmh":56,"exploring":false,"source":"drive_marker_sv_60fps"}
06-04 20:06:30.879 I/ReactNativeJS(30359): [VROOM-TEL] 2026-06-04T18:06:30.879Z | CAMERA_HEADING | {"t":1780596390879,"speedKmh":56,"movedM":0.38,"moveBearing":null,"snapHdg":181,"headingOut":181,"flipFromPrevDeg":0,"lookaheadM":45,"nativeFollow":true}
06-04 20:06:30.929 I/ReactNativeJS(30359): [VROOM-TEL] 2026-06-04T18:06:30.929Z | DRIVE_TRACE_CAMERA | {"t":1780596390929,"seq":455,"gpsTickId":1780596389954,"gpsTickAgeMs":947,"lat":51.354163,"lng":19.355187,"hdg":181,"speedKmh":55.5,"exploring":false,"frameMoveM":0}
06-04 20:06:30.970 I/ReactNativeJS(30359): [VROOM-TEL] 2026-06-04T18:06:30.970Z | RAW_GPS_TICK | {"t":1780596390970,"gpsTickId":1780596390954,"gpsTickAgeMs":0,"lat":51.353831,"lng":19.355189,"speed":15.42,"speedKmh":55.5,"accuracy":4,"osTimestamp":1780596390954,"tripActive":true,"appState":"active"}
06-04 20:06:30.971 I/ReactNativeJS(30359): [VROOM-TEL] 2026-06-04T18:06:30.971Z | DRIVE_TRACE_RAW | {"t":1780596390971,"seq":456,"gpsTickId":1780596390954,"gpsTickAgeMs":1,"rawLat":51.353831,"rawLng":19.355189,"accM":4,"speedKmh":55.5,"speedMs":15.4,"heading":178,"tripActive":true,"driving":true,"navigating":false,"osTimestamp":1780596390954}
06-04 20:06:30.972 I/ReactNativeJS(30359): [VROOM-TEL] 2026-06-04T18:06:30.972Z | DRIVE_TRACE_FEED | {"t":1780596390972,"seq":457,"gpsTickId":1780596390954,"gpsTickAgeMs":2,"lat":51.354017,"lng":19.355186,"hdg":179,"durationMs":689,"speedKmh":55.6}
06-04 20:06:30.973 I/ReactNativeJS(30359): [VROOM-TEL] 2026-06-04T18:06:30.973Z | DRIVE_TRACE_TICK | {"t":1780596390973,"seq":458,"gpsTickId":1780596390954,"gpsTickAgeMs":3,"rawLat":51.353831,"rawLng":19.355189,"snapLat":51.354017,"snapLng":19.355186,"markerLat":51.354017,"markerLng":19.355186,"markerHdg":179,"markerSvLat":51.354157,"markerSvLng":19.355187,"markerSvHdg":181,"accM":4,"hudKmh":55.6,"engineKmh":55.6,"dopplerKmh":55.5,"feedDurMs":689,"cadenceMs":996,"feedSpeedMs":15.4,"isNavigating":false,"isFreeDrive":true,"isMoving":true,"feedSkipGate":false,"feedAccepted":true,"feedHeadingOnly":false,"source":"drive_core_v2"}
06-04 20:06:30.973 I/ReactNativeJS(30359): [VROOM-TEL] 2026-06-04T18:06:30.973Z | GPS_ACCEPT | {"lat":51.353831,"lng":19.355189,"acc":4,"speedKmh":57.6,"gpsLock":true}
06-04 20:06:31.230 I/ReactNativeJS(30359): [VROOM-TEL] 2026-06-04T18:06:31.230Z | DRIVE_TRACE_CAMERA | {"t":1780596391230,"seq":459,"gpsTickId":1780596390954,"gpsTickAgeMs":260,"lat":51.354105,"lng":19.355186,"hdg":180,"speedKmh":55.6,"exploring":false,"frameMoveM":0}
06-04 20:06:31.480 I/ReactNativeJS(30359): [VROOM-TEL] 2026-06-04T18:06:31.479Z | CAM_FOLLOW_PUSH | {"t":1780596391479,"lat":51.354054,"lng":19.355186,"hdg":180,"snapHdg":180,"speedKmh":56,"exploring":false,"source":"drive_marker_sv_60fps"}
06-04 20:06:31.546 I/ReactNativeJS(30359): [VROOM-TEL] 2026-06-04T18:06:31.546Z | DRIVE_TRACE_CAMERA | {"t":1780596391546,"seq":460,"gpsTickId":1780596390954,"gpsTickAgeMs":576,"lat":51.35404,"lng":19.355186,"hdg":180,"speedKmh":55.6,"exploring":false,"frameMoveM":0}
06-04 20:06:31.846 I/ReactNativeJS(30359): [VROOM-TEL] 2026-06-04T18:06:31.846Z | DRIVE_TRACE_CAMERA | {"t":1780596391846,"seq":461,"gpsTickId":1780596390954,"gpsTickAgeMs":876,"lat":51.353991,"lng":19.355186,"hdg":180,"speedKmh":55.6,"exploring":false,"frameMoveM":0}
06-04 20:06:31.980 I/ReactNativeJS(30359): [VROOM-TEL] 2026-06-04T18:06:31.980Z | RAW_GPS_TICK | {"t":1780596391980,"gpsTickId":1780596391954,"gpsTickAgeMs":0,"lat":51.353692,"lng":19.355206,"speed":15.43,"speedKmh":55.5,"accuracy":4,"osTimestamp":1780596391954,"tripActive":true,"appState":"active"}
06-04 20:06:31.980 I/ReactNativeJS(30359): [VROOM-TEL] 2026-06-04T18:06:31.980Z | DRIVE_TRACE_RAW | {"t":1780596391980,"seq":462,"gpsTickId":1780596391954,"gpsTickAgeMs":0,"rawLat":51.353692,"rawLng":19.355206,"accM":4,"speedKmh":55.5,"speedMs":15.4,"heading":175,"tripActive":true,"driving":true,"navigating":false,"osTimestamp":1780596391954}
06-04 20:06:31.982 I/ReactNativeJS(30359): [VROOM-TEL] 2026-06-04T18:06:31.982Z | DRIVE_TRACE_FEED | {"t":1780596391982,"seq":463,"gpsTickId":1780596391954,"gpsTickAgeMs":2,"lat":51.353921,"lng":19.355191,"hdg":177,"durationMs":689,"speedKmh":55.7}
06-04 20:06:31.983 I/ReactNativeJS(30359): [VROOM-TEL] 2026-06-04T18:06:31.983Z | DRIVE_TRACE_TICK | {"t":1780596391983,"seq":464,"gpsTickId":1780596391954,"gpsTickAgeMs":3,"rawLat":51.353692,"rawLng":19.355206,"snapLat":51.353921,"snapLng":19.355191,"markerLat":51.353921,"markerLng":19.355191,"markerHdg":177,"markerSvLat":51.353989,"markerSvLng":19.355186,"markerSvHdg":180,"accM":4,"hudKmh":55.7,"engineKmh":55.7,"dopplerKmh":55.5,"feedDurMs":689,"cadenceMs":1001,"feedSpeedMs":15.5,"isNavigating":false,"isFreeDrive":true,"isMoving":true,"feedSkipGate":false,"feedAccepted":true,"feedHeadingOnly":false,"source":"drive_core_v2"}
06-04 20:06:31.983 I/ReactNativeJS(30359): [VROOM-TEL] 2026-06-04T18:06:31.983Z | GPS_ACCEPT | {"lat":51.353692,"lng":19.355206,"acc":4,"speedKmh":55.5,"gpsLock":true}
06-04 20:06:32.019 I/ReactNativeJS(30359): [VROOM-TEL] 2026-06-04T18:06:32.019Z | CAMERA_HEADING | {"t":1780596392019,"speedKmh":56,"movedM":0.33,"moveBearing":null,"snapHdg":177,"headingOut":177,"flipFromPrevDeg":3,"lookaheadM":45,"nativeFollow":true}
06-04 20:06:32.146 I/ReactNativeJS(30359): [VROOM-TEL] 2026-06-04T18:06:32.146Z | DRIVE_TRACE_CAMERA | {"t":1780596392146,"seq":465,"gpsTickId":1780596391954,"gpsTickAgeMs":166,"lat":51.353973,"lng":19.355187,"hdg":177,"speedKmh":55.7,"exploring":false,"frameMoveM":0}
06-04 20:06:32.279 I/ReactNativeJS(30359): [VROOM-TEL] 2026-06-04T18:06:32.279Z | CAM_FOLLOW_PUSH | {"t":1780596392279,"lat":51.35396,"lng":19.355188,"hdg":177,"snapHdg":177,"speedKmh":56,"exploring":false,"source":"drive_marker_sv_60fps"}
06-04 20:06:32.446 I/ReactNativeJS(30359): [VROOM-TEL] 2026-06-04T18:06:32.446Z | DRIVE_TRACE_CAMERA | {"t":1780596392446,"seq":466,"gpsTickId":1780596391954,"gpsTickAgeMs":466,"lat":51.353943,"lng":19.35519,"hdg":177,"speedKmh":55.7,"exploring":false,"frameMoveM":0}
06-04 20:06:32.775 I/ReactNativeJS(30359): [VROOM-TEL] 2026-06-04T18:06:32.775Z | DRIVE_TRACE_CAMERA | {"t":1780596392775,"seq":467,"gpsTickId":1780596391954,"gpsTickAgeMs":795,"lat":51.353916,"lng":19.355192,"hdg":180,"speedKmh":55.7,"exploring":false,"frameMoveM":0}
06-04 20:06:32.981 I/ReactNativeJS(30359): [VROOM-TEL] 2026-06-04T18:06:32.981Z | RAW_GPS_TICK | {"t":1780596392981,"gpsTickId":1780596392955,"gpsTickAgeMs":0,"lat":51.353559,"lng":19.355239,"speed":15.41,"speedKmh":55.5,"accuracy":4,"osTimestamp":1780596392955,"tripActive":true,"appState":"active"}
06-04 20:06:32.981 I/ReactNativeJS(30359): [VROOM-TEL] 2026-06-04T18:06:32.981Z | DRIVE_TRACE_RAW | {"t":1780596392981,"seq":468,"gpsTickId":1780596392955,"gpsTickAgeMs":0,"rawLat":51.353559,"rawLng":19.355239,"accM":4,"speedKmh":55.5,"speedMs":15.4,"heading":172,"tripActive":true,"driving":true,"navigating":false,"osTimestamp":1780596392955}
06-04 20:06:32.982 I/ReactNativeJS(30359): [VROOM-TEL] 2026-06-04T18:06:32.982Z | DRIVE_TRACE_FEED | {"t":1780596392982,"seq":469,"gpsTickId":1780596392955,"gpsTickAgeMs":1,"lat":51.353825,"lng":19.355202,"hdg":173,"durationMs":689,"speedKmh":55.6}
06-04 20:06:32.983 I/ReactNativeJS(30359): [VROOM-TEL] 2026-06-04T18:06:32.983Z | DRIVE_TRACE_TICK | {"t":1780596392983,"seq":470,"gpsTickId":1780596392955,"gpsTickAgeMs":2,"rawLat":51.353559,"rawLng":19.355239,"snapLat":51.353825,"snapLng":19.355202,"markerLat":51.353825,"markerLng":19.355202,"markerHdg":173,"markerSvLat":51.353893,"markerSvLng":19.355192,"markerSvHdg":180,"accM":4,"hudKmh":55.6,"engineKmh":55.6,"dopplerKmh":55.5,"feedDurMs":689,"cadenceMs":1001,"feedSpeedMs":15.4,"isNavigating":false,"isFreeDrive":true,"isMoving":true,"feedSkipGate":false,"feedAccepted":true,"feedHeadingOnly":false,"source":"drive_core_v2"}
06-04 20:06:32.983 I/ReactNativeJS(30359): [VROOM-TEL] 2026-06-04T18:06:32.983Z | GPS_ACCEPT | {"lat":51.353559,"lng":19.355239,"acc":4,"speedKmh":55.5,"gpsLock":true}
06-04 20:06:33.080 I/ReactNativeJS(30359): [VROOM-TEL] 2026-06-04T18:06:33.080Z | CAM_FOLLOW_PUSH | {"t":1780596393080,"lat":51.353884,"lng":19.355193,"hdg":174,"snapHdg":174,"speedKmh":56,"exploring":false,"source":"drive_marker_sv_60fps"}
06-04 20:06:33.080 I/ReactNativeJS(30359): [VROOM-TEL] 2026-06-04T18:06:33.080Z | DRIVE_TRACE_CAMERA | {"t":1780596393080,"seq":471,"gpsTickId":1780596392955,"gpsTickAgeMs":99,"lat":51.353884,"lng":19.355193,"hdg":174,"speedKmh":55.6,"exploring":false,"frameMoveM":0}
06-04 20:06:33.129 I/ReactNativeJS(30359): [VROOM-TEL] 2026-06-04T18:06:33.129Z | CAMERA_HEADING | {"t":1780596393129,"speedKmh":56,"movedM":0.19,"moveBearing":null,"snapHdg":174,"headingOut":174,"flipFromPrevDeg":0,"lookaheadM":45,"nativeFollow":true}
06-04 20:06:33.380 I/ReactNativeJS(30359): [VROOM-TEL] 2026-06-04T18:06:33.380Z | DRIVE_TRACE_CAMERA | {"t":1780596393380,"seq":472,"gpsTickId":1780596392955,"gpsTickAgeMs":399,"lat":51.353854,"lng":19.355198,"hdg":174,"speedKmh":55.6,"exploring":false,"frameMoveM":0}
06-04 20:06:33.696 I/ReactNativeJS(30359): [VROOM-TEL] 2026-06-04T18:06:33.695Z | DRIVE_TRACE_CAMERA | {"t":1780596393695,"seq":473,"gpsTickId":1780596392955,"gpsTickAgeMs":714,"lat":51.353823,"lng":19.355203,"hdg":177,"speedKmh":55.6,"exploring":false,"frameMoveM":0}
06-04 20:06:33.880 I/ReactNativeJS(30359): [VROOM-TEL] 2026-06-04T18:06:33.880Z | CAM_FOLLOW_PUSH | {"t":1780596393880,"lat":51.353798,"lng":19.355203,"hdg":179,"snapHdg":179,"speedKmh":56,"exploring":false,"source":"drive_marker_sv_60fps"}
06-04 20:06:33.968 I/ReactNativeJS(30359): [VROOM-TEL] 2026-06-04T18:06:33.968Z | RAW_GPS_TICK | {"t":1780596393968,"gpsTickId":1780596393954,"gpsTickAgeMs":0,"lat":51.353425,"lng":19.355278,"speed":15.44,"speedKmh":55.6,"accuracy":4,"osTimestamp":1780596393954,"tripActive":true,"appState":"active"}
06-04 20:06:33.968 I/ReactNativeJS(30359): [VROOM-TEL] 2026-06-04T18:06:33.968Z | DRIVE_TRACE_RAW | {"t":1780596393968,"seq":474,"gpsTickId":1780596393954,"gpsTickAgeMs":0,"rawLat":51.353425,"rawLng":19.355278,"accM":4,"speedKmh":55.6,"speedMs":15.4,"heading":169,"tripActive":true,"driving":true,"navigating":false,"osTimestamp":1780596393954}
06-04 20:06:33.970 I/ReactNativeJS(30359): [VROOM-TEL] 2026-06-04T18:06:33.970Z | DRIVE_TRACE_FEED | {"t":1780596393970,"seq":475,"gpsTickId":1780596393954,"gpsTickAgeMs":2,"lat":51.353562,"lng":19.355247,"hdg":170,"durationMs":1200,"speedKmh":55.6}
06-04 20:06:33.970 I/ReactNativeJS(30359): [VROOM-TEL] 2026-06-04T18:06:33.970Z | DRIVE_TRACE_TICK | {"t":1780596393970,"seq":476,"gpsTickId":1780596393954,"gpsTickAgeMs":2,"rawLat":51.353425,"rawLng":19.355278,"snapLat":51.353562,"snapLng":19.355247,"markerLat":51.353562,"markerLng":19.355247,"markerHdg":170,"markerSvLat":51.353798,"markerSvLng":19.355203,"markerSvHdg":179,"accM":4,"hudKmh":55.6,"engineKmh":55.3,"dopplerKmh":55.6,"feedDurMs":1200,"cadenceMs":996,"feedSpeedMs":15.4,"isNavigating":false,"isFreeDrive":true,"isMoving":true,"feedSkipGate":false,"feedAccepted":true,"feedHeadingOnly":false,"source":"drive_core_v2"}
06-04 20:06:33.970 I/ReactNativeJS(30359): [VROOM-TEL] 2026-06-04T18:06:33.970Z | GPS_ACCEPT | {"lat":51.353425,"lng":19.355278,"acc":4,"speedKmh":55.6,"gpsLock":true}
06-04 20:06:34.011 I/ReactNativeJS(30359): [VROOM-TEL] 2026-06-04T18:06:34.011Z | DRIVE_TRACE_CAMERA | {"t":1780596394011,"seq":477,"gpsTickId":1780596393954,"gpsTickAgeMs":43,"lat":51.353796,"lng":19.355204,"hdg":176,"speedKmh":55.6,"exploring":false,"frameMoveM":0}
06-04 20:06:34.229 I/ReactNativeJS(30359): [VROOM-TEL] 2026-06-04T18:06:34.229Z | CAMERA_HEADING | {"t":1780596394229,"speedKmh":56,"movedM":0.37,"moveBearing":null,"snapHdg":173,"headingOut":173,"flipFromPrevDeg":0,"lookaheadM":45,"nativeFollow":true}
06-04 20:06:34.312 I/ReactNativeJS(30359): [VROOM-TEL] 2026-06-04T18:06:34.312Z | DRIVE_TRACE_CAMERA | {"t":1780596394312,"seq":478,"gpsTickId":1780596393954,"gpsTickAgeMs":344,"lat":51.353731,"lng":19.355216,"hdg":173,"speedKmh":55.6,"exploring":false,"frameMoveM":0}
06-04 20:06:34.612 I/ReactNativeJS(30359): [VROOM-TEL] 2026-06-04T18:06:34.612Z | DRIVE_TRACE_CAMERA | {"t":1780596394612,"seq":479,"gpsTickId":1780596393954,"gpsTickAgeMs":644,"lat":51.353672,"lng":19.355227,"hdg":173,"speedKmh":55.6,"exploring":false,"frameMoveM":0}
06-04 20:06:34.696 I/ReactNativeJS(30359): [VROOM-TEL] 2026-06-04T18:06:34.696Z | CAM_FOLLOW_PUSH | {"t":1780596394696,"lat":51.353655,"lng":19.35523,"hdg":173,"snapHdg":173,"speedKmh":56,"exploring":false,"source":"drive_marker_sv_60fps"}
06-04 20:06:34.912 I/ReactNativeJS(30359): [VROOM-TEL] 2026-06-04T18:06:34.912Z | DRIVE_TRACE_CAMERA | {"t":1780596394912,"seq":480,"gpsTickId":1780596393954,"gpsTickAgeMs":944,"lat":51.353613,"lng":19.355238,"hdg":173,"speedKmh":55.6,"exploring":false,"frameMoveM":0}
06-04 20:06:34.984 I/ReactNativeJS(30359): [VROOM-TEL] 2026-06-04T18:06:34.984Z | RAW_GPS_TICK | {"t":1780596394984,"gpsTickId":1780596394955,"gpsTickAgeMs":0,"lat":51.353288,"lng":19.355327,"speed":15.44,"speedKmh":55.6,"accuracy":4,"osTimestamp":1780596394955,"tripActive":true,"appState":"active"}
06-04 20:06:34.984 I/ReactNativeJS(30359): [VROOM-TEL] 2026-06-04T18:06:34.984Z | DRIVE_TRACE_RAW | {"t":1780596394984,"seq":481,"gpsTickId":1780596394955,"gpsTickAgeMs":0,"rawLat":51.353288,"rawLng":19.355327,"accM":4,"speedKmh":55.6,"speedMs":15.4,"heading":167,"tripActive":true,"driving":true,"navigating":false,"osTimestamp":1780596394955}
06-04 20:06:34.985 I/ReactNativeJS(30359): [VROOM-TEL] 2026-06-04T18:06:34.985Z | DRIVE_TRACE_FEED | {"t":1780596394985,"seq":482,"gpsTickId":1780596394955,"gpsTickAgeMs":1,"lat":51.353468,"lng":19.355274,"hdg":168,"durationMs":690,"speedKmh":55.6}
06-04 20:06:34.986 I/ReactNativeJS(30359): [VROOM-TEL] 2026-06-04T18:06:34.986Z | DRIVE_TRACE_TICK | {"t":1780596394986,"seq":483,"gpsTickId":1780596394955,"gpsTickAgeMs":2,"rawLat":51.353288,"rawLng":19.355327,"snapLat":51.353468,"snapLng":19.355274,"markerLat":51.353468,"markerLng":19.355274,"markerHdg":168,"markerSvLat":51.3536,"markerSvLng":19.35524,"markerSvHdg":173,"accM":4,"hudKmh":55.6,"engineKmh":55.2,"dopplerKmh":55.6,"feedDurMs":690,"cadenceMs":1003,"feedSpeedMs":15.4,"isNavigating":false,"isFreeDrive":true,"isMoving":true,"feedSkipGate":false,"feedAccepted":true,"feedHeadingOnly":false,"source":"drive_core_v2"}
06-04 20:06:34.986 I/ReactNativeJS(30359): [VROOM-TEL] 2026-06-04T18:06:34.986Z | GPS_ACCEPT | {"lat":51.353288,"lng":19.355327,"acc":4,"speedKmh":55.6,"gpsLock":true}
06-04 20:06:35.213 I/ReactNativeJS(30359): [VROOM-TEL] 2026-06-04T18:06:35.213Z | DRIVE_TRACE_CAMERA | {"t":1780596395213,"seq":484,"gpsTickId":1780596394955,"gpsTickAgeMs":229,"lat":51.353556,"lng":19.355251,"hdg":171,"speedKmh":55.6,"exploring":false,"frameMoveM":0}
06-04 20:06:35.229 I/ReactNativeJS(30359): [VROOM-TEL] 2026-06-04T18:06:35.229Z | DRIVE_TRACE_HEARTBEAT | {"t":1780596395229,"seq":485,"gpsTickId":1780596394955,"gpsTickAgeMs":245,"driving":true,"navigating":false,"tripActive":true,"lat":51.3532885,"lng":19.3553274,"gpsAgeMs":245}
06-04 20:06:35.329 I/ReactNativeJS(30359): [VROOM-TEL] 2026-06-04T18:06:35.329Z | CAMERA_HEADING | {"t":1780596395329,"speedKmh":56,"movedM":0.34,"moveBearing":null,"snapHdg":171,"headingOut":171,"flipFromPrevDeg":0,"lookaheadM":45,"nativeFollow":true}
06-04 20:06:35.496 I/ReactNativeJS(30359): [VROOM-TEL] 2026-06-04T18:06:35.496Z | CAM_FOLLOW_PUSH | {"t":1780596395496,"lat":51.353502,"lng":19.355265,"hdg":171,"snapHdg":171,"speedKmh":56,"exploring":false,"source":"drive_marker_sv_60fps"}
06-04 20:06:35.513 I/ReactNativeJS(30359): [VROOM-TEL] 2026-06-04T18:06:35.513Z | DRIVE_TRACE_CAMERA | {"t":1780596395513,"seq":486,"gpsTickId":1780596394955,"gpsTickAgeMs":529,"lat":51.353499,"lng":19.355266,"hdg":171,"speedKmh":55.6,"exploring":false,"frameMoveM":0}
06-04 20:06:35.813 I/ReactNativeJS(30359): [VROOM-TEL] 2026-06-04T18:06:35.813Z | DRIVE_TRACE_CAMERA | {"t":1780596395813,"seq":487,"gpsTickId":1780596394955,"gpsTickAgeMs":829,"lat":51.35345,"lng":19.355277,"hdg":173,"speedKmh":55.6,"exploring":false,"frameMoveM":0}
06-04 20:06:35.980 I/ReactNativeJS(30359): [VROOM-TEL] 2026-06-04T18:06:35.980Z | RAW_GPS_TICK | {"t":1780596395980,"gpsTickId":1780596395954,"gpsTickAgeMs":0,"lat":51.353154,"lng":19.355381,"speed":15.42,"speedKmh":55.5,"accuracy":4,"osTimestamp":1780596395954,"tripActive":true,"appState":"active"}
06-04 20:06:35.980 I/ReactNativeJS(30359): [VROOM-TEL] 2026-06-04T18:06:35.980Z | DRIVE_TRACE_RAW | {"t":1780596395980,"seq":488,"gpsTickId":1780596395954,"gpsTickAgeMs":0,"rawLat":51.353154,"rawLng":19.355381,"accM":4,"speedKmh":55.5,"speedMs":15.4,"heading":165,"tripActive":true,"driving":true,"navigating":false,"osTimestamp":1780596395954}
06-04 20:06:35.982 I/ReactNativeJS(30359): [VROOM-TEL] 2026-06-04T18:06:35.982Z | DRIVE_TRACE_FEED | {"t":1780596395982,"seq":489,"gpsTickId":1780596395954,"gpsTickAgeMs":2,"lat":51.353374,"lng":19.355305,"hdg":167,"durationMs":690,"speedKmh":55.5}
06-04 20:06:35.982 I/ReactNativeJS(30359): [VROOM-TEL] 2026-06-04T18:06:35.982Z | DRIVE_TRACE_TICK | {"t":1780596395982,"seq":490,"gpsTickId":1780596395954,"gpsTickAgeMs":2,"rawLat":51.353154,"rawLng":19.355381,"snapLat":51.353374,"snapLng":19.355305,"markerLat":51.353374,"markerLng":19.355305,"markerHdg":167,"markerSvLat":51.35344,"markerSvLng":19.355279,"markerSvHdg":173,"accM":4,"hudKmh":55.5,"engineKmh":55.4,"dopplerKmh":55.5,"feedDurMs":690,"cadenceMs":1001,"feedSpeedMs":15.4,"isNavigating":false,"isFreeDrive":true,"isMoving":true,"feedSkipGate":false,"feedAccepted":true,"feedHeadingOnly":false,"source":"drive_core_v2"}
06-04 20:06:35.982 I/ReactNativeJS(30359): [VROOM-TEL] 2026-06-04T18:06:35.982Z | GPS_ACCEPT | {"lat":51.353154,"lng":19.355381,"acc":4,"speedKmh":55.6,"gpsLock":true}
06-04 20:06:36.129 I/ReactNativeJS(30359): [VROOM-TEL] 2026-06-04T18:06:36.129Z | DRIVE_TRACE_CAMERA | {"t":1780596396129,"seq":491,"gpsTickId":1780596395954,"gpsTickAgeMs":149,"lat":51.353426,"lng":19.355285,"hdg":166,"speedKmh":55.5,"exploring":false,"frameMoveM":0}
06-04 20:06:36.297 I/ReactNativeJS(30359): [VROOM-TEL] 2026-06-04T18:06:36.297Z | CAM_FOLLOW_PUSH | {"t":1780596396297,"lat":51.35341,"lng":19.355291,"hdg":166,"snapHdg":166,"speedKmh":56,"exploring":false,"source":"drive_marker_sv_60fps"}
06-04 20:06:36.430 I/ReactNativeJS(30359): [VROOM-TEL] 2026-06-04T18:06:36.430Z | CAMERA_HEADING | {"t":1780596396430,"speedKmh":56,"movedM":0.19,"moveBearing":null,"snapHdg":166,"headingOut":166,"flipFromPrevDeg":0,"lookaheadM":45,"nativeFollow":true}
06-04 20:06:36.430 I/ReactNativeJS(30359): [VROOM-TEL] 2026-06-04T18:06:36.430Z | DRIVE_TRACE_CAMERA | {"t":1780596396430,"seq":492,"gpsTickId":1780596395954,"gpsTickAgeMs":450,"lat":51.353397,"lng":19.355296,"hdg":166,"speedKmh":55.5,"exploring":false,"frameMoveM":0}
06-04 20:06:36.752 I/ReactNativeJS(30359): [VROOM-TEL] 2026-06-04T18:06:36.752Z | DRIVE_TRACE_CAMERA | {"t":1780596396752,"seq":493,"gpsTickId":1780596395954,"gpsTickAgeMs":772,"lat":51.353372,"lng":19.355306,"hdg":169,"speedKmh":55.5,"exploring":false,"frameMoveM":0}
06-04 20:06:36.983 I/ReactNativeJS(30359): [VROOM-TEL] 2026-06-04T18:06:36.983Z | RAW_GPS_TICK | {"t":1780596396983,"gpsTickId":1780596396955,"gpsTickAgeMs":0,"lat":51.353022,"lng":19.355441,"speed":15.39,"speedKmh":55.4,"accuracy":4,"osTimestamp":1780596396955,"tripActive":true,"appState":"active"}
06-04 20:06:36.983 I/ReactNativeJS(30359): [VROOM-TEL] 2026-06-04T18:06:36.983Z | DRIVE_TRACE_RAW | {"t":1780596396983,"seq":494,"gpsTickId":1780596396955,"gpsTickAgeMs":0,"rawLat":51.353022,"rawLng":19.355441,"accM":4,"speedKmh":55.4,"speedMs":15.4,"heading":164,"tripActive":true,"driving":true,"navigating":false,"osTimestamp":1780596396955}
06-04 20:06:36.985 I/ReactNativeJS(30359): [VROOM-TEL] 2026-06-04T18:06:36.985Z | DRIVE_TRACE_FEED | {"t":1780596396985,"seq":495,"gpsTickId":1780596396955,"gpsTickAgeMs":2,"lat":51.353281,"lng":19.35534,"hdg":165,"durationMs":690,"speedKmh":55.4}
06-04 20:06:36.985 I/ReactNativeJS(30359): [VROOM-TEL] 2026-06-04T18:06:36.985Z | DRIVE_TRACE_TICK | {"t":1780596396985,"seq":496,"gpsTickId":1780596396955,"gpsTickAgeMs":2,"rawLat":51.353022,"rawLng":19.355441,"snapLat":51.353281,"snapLng":19.35534,"markerLat":51.353281,"markerLng":19.35534,"markerHdg":165,"markerSvLat":51.353347,"markerSvLng":19.355311,"markerSvHdg":173,"accM":4,"hudKmh":55.4,"engineKmh":55.4,"dopplerKmh":55.4,"feedDurMs":690,"cadenceMs":1002,"feedSpeedMs":15.4,"isNavigating":false,"isFreeDrive":true,"isMoving":true,"feedSkipGate":false,"feedAccepted":true,"feedHeadingOnly":false,"source":"drive_core_v2"}
06-04 20:06:36.985 I/ReactNativeJS(30359): [VROOM-TEL] 2026-06-04T18:06:36.985Z | GPS_ACCEPT | {"lat":51.353022,"lng":19.355441,"acc":4,"speedKmh":55.4,"gpsLock":true}
06-04 20:06:37.064 I/ReactNativeJS(30359): [VROOM-TEL] 2026-06-04T18:06:37.064Z | DRIVE_TRACE_CAMERA | {"t":1780596397064,"seq":497,"gpsTickId":1780596396955,"gpsTickAgeMs":81,"lat":51.353341,"lng":19.355313,"hdg":165,"speedKmh":55.4,"exploring":false,"frameMoveM":0}
06-04 20:06:37.112 I/ReactNativeJS(30359): [VROOM-TEL] 2026-06-04T18:06:37.112Z | CAM_FOLLOW_PUSH | {"t":1780596397112,"lat":51.353335,"lng":19.355316,"hdg":165,"snapHdg":165,"speedKmh":55,"exploring":false,"source":"drive_marker_sv_60fps"}
06-04 20:06:37.380 I/ReactNativeJS(30359): [VROOM-TEL] 2026-06-04T18:06:37.380Z | DRIVE_TRACE_CAMERA | {"t":1780596397380,"seq":498,"gpsTickId":1780596396955,"gpsTickAgeMs":397,"lat":51.353309,"lng":19.355327,"hdg":165,"speedKmh":55.4,"exploring":false,"frameMoveM":0}
06-04 20:06:37.546 I/ReactNativeJS(30359): [VROOM-TEL] 2026-06-04T18:06:37.546Z | CAMERA_HEADING | {"t":1780596397546,"speedKmh":55,"movedM":0.19,"moveBearing":null,"snapHdg":165,"headingOut":165,"flipFromPrevDeg":0,"lookaheadM":45,"nativeFollow":true}
06-04 20:06:37.696 I/ReactNativeJS(30359): [VROOM-TEL] 2026-06-04T18:06:37.696Z | DRIVE_TRACE_CAMERA | {"t":1780596397696,"seq":499,"gpsTickId":1780596396955,"gpsTickAgeMs":713,"lat":51.353279,"lng":19.355341,"hdg":165,"speedKmh":55.4,"exploring":false,"frameMoveM":0}
06-04 20:06:37.980 I/ReactNativeJS(30359): [VROOM-TEL] 2026-06-04T18:06:37.980Z | RAW_GPS_TICK | {"t":1780596397980,"gpsTickId":1780596397954,"gpsTickAgeMs":0,"lat":51.352891,"lng":19.355503,"speed":15.35,"speedKmh":55.3,"accuracy":4,"osTimestamp":1780596397954,"tripActive":true,"appState":"active"}
06-04 20:06:37.980 I/ReactNativeJS(30359): [VROOM-TEL] 2026-06-04T18:06:37.980Z | DRIVE_TRACE_RAW | {"t":1780596397980,"seq":500,"gpsTickId":1780596397954,"gpsTickAgeMs":0,"rawLat":51.352891,"rawLng":19.355503,"accM":4,"speedKmh":55.3,"speedMs":15.4,"heading":163,"tripActive":true,"driving":true,"navigating":false,"osTimestamp":1780596397954}
06-04 20:06:37.982 I/ReactNativeJS(30359): [VROOM-TEL] 2026-06-04T18:06:37.982Z | DRIVE_TRACE_FEED | {"t":1780596397982,"seq":501,"gpsTickId":1780596397954,"gpsTickAgeMs":2,"lat":51.353025,"lng":19.355444,"hdg":164,"durationMs":1200,"speedKmh":55.3}
06-04 20:06:37.982 I/ReactNativeJS(30359): [VROOM-TEL] 2026-06-04T18:06:37.982Z | DRIVE_TRACE_TICK | {"t":1780596397982,"seq":502,"gpsTickId":1780596397954,"gpsTickAgeMs":2,"rawLat":51.352891,"rawLng":19.355503,"snapLat":51.353025,"snapLng":19.355444,"markerLat":51.353025,"markerLng":19.355444,"markerHdg":164,"markerSvLat":51.353255,"markerSvLng":19.355351,"markerSvHdg":165,"accM":4,"hudKmh":55.3,"engineKmh":55.3,"dopplerKmh":55.3,"feedDurMs":1200,"cadenceMs":1000,"feedSpeedMs":15.4,"isNavigating":false,"isFreeDrive":true,"isMoving":true,"feedSkipGate":false,"feedAccepted":true,"feedHeadingOnly":false,"source":"drive_core_v2"}
06-04 20:06:37.982 I/ReactNativeJS(30359): [VROOM-TEL] 2026-06-04T18:06:37.982Z | GPS_ACCEPT | {"lat":51.352891,"lng":19.355503,"acc":4,"speedKmh":55.3,"gpsLock":true}
06-04 20:06:38.027 I/ReactNativeJS(30359): [VROOM-TEL] 2026-06-04T18:06:38.027Z | CAM_FOLLOW_PUSH | {"t":1780596398027,"lat":51.353249,"lng":19.355354,"hdg":166,"snapHdg":166,"speedKmh":55,"exploring":false,"source":"drive_marker_sv_60fps"}
06-04 20:06:38.028 I/ReactNativeJS(30359): [VROOM-TEL] 2026-06-04T18:06:38.027Z | DRIVE_TRACE_CAMERA | {"t":1780596398027,"seq":503,"gpsTickId":1780596397954,"gpsTickAgeMs":47,"lat":51.353249,"lng":19.355354,"hdg":166,"speedKmh":55.3,"exploring":false,"frameMoveM":0}
06-04 20:06:38.329 I/ReactNativeJS(30359): [VROOM-TEL] 2026-06-04T18:06:38.329Z | DRIVE_TRACE_CAMERA | {"t":1780596398329,"seq":504,"gpsTickId":1780596397954,"gpsTickAgeMs":349,"lat":51.353188,"lng":19.355378,"hdg":166,"speedKmh":55.3,"exploring":false,"frameMoveM":0}
06-04 20:06:38.629 I/ReactNativeJS(30359): [VROOM-TEL] 2026-06-04T18:06:38.629Z | DRIVE_TRACE_CAMERA | {"t":1780596398629,"seq":505,"gpsTickId":1780596397954,"gpsTickAgeMs":649,"lat":51.353131,"lng":19.355402,"hdg":166,"speedKmh":55.3,"exploring":false,"frameMoveM":0}
06-04 20:06:38.646 I/ReactNativeJS(30359): [VROOM-TEL] 2026-06-04T18:06:38.646Z | CAMERA_HEADING | {"t":1780596398646,"speedKmh":55,"movedM":0.37,"moveBearing":null,"snapHdg":166,"headingOut":166,"flipFromPrevDeg":0,"lookaheadM":45,"nativeFollow":true}
06-04 20:06:38.829 I/ReactNativeJS(30359): [VROOM-TEL] 2026-06-04T18:06:38.829Z | CAM_FOLLOW_PUSH | {"t":1780596398829,"lat":51.353092,"lng":19.355417,"hdg":166,"snapHdg":166,"speedKmh":55,"exploring":false,"source":"drive_marker_sv_60fps"}
06-04 20:06:38.930 I/ReactNativeJS(30359): [VROOM-TEL] 2026-06-04T18:06:38.929Z | DRIVE_TRACE_CAMERA | {"t":1780596398929,"seq":506,"gpsTickId":1780596397954,"gpsTickAgeMs":949,"lat":51.353073,"lng":19.355425,"hdg":166,"speedKmh":55.3,"exploring":false,"frameMoveM":0}
06-04 20:06:38.984 I/ReactNativeJS(30359): [VROOM-TEL] 2026-06-04T18:06:38.984Z | RAW_GPS_TICK | {"t":1780596398984,"gpsTickId":1780596398953,"gpsTickAgeMs":0,"lat":51.352759,"lng":19.355571,"speed":15.33,"speedKmh":55.2,"accuracy":4,"osTimestamp":1780596398953,"tripActive":true,"appState":"active"}
06-04 20:06:38.984 I/ReactNativeJS(30359): [VROOM-TEL] 2026-06-04T18:06:38.984Z | DRIVE_TRACE_RAW | {"t":1780596398984,"seq":507,"gpsTickId":1780596398953,"gpsTickAgeMs":0,"rawLat":51.352759,"rawLng":19.355571,"accM":4,"speedKmh":55.2,"speedMs":15.3,"heading":162,"tripActive":true,"driving":true,"navigating":false,"osTimestamp":1780596398953}
06-04 20:06:38.986 I/ReactNativeJS(30359): [VROOM-TEL] 2026-06-04T18:06:38.986Z | DRIVE_TRACE_FEED | {"t":1780596398986,"seq":508,"gpsTickId":1780596398953,"gpsTickAgeMs":2,"lat":51.352933,"lng":19.355487,"hdg":163,"durationMs":690,"speedKmh":55.2}
06-04 20:06:38.986 I/ReactNativeJS(30359): [VROOM-TEL] 2026-06-04T18:06:38.986Z | DRIVE_TRACE_TICK | {"t":1780596398986,"seq":509,"gpsTickId":1780596398953,"gpsTickAgeMs":2,"rawLat":51.352759,"rawLng":19.355571,"snapLat":51.352933,"snapLng":19.355487,"markerLat":51.352933,"markerLng":19.355487,"markerHdg":163,"markerSvLat":51.353064,"markerSvLng":19.355429,"markerSvHdg":166,"accM":4,"hudKmh":55.2,"engineKmh":55.2,"dopplerKmh":55.2,"feedDurMs":690,"cadenceMs":1001,"feedSpeedMs":15.3,"isNavigating":false,"isFreeDrive":true,"isMoving":true,"feedSkipGate":false,"feedAccepted":true,"feedHeadingOnly":false,"source":"drive_core_v2"}
06-04 20:06:38.986 I/ReactNativeJS(30359): [VROOM-TEL] 2026-06-04T18:06:38.986Z | GPS_ACCEPT | {"lat":51.352759,"lng":19.355571,"acc":4,"speedKmh":55.4,"gpsLock":true}
06-04 20:06:39.230 I/ReactNativeJS(30359): [VROOM-TEL] 2026-06-04T18:06:39.230Z | DRIVE_TRACE_CAMERA | {"t":1780596399230,"seq":510,"gpsTickId":1780596398953,"gpsTickAgeMs":246,"lat":51.353018,"lng":19.355449,"hdg":164,"speedKmh":55.2,"exploring":false,"frameMoveM":0}
06-04 20:06:39.546 I/ReactNativeJS(30359): [VROOM-TEL] 2026-06-04T18:06:39.546Z | DRIVE_TRACE_CAMERA | {"t":1780596399546,"seq":511,"gpsTickId":1780596398953,"gpsTickAgeMs":562,"lat":51.352958,"lng":19.355476,"hdg":164,"speedKmh":55.2,"exploring":false,"frameMoveM":0}
06-04 20:06:39.629 I/ReactNativeJS(30359): [VROOM-TEL] 2026-06-04T18:06:39.629Z | CAM_FOLLOW_PUSH | {"t":1780596399629,"lat":51.352942,"lng":19.355483,"hdg":164,"snapHdg":164,"speedKmh":55,"exploring":false,"source":"drive_marker_sv_60fps"}
06-04 20:06:39.746 I/ReactNativeJS(30359): [VROOM-TEL] 2026-06-04T18:06:39.746Z | CAMERA_HEADING | {"t":1780596399746,"speedKmh":55,"movedM":0.26,"moveBearing":null,"snapHdg":166,"headingOut":166,"flipFromPrevDeg":0,"lookaheadM":45,"nativeFollow":true}
06-04 20:06:39.846 I/ReactNativeJS(30359): [VROOM-TEL] 2026-06-04T18:06:39.846Z | DRIVE_TRACE_CAMERA | {"t":1780596399846,"seq":512,"gpsTickId":1780596398953,"gpsTickAgeMs":862,"lat":51.352911,"lng":19.355497,"hdg":166,"speedKmh":55.2,"exploring":false,"frameMoveM":0}
06-04 20:06:39.983 I/ReactNativeJS(30359): [VROOM-TEL] 2026-06-04T18:06:39.983Z | RAW_GPS_TICK | {"t":1780596399983,"gpsTickId":1780596399953,"gpsTickAgeMs":0,"lat":51.352629,"lng":19.355632,"speed":15.35,"speedKmh":55.3,"accuracy":4,"osTimestamp":1780596399953,"tripActive":true,"appState":"active"}
06-04 20:06:39.983 I/ReactNativeJS(30359): [VROOM-TEL] 2026-06-04T18:06:39.983Z | DRIVE_TRACE_RAW | {"t":1780596399983,"seq":513,"gpsTickId":1780596399953,"gpsTickAgeMs":0,"rawLat":51.352629,"rawLng":19.355632,"accM":4,"speedKmh":55.3,"speedMs":15.4,"heading":164,"tripActive":true,"driving":true,"navigating":false,"osTimestamp":1780596399953}
06-04 20:06:39.984 I/ReactNativeJS(30359): [VROOM-TEL] 2026-06-04T18:06:39.984Z | DRIVE_TRACE_FEED | {"t":1780596399984,"seq":514,"gpsTickId":1780596399953,"gpsTickAgeMs":1,"lat":51.352842,"lng":19.355531,"hdg":163,"durationMs":690,"speedKmh":55.3}
06-04 20:06:39.985 I/ReactNativeJS(30359): [VROOM-TEL] 2026-06-04T18:06:39.985Z | DRIVE_TRACE_TICK | {"t":1780596399985,"seq":515,"gpsTickId":1780596399953,"gpsTickAgeMs":2,"rawLat":51.352629,"rawLng":19.355632,"snapLat":51.352842,"snapLng":19.355531,"markerLat":51.352842,"markerLng":19.355531,"markerHdg":163,"markerSvLat":51.352907,"markerSvLng":19.355498,"markerSvHdg":166,"accM":4,"hudKmh":55.3,"engineKmh":55.1,"dopplerKmh":55.3,"feedDurMs":690,"cadenceMs":1000,"feedSpeedMs":15.4,"isNavigating":false,"isFreeDrive":true,"isMoving":true,"feedSkipGate":false,"feedAccepted":true,"feedHeadingOnly":false,"source":"drive_core_v2"}
06-04 20:06:39.985 I/ReactNativeJS(30359): [VROOM-TEL] 2026-06-04T18:06:39.985Z | GPS_ACCEPT | {"lat":51.352629,"lng":19.355632,"acc":4,"speedKmh":55.3,"gpsLock":true}
06-04 20:06:40.149 I/ReactNativeJS(30359): [VROOM-TEL] 2026-06-04T18:06:40.149Z | DRIVE_TRACE_CAMERA | {"t":1780596400149,"seq":516,"gpsTickId":1780596399953,"gpsTickAgeMs":166,"lat":51.352892,"lng":19.355506,"hdg":163,"speedKmh":55.3,"exploring":false,"frameMoveM":0}
06-04 20:06:40.246 I/ReactNativeJS(30359): [VROOM-TEL] 2026-06-04T18:06:40.246Z | DRIVE_TRACE_HEARTBEAT | {"t":1780596400246,"seq":517,"gpsTickId":1780596399953,"gpsTickAgeMs":263,"driving":true,"navigating":false,"tripActive":true,"lat":51.3526286,"lng":19.3556321,"gpsAgeMs":263}
06-04 20:06:40.430 I/ReactNativeJS(30359): [VROOM-TEL] 2026-06-04T18:06:40.430Z | CAM_FOLLOW_PUSH | {"t":1780596400430,"lat":51.352865,"lng":19.355519,"hdg":163,"snapHdg":163,"speedKmh":55,"exploring":false,"source":"drive_marker_sv_60fps"}
06-04 20:06:40.462 I/ReactNativeJS(30359): [VROOM-TEL] 2026-06-04T18:06:40.462Z | DRIVE_TRACE_CAMERA | {"t":1780596400462,"seq":518,"gpsTickId":1780596399953,"gpsTickAgeMs":479,"lat":51.352862,"lng":19.355521,"hdg":163,"speedKmh":55.3,"exploring":false,"frameMoveM":0}
06-04 20:06:40.762 I/ReactNativeJS(30359): [VROOM-TEL] 2026-06-04T18:06:40.762Z | DRIVE_TRACE_CAMERA | {"t":1780596400762,"seq":519,"gpsTickId":1780596399953,"gpsTickAgeMs":779,"lat":51.352831,"lng":19.355536,"hdg":165,"speedKmh":55.3,"exploring":false,"frameMoveM":0}
06-04 20:06:40.846 I/ReactNativeJS(30359): [VROOM-TEL] 2026-06-04T18:06:40.846Z | CAMERA_HEADING | {"t":1780596400846,"speedKmh":55,"movedM":0.26,"moveBearing":null,"snapHdg":165,"headingOut":165,"flipFromPrevDeg":0,"lookaheadM":45,"nativeFollow":true}
06-04 20:06:40.981 I/ReactNativeJS(30359): [VROOM-TEL] 2026-06-04T18:06:40.981Z | RAW_GPS_TICK | {"t":1780596400981,"gpsTickId":1780596400955,"gpsTickAgeMs":0,"lat":51.352497,"lng":19.355696,"speed":15.33,"speedKmh":55.2,"accuracy":4,"osTimestamp":1780596400955,"tripActive":true,"appState":"active"}
06-04 20:06:40.981 I/ReactNativeJS(30359): [VROOM-TEL] 2026-06-04T18:06:40.981Z | DRIVE_TRACE_RAW | {"t":1780596400981,"seq":520,"gpsTickId":1780596400955,"gpsTickAgeMs":0,"rawLat":51.352497,"rawLng":19.355696,"accM":4,"speedKmh":55.2,"speedMs":15.3,"heading":164,"tripActive":true,"driving":true,"navigating":false,"osTimestamp":1780596400955}
06-04 20:06:40.982 I/ReactNativeJS(30359): [VROOM-TEL] 2026-06-04T18:06:40.982Z | DRIVE_TRACE_FEED | {"t":1780596400982,"seq":521,"gpsTickId":1780596400955,"gpsTickAgeMs":1,"lat":51.352751,"lng":19.355574,"hdg":163,"durationMs":690,"speedKmh":55.2}
06-04 20:06:40.983 I/ReactNativeJS(30359): [VROOM-TEL] 2026-06-04T18:06:40.983Z | DRIVE_TRACE_TICK | {"t":1780596400983,"seq":522,"gpsTickId":1780596400955,"gpsTickAgeMs":2,"rawLat":51.352497,"rawLng":19.355696,"snapLat":51.352751,"snapLng":19.355574,"markerLat":51.352751,"markerLng":19.355574,"markerHdg":163,"markerSvLat":51.352815,"markerSvLng":19.355542,"markerSvHdg":165,"accM":4,"hudKmh":55.2,"engineKmh":55.1,"dopplerKmh":55.2,"feedDurMs":690,"cadenceMs":999,"feedSpeedMs":15.3,"isNavigating":false,"isFreeDrive":true,"isMoving":true,"feedSkipGate":false,"feedAccepted":true,"feedHeadingOnly":false,"source":"drive_core_v2"}
06-04 20:06:40.983 I/ReactNativeJS(30359): [VROOM-TEL] 2026-06-04T18:06:40.983Z | GPS_ACCEPT | {"lat":51.352497,"lng":19.355696,"acc":4,"speedKmh":55.2,"gpsLock":true}
06-04 20:06:41.062 I/ReactNativeJS(30359): [VROOM-TEL] 2026-06-04T18:06:41.062Z | DRIVE_TRACE_CAMERA | {"t":1780596401062,"seq":523,"gpsTickId":1780596400955,"gpsTickAgeMs":81,"lat":51.352808,"lng":19.355546,"hdg":163,"speedKmh":55.2,"exploring":false,"frameMoveM":0}
06-04 20:06:41.246 I/ReactNativeJS(30359): [VROOM-TEL] 2026-06-04T18:06:41.246Z | CAM_FOLLOW_PUSH | {"t":1780596401246,"lat":51.352791,"lng":19.355554,"hdg":163,"snapHdg":163,"speedKmh":55,"exploring":false,"source":"drive_marker_sv_60fps"}
06-04 20:06:41.363 I/ReactNativeJS(30359): [VROOM-TEL] 2026-06-04T18:06:41.363Z | DRIVE_TRACE_CAMERA | {"t":1780596401363,"seq":524,"gpsTickId":1780596400955,"gpsTickAgeMs":382,"lat":51.35278,"lng":19.35556,"hdg":163,"speedKmh":55.2,"exploring":false,"frameMoveM":0}
06-04 20:06:41.664 I/ReactNativeJS(30359): [VROOM-TEL] 2026-06-04T18:06:41.664Z | DRIVE_TRACE_CAMERA | {"t":1780596401664,"seq":525,"gpsTickId":1780596400955,"gpsTickAgeMs":683,"lat":51.352752,"lng":19.355574,"hdg":163,"speedKmh":55.2,"exploring":false,"frameMoveM":0}
06-04 20:06:42.018 I/ReactNativeJS(30359): [VROOM-TEL] 2026-06-04T18:06:42.017Z | CAMERA_HEADING | {"t":1780596402017,"speedKmh":55,"movedM":0.26,"moveBearing":null,"snapHdg":165,"headingOut":165,"flipFromPrevDeg":0,"lookaheadM":45,"nativeFollow":true}
06-04 20:06:42.023 I/ReactNativeJS(30359): [VROOM-TEL] 2026-06-04T18:06:42.023Z | RAW_GPS_TICK | {"t":1780596402023,"gpsTickId":1780596401954,"gpsTickAgeMs":0,"lat":51.352366,"lng":19.35576,"speed":15.35,"speedKmh":55.3,"accuracy":4,"osTimestamp":1780596401954,"tripActive":true,"appState":"active"}
06-04 20:06:42.023 I/ReactNativeJS(30359): [VROOM-TEL] 2026-06-04T18:06:42.023Z | DRIVE_TRACE_RAW | {"t":1780596402023,"seq":526,"gpsTickId":1780596401954,"gpsTickAgeMs":0,"rawLat":51.352366,"rawLng":19.35576,"accM":4,"speedKmh":55.3,"speedMs":15.4,"heading":163,"tripActive":true,"driving":true,"navigating":false,"osTimestamp":1780596401954}
06-04 20:06:42.024 I/ReactNativeJS(30359): [VROOM-TEL] 2026-06-04T18:06:42.024Z | DRIVE_TRACE_FEED | {"t":1780596402024,"seq":527,"gpsTickId":1780596401954,"gpsTickAgeMs":1,"lat":51.352498,"lng":19.355696,"hdg":163,"durationMs":1200,"speedKmh":55.3}
06-04 20:06:42.024 I/ReactNativeJS(30359): [VROOM-TEL] 2026-06-04T18:06:42.024Z | DRIVE_TRACE_TICK | {"t":1780596402024,"seq":528,"gpsTickId":1780596401954,"gpsTickAgeMs":1,"rawLat":51.352366,"rawLng":19.35576,"snapLat":51.352498,"snapLng":19.355696,"markerLat":51.352498,"markerLng":19.355696,"markerHdg":163,"markerSvLat":51.352724,"markerSvLng":19.355586,"markerSvHdg":165,"accM":4,"hudKmh":55.3,"engineKmh":55,"dopplerKmh":55.3,"feedDurMs":1200,"cadenceMs":1014,"feedSpeedMs":15.4,"isNavigating":false,"isFreeDrive":true,"isMoving":true,"feedSkipGate":false,"feedAccepted":true,"feedHeadingOnly":false,"source":"drive_core_v2"}
06-04 20:06:42.024 I/ReactNativeJS(30359): [VROOM-TEL] 2026-06-04T18:06:42.024Z | GPS_ACCEPT | {"lat":51.352366,"lng":19.35576,"acc":4,"speedKmh":55.3,"gpsLock":true}
06-04 20:06:42.057 I/ReactNativeJS(30359): [VROOM-TEL] 2026-06-04T18:06:42.057Z | CAM_FOLLOW_PUSH | {"t":1780596402057,"lat":51.35272,"lng":19.355588,"hdg":163,"snapHdg":163,"speedKmh":55,"exploring":false,"source":"drive_marker_sv_60fps"}
06-04 20:06:42.057 I/ReactNativeJS(30359): [VROOM-TEL] 2026-06-04T18:06:42.057Z | DRIVE_TRACE_CAMERA | {"t":1780596402057,"seq":529,"gpsTickId":1780596401954,"gpsTickAgeMs":34,"lat":51.35272,"lng":19.355588,"hdg":163,"speedKmh":55.3,"exploring":false,"frameMoveM":0}
06-04 20:06:42.363 I/ReactNativeJS(30359): [VROOM-TEL] 2026-06-04T18:06:42.363Z | DRIVE_TRACE_CAMERA | {"t":1780596402363,"seq":530,"gpsTickId":1780596401954,"gpsTickAgeMs":340,"lat":51.352661,"lng":19.355617,"hdg":163,"speedKmh":55.3,"exploring":false,"frameMoveM":0}
06-04 20:06:42.663 I/ReactNativeJS(30359): [VROOM-TEL] 2026-06-04T18:06:42.663Z | DRIVE_TRACE_CAMERA | {"t":1780596402663,"seq":531,"gpsTickId":1780596401954,"gpsTickAgeMs":640,"lat":51.352604,"lng":19.355644,"hdg":163,"speedKmh":55.3,"exploring":false,"frameMoveM":0}
06-04 20:06:42.863 I/ReactNativeJS(30359): [VROOM-TEL] 2026-06-04T18:06:42.863Z | CAM_FOLLOW_PUSH | {"t":1780596402863,"lat":51.352566,"lng":19.355663,"hdg":163,"snapHdg":163,"speedKmh":55,"exploring":false,"source":"drive_marker_sv_60fps"}
06-04 20:06:42.963 I/ReactNativeJS(30359): [VROOM-TEL] 2026-06-04T18:06:42.963Z | DRIVE_TRACE_CAMERA | {"t":1780596402963,"seq":532,"gpsTickId":1780596401954,"gpsTickAgeMs":940,"lat":51.352547,"lng":19.355672,"hdg":163,"speedKmh":55.3,"exploring":false,"frameMoveM":0}
06-04 20:06:42.984 I/ReactNativeJS(30359): [VROOM-TEL] 2026-06-04T18:06:42.984Z | RAW_GPS_TICK | {"t":1780596402984,"gpsTickId":1780596402955,"gpsTickAgeMs":0,"lat":51.352237,"lng":19.355822,"speed":15.36,"speedKmh":55.3,"accuracy":4,"osTimestamp":1780596402955,"tripActive":true,"appState":"active"}
06-04 20:06:42.984 I/ReactNativeJS(30359): [VROOM-TEL] 2026-06-04T18:06:42.984Z | DRIVE_TRACE_RAW | {"t":1780596402984,"seq":533,"gpsTickId":1780596402955,"gpsTickAgeMs":0,"rawLat":51.352237,"rawLng":19.355822,"accM":4,"speedKmh":55.3,"speedMs":15.4,"heading":162,"tripActive":true,"driving":true,"navigating":false,"osTimestamp":1780596402955}
06-04 20:06:42.986 I/ReactNativeJS(30359): [VROOM-TEL] 2026-06-04T18:06:42.986Z | DRIVE_TRACE_FEED | {"t":1780596402986,"seq":534,"gpsTickId":1780596402955,"gpsTickAgeMs":2,"lat":51.352407,"lng":19.35574,"hdg":163,"durationMs":690,"speedKmh":55.3}
06-04 20:06:42.986 I/ReactNativeJS(30359): [VROOM-TEL] 2026-06-04T18:06:42.986Z | DRIVE_TRACE_TICK | {"t":1780596402986,"seq":535,"gpsTickId":1780596402955,"gpsTickAgeMs":2,"rawLat":51.352237,"rawLng":19.355822,"snapLat":51.352407,"snapLng":19.35574,"markerLat":51.352407,"markerLng":19.35574,"markerHdg":163,"markerSvLat":51.352544,"markerSvLng":19.355673,"markerSvHdg":163,"accM":4,"hudKmh":55.3,"engineKmh":55,"dopplerKmh":55.3,"feedDurMs":690,"cadenceMs":995,"feedSpeedMs":15.4,"isNavigating":false,"isFreeDrive":true,"isMoving":true,"feedSkipGate":false,"feedAccepted":true,"feedHeadingOnly":false,"source":"drive_core_v2"}
06-04 20:06:42.987 I/ReactNativeJS(30359): [VROOM-TEL] 2026-06-04T18:06:42.987Z | GPS_ACCEPT | {"lat":51.352237,"lng":19.355822,"acc":4,"speedKmh":56,"gpsLock":true}
06-04 20:06:43.130 I/ReactNativeJS(30359): [VROOM-TEL] 2026-06-04T18:06:43.130Z | CAMERA_HEADING | {"t":1780596403130,"speedKmh":55,"movedM":0.39,"moveBearing":null,"snapHdg":163,"headingOut":163,"flipFromPrevDeg":0,"lookaheadM":45,"nativeFollow":true}
06-04 20:06:43.263 I/ReactNativeJS(30359): [VROOM-TEL] 2026-06-04T18:06:43.263Z | DRIVE_TRACE_CAMERA | {"t":1780596403263,"seq":536,"gpsTickId":1780596402955,"gpsTickAgeMs":279,"lat":51.352489,"lng":19.3557,"hdg":163,"speedKmh":55.3,"exploring":false,"frameMoveM":0}
06-04 20:06:43.563 I/ReactNativeJS(30359): [VROOM-TEL] 2026-06-04T18:06:43.563Z | DRIVE_TRACE_CAMERA | {"t":1780596403563,"seq":537,"gpsTickId":1780596402955,"gpsTickAgeMs":579,"lat":51.35243,"lng":19.355729,"hdg":163,"speedKmh":55.3,"exploring":false,"frameMoveM":0}
06-04 20:06:43.663 I/ReactNativeJS(30359): [VROOM-TEL] 2026-06-04T18:06:43.663Z | CAM_FOLLOW_PUSH | {"t":1780596403663,"lat":51.35241,"lng":19.355739,"hdg":163,"snapHdg":163,"speedKmh":55,"exploring":false,"source":"drive_marker_sv_60fps"}
06-04 20:06:43.879 I/ReactNativeJS(30359): [VROOM-TEL] 2026-06-04T18:06:43.879Z | DRIVE_TRACE_CAMERA | {"t":1780596403879,"seq":538,"gpsTickId":1780596402955,"gpsTickAgeMs":895,"lat":51.35238,"lng":19.355753,"hdg":163,"speedKmh":55.3,"exploring":false,"frameMoveM":0}
06-04 20:06:43.982 I/ReactNativeJS(30359): [VROOM-TEL] 2026-06-04T18:06:43.982Z | RAW_GPS_TICK | {"t":1780596403982,"gpsTickId":1780596403954,"gpsTickAgeMs":0,"lat":51.352105,"lng":19.355887,"speed":15.38,"speedKmh":55.4,"accuracy":4,"osTimestamp":1780596403954,"tripActive":true,"appState":"active"}
06-04 20:06:43.982 I/ReactNativeJS(30359): [VROOM-TEL] 2026-06-04T18:06:43.982Z | DRIVE_TRACE_RAW | {"t":1780596403982,"seq":539,"gpsTickId":1780596403954,"gpsTickAgeMs":0,"rawLat":51.352105,"rawLng":19.355887,"accM":4,"speedKmh":55.4,"speedMs":15.4,"heading":162,"tripActive":true,"driving":true,"navigating":false,"osTimestamp":1780596403954}
06-04 20:06:43.983 I/ReactNativeJS(30359): [VROOM-TEL] 2026-06-04T18:06:43.983Z | DRIVE_TRACE_FEED | {"t":1780596403983,"seq":540,"gpsTickId":1780596403954,"gpsTickAgeMs":1,"lat":51.352315,"lng":19.355784,"hdg":163,"durationMs":690,"speedKmh":55.4}
06-04 20:06:43.984 I/ReactNativeJS(30359): [VROOM-TEL] 2026-06-04T18:06:43.984Z | DRIVE_TRACE_TICK | {"t":1780596403984,"seq":541,"gpsTickId":1780596403954,"gpsTickAgeMs":2,"rawLat":51.352105,"rawLng":19.355887,"snapLat":51.352315,"snapLng":19.355784,"markerLat":51.352315,"markerLng":19.355784,"markerHdg":163,"markerSvLat":51.35238,"markerSvLng":19.355753,"markerSvHdg":163,"accM":4,"hudKmh":55.4,"engineKmh":55,"dopplerKmh":55.4,"feedDurMs":690,"cadenceMs":996,"feedSpeedMs":15.4,"isNavigating":false,"isFreeDrive":true,"isMoving":true,"feedSkipGate":false,"feedAccepted":true,"feedHeadingOnly":false,"source":"drive_core_v2"}
06-04 20:06:43.984 I/ReactNativeJS(30359): [VROOM-TEL] 2026-06-04T18:06:43.984Z | GPS_ACCEPT | {"lat":51.352105,"lng":19.355887,"acc":4,"speedKmh":55.6,"gpsLock":true}
06-04 20:06:44.180 I/ReactNativeJS(30359): [VROOM-TEL] 2026-06-04T18:06:44.180Z | DRIVE_TRACE_CAMERA | {"t":1780596404180,"seq":542,"gpsTickId":1780596403954,"gpsTickAgeMs":198,"lat":51.352362,"lng":19.355762,"hdg":163,"speedKmh":55.4,"exploring":false,"frameMoveM":0}
06-04 20:06:44.246 I/ReactNativeJS(30359): [VROOM-TEL] 2026-06-04T18:06:44.246Z | CAMERA_HEADING | {"t":1780596404246,"speedKmh":55,"movedM":0.19,"moveBearing":null,"snapHdg":163,"headingOut":163,"flipFromPrevDeg":0,"lookaheadM":45,"nativeFollow":true}
06-04 20:06:44.463 I/ReactNativeJS(30359): [VROOM-TEL] 2026-06-04T18:06:44.463Z | CAM_FOLLOW_PUSH | {"t":1780596404463,"lat":51.352335,"lng":19.355775,"hdg":163,"snapHdg":163,"speedKmh":55,"exploring":false,"source":"drive_marker_sv_60fps"}
06-04 20:06:44.496 I/ReactNativeJS(30359): [VROOM-TEL] 2026-06-04T18:06:44.496Z | DRIVE_TRACE_CAMERA | {"t":1780596404496,"seq":543,"gpsTickId":1780596403954,"gpsTickAgeMs":514,"lat":51.352332,"lng":19.355776,"hdg":163,"speedKmh":55.4,"exploring":false,"frameMoveM":0}
06-04 20:06:44.796 I/ReactNativeJS(30359): [VROOM-TEL] 2026-06-04T18:06:44.796Z | DRIVE_TRACE_CAMERA | {"t":1780596404796,"seq":544,"gpsTickId":1780596403954,"gpsTickAgeMs":814,"lat":51.3523,"lng":19.355792,"hdg":163,"speedKmh":55.4,"exploring":false,"frameMoveM":0}
06-04 20:06:44.984 I/ReactNativeJS(30359): [VROOM-TEL] 2026-06-04T18:06:44.984Z | RAW_GPS_TICK | {"t":1780596404984,"gpsTickId":1780596404954,"gpsTickAgeMs":0,"lat":51.351972,"lng":19.355953,"speed":15.37,"speedKmh":55.3,"accuracy":4,"osTimestamp":1780596404954,"tripActive":true,"appState":"active"}
06-04 20:06:44.984 I/ReactNativeJS(30359): [VROOM-TEL] 2026-06-04T18:06:44.984Z | DRIVE_TRACE_RAW | {"t":1780596404984,"seq":545,"gpsTickId":1780596404954,"gpsTickAgeMs":0,"rawLat":51.351972,"rawLng":19.355953,"accM":4,"speedKmh":55.3,"speedMs":15.4,"heading":162,"tripActive":true,"driving":true,"navigating":false,"osTimestamp":1780596404954}
06-04 20:06:44.986 I/ReactNativeJS(30359): [VROOM-TEL] 2026-06-04T18:06:44.986Z | DRIVE_TRACE_FEED | {"t":1780596404986,"seq":546,"gpsTickId":1780596404954,"gpsTickAgeMs":2,"lat":51.352224,"lng":19.355829,"hdg":163,"durationMs":690,"speedKmh":55.3}
06-04 20:06:44.986 I/ReactNativeJS(30359): [VROOM-TEL] 2026-06-04T18:06:44.986Z | DRIVE_TRACE_TICK | {"t":1780596404986,"seq":547,"gpsTickId":1780596404954,"gpsTickAgeMs":2,"rawLat":51.351972,"rawLng":19.355953,"snapLat":51.352224,"snapLng":19.355829,"markerLat":51.352224,"markerLng":19.355829,"markerHdg":163,"markerSvLat":51.352289,"markerSvLng":19.355797,"markerSvHdg":163,"accM":4,"hudKmh":55.3,"engineKmh":55.1,"dopplerKmh":55.3,"feedDurMs":690,"cadenceMs":998,"feedSpeedMs":15.4,"isNavigating":false,"isFreeDrive":true,"isMoving":true,"feedSkipGate":false,"feedAccepted":true,"feedHeadingOnly":false,"source":"drive_core_v2"}
06-04 20:06:44.986 I/ReactNativeJS(30359): [VROOM-TEL] 2026-06-04T18:06:44.986Z | GPS_ACCEPT | {"lat":51.351972,"lng":19.355953,"acc":4,"speedKmh":55.7,"gpsLock":true}
06-04 20:06:45.109 I/ReactNativeJS(30359): [VROOM-TEL] 2026-06-04T18:06:45.109Z | DRIVE_TRACE_CAMERA | {"t":1780596405109,"seq":548,"gpsTickId":1780596404954,"gpsTickAgeMs":125,"lat":51.352284,"lng":19.3558,"hdg":163,"speedKmh":55.3,"exploring":false,"frameMoveM":0}
06-04 20:06:45.263 I/ReactNativeJS(30359): [VROOM-TEL] 2026-06-04T18:06:45.263Z | CAM_FOLLOW_PUSH | {"t":1780596405263,"lat":51.352263,"lng":19.35581,"hdg":163,"snapHdg":163,"speedKmh":55,"exploring":false,"source":"drive_marker_sv_60fps"}
06-04 20:06:45.263 I/ReactNativeJS(30359): [VROOM-TEL] 2026-06-04T18:06:45.263Z | DRIVE_TRACE_HEARTBEAT | {"t":1780596405263,"seq":549,"gpsTickId":1780596404954,"gpsTickAgeMs":279,"driving":true,"navigating":false,"tripActive":true,"lat":51.3519717,"lng":19.3559532,"gpsAgeMs":279}
06-04 20:06:45.264 I/ReactNativeJS(30359): [VROOM-TEL] 2026-06-04T18:06:45.264Z | DRIVE_HEALTH | {"t":1780596405264,"mode":"driving","speedHudKmh":55.3,"speedPipeKmh":55.3,"gpsAgeMs":280,"drAgeMs":278,"gpsToDriftM":29,"snapAnchorDriftM":0,"offRoute":false,"reroutePending":false,"rerouteLoading":false,"hasRoutePts":0}
06-04 20:06:45.346 I/ReactNativeJS(30359): [VROOM-TEL] 2026-06-04T18:06:45.346Z | CAMERA_HEADING | {"t":1780596405346,"speedKmh":55,"movedM":0.19,"moveBearing":null,"snapHdg":163,"headingOut":163,"flipFromPrevDeg":0,"lookaheadM":45,"nativeFollow":true}
06-04 20:06:45.413 I/ReactNativeJS(30359): [VROOM-TEL] 2026-06-04T18:06:45.413Z | DRIVE_TRACE_CAMERA | {"t":1780596405413,"seq":550,"gpsTickId":1780596404954,"gpsTickAgeMs":429,"lat":51.352249,"lng":19.355817,"hdg":163,"speedKmh":55.3,"exploring":false,"frameMoveM":0}
06-04 20:06:45.713 I/ReactNativeJS(30359): [VROOM-TEL] 2026-06-04T18:06:45.713Z | DRIVE_TRACE_CAMERA | {"t":1780596405713,"seq":551,"gpsTickId":1780596404954,"gpsTickAgeMs":729,"lat":51.35222,"lng":19.355831,"hdg":163,"speedKmh":55.3,"exploring":false,"frameMoveM":0}
06-04 20:06:45.980 I/ReactNativeJS(30359): [VROOM-TEL] 2026-06-04T18:06:45.980Z | RAW_GPS_TICK | {"t":1780596405980,"gpsTickId":1780596405954,"gpsTickAgeMs":0,"lat":51.35184,"lng":19.356012,"speed":15.34,"speedKmh":55.2,"accuracy":4,"osTimestamp":1780596405954,"tripActive":true,"appState":"active"}
06-04 20:06:45.980 I/ReactNativeJS(30359): [VROOM-TEL] 2026-06-04T18:06:45.980Z | DRIVE_TRACE_RAW | {"t":1780596405980,"seq":552,"gpsTickId":1780596405954,"gpsTickAgeMs":0,"rawLat":51.35184,"rawLng":19.356012,"accM":4,"speedKmh":55.2,"speedMs":15.3,"heading":163,"tripActive":true,"driving":true,"navigating":false,"osTimestamp":1780596405954}
06-04 20:06:45.982 I/ReactNativeJS(30359): [VROOM-TEL] 2026-06-04T18:06:45.982Z | DRIVE_TRACE_FEED | {"t":1780596405982,"seq":553,"gpsTickId":1780596405954,"gpsTickAgeMs":2,"lat":51.351972,"lng":19.35595,"hdg":164,"durationMs":1200,"speedKmh":55.3}
06-04 20:06:45.982 I/ReactNativeJS(30359): [VROOM-TEL] 2026-06-04T18:06:45.982Z | DRIVE_TRACE_TICK | {"t":1780596405982,"seq":554,"gpsTickId":1780596405954,"gpsTickAgeMs":2,"rawLat":51.35184,"rawLng":19.356012,"snapLat":51.351972,"snapLng":19.35595,"markerLat":51.351972,"markerLng":19.35595,"markerHdg":164,"markerSvLat":51.352198,"markerSvLng":19.355842,"markerSvHdg":163,"accM":4,"hudKmh":55.3,"engineKmh":55.3,"dopplerKmh":55.2,"feedDurMs":1200,"cadenceMs":997,"feedSpeedMs":15.4,"isNavigating":false,"isFreeDrive":true,"isMoving":true,"feedSkipGate":false,"feedAccepted":true,"feedHeadingOnly":false,"source":"drive_core_v2"}
06-04 20:06:45.982 I/ReactNativeJS(30359): [VROOM-TEL] 2026-06-04T18:06:45.982Z | GPS_ACCEPT | {"lat":51.35184,"lng":19.356012,"acc":4,"speedKmh":55.2,"gpsLock":true}
06-04 20:06:46.030 I/ReactNativeJS(30359): [VROOM-TEL] 2026-06-04T18:06:46.030Z | DRIVE_TRACE_CAMERA | {"t":1780596406030,"seq":555,"gpsTickId":1780596405954,"gpsTickAgeMs":50,"lat":51.352192,"lng":19.355845,"hdg":163,"speedKmh":55.3,"exploring":false,"frameMoveM":0}
06-04 20:06:46.079 I/ReactNativeJS(30359): [VROOM-TEL] 2026-06-04T18:06:46.079Z | CAM_FOLLOW_PUSH | {"t":1780596406079,"lat":51.35218,"lng":19.355851,"hdg":163,"snapHdg":163,"speedKmh":55,"exploring":false,"source":"drive_marker_sv_60fps"}
06-04 20:06:46.380 I/ReactNativeJS(30359): [VROOM-TEL] 2026-06-04T18:06:46.380Z | DRIVE_TRACE_CAMERA | {"t":1780596406380,"seq":556,"gpsTickId":1780596405954,"gpsTickAgeMs":400,"lat":51.352135,"lng":19.355872,"hdg":163,"speedKmh":55.3,"exploring":false,"frameMoveM":0}
06-04 20:06:46.446 I/ReactNativeJS(30359): [VROOM-TEL] 2026-06-04T18:06:46.446Z | CAMERA_HEADING | {"t":1780596406446,"speedKmh":55,"movedM":0.37,"moveBearing":null,"snapHdg":163,"headingOut":163,"flipFromPrevDeg":0,"lookaheadM":45,"nativeFollow":true}
06-04 20:06:46.680 I/ReactNativeJS(30359): [VROOM-TEL] 2026-06-04T18:06:46.680Z | DRIVE_TRACE_CAMERA | {"t":1780596406680,"seq":557,"gpsTickId":1780596405954,"gpsTickAgeMs":700,"lat":51.352066,"lng":19.355905,"hdg":163,"speedKmh":55.3,"exploring":false,"frameMoveM":0}
06-04 20:06:46.879 I/ReactNativeJS(30359): [VROOM-TEL] 2026-06-04T18:06:46.879Z | CAM_FOLLOW_PUSH | {"t":1780596406879,"lat":51.352029,"lng":19.355923,"hdg":163,"snapHdg":163,"speedKmh":55,"exploring":false,"source":"drive_marker_sv_60fps"}
06-04 20:06:46.969 I/ReactNativeJS(30359): [VROOM-TEL] 2026-06-04T18:06:46.969Z | RAW_GPS_TICK | {"t":1780596406969,"gpsTickId":1780596406955,"gpsTickAgeMs":0,"lat":51.351703,"lng":19.356051,"speed":15.3,"speedKmh":55.1,"accuracy":4,"osTimestamp":1780596406955,"tripActive":true,"appState":"active"}
06-04 20:06:46.969 I/ReactNativeJS(30359): [VROOM-TEL] 2026-06-04T18:06:46.969Z | DRIVE_TRACE_RAW | {"t":1780596406969,"seq":558,"gpsTickId":1780596406955,"gpsTickAgeMs":0,"rawLat":51.351703,"rawLng":19.356051,"accM":4,"speedKmh":55.1,"speedMs":15.3,"heading":168,"tripActive":true,"driving":true,"navigating":false,"osTimestamp":1780596406955}
06-04 20:06:46.971 I/ReactNativeJS(30359): [VROOM-TEL] 2026-06-04T18:06:46.971Z | DRIVE_TRACE_FEED | {"t":1780596406971,"seq":559,"gpsTickId":1780596406955,"gpsTickAgeMs":2,"lat":51.351879,"lng":19.355986,"hdg":167,"durationMs":690,"speedKmh":55.3}
06-04 20:06:46.972 I/ReactNativeJS(30359): [VROOM-TEL] 2026-06-04T18:06:46.971Z | DRIVE_TRACE_TICK | {"t":1780596406971,"seq":560,"gpsTickId":1780596406955,"gpsTickAgeMs":2,"rawLat":51.351703,"rawLng":19.356051,"snapLat":51.351879,"snapLng":19.355986,"markerLat":51.351879,"markerLng":19.355986,"markerHdg":167,"markerSvLat":51.352013,"markerSvLng":19.35593,"markerSvHdg":163,"accM":4,"hudKmh":55.3,"engineKmh":55.3,"dopplerKmh":55.1,"feedDurMs":690,"cadenceMs":994,"feedSpeedMs":15.4,"isNavigating":false,"isFreeDrive":true,"isMoving":true,"feedSkipGate":false,"feedAccepted":true,"feedHeadingOnly":false,"source":"drive_core_v2"}
06-04 20:06:46.972 I/ReactNativeJS(30359): [VROOM-TEL] 2026-06-04T18:06:46.972Z | GPS_ACCEPT | {"lat":51.351703,"lng":19.356051,"acc":4,"speedKmh":56.2,"gpsLock":true}
06-04 20:06:47.017 I/ReactNativeJS(30359): [VROOM-TEL] 2026-06-04T18:06:47.017Z | DRIVE_TRACE_CAMERA | {"t":1780596407017,"seq":561,"gpsTickId":1780596406955,"gpsTickAgeMs":48,"lat":51.352012,"lng":19.355931,"hdg":165,"speedKmh":55.3,"exploring":false,"frameMoveM":0}
06-04 20:06:47.361 I/ReactNativeJS(30359): [VROOM-TEL] 2026-06-04T18:06:47.360Z | DRIVE_TRACE_CAMERA | {"t":1780596407360,"seq":562,"gpsTickId":1780596406955,"gpsTickAgeMs":391,"lat":51.351963,"lng":19.355951,"hdg":167,"speedKmh":55.3,"exploring":false,"frameMoveM":0}
06-04 20:06:47.563 I/ReactNativeJS(30359): [VROOM-TEL] 2026-06-04T18:06:47.563Z | CAMERA_HEADING | {"t":1780596407563,"speedKmh":55,"movedM":2.26,"moveBearing":165,"snapHdg":165,"headingOut":165,"flipFromPrevDeg":0,"lookaheadM":45,"nativeFollow":true}
06-04 20:06:47.663 I/ReactNativeJS(30359): [VROOM-TEL] 2026-06-04T18:06:47.663Z | DRIVE_TRACE_CAMERA | {"t":1780596407663,"seq":563,"gpsTickId":1780596406955,"gpsTickAgeMs":694,"lat":51.351879,"lng":19.355986,"hdg":165,"speedKmh":55.3,"exploring":false,"frameMoveM":0}
06-04 20:06:47.679 I/ReactNativeJS(30359): [VROOM-TEL] 2026-06-04T18:06:47.679Z | CAM_FOLLOW_PUSH | {"t":1780596407679,"lat":51.351877,"lng":19.355987,"hdg":163,"snapHdg":163,"speedKmh":55,"exploring":false,"source":"drive_marker_sv_60fps"}
06-04 20:06:47.982 I/ReactNativeJS(30359): [VROOM-TEL] 2026-06-04T18:06:47.982Z | RAW_GPS_TICK | {"t":1780596407982,"gpsTickId":1780596407954,"gpsTickAgeMs":0,"lat":51.351567,"lng":19.356082,"speed":15.16,"speedKmh":54.6,"accuracy":4,"osTimestamp":1780596407954,"tripActive":true,"appState":"active"}
06-04 20:06:47.982 I/ReactNativeJS(30359): [VROOM-TEL] 2026-06-04T18:06:47.982Z | DRIVE_TRACE_RAW | {"t":1780596407982,"seq":564,"gpsTickId":1780596407954,"gpsTickAgeMs":0,"rawLat":51.351567,"rawLng":19.356082,"accM":4,"speedKmh":54.6,"speedMs":15.2,"heading":172,"tripActive":true,"driving":true,"navigating":false,"osTimestamp":1780596407954}
06-04 20:06:47.983 I/ReactNativeJS(30359): [VROOM-TEL] 2026-06-04T18:06:47.983Z | DRIVE_TRACE_FEED | {"t":1780596407983,"seq":565,"gpsTickId":1780596407954,"gpsTickAgeMs":1,"lat":51.351786,"lng":19.356016,"hdg":171,"durationMs":691,"speedKmh":55.1}
06-04 20:06:47.984 I/ReactNativeJS(30359): [VROOM-TEL] 2026-06-04T18:06:47.984Z | DRIVE_TRACE_TICK | {"t":1780596407984,"seq":566,"gpsTickId":1780596407954,"gpsTickAgeMs":2,"rawLat":51.351567,"rawLng":19.356082,"snapLat":51.351786,"snapLng":19.356016,"markerLat":51.351786,"markerLng":19.356016,"markerHdg":171,"markerSvLat":51.351853,"markerSvLng":19.355998,"markerSvHdg":163,"accM":4,"hudKmh":55.1,"engineKmh":55.1,"dopplerKmh":54.6,"feedDurMs":691,"cadenceMs":1001,"feedSpeedMs":15.3,"isNavigating":false,"isFreeDrive":true,"isMoving":true,"feedSkipGate":false,"feedAccepted":true,"feedHeadingOnly":false,"source":"drive_core_v2"}
06-04 20:06:47.984 I/ReactNativeJS(30359): [VROOM-TEL] 2026-06-04T18:06:47.984Z | GPS_ACCEPT | {"lat":51.351567,"lng":19.356082,"acc":4,"speedKmh":54.6,"gpsLock":true}
06-04 20:06:48.056 I/ReactNativeJS(30359): [VROOM-TEL] 2026-06-04T18:06:48.056Z | DRIVE_TRACE_CAMERA | {"t":1780596408056,"seq":567,"gpsTickId":1780596407954,"gpsTickAgeMs":74,"lat":51.35185,"lng":19.355999,"hdg":166,"speedKmh":55.1,"exploring":false,"frameMoveM":0}
06-04 20:06:48.407 I/ReactNativeJS(30359): [VROOM-TEL] 2026-06-04T18:06:48.407Z | DRIVE_TRACE_CAMERA | {"t":1780596408407,"seq":568,"gpsTickId":1780596407954,"gpsTickAgeMs":425,"lat":51.351816,"lng":19.356008,"hdg":171,"speedKmh":55.1,"exploring":false,"frameMoveM":0}
06-04 20:06:48.497 I/ReactNativeJS(30359): [VROOM-TEL] 2026-06-04T18:06:48.497Z | CAM_FOLLOW_PUSH | {"t":1780596408497,"lat":51.351811,"lng":19.356009,"hdg":171,"snapHdg":171,"speedKmh":55,"exploring":false,"source":"drive_marker_sv_60fps"}
06-04 20:06:48.680 I/ReactNativeJS(30359): [VROOM-TEL] 2026-06-04T18:06:48.680Z | CAMERA_HEADING | {"t":1780596408680,"speedKmh":55,"movedM":0.13,"moveBearing":null,"snapHdg":171,"headingOut":171,"flipFromPrevDeg":0,"lookaheadM":45,"nativeFollow":true}
06-04 20:06:48.713 I/ReactNativeJS(30359): [VROOM-TEL] 2026-06-04T18:06:48.713Z | DRIVE_TRACE_CAMERA | {"t":1780596408713,"seq":569,"gpsTickId":1780596407954,"gpsTickAgeMs":731,"lat":51.351781,"lng":19.356017,"hdg":166,"speedKmh":55.1,"exploring":false,"frameMoveM":0}
06-04 20:06:48.981 I/ReactNativeJS(30359): [VROOM-TEL] 2026-06-04T18:06:48.981Z | RAW_GPS_TICK | {"t":1780596408981,"gpsTickId":1780596408953,"gpsTickAgeMs":0,"lat":51.35143,"lng":19.356103,"speed":15.21,"speedKmh":54.8,"accuracy":4,"osTimestamp":1780596408953,"tripActive":true,"appState":"active"}
06-04 20:06:48.981 I/ReactNativeJS(30359): [VROOM-TEL] 2026-06-04T18:06:48.981Z | DRIVE_TRACE_RAW | {"t":1780596408981,"seq":570,"gpsTickId":1780596408953,"gpsTickAgeMs":0,"rawLat":51.35143,"rawLng":19.356103,"accM":4,"speedKmh":54.8,"speedMs":15.2,"heading":174,"tripActive":true,"driving":true,"navigating":false,"osTimestamp":1780596408953}
06-04 20:06:48.983 I/ReactNativeJS(30359): [VROOM-TEL] 2026-06-04T18:06:48.983Z | DRIVE_TRACE_FEED | {"t":1780596408983,"seq":571,"gpsTickId":1780596408953,"gpsTickAgeMs":2,"lat":51.351692,"lng":19.35604,"hdg":173,"durationMs":691,"speedKmh":55}
06-04 20:06:48.984 I/ReactNativeJS(30359): [VROOM-TEL] 2026-06-04T18:06:48.984Z | DRIVE_TRACE_TICK | {"t":1780596408984,"seq":572,"gpsTickId":1780596408953,"gpsTickAgeMs":2,"rawLat":51.35143,"rawLng":19.356103,"snapLat":51.351692,"snapLng":19.35604,"markerLat":51.351692,"markerLng":19.35604,"markerHdg":173,"markerSvLat":51.351759,"markerSvLng":19.356027,"markerSvHdg":164,"accM":4,"hudKmh":55,"engineKmh":55,"dopplerKmh":54.8,"feedDurMs":691,"cadenceMs":1000,"feedSpeedMs":15.3,"isNavigating":false,"isFreeDrive":true,"isMoving":true,"feedSkipGate":false,"feedAccepted":true,"feedHeadingOnly":false,"source":"drive_core_v2"}
06-04 20:06:48.984 I/ReactNativeJS(30359): [VROOM-TEL] 2026-06-04T18:06:48.984Z | GPS_ACCEPT | {"lat":51.35143,"lng":19.356103,"acc":4,"speedKmh":55,"gpsLock":true}
06-04 20:06:49.036 I/ReactNativeJS(30359): [VROOM-TEL] 2026-06-04T18:06:49.036Z | DRIVE_TRACE_CAMERA | {"t":1780596409036,"seq":573,"gpsTickId":1780596408953,"gpsTickAgeMs":55,"lat":51.351756,"lng":19.356028,"hdg":166,"speedKmh":55,"exploring":false,"frameMoveM":0}
06-04 20:06:49.312 I/ReactNativeJS(30359): [VROOM-TEL] 2026-06-04T18:06:49.312Z | CAM_FOLLOW_PUSH | {"t":1780596409312,"lat":51.351727,"lng":19.356033,"hdg":173,"snapHdg":173,"speedKmh":55,"exploring":false,"source":"drive_marker_sv_60fps"}
06-04 20:06:49.346 I/ReactNativeJS(30359): [VROOM-TEL] 2026-06-04T18:06:49.346Z | DRIVE_TRACE_CAMERA | {"t":1780596409346,"seq":574,"gpsTickId":1780596408953,"gpsTickAgeMs":365,"lat":51.351724,"lng":19.356034,"hdg":173,"speedKmh":55,"exploring":false,"frameMoveM":0}
06-04 20:06:49.646 I/ReactNativeJS(30359): [VROOM-TEL] 2026-06-04T18:06:49.646Z | DRIVE_TRACE_CAMERA | {"t":1780596409646,"seq":575,"gpsTickId":1780596408953,"gpsTickAgeMs":665,"lat":51.351695,"lng":19.35604,"hdg":173,"speedKmh":55,"exploring":false,"frameMoveM":0}
06-04 20:06:49.796 I/ReactNativeJS(30359): [VROOM-TEL] 2026-06-04T18:06:49.796Z | CAMERA_HEADING | {"t":1780596409796,"speedKmh":55,"movedM":0.25,"moveBearing":null,"snapHdg":173,"headingOut":173,"flipFromPrevDeg":0,"lookaheadM":45,"nativeFollow":true}
06-04 20:06:49.969 I/ReactNativeJS(30359): [VROOM-TEL] 2026-06-04T18:06:49.969Z | RAW_GPS_TICK | {"t":1780596409969,"gpsTickId":1780596409955,"gpsTickAgeMs":0,"lat":51.351293,"lng":19.356118,"speed":15.23,"speedKmh":54.8,"accuracy":4,"osTimestamp":1780596409955,"tripActive":true,"appState":"active"}
06-04 20:06:49.970 I/ReactNativeJS(30359): [VROOM-TEL] 2026-06-04T18:06:49.969Z | DRIVE_TRACE_RAW | {"t":1780596409969,"seq":576,"gpsTickId":1780596409955,"gpsTickAgeMs":0,"rawLat":51.351293,"rawLng":19.356118,"accM":4,"speedKmh":54.8,"speedMs":15.2,"heading":175,"tripActive":true,"driving":true,"navigating":false,"osTimestamp":1780596409955}
06-04 20:06:49.972 I/ReactNativeJS(30359): [VROOM-TEL] 2026-06-04T18:06:49.971Z | DRIVE_TRACE_FEED | {"t":1780596409971,"seq":577,"gpsTickId":1780596409955,"gpsTickAgeMs":2,"lat":51.351431,"lng":19.356095,"hdg":175,"durationMs":1200,"speedKmh":54.8}
06-04 20:06:49.972 I/ReactNativeJS(30359): [VROOM-TEL] 2026-06-04T18:06:49.972Z | DRIVE_TRACE_TICK | {"t":1780596409972,"seq":578,"gpsTickId":1780596409955,"gpsTickAgeMs":3,"rawLat":51.351293,"rawLng":19.356118,"snapLat":51.351431,"snapLng":19.356095,"markerLat":51.351431,"markerLng":19.356095,"markerHdg":175,"markerSvLat":51.351665,"markerSvLng":19.356045,"markerSvHdg":173,"accM":4,"hudKmh":54.8,"engineKmh":54.8,"dopplerKmh":54.8,"feedDurMs":1200,"cadenceMs":996,"feedSpeedMs":15.2,"isNavigating":false,"isFreeDrive":true,"isMoving":true,"feedSkipGate":false,"feedAccepted":true,"feedHeadingOnly":false,"source":"drive_core_v2"}
06-04 20:06:49.972 I/ReactNativeJS(30359): [VROOM-TEL] 2026-06-04T18:06:49.972Z | GPS_ACCEPT | {"lat":51.351293,"lng":19.356118,"acc":4,"speedKmh":55.6,"gpsLock":true}
06-04 20:06:50.026 I/ReactNativeJS(30359): [VROOM-TEL] 2026-06-04T18:06:50.026Z | DRIVE_TRACE_CAMERA | {"t":1780596410026,"seq":579,"gpsTickId":1780596409955,"gpsTickAgeMs":57,"lat":51.351663,"lng":19.356046,"hdg":172,"speedKmh":54.8,"exploring":false,"frameMoveM":0}
06-04 20:06:50.113 I/ReactNativeJS(30359): [VROOM-TEL] 2026-06-04T18:06:50.113Z | CAM_FOLLOW_PUSH | {"t":1780596410113,"lat":51.351637,"lng":19.356051,"hdg":172,"snapHdg":172,"speedKmh":55,"exploring":false,"source":"drive_marker_sv_60fps"}
06-04 20:06:50.279 I/ReactNativeJS(30359): [VROOM-TEL] 2026-06-04T18:06:50.279Z | DRIVE_TRACE_HEARTBEAT | {"t":1780596410279,"seq":580,"gpsTickId":1780596409955,"gpsTickAgeMs":310,"driving":true,"navigating":false,"tripActive":true,"lat":51.3512933,"lng":19.3561178,"gpsAgeMs":310}
06-04 20:06:50.329 I/ReactNativeJS(30359): [VROOM-TEL] 2026-06-04T18:06:50.329Z | DRIVE_TRACE_CAMERA | {"t":1780596410329,"seq":581,"gpsTickId":1780596409955,"gpsTickAgeMs":360,"lat":51.351595,"lng":19.35606,"hdg":172,"speedKmh":54.8,"exploring":false,"frameMoveM":0}
06-04 20:06:50.630 I/ReactNativeJS(30359): [VROOM-TEL] 2026-06-04T18:06:50.630Z | DRIVE_TRACE_CAMERA | {"t":1780596410630,"seq":582,"gpsTickId":1780596409955,"gpsTickAgeMs":661,"lat":51.351536,"lng":19.356072,"hdg":172,"speedKmh":54.8,"exploring":false,"frameMoveM":0}
06-04 20:06:50.896 I/ReactNativeJS(30359): [VROOM-TEL] 2026-06-04T18:06:50.896Z | CAMERA_HEADING | {"t":1780596410896,"speedKmh":55,"movedM":0.39,"moveBearing":null,"snapHdg":172,"headingOut":172,"flipFromPrevDeg":0,"lookaheadM":45,"nativeFollow":true}
06-04 20:06:50.913 I/ReactNativeJS(30359): [VROOM-TEL] 2026-06-04T18:06:50.913Z | CAM_FOLLOW_PUSH | {"t":1780596410913,"lat":51.351481,"lng":19.356084,"hdg":172,"snapHdg":172,"speedKmh":55,"exploring":false,"source":"drive_marker_sv_60fps"}
06-04 20:06:50.946 I/ReactNativeJS(30359): [VROOM-TEL] 2026-06-04T18:06:50.946Z | DRIVE_TRACE_CAMERA | {"t":1780596410946,"seq":583,"gpsTickId":1780596409955,"gpsTickAgeMs":977,"lat":51.351475,"lng":19.356085,"hdg":172,"speedKmh":54.8,"exploring":false,"frameMoveM":0}
06-04 20:06:50.985 I/ReactNativeJS(30359): [VROOM-TEL] 2026-06-04T18:06:50.985Z | RAW_GPS_TICK | {"t":1780596410985,"gpsTickId":1780596410953,"gpsTickAgeMs":0,"lat":51.351157,"lng":19.356133,"speed":15.21,"speedKmh":54.8,"accuracy":4,"osTimestamp":1780596410953,"tripActive":true,"appState":"active"}
06-04 20:06:50.985 I/ReactNativeJS(30359): [VROOM-TEL] 2026-06-04T18:06:50.985Z | DRIVE_TRACE_RAW | {"t":1780596410985,"seq":584,"gpsTickId":1780596410953,"gpsTickAgeMs":0,"rawLat":51.351157,"rawLng":19.356133,"accM":4,"speedKmh":54.8,"speedMs":15.2,"heading":175,"tripActive":true,"driving":true,"navigating":false,"osTimestamp":1780596410953}
06-04 20:06:50.987 I/ReactNativeJS(30359): [VROOM-TEL] 2026-06-04T18:06:50.987Z | DRIVE_TRACE_FEED | {"t":1780596410987,"seq":585,"gpsTickId":1780596410953,"gpsTickAgeMs":1,"lat":51.351336,"lng":19.356109,"hdg":176,"durationMs":691,"speedKmh":54.9}
06-04 20:06:50.987 I/ReactNativeJS(30359): [VROOM-TEL] 2026-06-04T18:06:50.987Z | DRIVE_TRACE_TICK | {"t":1780596410987,"seq":586,"gpsTickId":1780596410953,"gpsTickAgeMs":2,"rawLat":51.351157,"rawLng":19.356133,"snapLat":51.351336,"snapLng":19.356109,"markerLat":51.351336,"markerLng":19.356109,"markerHdg":176,"markerSvLat":51.351468,"markerSvLng":19.356087,"markerSvHdg":172,"accM":4,"hudKmh":54.9,"engineKmh":54.9,"dopplerKmh":54.8,"feedDurMs":691,"cadenceMs":1003,"feedSpeedMs":15.3,"isNavigating":false,"isFreeDrive":true,"isMoving":true,"feedSkipGate":false,"feedAccepted":true,"feedHeadingOnly":false,"source":"drive_core_v2"}
06-04 20:06:50.987 I/ReactNativeJS(30359): [VROOM-TEL] 2026-06-04T18:06:50.987Z | GPS_ACCEPT | {"lat":51.351157,"lng":19.356133,"acc":4,"speedKmh":54.8,"gpsLock":true}
06-04 20:06:51.246 I/ReactNativeJS(30359): [VROOM-TEL] 2026-06-04T18:06:51.246Z | DRIVE_TRACE_CAMERA | {"t":1780596411246,"seq":587,"gpsTickId":1780596410953,"gpsTickAgeMs":261,"lat":51.351419,"lng":19.356095,"hdg":174,"speedKmh":54.9,"exploring":false,"frameMoveM":0}
06-04 20:06:51.547 I/ReactNativeJS(30359): [VROOM-TEL] 2026-06-04T18:06:51.546Z | DRIVE_TRACE_CAMERA | {"t":1780596411546,"seq":588,"gpsTickId":1780596410953,"gpsTickAgeMs":561,"lat":51.351361,"lng":19.356105,"hdg":174,"speedKmh":54.9,"exploring":false,"frameMoveM":0}
06-04 20:06:51.713 I/ReactNativeJS(30359): [VROOM-TEL] 2026-06-04T18:06:51.713Z | CAM_FOLLOW_PUSH | {"t":1780596411713,"lat":51.351332,"lng":19.35611,"hdg":172,"snapHdg":172,"speedKmh":55,"exploring":false,"source":"drive_marker_sv_60fps"}
06-04 20:06:51.846 I/ReactNativeJS(30359): [VROOM-TEL] 2026-06-04T18:06:51.846Z | DRIVE_TRACE_CAMERA | {"t":1780596411846,"seq":589,"gpsTickId":1780596410953,"gpsTickAgeMs":861,"lat":51.351314,"lng":19.356113,"hdg":172,"speedKmh":54.9,"exploring":false,"frameMoveM":0}
06-04 20:06:51.989 I/ReactNativeJS(30359): [VROOM-TEL] 2026-06-04T18:06:51.989Z | RAW_GPS_TICK | {"t":1780596411989,"gpsTickId":1780596411954,"gpsTickAgeMs":0,"lat":51.351029,"lng":19.356161,"speed":14.42,"speedKmh":51.9,"accuracy":4,"osTimestamp":1780596411954,"tripActive":true,"appState":"active"}
06-04 20:06:51.989 I/ReactNativeJS(30359): [VROOM-TEL] 2026-06-04T18:06:51.989Z | DRIVE_TRACE_RAW | {"t":1780596411989,"seq":590,"gpsTickId":1780596411954,"gpsTickAgeMs":0,"rawLat":51.351029,"rawLng":19.356161,"accM":4,"speedKmh":51.9,"speedMs":14.4,"heading":172,"tripActive":true,"driving":true,"navigating":false,"osTimestamp":1780596411954}
06-04 20:06:51.991 I/ReactNativeJS(30359): [VROOM-TEL] 2026-06-04T18:06:51.991Z | DRIVE_TRACE_FEED | {"t":1780596411991,"seq":591,"gpsTickId":1780596411954,"gpsTickAgeMs":2,"lat":51.351243,"lng":19.356124,"hdg":174,"durationMs":693,"speedKmh":54}
06-04 20:06:51.992 I/ReactNativeJS(30359): [VROOM-TEL] 2026-06-04T18:06:51.992Z | DRIVE_TRACE_TICK | {"t":1780596411992,"seq":592,"gpsTickId":1780596411954,"gpsTickAgeMs":3,"rawLat":51.351029,"rawLng":19.356161,"snapLat":51.351243,"snapLng":19.356124,"markerLat":51.351243,"markerLng":19.356124,"markerHdg":174,"markerSvLat":51.351309,"markerSvLng":19.356114,"markerSvHdg":172,"accM":4,"hudKmh":54,"engineKmh":54,"dopplerKmh":51.9,"feedDurMs":693,"cadenceMs":1003,"feedSpeedMs":15,"isNavigating":false,"isFreeDrive":true,"isMoving":true,"feedSkipGate":false,"feedAccepted":true,"feedHeadingOnly":false,"source":"drive_core_v2"}
06-04 20:06:51.992 I/ReactNativeJS(30359): [VROOM-TEL] 2026-06-04T18:06:51.992Z | GPS_ACCEPT | {"lat":51.351029,"lng":19.356161,"acc":4,"speedKmh":51.9,"gpsLock":true}
06-04 20:06:52.040 I/ReactNativeJS(30359): [VROOM-TEL] 2026-06-04T18:06:52.040Z | CAMERA_HEADING | {"t":1780596412040,"speedKmh":54,"movedM":0.4,"moveBearing":null,"snapHdg":175,"headingOut":175,"flipFromPrevDeg":2,"lookaheadM":45,"nativeFollow":true}
06-04 20:06:52.146 I/ReactNativeJS(30359): [VROOM-TEL] 2026-06-04T18:06:52.146Z | DRIVE_TRACE_CAMERA | {"t":1780596412146,"seq":593,"gpsTickId":1780596411954,"gpsTickAgeMs":157,"lat":51.351295,"lng":19.356117,"hdg":175,"speedKmh":54,"exploring":false,"frameMoveM":0}
06-04 20:06:52.446 I/ReactNativeJS(30359): [VROOM-TEL] 2026-06-04T18:06:52.446Z | DRIVE_TRACE_CAMERA | {"t":1780596412446,"seq":594,"gpsTickId":1780596411954,"gpsTickAgeMs":457,"lat":51.351266,"lng":19.356121,"hdg":175,"speedKmh":54,"exploring":false,"frameMoveM":0}
06-04 20:06:52.513 I/ReactNativeJS(30359): [VROOM-TEL] 2026-06-04T18:06:52.513Z | CAM_FOLLOW_PUSH | {"t":1780596412513,"lat":51.35126,"lng":19.356122,"hdg":175,"snapHdg":175,"speedKmh":54,"exploring":false,"source":"drive_marker_sv_60fps"}
06-04 20:06:52.746 I/ReactNativeJS(30359): [VROOM-TEL] 2026-06-04T18:06:52.746Z | DRIVE_TRACE_CAMERA | {"t":1780596412746,"seq":595,"gpsTickId":1780596411954,"gpsTickAgeMs":757,"lat":51.351237,"lng":19.356126,"hdg":172,"speedKmh":54,"exploring":false,"frameMoveM":0}
06-04 20:06:52.976 I/ReactNativeJS(30359): [VROOM-TEL] 2026-06-04T18:06:52.975Z | RAW_GPS_TICK | {"t":1780596412975,"gpsTickId":1780596412955,"gpsTickAgeMs":0,"lat":51.350921,"lng":19.356196,"speed":12.21,"speedKmh":44,"accuracy":4,"osTimestamp":1780596412955,"tripActive":true,"appState":"active"}
06-04 20:06:52.976 I/ReactNativeJS(30359): [VROOM-TEL] 2026-06-04T18:06:52.976Z | DRIVE_TRACE_RAW | {"t":1780596412976,"seq":596,"gpsTickId":1780596412955,"gpsTickAgeMs":1,"rawLat":51.350921,"rawLng":19.356196,"accM":4,"speedKmh":44,"speedMs":12.2,"heading":169,"tripActive":true,"driving":true,"navigating":false,"osTimestamp":1780596412955}
06-04 20:06:52.979 I/ReactNativeJS(30359): [VROOM-TEL] 2026-06-04T18:06:52.979Z | DRIVE_TRACE_FEED | {"t":1780596412979,"seq":597,"gpsTickId":1780596412955,"gpsTickAgeMs":4,"lat":51.351155,"lng":19.35614,"hdg":171,"durationMs":701,"speedKmh":50.9}
06-04 20:06:52.982 I/ReactNativeJS(30359): [VROOM-TEL] 2026-06-04T18:06:52.982Z | DRIVE_TRACE_TICK | {"t":1780596412982,"seq":598,"gpsTickId":1780596412955,"gpsTickAgeMs":7,"rawLat":51.350921,"rawLng":19.356196,"snapLat":51.351155,"snapLng":19.35614,"markerLat":51.351155,"markerLng":19.35614,"markerHdg":171,"markerSvLat":51.351219,"markerSvLng":19.356129,"markerSvHdg":172,"accM":4,"hudKmh":50.9,"engineKmh":50.9,"dopplerKmh":44,"feedDurMs":701,"cadenceMs":997,"feedSpeedMs":14.1,"isNavigating":false,"isFreeDrive":true,"isMoving":true,"feedSkipGate":false,"feedAccepted":true,"feedHeadingOnly":false,"source":"drive_core_v2"}
06-04 20:06:52.982 I/ReactNativeJS(30359): [VROOM-TEL] 2026-06-04T18:06:52.982Z | GPS_ACCEPT | {"lat":51.350921,"lng":19.356196,"acc":4,"speedKmh":44.5,"gpsLock":true}
06-04 20:06:53.063 I/ReactNativeJS(30359): [VROOM-TEL] 2026-06-04T18:06:53.063Z | DRIVE_TRACE_CAMERA | {"t":1780596413063,"seq":599,"gpsTickId":1780596412955,"gpsTickAgeMs":88,"lat":51.351211,"lng":19.356131,"hdg":174,"speedKmh":50.9,"exploring":false,"frameMoveM":0}
06-04 20:06:53.146 I/ReactNativeJS(30359): [VROOM-TEL] 2026-06-04T18:06:53.146Z | CAMERA_HEADING | {"t":1780596413146,"speedKmh":51,"movedM":0.16,"moveBearing":null,"snapHdg":174,"headingOut":174,"flipFromPrevDeg":0,"lookaheadM":45,"nativeFollow":true}
06-04 20:06:53.329 I/ReactNativeJS(30359): [VROOM-TEL] 2026-06-04T18:06:53.329Z | CAM_FOLLOW_PUSH | {"t":1780596413329,"lat":51.351187,"lng":19.356135,"hdg":174,"snapHdg":174,"speedKmh":51,"exploring":false,"source":"drive_marker_sv_60fps"}
06-04 20:06:53.363 I/ReactNativeJS(30359): [VROOM-TEL] 2026-06-04T18:06:53.363Z | DRIVE_TRACE_CAMERA | {"t":1780596413363,"seq":600,"gpsTickId":1780596412955,"gpsTickAgeMs":388,"lat":51.351184,"lng":19.356135,"hdg":174,"speedKmh":50.9,"exploring":false,"frameMoveM":0}
06-04 20:06:53.679 I/ReactNativeJS(30359): [VROOM-TEL] 2026-06-04T18:06:53.679Z | DRIVE_TRACE_CAMERA | {"t":1780596413679,"seq":601,"gpsTickId":1780596412955,"gpsTickAgeMs":704,"lat":51.351155,"lng":19.35614,"hdg":174,"speedKmh":50.9,"exploring":false,"frameMoveM":0}
06-04 20:06:53.999 I/ReactNativeJS(30359): [VROOM-TEL] 2026-06-04T18:06:53.999Z | RAW_GPS_TICK | {"t":1780596413999,"gpsTickId":1780596413954,"gpsTickAgeMs":0,"lat":51.350839,"lng":19.356221,"speed":9.57,"speedKmh":34.5,"accuracy":4,"osTimestamp":1780596413954,"tripActive":true,"appState":"active"}
06-04 20:06:53.999 I/ReactNativeJS(30359): [VROOM-TEL] 2026-06-04T18:06:53.999Z | DRIVE_TRACE_RAW | {"t":1780596413999,"seq":602,"gpsTickId":1780596413954,"gpsTickAgeMs":0,"rawLat":51.350839,"rawLng":19.356221,"accM":4,"speedKmh":34.5,"speedMs":9.6,"heading":169,"tripActive":true,"driving":true,"navigating":false,"osTimestamp":1780596413954}
06-04 20:06:54.006 I/ReactNativeJS(30359): [VROOM-TEL] 2026-06-04T18:06:54.006Z | DRIVE_TRACE_FEED | {"t":1780596414006,"seq":603,"gpsTickId":1780596413954,"gpsTickAgeMs":7,"lat":51.351074,"lng":19.356154,"hdg":169,"durationMs":721,"speedKmh":44.8}
06-04 20:06:54.007 I/ReactNativeJS(30359): [VROOM-TEL] 2026-06-04T18:06:54.007Z | DRIVE_TRACE_TICK | {"t":1780596414007,"seq":604,"gpsTickId":1780596413954,"gpsTickAgeMs":8,"rawLat":51.350839,"rawLng":19.356221,"snapLat":51.351074,"snapLng":19.356154,"markerLat":51.351074,"markerLng":19.356154,"markerHdg":169,"markerSvLat":51.351134,"markerSvLng":19.356144,"markerSvHdg":172,"accM":4,"hudKmh":44.8,"engineKmh":44.8,"dopplerKmh":34.5,"feedDurMs":721,"cadenceMs":1006,"feedSpeedMs":12.4,"isNavigating":false,"isFreeDrive":true,"isMoving":true,"feedSkipGate":false,"feedAccepted":true,"feedHeadingOnly":false,"source":"drive_core_v2"}
06-04 20:06:54.007 I/ReactNativeJS(30359): [VROOM-TEL] 2026-06-04T18:06:54.007Z | GPS_ACCEPT | {"lat":51.350839,"lng":19.356221,"acc":4,"speedKmh":34.5,"gpsLock":true}
06-04 20:06:54.083 I/ReactNativeJS(30359): [VROOM-TEL] 2026-06-04T18:06:54.082Z | DRIVE_TRACE_CAMERA | {"t":1780596414082,"seq":605,"gpsTickId":1780596413954,"gpsTickAgeMs":83,"lat":51.35113,"lng":19.356145,"hdg":174,"speedKmh":44.8,"exploring":false,"frameMoveM":0}
06-04 20:06:54.144 I/ReactNativeJS(30359): [VROOM-TEL] 2026-06-04T18:06:54.144Z | CAM_FOLLOW_PUSH | {"t":1780596414144,"lat":51.351124,"lng":19.356146,"hdg":174,"snapHdg":174,"speedKmh":45,"exploring":false,"source":"drive_marker_sv_60fps"}
06-04 20:06:54.254 I/ReactNativeJS(30359): [VROOM-TEL] 2026-06-04T18:06:54.254Z | CAMERA_HEADING | {"t":1780596414254,"speedKmh":45,"movedM":0.3,"moveBearing":null,"snapHdg":174,"headingOut":174,"flipFromPrevDeg":0,"lookaheadM":39,"nativeFollow":true}
06-04 20:06:54.395 I/ReactNativeJS(30359): [VROOM-TEL] 2026-06-04T18:06:54.395Z | DRIVE_TRACE_CAMERA | {"t":1780596414395,"seq":606,"gpsTickId":1780596413954,"gpsTickAgeMs":396,"lat":51.351102,"lng":19.356149,"hdg":174,"speedKmh":44.8,"exploring":false,"frameMoveM":0}
06-04 20:06:54.697 I/ReactNativeJS(30359): [VROOM-TEL] 2026-06-04T18:06:54.697Z | DRIVE_TRACE_CAMERA | {"t":1780596414697,"seq":607,"gpsTickId":1780596413954,"gpsTickAgeMs":698,"lat":51.351077,"lng":19.356153,"hdg":174,"speedKmh":44.8,"exploring":false,"frameMoveM":0}
06-04 20:06:55.024 I/ReactNativeJS(30359): [VROOM-TEL] 2026-06-04T18:06:55.024Z | RAW_GPS_TICK | {"t":1780596415024,"gpsTickId":1780596414953,"gpsTickAgeMs":0,"lat":51.350763,"lng":19.356234,"speed":8.58,"speedKmh":30.9,"accuracy":4,"osTimestamp":1780596414953,"tripActive":true,"appState":"active"}
06-04 20:06:55.025 I/ReactNativeJS(30359): [VROOM-TEL] 2026-06-04T18:06:55.025Z | DRIVE_TRACE_RAW | {"t":1780596415025,"seq":608,"gpsTickId":1780596414953,"gpsTickAgeMs":1,"rawLat":51.350763,"rawLng":19.356234,"accM":4,"speedKmh":30.9,"speedMs":8.6,"heading":173,"tripActive":true,"driving":true,"navigating":false,"osTimestamp":1780596414953}
06-04 20:06:55.026 I/ReactNativeJS(30359): [VROOM-TEL] 2026-06-04T18:06:55.025Z | DRIVE_TRACE_FEED | {"t":1780596415025,"seq":609,"gpsTickId":1780596414953,"gpsTickAgeMs":1,"lat":51.351004,"lng":19.356166,"hdg":171,"durationMs":749,"speedKmh":38.1}
06-04 20:06:55.029 I/ReactNativeJS(30359): [VROOM-TEL] 2026-06-04T18:06:55.029Z | DRIVE_TRACE_TICK | {"t":1780596415029,"seq":610,"gpsTickId":1780596414953,"gpsTickAgeMs":2,"rawLat":51.350763,"rawLng":19.356234,"snapLat":51.351004,"snapLng":19.356166,"markerLat":51.351004,"markerLng":19.356166,"markerHdg":171,"markerSvLat":51.351056,"markerSvLng":19.356158,"markerSvHdg":172,"accM":4,"hudKmh":38.1,"engineKmh":38.1,"dopplerKmh":30.9,"feedDurMs":749,"cadenceMs":1013,"feedSpeedMs":10.6,"isNavigating":false,"isFreeDrive":true,"isMoving":true,"feedSkipGate":false,"feedAccepted":true,"feedHeadingOnly":false,"source":"drive_core_v2"}
06-04 20:06:55.029 I/ReactNativeJS(30359): [VROOM-TEL] 2026-06-04T18:06:55.029Z | GPS_ACCEPT | {"lat":51.350763,"lng":19.356234,"acc":4,"speedKmh":30.9,"gpsLock":true}
06-04 20:06:55.112 I/ReactNativeJS(30359): [VROOM-TEL] 2026-06-04T18:06:55.112Z | CAM_FOLLOW_PUSH | {"t":1780596415112,"lat":51.351055,"lng":19.356158,"hdg":174,"snapHdg":174,"speedKmh":38,"exploring":false,"source":"drive_marker_sv_60fps"}
06-04 20:06:55.112 I/ReactNativeJS(30359): [VROOM-TEL] 2026-06-04T18:06:55.112Z | DRIVE_TRACE_CAMERA | {"t":1780596415112,"seq":611,"gpsTickId":1780596414953,"gpsTickAgeMs":88,"lat":51.351055,"lng":19.356158,"hdg":174,"speedKmh":38.1,"exploring":false,"frameMoveM":0}
06-04 20:06:55.297 I/ReactNativeJS(30359): [VROOM-TEL] 2026-06-04T18:06:55.296Z | DRIVE_TRACE_HEARTBEAT | {"t":1780596415296,"seq":612,"gpsTickId":1780596414953,"gpsTickAgeMs":272,"driving":true,"navigating":false,"tripActive":true,"lat":51.3507629,"lng":19.3562344,"gpsAgeMs":272}
06-04 20:06:55.366 I/ReactNativeJS(30359): [VROOM-TEL] 2026-06-04T18:06:55.366Z | CAMERA_HEADING | {"t":1780596415366,"speedKmh":38,"movedM":0.29,"moveBearing":null,"snapHdg":174,"headingOut":174,"flipFromPrevDeg":0,"lookaheadM":33,"nativeFollow":true}
06-04 20:06:55.413 I/ReactNativeJS(30359): [VROOM-TEL] 2026-06-04T18:06:55.413Z | DRIVE_TRACE_CAMERA | {"t":1780596415413,"seq":613,"gpsTickId":1780596414953,"gpsTickAgeMs":389,"lat":51.351029,"lng":19.356162,"hdg":174,"speedKmh":38.1,"exploring":false,"frameMoveM":0}
06-04 20:06:55.729 I/ReactNativeJS(30359): [VROOM-TEL] 2026-06-04T18:06:55.729Z | DRIVE_TRACE_CAMERA | {"t":1780596415729,"seq":614,"gpsTickId":1780596414953,"gpsTickAgeMs":705,"lat":51.351007,"lng":19.356166,"hdg":174,"speedKmh":38.1,"exploring":false,"frameMoveM":0}
06-04 20:06:55.913 I/ReactNativeJS(30359): [VROOM-TEL] 2026-06-04T18:06:55.913Z | CAM_FOLLOW_PUSH | {"t":1780596415913,"lat":51.350991,"lng":19.356169,"hdg":172,"snapHdg":172,"speedKmh":38,"exploring":false,"source":"drive_marker_sv_60fps"}
06-04 20:06:55.984 I/ReactNativeJS(30359): [VROOM-TEL] 2026-06-04T18:06:55.984Z | RAW_GPS_TICK | {"t":1780596415984,"gpsTickId":1780596415954,"gpsTickAgeMs":0,"lat":51.350691,"lng":19.356226,"speed":8.09,"speedKmh":29.1,"accuracy":4,"osTimestamp":1780596415954,"tripActive":true,"appState":"active"}
06-04 20:06:55.984 I/ReactNativeJS(30359): [VROOM-TEL] 2026-06-04T18:06:55.984Z | DRIVE_TRACE_RAW | {"t":1780596415984,"seq":615,"gpsTickId":1780596415954,"gpsTickAgeMs":0,"rawLat":51.350691,"rawLng":19.356226,"accM":4,"speedKmh":29.1,"speedMs":8.1,"heading":183,"tripActive":true,"driving":true,"navigating":false,"osTimestamp":1780596415954}
06-04 20:06:55.986 I/ReactNativeJS(30359): [VROOM-TEL] 2026-06-04T18:06:55.986Z | DRIVE_TRACE_FEED | {"t":1780596415986,"seq":616,"gpsTickId":1780596415954,"gpsTickAgeMs":2,"lat":51.35094,"lng":19.356178,"hdg":179,"durationMs":779,"speedKmh":32.9}
06-04 20:06:55.987 I/ReactNativeJS(30359): [VROOM-TEL] 2026-06-04T18:06:55.987Z | DRIVE_TRACE_TICK | {"t":1780596415987,"seq":617,"gpsTickId":1780596415954,"gpsTickAgeMs":3,"rawLat":51.350691,"rawLng":19.356226,"snapLat":51.35094,"snapLng":19.356178,"markerLat":51.35094,"markerLng":19.356178,"markerHdg":179,"markerSvLat":51.350991,"markerSvLng":19.356169,"markerSvHdg":172,"accM":4,"hudKmh":32.9,"engineKmh":32.9,"dopplerKmh":29.1,"feedDurMs":779,"cadenceMs":994,"feedSpeedMs":9.1,"isNavigating":false,"isFreeDrive":true,"isMoving":true,"feedSkipGate":false,"feedAccepted":true,"feedHeadingOnly":false,"source":"drive_core_v2"}
06-04 20:06:55.987 I/ReactNativeJS(30359): [VROOM-TEL] 2026-06-04T18:06:55.987Z | GPS_ACCEPT | {"lat":51.350691,"lng":19.356226,"acc":4,"speedKmh":30.1,"gpsLock":true}
06-04 20:06:56.037 I/ReactNativeJS(30359): [VROOM-TEL] 2026-06-04T18:06:56.037Z | DRIVE_TRACE_CAMERA | {"t":1780596416037,"seq":618,"gpsTickId":1780596415954,"gpsTickAgeMs":53,"lat":51.350989,"lng":19.356169,"hdg":174,"speedKmh":32.9,"exploring":false,"frameMoveM":0}
06-04 20:06:56.347 I/ReactNativeJS(30359): [VROOM-TEL] 2026-06-04T18:06:56.347Z | DRIVE_TRACE_CAMERA | {"t":1780596416347,"seq":619,"gpsTickId":1780596415954,"gpsTickAgeMs":363,"lat":51.350967,"lng":19.356173,"hdg":174,"speedKmh":32.9,"exploring":false,"frameMoveM":0}
06-04 20:06:56.466 I/ReactNativeJS(30359): [VROOM-TEL] 2026-06-04T18:06:56.466Z | CAMERA_HEADING | {"t":1780596416466,"speedKmh":33,"movedM":0.13,"moveBearing":null,"snapHdg":174,"headingOut":174,"flipFromPrevDeg":0,"lookaheadM":33,"nativeFollow":true}
06-04 20:06:56.663 I/ReactNativeJS(30359): [VROOM-TEL] 2026-06-04T18:06:56.663Z | DRIVE_TRACE_CAMERA | {"t":1780596416663,"seq":620,"gpsTickId":1780596415954,"gpsTickAgeMs":679,"lat":51.350947,"lng":19.356177,"hdg":174,"speedKmh":32.9,"exploring":false,"frameMoveM":0}
06-04 20:06:56.713 I/ReactNativeJS(30359): [VROOM-TEL] 2026-06-04T18:06:56.713Z | CAM_FOLLOW_PUSH | {"t":1780596416713,"lat":51.350943,"lng":19.356177,"hdg":174,"snapHdg":174,"speedKmh":33,"exploring":false,"source":"drive_marker_sv_60fps"}
06-04 20:06:56.984 I/ReactNativeJS(30359): [VROOM-TEL] 2026-06-04T18:06:56.984Z | RAW_GPS_TICK | {"t":1780596416984,"gpsTickId":1780596416953,"gpsTickAgeMs":0,"lat":51.350623,"lng":19.356204,"speed":7.76,"speedKmh":27.9,"accuracy":4,"osTimestamp":1780596416953,"tripActive":true,"appState":"active"}
06-04 20:06:56.984 I/ReactNativeJS(30359): [VROOM-TEL] 2026-06-04T18:06:56.984Z | DRIVE_TRACE_RAW | {"t":1780596416984,"seq":621,"gpsTickId":1780596416953,"gpsTickAgeMs":0,"rawLat":51.350623,"rawLng":19.356204,"accM":4,"speedKmh":27.9,"speedMs":7.8,"heading":191,"tripActive":true,"driving":true,"navigating":false,"osTimestamp":1780596416953}
06-04 20:06:56.986 I/ReactNativeJS(30359): [VROOM-TEL] 2026-06-04T18:06:56.986Z | DRIVE_TRACE_FEED | {"t":1780596416986,"seq":622,"gpsTickId":1780596416953,"gpsTickAgeMs":2,"lat":51.35088,"lng":19.356189,"hdg":188,"durationMs":799,"speedKmh":30.1}
06-04 20:06:56.987 I/ReactNativeJS(30359): [VROOM-TEL] 2026-06-04T18:06:56.987Z | DRIVE_TRACE_TICK | {"t":1780596416987,"seq":623,"gpsTickId":1780596416953,"gpsTickAgeMs":3,"rawLat":51.350623,"rawLng":19.356204,"snapLat":51.35088,"snapLng":19.356189,"markerLat":51.35088,"markerLng":19.356189,"markerHdg":188,"markerSvLat":51.350932,"markerSvLng":19.356179,"markerSvHdg":174,"accM":4,"hudKmh":30.1,"engineKmh":30.1,"dopplerKmh":27.9,"feedDurMs":799,"cadenceMs":996,"feedSpeedMs":8.4,"isNavigating":false,"isFreeDrive":true,"isMoving":true,"feedSkipGate":false,"feedAccepted":true,"feedHeadingOnly":false,"source":"drive_core_v2"}
06-04 20:06:56.987 I/ReactNativeJS(30359): [VROOM-TEL] 2026-06-04T18:06:56.987Z | GPS_ACCEPT | {"lat":51.350623,"lng":19.356204,"acc":4,"speedKmh":27.9,"gpsLock":true}
06-04 20:06:57.096 I/ReactNativeJS(30359): [VROOM-TEL] 2026-06-04T18:06:57.096Z | DRIVE_TRACE_CAMERA | {"t":1780596417096,"seq":624,"gpsTickId":1780596416953,"gpsTickAgeMs":112,"lat":51.35093,"lng":19.35618,"hdg":174,"speedKmh":30.1,"exploring":false,"frameMoveM":0}
06-04 20:06:57.450 I/ReactNativeJS(30359): [VROOM-TEL] 2026-06-04T18:06:57.450Z | DRIVE_TRACE_CAMERA | {"t":1780596417450,"seq":625,"gpsTickId":1780596416953,"gpsTickAgeMs":466,"lat":51.350908,"lng":19.356184,"hdg":174,"speedKmh":30.1,"exploring":false,"frameMoveM":0}
06-04 20:06:57.540 I/ReactNativeJS(30359): [VROOM-TEL] 2026-06-04T18:06:57.540Z | CAM_FOLLOW_PUSH | {"t":1780596417540,"lat":51.350901,"lng":19.356185,"hdg":174,"snapHdg":174,"speedKmh":30,"exploring":false,"source":"drive_marker_sv_60fps"}
06-04 20:06:57.623 I/ReactNativeJS(30359): [VROOM-TEL] 2026-06-04T18:06:57.623Z | CAMERA_HEADING | {"t":1780596417623,"speedKmh":30,"movedM":1.08,"moveBearing":null,"snapHdg":174,"headingOut":174,"flipFromPrevDeg":0,"lookaheadM":26,"nativeFollow":true}
06-04 20:06:57.763 I/ReactNativeJS(30359): [VROOM-TEL] 2026-06-04T18:06:57.763Z | DRIVE_TRACE_CAMERA | {"t":1780596417763,"seq":626,"gpsTickId":1780596416953,"gpsTickAgeMs":779,"lat":51.350882,"lng":19.356188,"hdg":174,"speedKmh":30.1,"exploring":false,"frameMoveM":0}
06-04 20:06:57.984 I/ReactNativeJS(30359): [VROOM-TEL] 2026-06-04T18:06:57.984Z | RAW_GPS_TICK | {"t":1780596417984,"gpsTickId":1780596417955,"gpsTickAgeMs":0,"lat":51.350555,"lng":19.356209,"speed":7.74,"speedKmh":27.9,"accuracy":4,"osTimestamp":1780596417955,"tripActive":true,"appState":"active"}
06-04 20:06:57.984 I/ReactNativeJS(30359): [VROOM-TEL] 2026-06-04T18:06:57.984Z | DRIVE_TRACE_RAW | {"t":1780596417984,"seq":627,"gpsTickId":1780596417955,"gpsTickAgeMs":0,"rawLat":51.350555,"rawLng":19.356209,"accM":4,"speedKmh":27.9,"speedMs":7.7,"heading":178,"tripActive":true,"driving":true,"navigating":false,"osTimestamp":1780596417955}
06-04 20:06:57.986 I/ReactNativeJS(30359): [VROOM-TEL] 2026-06-04T18:06:57.986Z | DRIVE_TRACE_FEED | {"t":1780596417986,"seq":628,"gpsTickId":1780596417955,"gpsTickAgeMs":2,"lat":51.350823,"lng":19.356199,"hdg":184,"durationMs":812,"speedKmh":28.6}
06-04 20:06:57.987 I/ReactNativeJS(30359): [VROOM-TEL] 2026-06-04T18:06:57.987Z | DRIVE_TRACE_TICK | {"t":1780596417987,"seq":629,"gpsTickId":1780596417955,"gpsTickAgeMs":3,"rawLat":51.350555,"rawLng":19.356209,"snapLat":51.350823,"snapLng":19.356199,"markerLat":51.350823,"markerLng":19.356199,"markerHdg":184,"markerSvLat":51.350874,"markerSvLng":19.356189,"markerSvHdg":188,"accM":4,"hudKmh":28.6,"engineKmh":28.6,"dopplerKmh":27.9,"feedDurMs":812,"cadenceMs":997,"feedSpeedMs":7.9,"isNavigating":false,"isFreeDrive":true,"isMoving":true,"feedSkipGate":false,"feedAccepted":true,"feedHeadingOnly":false,"source":"drive_core_v2"}
06-04 20:06:57.987 I/ReactNativeJS(30359): [VROOM-TEL] 2026-06-04T18:06:57.987Z | GPS_ACCEPT | {"lat":51.350555,"lng":19.356209,"acc":4,"speedKmh":27.9,"gpsLock":true}
06-04 20:06:58.079 I/ReactNativeJS(30359): [VROOM-TEL] 2026-06-04T18:06:58.079Z | DRIVE_TRACE_CAMERA | {"t":1780596418079,"seq":630,"gpsTickId":1780596417955,"gpsTickAgeMs":95,"lat":51.350868,"lng":19.35619,"hdg":174,"speedKmh":28.6,"exploring":false,"frameMoveM":0}
06-04 20:06:58.346 I/ReactNativeJS(30359): [VROOM-TEL] 2026-06-04T18:06:58.346Z | CAM_FOLLOW_PUSH | {"t":1780596418346,"lat":51.350851,"lng":19.356193,"hdg":173,"snapHdg":173,"speedKmh":29,"exploring":false,"source":"drive_marker_sv_60fps"}
06-04 20:06:58.380 I/ReactNativeJS(30359): [VROOM-TEL] 2026-06-04T18:06:58.380Z | DRIVE_TRACE_CAMERA | {"t":1780596418380,"seq":631,"gpsTickId":1780596417955,"gpsTickAgeMs":396,"lat":51.350849,"lng":19.356194,"hdg":173,"speedKmh":28.6,"exploring":false,"frameMoveM":0}
06-04 20:06:58.680 I/ReactNativeJS(30359): [VROOM-TEL] 2026-06-04T18:06:58.680Z | DRIVE_TRACE_CAMERA | {"t":1780596418680,"seq":632,"gpsTickId":1780596417955,"gpsTickAgeMs":696,"lat":51.35083,"lng":19.356197,"hdg":173,"speedKmh":28.6,"exploring":false,"frameMoveM":0}
06-04 20:06:58.729 I/ReactNativeJS(30359): [VROOM-TEL] 2026-06-04T18:06:58.729Z | CAMERA_HEADING | {"t":1780596418729,"speedKmh":29,"movedM":0.12,"moveBearing":null,"snapHdg":173,"headingOut":173,"flipFromPrevDeg":0,"lookaheadM":26,"nativeFollow":true}
06-04 20:06:58.969 I/ReactNativeJS(30359): [VROOM-TEL] 2026-06-04T18:06:58.969Z | RAW_GPS_TICK | {"t":1780596418969,"gpsTickId":1780596418953,"gpsTickAgeMs":0,"lat":51.350496,"lng":19.356268,"speed":7.53,"speedKmh":27.1,"accuracy":4,"osTimestamp":1780596418953,"tripActive":true,"appState":"active"}
06-04 20:06:58.970 I/ReactNativeJS(30359): [VROOM-TEL] 2026-06-04T18:06:58.969Z | DRIVE_TRACE_RAW | {"t":1780596418969,"seq":633,"gpsTickId":1780596418953,"gpsTickAgeMs":0,"rawLat":51.350496,"rawLng":19.356268,"accM":4,"speedKmh":27.1,"speedMs":7.5,"heading":148,"tripActive":true,"driving":true,"navigating":false,"osTimestamp":1780596418953}
06-04 20:06:58.972 I/ReactNativeJS(30359): [VROOM-TEL] 2026-06-04T18:06:58.972Z | DRIVE_TRACE_FEED | {"t":1780596418972,"seq":634,"gpsTickId":1780596418953,"gpsTickAgeMs":3,"lat":51.350762,"lng":19.35621,"hdg":163,"durationMs":795,"speedKmh":30.6}
06-04 20:06:58.973 I/ReactNativeJS(30359): [VROOM-TEL] 2026-06-04T18:06:58.973Z | DRIVE_TRACE_TICK | {"t":1780596418973,"seq":635,"gpsTickId":1780596418953,"gpsTickAgeMs":4,"rawLat":51.350496,"rawLng":19.356268,"snapLat":51.350762,"snapLng":19.35621,"markerLat":51.350762,"markerLng":19.35621,"markerHdg":163,"markerSvLat":51.350818,"markerSvLng":19.356199,"markerSvHdg":187,"accM":4,"hudKmh":30.6,"engineKmh":30.6,"dopplerKmh":27.1,"feedDurMs":795,"cadenceMs":993,"feedSpeedMs":8.5,"isNavigating":false,"isFreeDrive":true,"isMoving":true,"feedSkipGate":false,"feedAccepted":true,"feedHeadingOnly":false,"source":"drive_core_v2"}
06-04 20:06:58.973 I/ReactNativeJS(30359): [VROOM-TEL] 2026-06-04T18:06:58.973Z | GPS_ACCEPT | {"lat":51.350496,"lng":19.356268,"acc":4,"speedKmh":28.3,"gpsLock":true}
06-04 20:06:59.027 I/ReactNativeJS(30359): [VROOM-TEL] 2026-06-04T18:06:59.027Z | DRIVE_TRACE_CAMERA | {"t":1780596419027,"seq":636,"gpsTickId":1780596418953,"gpsTickAgeMs":58,"lat":51.350817,"lng":19.356199,"hdg":185,"speedKmh":30.6,"exploring":false,"frameMoveM":0}
06-04 20:06:59.147 I/ReactNativeJS(30359): [VROOM-TEL] 2026-06-04T18:06:59.147Z | CAM_FOLLOW_PUSH | {"t":1780596419147,"lat":51.350806,"lng":19.356202,"hdg":173,"snapHdg":173,"speedKmh":31,"exploring":false,"source":"drive_marker_sv_60fps"}
06-04 20:06:59.330 I/ReactNativeJS(30359): [VROOM-TEL] 2026-06-04T18:06:59.330Z | DRIVE_TRACE_CAMERA | {"t":1780596419330,"seq":637,"gpsTickId":1780596418953,"gpsTickAgeMs":361,"lat":51.350793,"lng":19.356204,"hdg":173,"speedKmh":30.6,"exploring":false,"frameMoveM":0}
06-04 20:06:59.646 I/ReactNativeJS(30359): [VROOM-TEL] 2026-06-04T18:06:59.646Z | DRIVE_TRACE_CAMERA | {"t":1780596419646,"seq":638,"gpsTickId":1780596418953,"gpsTickAgeMs":677,"lat":51.350771,"lng":19.356208,"hdg":173,"speedKmh":30.6,"exploring":false,"frameMoveM":0}
06-04 20:06:59.829 I/ReactNativeJS(30359): [VROOM-TEL] 2026-06-04T18:06:59.829Z | CAMERA_HEADING | {"t":1780596419829,"speedKmh":31,"movedM":0.14,"moveBearing":null,"snapHdg":166,"headingOut":166,"flipFromPrevDeg":2,"lookaheadM":26,"nativeFollow":true}
06-04 20:06:59.982 I/ReactNativeJS(30359): [VROOM-TEL] 2026-06-04T18:06:59.982Z | RAW_GPS_TICK | {"t":1780596419982,"gpsTickId":1780596419955,"gpsTickAgeMs":0,"lat":51.350473,"lng":19.356373,"speed":7.52,"speedKmh":27.1,"accuracy":4,"osTimestamp":1780596419955,"tripActive":true,"appState":"active"}
06-04 20:06:59.983 I/ReactNativeJS(30359): [VROOM-TEL] 2026-06-04T18:06:59.983Z | DRIVE_TRACE_RAW | {"t":1780596419983,"seq":639,"gpsTickId":1780596419955,"gpsTickAgeMs":1,"rawLat":51.350473,"rawLng":19.356373,"accM":4,"speedKmh":27.1,"speedMs":7.5,"heading":109,"tripActive":true,"driving":true,"navigating":false,"osTimestamp":1780596419955}
06-04 20:06:59.984 I/ReactNativeJS(30359): [VROOM-TEL] 2026-06-04T18:06:59.984Z | DRIVE_TRACE_FEED | {"t":1780596419984,"seq":640,"gpsTickId":1780596419955,"gpsTickAgeMs":2,"lat":51.350698,"lng":19.356221,"hdg":128,"durationMs":774,"speedKmh":33.6}
06-04 20:06:59.985 I/ReactNativeJS(30359): [VROOM-TEL] 2026-06-04T18:06:59.985Z | DRIVE_TRACE_TICK | {"t":1780596419985,"seq":641,"gpsTickId":1780596419955,"gpsTickAgeMs":3,"rawLat":51.350473,"rawLng":19.356373,"snapLat":51.350698,"snapLng":19.356221,"markerLat":51.350698,"markerLng":19.356221,"markerHdg":128,"markerSvLat":51.350756,"markerSvLng":19.356212,"markerSvHdg":164,"accM":4,"hudKmh":33.6,"engineKmh":33.6,"dopplerKmh":27.1,"feedDurMs":774,"cadenceMs":1000,"feedSpeedMs":9.3,"isNavigating":false,"isFreeDrive":true,"isMoving":true,"feedSkipGate":false,"feedAccepted":true,"feedHeadingOnly":false,"source":"drive_core_v2"}
06-04 20:06:59.985 I/ReactNativeJS(30359): [VROOM-TEL] 2026-06-04T18:06:59.985Z | GPS_ACCEPT | {"lat":51.350473,"lng":19.356373,"acc":4,"speedKmh":27.5,"gpsLock":true}
06-04 20:07:00.072 I/ReactNativeJS(30359): [VROOM-TEL] 2026-06-04T18:07:00.072Z | CAM_FOLLOW_PUSH | {"t":1780596420072,"lat":51.350754,"lng":19.356212,"hdg":161,"snapHdg":161,"speedKmh":34,"exploring":false,"source":"drive_marker_sv_60fps"}
06-04 20:07:00.072 I/ReactNativeJS(30359): [VROOM-TEL] 2026-06-04T18:07:00.072Z | DRIVE_TRACE_CAMERA | {"t":1780596420072,"seq":642,"gpsTickId":1780596419955,"gpsTickAgeMs":90,"lat":51.350754,"lng":19.356212,"hdg":161,"speedKmh":33.6,"exploring":false,"frameMoveM":0}
06-04 20:07:00.072 I/ReactNativeJS(30359): [VROOM-TEL] 2026-06-04T18:07:00.072Z | TRIP_SEGMENT_STATS | {"t":1780596420072,"totalDistanceKm":1.294,"acceptedMain":66,"acceptedMainKm":1.077,"fallbackAccepted":10,"fallbackKm":0.218,"derivedSpeedUsed":6,"derivedSpeedRejected":0,"lowSpeedDropped":0,"zeroMove":0,"rejectedTotal":38,"rejectedJitter":28,"rejectedJump":0,"rejectedStaleGap":0,"rejectedMinSpeed":0,"rejectedAccuracy":0,"rejectedImpossible":10,"rejectedInvalidTime":0}
06-04 20:07:00.313 I/ReactNativeJS(30359): [VROOM-TEL] 2026-06-04T18:07:00.312Z | DRIVE_HEALTH | {"t":1780596420312,"mode":"driving","speedHudKmh":33.6,"speedPipeKmh":33.6,"gpsAgeMs":330,"drAgeMs":327,"gpsToDriftM":27,"snapAnchorDriftM":0,"offRoute":false,"reroutePending":false,"rerouteLoading":false,"hasRoutePts":0}
06-04 20:07:00.315 I/ReactNativeJS(30359): [VROOM-TEL] 2026-06-04T18:07:00.315Z | DRIVE_TRACE_HEARTBEAT | {"t":1780596420315,"seq":643,"gpsTickId":1780596419955,"gpsTickAgeMs":333,"driving":true,"navigating":false,"tripActive":true,"lat":51.3504733,"lng":19.3563732,"gpsAgeMs":333}
06-04 20:07:00.380 I/ReactNativeJS(30359): [VROOM-TEL] 2026-06-04T18:07:00.380Z | DRIVE_TRACE_CAMERA | {"t":1780596420380,"seq":644,"gpsTickId":1780596419955,"gpsTickAgeMs":398,"lat":51.350726,"lng":19.356217,"hdg":128,"speedKmh":33.6,"exploring":false,"frameMoveM":0}
06-04 20:07:00.696 I/ReactNativeJS(30359): [VROOM-TEL] 2026-06-04T18:07:00.696Z | DRIVE_TRACE_CAMERA | {"t":1780596420696,"seq":645,"gpsTickId":1780596419955,"gpsTickAgeMs":714,"lat":51.350702,"lng":19.356221,"hdg":128,"speedKmh":33.6,"exploring":false,"frameMoveM":0}
06-04 20:07:00.879 I/ReactNativeJS(30359): [VROOM-TEL] 2026-06-04T18:07:00.879Z | CAM_FOLLOW_PUSH | {"t":1780596420879,"lat":51.350692,"lng":19.356234,"hdg":128,"snapHdg":128,"speedKmh":34,"exploring":false,"source":"drive_marker_sv_60fps"}
06-04 20:07:00.985 I/ReactNativeJS(30359): [VROOM-TEL] 2026-06-04T18:07:00.984Z | RAW_GPS_TICK | {"t":1780596420984,"gpsTickId":1780596420954,"gpsTickAgeMs":0,"lat":51.350491,"lng":19.35649,"speed":8.18,"speedKmh":29.4,"accuracy":4,"osTimestamp":1780596420954,"tripActive":true,"appState":"active"}
06-04 20:07:00.985 I/ReactNativeJS(30359): [VROOM-TEL] 2026-06-04T18:07:00.985Z | DRIVE_TRACE_RAW | {"t":1780596420985,"seq":646,"gpsTickId":1780596420954,"gpsTickAgeMs":1,"rawLat":51.350491,"rawLng":19.35649,"accM":4,"speedKmh":29.4,"speedMs":8.2,"heading":76,"tripActive":true,"driving":true,"navigating":false,"osTimestamp":1780596420954}
06-04 20:07:00.987 I/ReactNativeJS(30359): [VROOM-TEL] 2026-06-04T18:07:00.987Z | DRIVE_TRACE_FEED | {"t":1780596420987,"seq":647,"gpsTickId":1780596420954,"gpsTickAgeMs":3,"lat":51.350629,"lng":19.356234,"hdg":93,"durationMs":758,"speedKmh":36.3}
06-04 20:07:00.988 I/ReactNativeJS(30359): [VROOM-TEL] 2026-06-04T18:07:00.988Z | DRIVE_TRACE_TICK | {"t":1780596420988,"seq":648,"gpsTickId":1780596420954,"gpsTickAgeMs":4,"rawLat":51.350491,"rawLng":19.35649,"snapLat":51.350629,"snapLng":19.356234,"markerLat":51.350629,"markerLng":19.356234,"markerHdg":93,"markerSvLat":51.350692,"markerSvLng":19.356234,"markerSvHdg":128,"accM":4,"hudKmh":36.3,"engineKmh":36.3,"dopplerKmh":29.4,"feedDurMs":758,"cadenceMs":1001,"feedSpeedMs":10.1,"isNavigating":false,"isFreeDrive":true,"isMoving":true,"feedSkipGate":false,"feedAccepted":true,"feedHeadingOnly":false,"source":"drive_core_v2"}
06-04 20:07:00.988 I/ReactNativeJS(30359): [VROOM-TEL] 2026-06-04T18:07:00.988Z | GPS_ACCEPT | {"lat":51.350491,"lng":19.35649,"acc":4,"speedKmh":30,"gpsLock":true}
06-04 20:07:01.040 I/ReactNativeJS(30359): [VROOM-TEL] 2026-06-04T18:07:01.040Z | CAMERA_HEADING | {"t":1780596421040,"speedKmh":36,"movedM":0.37,"moveBearing":null,"snapHdg":123,"headingOut":123,"flipFromPrevDeg":6,"lookaheadM":32,"nativeFollow":true}
06-04 20:07:01.044 I/ReactNativeJS(30359): [VROOM-TEL] 2026-06-04T18:07:01.044Z | DRIVE_TRACE_CAMERA | {"t":1780596421044,"seq":649,"gpsTickId":1780596420954,"gpsTickAgeMs":60,"lat":51.35069,"lng":19.356234,"hdg":126,"speedKmh":36.3,"exploring":false,"frameMoveM":0}
06-04 20:07:01.346 I/ReactNativeJS(30359): [VROOM-TEL] 2026-06-04T18:07:01.346Z | DRIVE_TRACE_CAMERA | {"t":1780596421346,"seq":650,"gpsTickId":1780596420954,"gpsTickAgeMs":362,"lat":51.350662,"lng":19.356234,"hdg":93,"speedKmh":36.3,"exploring":false,"frameMoveM":0}
06-04 20:07:01.646 I/ReactNativeJS(30359): [VROOM-TEL] 2026-06-04T18:07:01.646Z | DRIVE_TRACE_CAMERA | {"t":1780596421646,"seq":651,"gpsTickId":1780596420954,"gpsTickAgeMs":662,"lat":51.350637,"lng":19.356234,"hdg":93,"speedKmh":36.3,"exploring":false,"frameMoveM":0}
06-04 20:07:01.680 I/ReactNativeJS(30359): [VROOM-TEL] 2026-06-04T18:07:01.680Z | CAM_FOLLOW_PUSH | {"t":1780596421680,"lat":51.350635,"lng":19.356234,"hdg":93,"snapHdg":93,"speedKmh":36,"exploring":false,"source":"drive_marker_sv_60fps"}
06-04 20:07:01.973 I/ReactNativeJS(30359): [VROOM-TEL] 2026-06-04T18:07:01.973Z | RAW_GPS_TICK | {"t":1780596421973,"gpsTickId":1780596421954,"gpsTickAgeMs":0,"lat":51.350524,"lng":19.356608,"speed":8.83,"speedKmh":31.8,"accuracy":4,"osTimestamp":1780596421954,"tripActive":true,"appState":"active"}
06-04 20:07:01.974 I/ReactNativeJS(30359): [VROOM-TEL] 2026-06-04T18:07:01.974Z | DRIVE_TRACE_RAW | {"t":1780596421974,"seq":652,"gpsTickId":1780596421954,"gpsTickAgeMs":1,"rawLat":51.350524,"rawLng":19.356608,"accM":4,"speedKmh":31.8,"speedMs":8.8,"heading":67,"tripActive":true,"driving":true,"navigating":false,"osTimestamp":1780596421954}
06-04 20:07:01.976 I/ReactNativeJS(30359): [VROOM-TEL] 2026-06-04T18:07:01.976Z | DRIVE_TRACE_FEED | {"t":1780596421976,"seq":653,"gpsTickId":1780596421954,"gpsTickAgeMs":3,"lat":51.350576,"lng":19.356297,"hdg":71,"durationMs":766,"speedKmh":34.9}
06-04 20:07:01.977 I/ReactNativeJS(30359): [VROOM-TEL] 2026-06-04T18:07:01.977Z | DRIVE_TRACE_TICK | {"t":1780596421977,"seq":654,"gpsTickId":1780596421954,"gpsTickAgeMs":4,"rawLat":51.350524,"rawLng":19.356608,"snapLat":51.350576,"snapLng":19.356297,"markerLat":51.350576,"markerLng":19.356297,"markerHdg":71,"markerSvLat":51.350629,"markerSvLng":19.356253,"markerSvHdg":93,"accM":4,"hudKmh":34.9,"engineKmh":34.9,"dopplerKmh":31.8,"feedDurMs":766,"cadenceMs":997,"feedSpeedMs":9.7,"isNavigating":false,"isFreeDrive":true,"isMoving":true,"feedSkipGate":false,"feedAccepted":true,"feedHeadingOnly":false,"source":"drive_core_v2"}
06-04 20:07:01.977 I/ReactNativeJS(30359): [VROOM-TEL] 2026-06-04T18:07:01.977Z | GPS_ACCEPT | {"lat":51.350524,"lng":19.356608,"acc":4,"speedKmh":32.8,"gpsLock":true}
06-04 20:07:02.033 I/ReactNativeJS(30359): [VROOM-TEL] 2026-06-04T18:07:02.033Z | DRIVE_TRACE_CAMERA | {"t":1780596422033,"seq":655,"gpsTickId":1780596421954,"gpsTickAgeMs":60,"lat":51.350627,"lng":19.356254,"hdg":90,"speedKmh":34.9,"exploring":false,"frameMoveM":0}
06-04 20:07:02.145 I/ReactNativeJS(30359): [VROOM-TEL] 2026-06-04T18:07:02.145Z | CAMERA_HEADING | {"t":1780596422145,"speedKmh":35,"movedM":0.14,"moveBearing":null,"snapHdg":71,"headingOut":71,"flipFromPrevDeg":0,"lookaheadM":32,"nativeFollow":true}
06-04 20:07:02.346 I/ReactNativeJS(30359): [VROOM-TEL] 2026-06-04T18:07:02.346Z | DRIVE_TRACE_CAMERA | {"t":1780596422346,"seq":656,"gpsTickId":1780596421954,"gpsTickAgeMs":373,"lat":51.350603,"lng":19.356274,"hdg":71,"speedKmh":34.9,"exploring":false,"frameMoveM":0}
06-04 20:07:02.496 I/ReactNativeJS(30359): [VROOM-TEL] 2026-06-04T18:07:02.496Z | CAM_FOLLOW_PUSH | {"t":1780596422496,"lat":51.350593,"lng":19.356283,"hdg":71,"snapHdg":71,"speedKmh":35,"exploring":false,"source":"drive_marker_sv_60fps"}
06-04 20:07:02.646 I/ReactNativeJS(30359): [VROOM-TEL] 2026-06-04T18:07:02.646Z | DRIVE_TRACE_CAMERA | {"t":1780596422646,"seq":657,"gpsTickId":1780596421954,"gpsTickAgeMs":673,"lat":51.350582,"lng":19.356292,"hdg":71,"speedKmh":34.9,"exploring":false,"frameMoveM":0}
06-04 20:07:03.064 I/ReactNativeJS(30359): [VROOM-TEL] 2026-06-04T18:07:03.064Z | RAW_GPS_TICK | {"t":1780596423064,"gpsTickId":1780596422954,"gpsTickAgeMs":0,"lat":51.350531,"lng":19.356751,"speed":9.58,"speedKmh":34.5,"accuracy":4,"osTimestamp":1780596422954,"tripActive":true,"appState":"active"}
06-04 20:07:03.064 I/ReactNativeJS(30359): [VROOM-TEL] 2026-06-04T18:07:03.064Z | DRIVE_TRACE_RAW | {"t":1780596423064,"seq":658,"gpsTickId":1780596422954,"gpsTickAgeMs":0,"rawLat":51.350531,"rawLng":19.356751,"accM":4,"speedKmh":34.5,"speedMs":9.6,"heading":85,"tripActive":true,"driving":true,"navigating":false,"osTimestamp":1780596422954}
06-04 20:07:03.065 I/ReactNativeJS(30359): [VROOM-TEL] 2026-06-04T18:07:03.065Z | DRIVE_TRACE_FEED | {"t":1780596423065,"seq":659,"gpsTickId":1780596422954,"gpsTickAgeMs":1,"lat":51.350549,"lng":19.356399,"hdg":76,"durationMs":759,"speedKmh":36.1}
06-04 20:07:03.066 I/ReactNativeJS(30359): [VROOM-TEL] 2026-06-04T18:07:03.066Z | DRIVE_TRACE_TICK | {"t":1780596423066,"seq":660,"gpsTickId":1780596422954,"gpsTickAgeMs":2,"rawLat":51.350531,"rawLng":19.356751,"snapLat":51.350549,"snapLng":19.356399,"markerLat":51.350549,"markerLng":19.356399,"markerHdg":76,"markerSvLat":51.350579,"markerSvLng":19.356313,"markerSvHdg":71,"accM":4,"hudKmh":36.1,"engineKmh":36.1,"dopplerKmh":34.5,"feedDurMs":759,"cadenceMs":1030,"feedSpeedMs":10,"isNavigating":false,"isFreeDrive":true,"isMoving":true,"feedSkipGate":false,"feedAccepted":true,"feedHeadingOnly":false,"source":"drive_core_v2"}
06-04 20:07:03.066 I/ReactNativeJS(30359): [VROOM-TEL] 2026-06-04T18:07:03.066Z | GPS_ACCEPT | {"lat":51.350531,"lng":19.356751,"acc":4,"speedKmh":34.5,"gpsLock":true}
06-04 20:07:03.099 I/ReactNativeJS(30359): [VROOM-TEL] 2026-06-04T18:07:03.099Z | DRIVE_TRACE_CAMERA | {"t":1780596423099,"seq":661,"gpsTickId":1780596422954,"gpsTickAgeMs":35,"lat":51.350578,"lng":19.356316,"hdg":71,"speedKmh":36.1,"exploring":false,"frameMoveM":0}
06-04 20:07:03.246 I/ReactNativeJS(30359): [VROOM-TEL] 2026-06-04T18:07:03.246Z | CAMERA_HEADING | {"t":1780596423246,"speedKmh":36,"movedM":0.14,"moveBearing":null,"snapHdg":71,"headingOut":71,"flipFromPrevDeg":0,"lookaheadM":32,"nativeFollow":true}
06-04 20:07:03.296 I/ReactNativeJS(30359): [VROOM-TEL] 2026-06-04T18:07:03.296Z | CAM_FOLLOW_PUSH | {"t":1780596423296,"lat":51.35057,"lng":19.356339,"hdg":71,"snapHdg":71,"speedKmh":36,"exploring":false,"source":"drive_marker_sv_60fps"}
06-04 20:07:03.413 I/ReactNativeJS(30359): [VROOM-TEL] 2026-06-04T18:07:03.413Z | DRIVE_TRACE_CAMERA | {"t":1780596423413,"seq":662,"gpsTickId":1780596422954,"gpsTickAgeMs":349,"lat":51.350565,"lng":19.356352,"hdg":71,"speedKmh":36.1,"exploring":false,"frameMoveM":0}
06-04 20:07:03.713 I/ReactNativeJS(30359): [VROOM-TEL] 2026-06-04T18:07:03.713Z | DRIVE_TRACE_CAMERA | {"t":1780596423713,"seq":663,"gpsTickId":1780596422954,"gpsTickAgeMs":649,"lat":51.350554,"lng":19.356386,"hdg":71,"speedKmh":36.1,"exploring":false,"frameMoveM":0}
06-04 20:07:03.970 I/ReactNativeJS(30359): [VROOM-TEL] 2026-06-04T18:07:03.970Z | RAW_GPS_TICK | {"t":1780596423970,"gpsTickId":1780596423954,"gpsTickAgeMs":0,"lat":51.35052,"lng":19.35691,"speed":10.93,"speedKmh":39.3,"accuracy":4,"osTimestamp":1780596423954,"tripActive":true,"appState":"active"}
06-04 20:07:03.970 I/ReactNativeJS(30359): [VROOM-TEL] 2026-06-04T18:07:03.970Z | DRIVE_TRACE_RAW | {"t":1780596423970,"seq":664,"gpsTickId":1780596423954,"gpsTickAgeMs":0,"rawLat":51.35052,"rawLng":19.35691,"accM":4,"speedKmh":39.3,"speedMs":10.9,"heading":96,"tripActive":true,"driving":true,"navigating":false,"osTimestamp":1780596423954}
06-04 20:07:03.973 I/ReactNativeJS(30359): [VROOM-TEL] 2026-06-04T18:07:03.973Z | DRIVE_TRACE_FEED | {"t":1780596423973,"seq":665,"gpsTickId":1780596423954,"gpsTickAgeMs":3,"lat":51.350547,"lng":19.356515,"hdg":91,"durationMs":743,"speedKmh":39.3}
06-04 20:07:03.974 I/ReactNativeJS(30359): [VROOM-TEL] 2026-06-04T18:07:03.974Z | DRIVE_TRACE_TICK | {"t":1780596423974,"seq":666,"gpsTickId":1780596423954,"gpsTickAgeMs":3,"rawLat":51.35052,"rawLng":19.35691,"snapLat":51.350547,"snapLng":19.356515,"markerLat":51.350547,"markerLng":19.356515,"markerHdg":91,"markerSvLat":51.350553,"markerSvLng":19.356417,"markerSvHdg":71,"accM":4,"hudKmh":39.3,"engineKmh":37.5,"dopplerKmh":39.3,"feedDurMs":743,"cadenceMs":987,"feedSpeedMs":10.9,"isNavigating":false,"isFreeDrive":true,"isMoving":true,"feedSkipGate":false,"feedAccepted":true,"feedHeadingOnly":false,"source":"drive_core_v2"}
06-04 20:07:03.974 I/ReactNativeJS(30359): [VROOM-TEL] 2026-06-04T18:07:03.974Z | GPS_ACCEPT | {"lat":51.35052,"lng":19.35691,"acc":4,"speedKmh":44.2,"gpsLock":true}
06-04 20:07:04.037 I/ReactNativeJS(30359): [VROOM-TEL] 2026-06-04T18:07:04.037Z | DRIVE_TRACE_CAMERA | {"t":1780596424037,"seq":667,"gpsTickId":1780596423954,"gpsTickAgeMs":67,"lat":51.350553,"lng":19.356418,"hdg":74,"speedKmh":39.3,"exploring":false,"frameMoveM":0}
06-04 20:07:04.096 I/ReactNativeJS(30359): [VROOM-TEL] 2026-06-04T18:07:04.096Z | CAM_FOLLOW_PUSH | {"t":1780596424096,"lat":51.350552,"lng":19.356433,"hdg":93,"snapHdg":93,"speedKmh":39,"exploring":false,"source":"drive_marker_sv_60fps"}
06-04 20:07:04.346 I/ReactNativeJS(30359): [VROOM-TEL] 2026-06-04T18:07:04.346Z | CAMERA_HEADING | {"t":1780596424346,"speedKmh":39,"movedM":0.15,"moveBearing":null,"snapHdg":95,"headingOut":95,"flipFromPrevDeg":0,"lookaheadM":32,"nativeFollow":true}
06-04 20:07:04.347 I/ReactNativeJS(30359): [VROOM-TEL] 2026-06-04T18:07:04.346Z | DRIVE_TRACE_CAMERA | {"t":1780596424346,"seq":668,"gpsTickId":1780596423954,"gpsTickAgeMs":376,"lat":51.35055,"lng":19.356466,"hdg":95,"speedKmh":39.3,"exploring":false,"frameMoveM":0}
06-04 20:07:04.646 I/ReactNativeJS(30359): [VROOM-TEL] 2026-06-04T18:07:04.646Z | DRIVE_TRACE_CAMERA | {"t":1780596424646,"seq":669,"gpsTickId":1780596423954,"gpsTickAgeMs":676,"lat":51.350548,"lng":19.356506,"hdg":95,"speedKmh":39.3,"exploring":false,"frameMoveM":0}
06-04 20:07:04.986 I/ReactNativeJS(30359): [VROOM-TEL] 2026-06-04T18:07:04.986Z | RAW_GPS_TICK | {"t":1780596424986,"gpsTickId":1780596424955,"gpsTickAgeMs":1,"lat":51.350505,"lng":19.357081,"speed":11.93,"speedKmh":42.9,"accuracy":4,"osTimestamp":1780596424955,"tripActive":true,"appState":"active"}
06-04 20:07:04.986 I/ReactNativeJS(30359): [VROOM-TEL] 2026-06-04T18:07:04.986Z | DRIVE_TRACE_RAW | {"t":1780596424986,"seq":670,"gpsTickId":1780596424955,"gpsTickAgeMs":1,"rawLat":51.350505,"rawLng":19.357081,"accM":4,"speedKmh":42.9,"speedMs":11.9,"heading":97,"tripActive":true,"driving":true,"navigating":false,"osTimestamp":1780596424955}
06-04 20:07:04.987 I/ReactNativeJS(30359): [VROOM-TEL] 2026-06-04T18:07:04.987Z | DRIVE_TRACE_FEED | {"t":1780596424987,"seq":671,"gpsTickId":1780596424955,"gpsTickAgeMs":2,"lat":51.350565,"lng":19.356637,"hdg":97,"durationMs":728,"speedKmh":42.9}
06-04 20:07:04.989 I/ReactNativeJS(30359): [VROOM-TEL] 2026-06-04T18:07:04.989Z | DRIVE_TRACE_TICK | {"t":1780596424989,"seq":672,"gpsTickId":1780596424955,"gpsTickAgeMs":4,"rawLat":51.350505,"rawLng":19.357081,"snapLat":51.350565,"snapLng":19.356637,"markerLat":51.350565,"markerLng":19.356637,"markerHdg":97,"markerSvLat":51.350547,"markerSvLng":19.356536,"markerSvHdg":91,"accM":4,"hudKmh":42.9,"engineKmh":41.7,"dopplerKmh":42.9,"feedDurMs":728,"cadenceMs":997,"feedSpeedMs":11.9,"isNavigating":false,"isFreeDrive":true,"isMoving":true,"feedSkipGate":false,"feedAccepted":true,"feedHeadingOnly":false,"source":"drive_core_v2"}
06-04 20:07:04.989 I/ReactNativeJS(30359): [VROOM-TEL] 2026-06-04T18:07:04.989Z | GPS_ACCEPT | {"lat":51.350505,"lng":19.357081,"acc":4,"speedKmh":42.9,"gpsLock":true}
06-04 20:07:05.013 I/ReactNativeJS(30359): [VROOM-TEL] 2026-06-04T18:07:05.012Z | CAM_FOLLOW_PUSH | {"t":1780596425012,"lat":51.350548,"lng":19.35654,"hdg":88,"snapHdg":88,"speedKmh":43,"exploring":false,"source":"drive_marker_sv_60fps"}
06-04 20:07:05.013 I/ReactNativeJS(30359): [VROOM-TEL] 2026-06-04T18:07:05.013Z | DRIVE_TRACE_CAMERA | {"t":1780596425013,"seq":673,"gpsTickId":1780596424955,"gpsTickAgeMs":28,"lat":51.350548,"lng":19.35654,"hdg":88,"speedKmh":42.9,"exploring":false,"frameMoveM":0}
06-04 20:07:05.314 I/ReactNativeJS(30359): [VROOM-TEL] 2026-06-04T18:07:05.314Z | DRIVE_TRACE_CAMERA | {"t":1780596425314,"seq":674,"gpsTickId":1780596424955,"gpsTickAgeMs":329,"lat":51.350554,"lng":19.356577,"hdg":74,"speedKmh":42.9,"exploring":false,"frameMoveM":0}
06-04 20:07:05.330 I/ReactNativeJS(30359): [VROOM-TEL] 2026-06-04T18:07:05.330Z | DRIVE_TRACE_HEARTBEAT | {"t":1780596425330,"seq":675,"gpsTickId":1780596424955,"gpsTickAgeMs":345,"driving":true,"navigating":false,"tripActive":true,"lat":51.3505048,"lng":19.3570809,"gpsAgeMs":345}
06-04 20:07:05.446 I/ReactNativeJS(30359): [VROOM-TEL] 2026-06-04T18:07:05.446Z | CAMERA_HEADING | {"t":1780596425446,"speedKmh":43,"movedM":0.17,"moveBearing":null,"snapHdg":74,"headingOut":74,"flipFromPrevDeg":0,"lookaheadM":37,"nativeFollow":true}
06-04 20:07:05.630 I/ReactNativeJS(30359): [VROOM-TEL] 2026-06-04T18:07:05.630Z | DRIVE_TRACE_CAMERA | {"t":1780596425630,"seq":676,"gpsTickId":1780596424955,"gpsTickAgeMs":645,"lat":51.350563,"lng":19.356625,"hdg":74,"speedKmh":42.9,"exploring":false,"frameMoveM":0}
06-04 20:07:05.813 I/ReactNativeJS(30359): [VROOM-TEL] 2026-06-04T18:07:05.813Z | CAM_FOLLOW_PUSH | {"t":1780596425813,"lat":51.350567,"lng":19.356651,"hdg":86,"snapHdg":86,"speedKmh":43,"exploring":false,"source":"drive_marker_sv_60fps"}
06-04 20:07:05.985 I/ReactNativeJS(30359): [VROOM-TEL] 2026-06-04T18:07:05.985Z | RAW_GPS_TICK | {"t":1780596425985,"gpsTickId":1780596425954,"gpsTickAgeMs":0,"lat":51.350495,"lng":19.357252,"speed":12.06,"speedKmh":43.4,"accuracy":4,"osTimestamp":1780596425954,"tripActive":true,"appState":"active"}
06-04 20:07:05.985 I/ReactNativeJS(30359): [VROOM-TEL] 2026-06-04T18:07:05.985Z | DRIVE_TRACE_RAW | {"t":1780596425985,"seq":677,"gpsTickId":1780596425954,"gpsTickAgeMs":0,"rawLat":51.350495,"rawLng":19.357252,"accM":4,"speedKmh":43.4,"speedMs":12.1,"heading":96,"tripActive":true,"driving":true,"navigating":false,"osTimestamp":1780596425954}
06-04 20:07:05.987 I/ReactNativeJS(30359): [VROOM-TEL] 2026-06-04T18:07:05.987Z | DRIVE_TRACE_FEED | {"t":1780596425987,"seq":678,"gpsTickId":1780596425954,"gpsTickAgeMs":2,"lat":51.350545,"lng":19.357038,"hdg":96,"durationMs":1200,"speedKmh":44.4}
06-04 20:07:05.988 I/ReactNativeJS(30359): [VROOM-TEL] 2026-06-04T18:07:05.988Z | DRIVE_TRACE_TICK | {"t":1780596425988,"seq":679,"gpsTickId":1780596425954,"gpsTickAgeMs":2,"rawLat":51.350495,"rawLng":19.357252,"snapLat":51.350545,"snapLng":19.357038,"markerLat":51.350545,"markerLng":19.357038,"markerHdg":96,"markerSvLat":51.350567,"markerSvLng":19.356663,"markerSvHdg":90,"accM":4,"hudKmh":44.4,"engineKmh":44.4,"dopplerKmh":43.4,"feedDurMs":1200,"cadenceMs":998,"feedSpeedMs":12.3,"isNavigating":false,"isFreeDrive":true,"isMoving":true,"feedSkipGate":false,"feedAccepted":true,"feedHeadingOnly":false,"source":"drive_core_v2"}
06-04 20:07:05.988 I/ReactNativeJS(30359): [VROOM-TEL] 2026-06-04T18:07:05.988Z | GPS_ACCEPT | {"lat":51.350495,"lng":19.357252,"acc":4,"speedKmh":43.4,"gpsLock":true}
06-04 20:07:06.097 I/ReactNativeJS(30359): [VROOM-TEL] 2026-06-04T18:07:06.097Z | DRIVE_TRACE_CAMERA | {"t":1780596426097,"seq":680,"gpsTickId":1780596425954,"gpsTickAgeMs":112,"lat":51.350567,"lng":19.35667,"hdg":93,"speedKmh":44.4,"exploring":false,"frameMoveM":0}
06-04 20:07:06.399 I/ReactNativeJS(30359): [VROOM-TEL] 2026-06-04T18:07:06.399Z | DRIVE_TRACE_CAMERA | {"t":1780596426399,"seq":681,"gpsTickId":1780596425954,"gpsTickAgeMs":414,"lat":51.350561,"lng":19.356764,"hdg":95,"speedKmh":44.4,"exploring":false,"frameMoveM":0}
06-04 20:07:06.546 I/ReactNativeJS(30359): [VROOM-TEL] 2026-06-04T18:07:06.546Z | CAMERA_HEADING | {"t":1780596426546,"speedKmh":44,"movedM":0.37,"moveBearing":null,"snapHdg":95,"headingOut":95,"flipFromPrevDeg":0,"lookaheadM":37,"nativeFollow":true}
06-04 20:07:06.613 I/ReactNativeJS(30359): [VROOM-TEL] 2026-06-04T18:07:06.613Z | CAM_FOLLOW_PUSH | {"t":1780596426613,"lat":51.350556,"lng":19.356858,"hdg":95,"snapHdg":95,"speedKmh":44,"exploring":false,"source":"drive_marker_sv_60fps"}
06-04 20:07:06.713 I/ReactNativeJS(30359): [VROOM-TEL] 2026-06-04T18:07:06.713Z | DRIVE_TRACE_CAMERA | {"t":1780596426713,"seq":682,"gpsTickId":1780596425954,"gpsTickAgeMs":728,"lat":51.350554,"lng":19.356889,"hdg":95,"speedKmh":44.4,"exploring":false,"frameMoveM":0}
06-04 20:07:06.988 I/ReactNativeJS(30359): [VROOM-TEL] 2026-06-04T18:07:06.988Z | RAW_GPS_TICK | {"t":1780596426988,"gpsTickId":1780596426954,"gpsTickAgeMs":1,"lat":51.350491,"lng":19.357434,"speed":12.68,"speedKmh":45.6,"accuracy":4,"osTimestamp":1780596426954,"tripActive":true,"appState":"active"}
06-04 20:07:06.988 I/ReactNativeJS(30359): [VROOM-TEL] 2026-06-04T18:07:06.988Z | DRIVE_TRACE_RAW | {"t":1780596426988,"seq":683,"gpsTickId":1780596426954,"gpsTickAgeMs":1,"rawLat":51.350491,"rawLng":19.357434,"accM":4,"speedKmh":45.6,"speedMs":12.7,"heading":92,"tripActive":true,"driving":true,"navigating":false,"osTimestamp":1780596426954}
06-04 20:07:06.990 I/ReactNativeJS(30359): [VROOM-TEL] 2026-06-04T18:07:06.990Z | DRIVE_TRACE_FEED | {"t":1780596426990,"seq":684,"gpsTickId":1780596426954,"gpsTickAgeMs":3,"lat":51.350529,"lng":19.357168,"hdg":94,"durationMs":715,"speedKmh":46.6}
06-04 20:07:06.990 I/ReactNativeJS(30359): [VROOM-TEL] 2026-06-04T18:07:06.990Z | DRIVE_TRACE_TICK | {"t":1780596426990,"seq":685,"gpsTickId":1780596426954,"gpsTickAgeMs":3,"rawLat":51.350491,"rawLng":19.357434,"snapLat":51.350529,"snapLng":19.357168,"markerLat":51.350529,"markerLng":19.357168,"markerHdg":94,"markerSvLat":51.350549,"markerSvLng":19.356973,"markerSvHdg":95,"accM":4,"hudKmh":46.6,"engineKmh":46.6,"dopplerKmh":45.6,"feedDurMs":715,"cadenceMs":999,"feedSpeedMs":12.9,"isNavigating":false,"isFreeDrive":true,"isMoving":true,"feedSkipGate":false,"feedAccepted":true,"feedHeadingOnly":false,"source":"drive_core_v2"}
06-04 20:07:06.990 I/ReactNativeJS(30359): [VROOM-TEL] 2026-06-04T18:07:06.990Z | GPS_ACCEPT | {"lat":51.350491,"lng":19.357434,"acc":4,"speedKmh":45.6,"gpsLock":true}
06-04 20:07:07.041 I/ReactNativeJS(30359): [VROOM-TEL] 2026-06-04T18:07:07.041Z | DRIVE_TRACE_CAMERA | {"t":1780596427041,"seq":686,"gpsTickId":1780596426954,"gpsTickAgeMs":54,"lat":51.350548,"lng":19.356979,"hdg":98,"speedKmh":46.6,"exploring":false,"frameMoveM":0}
06-04 20:07:07.346 I/ReactNativeJS(30359): [VROOM-TEL] 2026-06-04T18:07:07.346Z | DRIVE_TRACE_CAMERA | {"t":1780596427346,"seq":687,"gpsTickId":1780596426954,"gpsTickAgeMs":359,"lat":51.350539,"lng":19.357071,"hdg":99,"speedKmh":46.6,"exploring":false,"frameMoveM":0}
06-04 20:07:07.413 I/ReactNativeJS(30359): [VROOM-TEL] 2026-06-04T18:07:07.413Z | CAM_FOLLOW_PUSH | {"t":1780596427413,"lat":51.350537,"lng":19.357089,"hdg":99,"snapHdg":99,"speedKmh":47,"exploring":false,"source":"drive_marker_sv_60fps"}
06-04 20:07:07.646 I/ReactNativeJS(30359): [VROOM-TEL] 2026-06-04T18:07:07.646Z | CAMERA_HEADING | {"t":1780596427646,"speedKmh":47,"movedM":0.31,"moveBearing":null,"snapHdg":99,"headingOut":99,"flipFromPrevDeg":0,"lookaheadM":37,"nativeFollow":true}
06-04 20:07:07.646 I/ReactNativeJS(30359): [VROOM-TEL] 2026-06-04T18:07:07.646Z | DRIVE_TRACE_CAMERA | {"t":1780596427646,"seq":688,"gpsTickId":1780596426954,"gpsTickAgeMs":659,"lat":51.35053,"lng":19.357152,"hdg":99,"speedKmh":46.6,"exploring":false,"frameMoveM":0}
06-04 20:07:07.988 I/ReactNativeJS(30359): [VROOM-TEL] 2026-06-04T18:07:07.988Z | RAW_GPS_TICK | {"t":1780596427988,"gpsTickId":1780596427954,"gpsTickAgeMs":0,"lat":51.350491,"lng":19.357621,"speed":12.99,"speedKmh":46.8,"accuracy":4,"osTimestamp":1780596427954,"tripActive":true,"appState":"active"}
06-04 20:07:07.988 I/ReactNativeJS(30359): [VROOM-TEL] 2026-06-04T18:07:07.988Z | DRIVE_TRACE_RAW | {"t":1780596427988,"seq":689,"gpsTickId":1780596427954,"gpsTickAgeMs":0,"rawLat":51.350491,"rawLng":19.357621,"accM":4,"speedKmh":46.8,"speedMs":13,"heading":88,"tripActive":true,"driving":true,"navigating":false,"osTimestamp":1780596427954}
06-04 20:07:07.990 I/ReactNativeJS(30359): [VROOM-TEL] 2026-06-04T18:07:07.990Z | DRIVE_TRACE_FEED | {"t":1780596427990,"seq":690,"gpsTickId":1780596427954,"gpsTickAgeMs":2,"lat":51.35051,"lng":19.3573,"hdg":91,"durationMs":712,"speedKmh":47.4}
06-04 20:07:07.991 I/ReactNativeJS(30359): [VROOM-TEL] 2026-06-04T18:07:07.991Z | DRIVE_TRACE_TICK | {"t":1780596427991,"seq":691,"gpsTickId":1780596427954,"gpsTickAgeMs":2,"rawLat":51.350491,"rawLng":19.357621,"snapLat":51.35051,"snapLng":19.3573,"markerLat":51.35051,"markerLng":19.3573,"markerHdg":91,"markerSvLat":51.350527,"markerSvLng":19.357199,"markerSvHdg":95,"accM":4,"hudKmh":47.4,"engineKmh":47.4,"dopplerKmh":46.8,"feedDurMs":712,"cadenceMs":1000,"feedSpeedMs":13.2,"isNavigating":false,"isFreeDrive":true,"isMoving":true,"feedSkipGate":false,"feedAccepted":true,"feedHeadingOnly":false,"source":"drive_core_v2"}
06-04 20:07:07.991 I/ReactNativeJS(30359): [VROOM-TEL] 2026-06-04T18:07:07.991Z | GPS_ACCEPT | {"lat":51.350491,"lng":19.357621,"acc":4,"speedKmh":46.8,"gpsLock":true}
06-04 20:07:08.072 I/ReactNativeJS(30359): [VROOM-TEL] 2026-06-04T18:07:08.072Z | DRIVE_TRACE_CAMERA | {"t":1780596428072,"seq":692,"gpsTickId":1780596427954,"gpsTickAgeMs":84,"lat":51.350526,"lng":19.357202,"hdg":98,"speedKmh":47.4,"exploring":false,"frameMoveM":0}
06-04 20:07:08.213 I/ReactNativeJS(30359): [VROOM-TEL] 2026-06-04T18:07:08.213Z | CAM_FOLLOW_PUSH | {"t":1780596428213,"lat":51.350521,"lng":19.357231,"hdg":105,"snapHdg":105,"speedKmh":47,"exploring":false,"source":"drive_marker_sv_60fps"}
06-04 20:07:08.379 I/ReactNativeJS(30359): [VROOM-TEL] 2026-06-04T18:07:08.379Z | DRIVE_TRACE_CAMERA | {"t":1780596428379,"seq":693,"gpsTickId":1780596427954,"gpsTickAgeMs":391,"lat":51.350517,"lng":19.357254,"hdg":105,"speedKmh":47.4,"exploring":false,"frameMoveM":0}
06-04 20:07:08.680 I/ReactNativeJS(30359): [VROOM-TEL] 2026-06-04T18:07:08.680Z | DRIVE_TRACE_CAMERA | {"t":1780596428680,"seq":694,"gpsTickId":1780596427954,"gpsTickAgeMs":692,"lat":51.35051,"lng":19.357297,"hdg":105,"speedKmh":47.4,"exploring":false,"frameMoveM":0}
06-04 20:07:08.746 I/ReactNativeJS(30359): [VROOM-TEL] 2026-06-04T18:07:08.746Z | CAMERA_HEADING | {"t":1780596428746,"speedKmh":47,"movedM":0.22,"moveBearing":null,"snapHdg":100,"headingOut":100,"flipFromPrevDeg":2,"lookaheadM":37,"nativeFollow":true}
06-04 20:07:08.988 I/ReactNativeJS(30359): [VROOM-TEL] 2026-06-04T18:07:08.988Z | RAW_GPS_TICK | {"t":1780596428988,"gpsTickId":1780596428954,"gpsTickAgeMs":0,"lat":51.350496,"lng":19.357807,"speed":13.11,"speedKmh":47.2,"accuracy":4,"osTimestamp":1780596428954,"tripActive":true,"appState":"active"}
06-04 20:07:08.988 I/ReactNativeJS(30359): [VROOM-TEL] 2026-06-04T18:07:08.988Z | DRIVE_TRACE_RAW | {"t":1780596428988,"seq":695,"gpsTickId":1780596428954,"gpsTickAgeMs":0,"rawLat":51.350496,"rawLng":19.357807,"accM":4,"speedKmh":47.2,"speedMs":13.1,"heading":87,"tripActive":true,"driving":true,"navigating":false,"osTimestamp":1780596428954}
06-04 20:07:08.990 I/ReactNativeJS(30359): [VROOM-TEL] 2026-06-04T18:07:08.990Z | DRIVE_TRACE_FEED | {"t":1780596428990,"seq":696,"gpsTickId":1780596428954,"gpsTickAgeMs":2,"lat":51.35049,"lng":19.357431,"hdg":89,"durationMs":713,"speedKmh":47.2}
06-04 20:07:08.990 I/ReactNativeJS(30359): [VROOM-TEL] 2026-06-04T18:07:08.990Z | DRIVE_TRACE_TICK | {"t":1780596428990,"seq":697,"gpsTickId":1780596428954,"gpsTickAgeMs":2,"rawLat":51.350496,"rawLng":19.357807,"snapLat":51.35049,"snapLng":19.357431,"markerLat":51.35049,"markerLng":19.357431,"markerHdg":89,"markerSvLat":51.350507,"markerSvLng":19.357331,"markerSvHdg":96,"accM":4,"hudKmh":47.2,"engineKmh":46.9,"dopplerKmh":47.2,"feedDurMs":713,"cadenceMs":1000,"feedSpeedMs":13.1,"isNavigating":false,"isFreeDrive":true,"isMoving":true,"feedSkipGate":false,"feedAccepted":true,"feedHeadingOnly":false,"source":"drive_core_v2"}
06-04 20:07:08.990 I/ReactNativeJS(30359): [VROOM-TEL] 2026-06-04T18:07:08.990Z | GPS_ACCEPT | {"lat":51.350496,"lng":19.357807,"acc":4,"speedKmh":47.2,"gpsLock":true}
06-04 20:07:09.042 I/ReactNativeJS(30359): [VROOM-TEL] 2026-06-04T18:07:09.042Z | CAM_FOLLOW_PUSH | {"t":1780596429042,"lat":51.350506,"lng":19.357334,"hdg":98,"snapHdg":98,"speedKmh":47,"exploring":false,"source":"drive_marker_sv_60fps"}
06-04 20:07:09.042 I/ReactNativeJS(30359): [VROOM-TEL] 2026-06-04T18:07:09.042Z | DRIVE_TRACE_CAMERA | {"t":1780596429042,"seq":698,"gpsTickId":1780596428954,"gpsTickAgeMs":54,"lat":51.350506,"lng":19.357334,"hdg":98,"speedKmh":47.2,"exploring":false,"frameMoveM":0}
06-04 20:07:09.346 I/ReactNativeJS(30359): [VROOM-TEL] 2026-06-04T18:07:09.346Z | DRIVE_TRACE_CAMERA | {"t":1780596429346,"seq":699,"gpsTickId":1780596428954,"gpsTickAgeMs":358,"lat":51.350498,"lng":19.357381,"hdg":105,"speedKmh":47.2,"exploring":false,"frameMoveM":0}
06-04 20:07:09.664 I/ReactNativeJS(30359): [VROOM-TEL] 2026-06-04T18:07:09.664Z | DRIVE_TRACE_CAMERA | {"t":1780596429664,"seq":700,"gpsTickId":1780596428954,"gpsTickAgeMs":676,"lat":51.350491,"lng":19.357425,"hdg":105,"speedKmh":47.2,"exploring":false,"frameMoveM":0}
06-04 20:07:09.846 I/ReactNativeJS(30359): [VROOM-TEL] 2026-06-04T18:07:09.846Z | CAMERA_HEADING | {"t":1780596429846,"speedKmh":47,"movedM":0.22,"moveBearing":null,"snapHdg":96,"headingOut":96,"flipFromPrevDeg":0,"lookaheadM":37,"nativeFollow":true}
06-04 20:07:09.846 I/ReactNativeJS(30359): [VROOM-TEL] 2026-06-04T18:07:09.846Z | CAM_FOLLOW_PUSH | {"t":1780596429846,"lat":51.350487,"lng":19.357455,"hdg":96,"snapHdg":96,"speedKmh":47,"exploring":false,"source":"drive_marker_sv_60fps"}
06-04 20:07:09.972 I/ReactNativeJS(30359): [VROOM-TEL] 2026-06-04T18:07:09.972Z | RAW_GPS_TICK | {"t":1780596429972,"gpsTickId":1780596429954,"gpsTickAgeMs":0,"lat":51.350503,"lng":19.357995,"speed":13.22,"speedKmh":47.6,"accuracy":4,"osTimestamp":1780596429954,"tripActive":true,"appState":"active"}
06-04 20:07:09.972 I/ReactNativeJS(30359): [VROOM-TEL] 2026-06-04T18:07:09.972Z | DRIVE_TRACE_RAW | {"t":1780596429972,"seq":701,"gpsTickId":1780596429954,"gpsTickAgeMs":0,"rawLat":51.350503,"rawLng":19.357995,"accM":4,"speedKmh":47.6,"speedMs":13.2,"heading":87,"tripActive":true,"driving":true,"navigating":false,"osTimestamp":1780596429954}
06-04 20:07:09.975 I/ReactNativeJS(30359): [VROOM-TEL] 2026-06-04T18:07:09.975Z | DRIVE_TRACE_FEED | {"t":1780596429975,"seq":702,"gpsTickId":1780596429954,"gpsTickAgeMs":3,"lat":51.350487,"lng":19.357566,"hdg":87,"durationMs":711,"speedKmh":47.6}
06-04 20:07:09.975 I/ReactNativeJS(30359): [VROOM-TEL] 2026-06-04T18:07:09.975Z | DRIVE_TRACE_TICK | {"t":1780596429975,"seq":703,"gpsTickId":1780596429954,"gpsTickAgeMs":3,"rawLat":51.350503,"rawLng":19.357995,"snapLat":51.350487,"snapLng":19.357566,"markerLat":51.350487,"markerLng":19.357566,"markerHdg":87,"markerSvLat":51.350487,"markerSvLng":19.357462,"markerSvHdg":96,"accM":4,"hudKmh":47.6,"engineKmh":47.5,"dopplerKmh":47.6,"feedDurMs":711,"cadenceMs":994,"feedSpeedMs":13.2,"isNavigating":false,"isFreeDrive":true,"isMoving":true,"feedSkipGate":false,"feedAccepted":true,"feedHeadingOnly":false,"source":"drive_core_v2"}
06-04 20:07:09.975 I/ReactNativeJS(30359): [VROOM-TEL] 2026-06-04T18:07:09.975Z | GPS_ACCEPT | {"lat":51.350503,"lng":19.357995,"acc":4,"speedKmh":47.9,"gpsLock":true}
06-04 20:07:09.983 I/ReactNativeJS(30359): [VROOM-TEL] 2026-06-04T18:07:09.983Z | DRIVE_TRACE_CAMERA | {"t":1780596429983,"seq":704,"gpsTickId":1780596429954,"gpsTickAgeMs":11,"lat":51.350487,"lng":19.357462,"hdg":93,"speedKmh":47.6,"exploring":false,"frameMoveM":0}
06-04 20:07:10.296 I/ReactNativeJS(30359): [VROOM-TEL] 2026-06-04T18:07:10.296Z | DRIVE_TRACE_CAMERA | {"t":1780596430296,"seq":705,"gpsTickId":1780596429954,"gpsTickAgeMs":324,"lat":51.350487,"lng":19.357509,"hdg":89,"speedKmh":47.6,"exploring":false,"frameMoveM":0}
06-04 20:07:10.346 I/ReactNativeJS(30359): [VROOM-TEL] 2026-06-04T18:07:10.346Z | DRIVE_TRACE_HEARTBEAT | {"t":1780596430346,"seq":706,"gpsTickId":1780596429954,"gpsTickAgeMs":374,"driving":true,"navigating":false,"tripActive":true,"lat":51.3505026,"lng":19.3579951,"gpsAgeMs":374}
06-04 20:07:10.596 I/ReactNativeJS(30359): [VROOM-TEL] 2026-06-04T18:07:10.596Z | DRIVE_TRACE_CAMERA | {"t":1780596430596,"seq":707,"gpsTickId":1780596429954,"gpsTickAgeMs":624,"lat":51.350487,"lng":19.357553,"hdg":89,"speedKmh":47.6,"exploring":false,"frameMoveM":0}
06-04 20:07:10.646 I/ReactNativeJS(30359): [VROOM-TEL] 2026-06-04T18:07:10.646Z | CAM_FOLLOW_PUSH | {"t":1780596430646,"lat":51.350487,"lng":19.35756,"hdg":89,"snapHdg":89,"speedKmh":48,"exploring":false,"source":"drive_marker_sv_60fps"}
06-04 20:07:10.988 I/ReactNativeJS(30359): [VROOM-TEL] 2026-06-04T18:07:10.988Z | RAW_GPS_TICK | {"t":1780596430988,"gpsTickId":1780596430955,"gpsTickAgeMs":0,"lat":51.350506,"lng":19.358186,"speed":13.35,"speedKmh":48.1,"accuracy":4,"osTimestamp":1780596430955,"tripActive":true,"appState":"active"}
06-04 20:07:10.988 I/ReactNativeJS(30359): [VROOM-TEL] 2026-06-04T18:07:10.988Z | DRIVE_TRACE_RAW | {"t":1780596430988,"seq":708,"gpsTickId":1780596430955,"gpsTickAgeMs":0,"rawLat":51.350506,"rawLng":19.358186,"accM":4,"speedKmh":48.1,"speedMs":13.4,"heading":87,"tripActive":true,"driving":true,"navigating":false,"osTimestamp":1780596430955}
06-04 20:07:10.990 I/ReactNativeJS(30359): [VROOM-TEL] 2026-06-04T18:07:10.989Z | DRIVE_TRACE_FEED | {"t":1780596430989,"seq":709,"gpsTickId":1780596430955,"gpsTickAgeMs":1,"lat":51.350495,"lng":19.357968,"hdg":88,"durationMs":1200,"speedKmh":48.1}
06-04 20:07:10.990 I/ReactNativeJS(30359): [VROOM-TEL] 2026-06-04T18:07:10.990Z | DRIVE_TRACE_TICK | {"t":1780596430990,"seq":710,"gpsTickId":1780596430955,"gpsTickAgeMs":2,"rawLat":51.350506,"rawLng":19.358186,"snapLat":51.350495,"snapLng":19.357968,"markerLat":51.350495,"markerLng":19.357968,"markerHdg":88,"markerSvLat":51.350488,"markerSvLng":19.357598,"markerSvHdg":87,"accM":4,"hudKmh":48.1,"engineKmh":47.9,"dopplerKmh":48.1,"feedDurMs":1200,"cadenceMs":1002,"feedSpeedMs":13.4,"isNavigating":false,"isFreeDrive":true,"isMoving":true,"feedSkipGate":false,"feedAccepted":true,"feedHeadingOnly":false,"source":"drive_core_v2"}
06-04 20:07:10.990 I/ReactNativeJS(30359): [VROOM-TEL] 2026-06-04T18:07:10.990Z | GPS_ACCEPT | {"lat":51.350506,"lng":19.358186,"acc":4,"speedKmh":48.1,"gpsLock":true}
06-04 20:07:11.029 I/ReactNativeJS(30359): [VROOM-TEL] 2026-06-04T18:07:11.029Z | CAMERA_HEADING | {"t":1780596431029,"speedKmh":48,"movedM":0.49,"moveBearing":null,"snapHdg":88,"headingOut":88,"flipFromPrevDeg":1,"lookaheadM":37,"nativeFollow":true}
06-04 20:07:11.070 I/ReactNativeJS(30359): [VROOM-TEL] 2026-06-04T18:07:11.070Z | DRIVE_TRACE_CAMERA | {"t":1780596431070,"seq":711,"gpsTickId":1780596430955,"gpsTickAgeMs":82,"lat":51.350488,"lng":19.357605,"hdg":88,"speedKmh":48.1,"exploring":false,"frameMoveM":0}
06-04 20:07:11.380 I/ReactNativeJS(30359): [VROOM-TEL] 2026-06-04T18:07:11.380Z | DRIVE_TRACE_CAMERA | {"t":1780596431380,"seq":712,"gpsTickId":1780596430955,"gpsTickAgeMs":392,"lat":51.35049,"lng":19.357718,"hdg":88,"speedKmh":48.1,"exploring":false,"frameMoveM":0}
06-04 20:07:11.447 I/ReactNativeJS(30359): [VROOM-TEL] 2026-06-04T18:07:11.447Z | CAM_FOLLOW_PUSH | {"t":1780596431447,"lat":51.350491,"lng":19.357739,"hdg":88,"snapHdg":88,"speedKmh":48,"exploring":false,"source":"drive_marker_sv_60fps"}
06-04 20:07:11.680 I/ReactNativeJS(30359): [VROOM-TEL] 2026-06-04T18:07:11.680Z | DRIVE_TRACE_CAMERA | {"t":1780596431680,"seq":713,"gpsTickId":1780596430955,"gpsTickAgeMs":692,"lat":51.350492,"lng":19.357811,"hdg":88,"speedKmh":48.1,"exploring":false,"frameMoveM":0}
06-04 20:07:12.025 I/ReactNativeJS(30359): [VROOM-TEL] 2026-06-04T18:07:12.025Z | DRIVE_TRACE_CAMERA | {"t":1780596432025,"seq":714,"gpsTickId":1780596430955,"gpsTickAgeMs":1037,"lat":51.350494,"lng":19.357888,"hdg":88,"speedKmh":48.1,"exploring":false,"frameMoveM":0}
06-04 20:07:12.026 I/ReactNativeJS(30359): [VROOM-TEL] 2026-06-04T18:07:12.026Z | RAW_GPS_TICK | {"t":1780596432026,"gpsTickId":1780596431955,"gpsTickAgeMs":0,"lat":51.350507,"lng":19.358379,"speed":13.45,"speedKmh":48.4,"accuracy":4,"osTimestamp":1780596431955,"tripActive":true,"appState":"active"}
06-04 20:07:12.026 I/ReactNativeJS(30359): [VROOM-TEL] 2026-06-04T18:07:12.026Z | DRIVE_TRACE_RAW | {"t":1780596432026,"seq":715,"gpsTickId":1780596431955,"gpsTickAgeMs":0,"rawLat":51.350507,"rawLng":19.358379,"accM":4,"speedKmh":48.4,"speedMs":13.4,"heading":89,"tripActive":true,"driving":true,"navigating":false,"osTimestamp":1780596431955}
06-04 20:07:12.027 I/ReactNativeJS(30359): [VROOM-TEL] 2026-06-04T18:07:12.027Z | DRIVE_TRACE_FEED | {"t":1780596432027,"seq":716,"gpsTickId":1780596431955,"gpsTickAgeMs":1,"lat":51.350499,"lng":19.358106,"hdg":89,"durationMs":709,"speedKmh":48.4}
06-04 20:07:12.028 I/ReactNativeJS(30359): [VROOM-TEL] 2026-06-04T18:07:12.028Z | DRIVE_TRACE_TICK | {"t":1780596432028,"seq":717,"gpsTickId":1780596431955,"gpsTickAgeMs":2,"rawLat":51.350507,"rawLng":19.358379,"snapLat":51.350499,"snapLng":19.358106,"markerLat":51.350499,"markerLng":19.358106,"markerHdg":89,"markerSvLat":51.350494,"markerSvLng":19.357914,"markerSvHdg":88,"accM":4,"hudKmh":48.4,"engineKmh":48.3,"dopplerKmh":48.4,"feedDurMs":709,"cadenceMs":1015,"feedSpeedMs":13.4,"isNavigating":false,"isFreeDrive":true,"isMoving":true,"feedSkipGate":false,"feedAccepted":true,"feedHeadingOnly":false,"source":"drive_core_v2"}
06-04 20:07:12.028 I/ReactNativeJS(30359): [VROOM-TEL] 2026-06-04T18:07:12.028Z | GPS_ACCEPT | {"lat":51.350507,"lng":19.358379,"acc":4,"speedKmh":48.4,"gpsLock":true}
06-04 20:07:12.130 I/ReactNativeJS(30359): [VROOM-TEL] 2026-06-04T18:07:12.130Z | CAMERA_HEADING | {"t":1780596432130,"speedKmh":48,"movedM":1.57,"moveBearing":88,"snapHdg":88,"headingOut":88,"flipFromPrevDeg":1,"lookaheadM":37,"nativeFollow":true}
06-04 20:07:12.264 I/ReactNativeJS(30359): [VROOM-TEL] 2026-06-04T18:07:12.264Z | CAM_FOLLOW_PUSH | {"t":1780596432264,"lat":51.350496,"lng":19.357978,"hdg":88,"snapHdg":88,"speedKmh":48,"exploring":false,"source":"drive_marker_sv_60fps"}
06-04 20:07:12.330 I/ReactNativeJS(30359): [VROOM-TEL] 2026-06-04T18:07:12.330Z | DRIVE_TRACE_CAMERA | {"t":1780596432330,"seq":718,"gpsTickId":1780596431955,"gpsTickAgeMs":304,"lat":51.350496,"lng":19.357995,"hdg":88,"speedKmh":48.4,"exploring":false,"frameMoveM":0}
06-04 20:07:12.647 I/ReactNativeJS(30359): [VROOM-TEL] 2026-06-04T18:07:12.647Z | DRIVE_TRACE_CAMERA | {"t":1780596432647,"seq":719,"gpsTickId":1780596431955,"gpsTickAgeMs":621,"lat":51.350498,"lng":19.358081,"hdg":88,"speedKmh":48.4,"exploring":false,"frameMoveM":0}
06-04 20:07:12.971 I/ReactNativeJS(30359): [VROOM-TEL] 2026-06-04T18:07:12.970Z | RAW_GPS_TICK | {"t":1780596432970,"gpsTickId":1780596432954,"gpsTickAgeMs":0,"lat":51.350502,"lng":19.358574,"speed":13.55,"speedKmh":48.8,"accuracy":4,"osTimestamp":1780596432954,"tripActive":true,"appState":"active"}
06-04 20:07:12.971 I/ReactNativeJS(30359): [VROOM-TEL] 2026-06-04T18:07:12.971Z | DRIVE_TRACE_RAW | {"t":1780596432971,"seq":720,"gpsTickId":1780596432954,"gpsTickAgeMs":1,"rawLat":51.350502,"rawLng":19.358574,"accM":4,"speedKmh":48.8,"speedMs":13.6,"heading":91,"tripActive":true,"driving":true,"navigating":false,"osTimestamp":1780596432954}
06-04 20:07:12.973 I/ReactNativeJS(30359): [VROOM-TEL] 2026-06-04T18:07:12.973Z | DRIVE_TRACE_FEED | {"t":1780596432973,"seq":721,"gpsTickId":1780596432954,"gpsTickAgeMs":3,"lat":51.3505,"lng":19.358244,"hdg":91,"durationMs":708,"speedKmh":48.8}
06-04 20:07:12.973 I/ReactNativeJS(30359): [VROOM-TEL] 2026-06-04T18:07:12.973Z | DRIVE_TRACE_TICK | {"t":1780596432973,"seq":722,"gpsTickId":1780596432954,"gpsTickAgeMs":3,"rawLat":51.350502,"rawLng":19.358574,"snapLat":51.3505,"snapLng":19.358244,"markerLat":51.3505,"markerLng":19.358244,"markerHdg":91,"markerSvLat":51.3505,"markerSvLng":19.358138,"markerSvHdg":88,"accM":4,"hudKmh":48.8,"engineKmh":48.4,"dopplerKmh":48.8,"feedDurMs":708,"cadenceMs":990,"feedSpeedMs":13.6,"isNavigating":false,"isFreeDrive":true,"isMoving":true,"feedSkipGate":false,"feedAccepted":true,"feedHeadingOnly":false,"source":"drive_core_v2"}
06-04 20:07:12.973 I/ReactNativeJS(30359): [VROOM-TEL] 2026-06-04T18:07:12.973Z | GPS_ACCEPT | {"lat":51.350502,"lng":19.358574,"acc":4,"speedKmh":51.8,"gpsLock":true}
06-04 20:07:12.981 I/ReactNativeJS(30359): [VROOM-TEL] 2026-06-04T18:07:12.981Z | DRIVE_TRACE_CAMERA | {"t":1780596432981,"seq":723,"gpsTickId":1780596432954,"gpsTickAgeMs":11,"lat":51.3505,"lng":19.358139,"hdg":89,"speedKmh":48.8,"exploring":false,"frameMoveM":0}
06-04 20:07:13.079 I/ReactNativeJS(30359): [VROOM-TEL] 2026-06-04T18:07:13.079Z | CAM_FOLLOW_PUSH | {"t":1780596433079,"lat":51.3505,"lng":19.358154,"hdg":89,"snapHdg":89,"speedKmh":49,"exploring":false,"source":"drive_marker_sv_60fps"}
06-04 20:07:13.247 I/ReactNativeJS(30359): [VROOM-TEL] 2026-06-04T18:07:13.247Z | CAMERA_HEADING | {"t":1780596433247,"speedKmh":49,"movedM":0.18,"moveBearing":null,"snapHdg":89,"headingOut":89,"flipFromPrevDeg":0,"lookaheadM":37,"nativeFollow":true}
06-04 20:07:13.296 I/ReactNativeJS(30359): [VROOM-TEL] 2026-06-04T18:07:13.295Z | DRIVE_TRACE_CAMERA | {"t":1780596433295,"seq":724,"gpsTickId":1780596432954,"gpsTickAgeMs":325,"lat":51.3505,"lng":19.358186,"hdg":89,"speedKmh":48.8,"exploring":false,"frameMoveM":0}
06-04 20:07:13.596 I/ReactNativeJS(30359): [VROOM-TEL] 2026-06-04T18:07:13.596Z | DRIVE_TRACE_CAMERA | {"t":1780596433596,"seq":725,"gpsTickId":1780596432954,"gpsTickAgeMs":626,"lat":51.3505,"lng":19.358231,"hdg":89,"speedKmh":48.8,"exploring":false,"frameMoveM":0}
06-04 20:07:13.982 I/ReactNativeJS(30359): [VROOM-TEL] 2026-06-04T18:07:13.982Z | RAW_GPS_TICK | {"t":1780596433982,"gpsTickId":1780596433954,"gpsTickAgeMs":0,"lat":51.350494,"lng":19.358772,"speed":13.65,"speedKmh":49.1,"accuracy":4,"osTimestamp":1780596433954,"tripActive":true,"appState":"active"}
06-04 20:07:13.982 I/ReactNativeJS(30359): [VROOM-TEL] 2026-06-04T18:07:13.982Z | DRIVE_TRACE_RAW | {"t":1780596433982,"seq":726,"gpsTickId":1780596433954,"gpsTickAgeMs":0,"rawLat":51.350494,"rawLng":19.358772,"accM":4,"speedKmh":49.1,"speedMs":13.6,"heading":94,"tripActive":true,"driving":true,"navigating":false,"osTimestamp":1780596433954}
06-04 20:07:13.986 I/ReactNativeJS(30359): [VROOM-TEL] 2026-06-04T18:07:13.986Z | DRIVE_TRACE_FEED | {"t":1780596433986,"seq":727,"gpsTickId":1780596433954,"gpsTickAgeMs":4,"lat":51.350499,"lng":19.358382,"hdg":93,"durationMs":707,"speedKmh":49.1}
06-04 20:07:13.986 I/ReactNativeJS(30359): [VROOM-TEL] 2026-06-04T18:07:13.986Z | DRIVE_TRACE_TICK | {"t":1780596433986,"seq":728,"gpsTickId":1780596433954,"gpsTickAgeMs":4,"rawLat":51.350494,"rawLng":19.358772,"snapLat":51.350499,"snapLng":19.358382,"markerLat":51.350499,"markerLng":19.358382,"markerHdg":93,"markerSvLat":51.350501,"markerSvLng":19.358276,"markerSvHdg":88,"accM":4,"hudKmh":49.1,"engineKmh":48.7,"dopplerKmh":49.1,"feedDurMs":707,"cadenceMs":998,"feedSpeedMs":13.6,"isNavigating":false,"isFreeDrive":true,"isMoving":true,"feedSkipGate":false,"feedAccepted":true,"feedHeadingOnly":false,"source":"drive_core_v2"}
06-04 20:07:13.986 I/ReactNativeJS(30359): [VROOM-TEL] 2026-06-04T18:07:13.986Z | GPS_ACCEPT | {"lat":51.350494,"lng":19.358772,"acc":4,"speedKmh":49.1,"gpsLock":true}
06-04 20:07:14.069 I/ReactNativeJS(30359): [VROOM-TEL] 2026-06-04T18:07:14.069Z | CAM_FOLLOW_PUSH | {"t":1780596434069,"lat":51.350501,"lng":19.35828,"hdg":90,"snapHdg":90,"speedKmh":49,"exploring":false,"source":"drive_marker_sv_60fps"}
06-04 20:07:14.069 I/ReactNativeJS(30359): [VROOM-TEL] 2026-06-04T18:07:14.069Z | DRIVE_TRACE_CAMERA | {"t":1780596434069,"seq":729,"gpsTickId":1780596433954,"gpsTickAgeMs":87,"lat":51.350501,"lng":19.35828,"hdg":90,"speedKmh":49.1,"exploring":false,"frameMoveM":0}
06-04 20:07:14.362 I/ReactNativeJS(30359): [VROOM-TEL] 2026-06-04T18:07:14.362Z | CAMERA_HEADING | {"t":1780596434362,"speedKmh":49,"movedM":0.18,"moveBearing":null,"snapHdg":92,"headingOut":92,"flipFromPrevDeg":0,"lookaheadM":43,"nativeFollow":true}
06-04 20:07:14.380 I/ReactNativeJS(30359): [VROOM-TEL] 2026-06-04T18:07:14.380Z | DRIVE_TRACE_CAMERA | {"t":1780596434380,"seq":730,"gpsTickId":1780596433954,"gpsTickAgeMs":398,"lat":51.3505,"lng":19.358335,"hdg":92,"speedKmh":49.1,"exploring":false,"frameMoveM":0}
06-04 20:07:14.733 I/ReactNativeJS(30359): [VROOM-TEL] 2026-06-04T18:07:14.733Z | DRIVE_TRACE_CAMERA | {"t":1780596434733,"seq":731,"gpsTickId":1780596433954,"gpsTickAgeMs":751,"lat":51.350499,"lng":19.358382,"hdg":92,"speedKmh":49.1,"exploring":false,"frameMoveM":0}
06-04 20:07:14.879 I/ReactNativeJS(30359): [VROOM-TEL] 2026-06-04T18:07:14.879Z | CAM_FOLLOW_PUSH | {"t":1780596434879,"lat":51.3505,"lng":19.358418,"hdg":88,"snapHdg":88,"speedKmh":49,"exploring":false,"source":"drive_marker_sv_60fps"}
06-04 20:07:14.983 I/ReactNativeJS(30359): [VROOM-TEL] 2026-06-04T18:07:14.983Z | RAW_GPS_TICK | {"t":1780596434983,"gpsTickId":1780596434955,"gpsTickAgeMs":0,"lat":51.35048,"lng":19.358968,"speed":13.76,"speedKmh":49.5,"accuracy":4,"osTimestamp":1780596434955,"tripActive":true,"appState":"active"}
06-04 20:07:14.983 I/ReactNativeJS(30359): [VROOM-TEL] 2026-06-04T18:07:14.983Z | DRIVE_TRACE_RAW | {"t":1780596434983,"seq":732,"gpsTickId":1780596434955,"gpsTickAgeMs":0,"rawLat":51.35048,"rawLng":19.358968,"accM":4,"speedKmh":49.5,"speedMs":13.8,"heading":95,"tripActive":true,"driving":true,"navigating":false,"osTimestamp":1780596434955}
06-04 20:07:14.985 I/ReactNativeJS(30359): [VROOM-TEL] 2026-06-04T18:07:14.985Z | DRIVE_TRACE_FEED | {"t":1780596434985,"seq":733,"gpsTickId":1780596434955,"gpsTickAgeMs":2,"lat":51.350496,"lng":19.358522,"hdg":95,"durationMs":705,"speedKmh":49.5}
06-04 20:07:14.986 I/ReactNativeJS(30359): [VROOM-TEL] 2026-06-04T18:07:14.986Z | DRIVE_TRACE_TICK | {"t":1780596434986,"seq":734,"gpsTickId":1780596434955,"gpsTickAgeMs":3,"rawLat":51.35048,"rawLng":19.358968,"snapLat":51.350496,"snapLng":19.358522,"markerLat":51.350496,"markerLng":19.358522,"markerHdg":95,"markerSvLat":51.3505,"markerSvLng":19.358418,"markerSvHdg":88,"accM":4,"hudKmh":49.5,"engineKmh":49.1,"dopplerKmh":49.5,"feedDurMs":705,"cadenceMs":999,"feedSpeedMs":13.8,"isNavigating":false,"isFreeDrive":true,"isMoving":true,"feedSkipGate":false,"feedAccepted":true,"feedHeadingOnly":false,"source":"drive_core_v2"}
06-04 20:07:14.986 I/ReactNativeJS(30359): [VROOM-TEL] 2026-06-04T18:07:14.986Z | GPS_ACCEPT | {"lat":51.35048,"lng":19.358968,"acc":4,"speedKmh":49.5,"gpsLock":true}
06-04 20:07:15.044 I/ReactNativeJS(30359): [VROOM-TEL] 2026-06-04T18:07:15.044Z | DRIVE_TRACE_CAMERA | {"t":1780596435044,"seq":735,"gpsTickId":1780596434955,"gpsTickAgeMs":61,"lat":51.3505,"lng":19.358422,"hdg":90,"speedKmh":49.5,"exploring":false,"frameMoveM":0}
06-04 20:07:15.346 I/ReactNativeJS(30359): [VROOM-TEL] 2026-06-04T18:07:15.346Z | DRIVE_TRACE_CAMERA | {"t":1780596435346,"seq":736,"gpsTickId":1780596434955,"gpsTickAgeMs":363,"lat":51.350498,"lng":19.358471,"hdg":94,"speedKmh":49.5,"exploring":false,"frameMoveM":0}
06-04 20:07:15.363 I/ReactNativeJS(30359): [VROOM-TEL] 2026-06-04T18:07:15.363Z | DRIVE_HEALTH | {"t":1780596435363,"mode":"driving","speedHudKmh":49.5,"speedPipeKmh":49.5,"gpsAgeMs":380,"drAgeMs":378,"gpsToDriftM":31,"snapAnchorDriftM":0,"offRoute":false,"reroutePending":false,"rerouteLoading":false,"hasRoutePts":0}
06-04 20:07:15.363 I/ReactNativeJS(30359): [VROOM-TEL] 2026-06-04T18:07:15.363Z | DRIVE_TRACE_HEARTBEAT | {"t":1780596435363,"seq":737,"gpsTickId":1780596434955,"gpsTickAgeMs":380,"driving":true,"navigating":false,"tripActive":true,"lat":51.3504802,"lng":19.3589682,"gpsAgeMs":380}
06-04 20:07:15.463 I/ReactNativeJS(30359): [VROOM-TEL] 2026-06-04T18:07:15.463Z | CAMERA_HEADING | {"t":1780596435463,"speedKmh":50,"movedM":0.18,"moveBearing":null,"snapHdg":94,"headingOut":94,"flipFromPrevDeg":0,"lookaheadM":43,"nativeFollow":true}
06-04 20:07:15.663 I/ReactNativeJS(30359): [VROOM-TEL] 2026-06-04T18:07:15.663Z | DRIVE_TRACE_CAMERA | {"t":1780596435663,"seq":738,"gpsTickId":1780596434955,"gpsTickAgeMs":680,"lat":51.350496,"lng":19.358518,"hdg":94,"speedKmh":49.5,"exploring":false,"frameMoveM":0}
06-04 20:07:15.679 I/ReactNativeJS(30359): [VROOM-TEL] 2026-06-04T18:07:15.679Z | CAM_FOLLOW_PUSH | {"t":1780596435679,"lat":51.350496,"lng":19.35852,"hdg":94,"snapHdg":94,"speedKmh":50,"exploring":false,"source":"drive_marker_sv_60fps"}
06-04 20:07:15.972 I/ReactNativeJS(30359): [VROOM-TEL] 2026-06-04T18:07:15.972Z | RAW_GPS_TICK | {"t":1780596435972,"gpsTickId":1780596435954,"gpsTickAgeMs":0,"lat":51.350468,"lng":19.359168,"speed":13.92,"speedKmh":50.1,"accuracy":4,"osTimestamp":1780596435954,"tripActive":true,"appState":"active"}
06-04 20:07:15.972 I/ReactNativeJS(30359): [VROOM-TEL] 2026-06-04T18:07:15.972Z | DRIVE_TRACE_RAW | {"t":1780596435972,"seq":739,"gpsTickId":1780596435954,"gpsTickAgeMs":0,"rawLat":51.350468,"rawLng":19.359168,"accM":4,"speedKmh":50.1,"speedMs":13.9,"heading":95,"tripActive":true,"driving":true,"navigating":false,"osTimestamp":1780596435954}
06-04 20:07:15.974 I/ReactNativeJS(30359): [VROOM-TEL] 2026-06-04T18:07:15.974Z | DRIVE_TRACE_FEED | {"t":1780596435974,"seq":740,"gpsTickId":1780596435954,"gpsTickAgeMs":2,"lat":51.350479,"lng":19.358941,"hdg":96,"durationMs":1200,"speedKmh":50.1}
06-04 20:07:15.975 I/ReactNativeJS(30359): [VROOM-TEL] 2026-06-04T18:07:15.974Z | DRIVE_TRACE_TICK | {"t":1780596435974,"seq":741,"gpsTickId":1780596435954,"gpsTickAgeMs":2,"rawLat":51.350468,"rawLng":19.359168,"snapLat":51.350479,"snapLng":19.358941,"markerLat":51.350479,"markerLng":19.358941,"markerHdg":96,"markerSvLat":51.350496,"markerSvLng":19.358558,"markerSvHdg":88,"accM":4,"hudKmh":50.1,"engineKmh":49.5,"dopplerKmh":50.1,"feedDurMs":1200,"cadenceMs":996,"feedSpeedMs":13.9,"isNavigating":false,"isFreeDrive":true,"isMoving":true,"feedSkipGate":false,"feedAccepted":true,"feedHeadingOnly":false,"source":"drive_core_v2"}
06-04 20:07:15.975 I/ReactNativeJS(30359): [VROOM-TEL] 2026-06-04T18:07:15.975Z | GPS_ACCEPT | {"lat":51.350468,"lng":19.359168,"acc":4,"speedKmh":50.9,"gpsLock":true}
06-04 20:07:15.993 I/ReactNativeJS(30359): [VROOM-TEL] 2026-06-04T18:07:15.993Z | DRIVE_TRACE_CAMERA | {"t":1780596435993,"seq":742,"gpsTickId":1780596435954,"gpsTickAgeMs":21,"lat":51.350496,"lng":19.35856,"hdg":90,"speedKmh":50.1,"exploring":false,"frameMoveM":0}
06-04 20:07:16.345 I/ReactNativeJS(30359): [VROOM-TEL] 2026-06-04T18:07:16.345Z | DRIVE_TRACE_CAMERA | {"t":1780596436345,"seq":743,"gpsTickId":1780596435954,"gpsTickAgeMs":373,"lat":51.350492,"lng":19.358656,"hdg":94,"speedKmh":50.1,"exploring":false,"frameMoveM":0}
06-04 20:07:16.479 I/ReactNativeJS(30359): [VROOM-TEL] 2026-06-04T18:07:16.479Z | CAM_FOLLOW_PUSH | {"t":1780596436479,"lat":51.350489,"lng":19.35872,"hdg":94,"snapHdg":94,"speedKmh":50,"exploring":false,"source":"drive_marker_sv_60fps"}
06-04 20:07:16.563 I/ReactNativeJS(30359): [VROOM-TEL] 2026-06-04T18:07:16.563Z | CAMERA_HEADING | {"t":1780596436563,"speedKmh":50,"movedM":0.36,"moveBearing":null,"snapHdg":94,"headingOut":94,"flipFromPrevDeg":0,"lookaheadM":43,"nativeFollow":true}
06-04 20:07:16.646 I/ReactNativeJS(30359): [VROOM-TEL] 2026-06-04T18:07:16.646Z | DRIVE_TRACE_CAMERA | {"t":1780596436646,"seq":744,"gpsTickId":1780596435954,"gpsTickAgeMs":674,"lat":51.350487,"lng":19.358773,"hdg":94,"speedKmh":50.1,"exploring":false,"frameMoveM":0}
06-04 20:07:16.946 I/ReactNativeJS(30359): [VROOM-TEL] 2026-06-04T18:07:16.946Z | DRIVE_TRACE_CAMERA | {"t":1780596436946,"seq":745,"gpsTickId":1780596435954,"gpsTickAgeMs":974,"lat":51.350483,"lng":19.358869,"hdg":94,"speedKmh":50.1,"exploring":false,"frameMoveM":0}
06-04 20:07:16.988 I/ReactNativeJS(30359): [VROOM-TEL] 2026-06-04T18:07:16.988Z | RAW_GPS_TICK | {"t":1780596436988,"gpsTickId":1780596436954,"gpsTickAgeMs":0,"lat":51.350457,"lng":19.359369,"speed":14.04,"speedKmh":50.5,"accuracy":4,"osTimestamp":1780596436954,"tripActive":true,"appState":"active"}
06-04 20:07:16.989 I/ReactNativeJS(30359): [VROOM-TEL] 2026-06-04T18:07:16.988Z | DRIVE_TRACE_RAW | {"t":1780596436988,"seq":746,"gpsTickId":1780596436954,"gpsTickAgeMs":0,"rawLat":51.350457,"rawLng":19.359369,"accM":4,"speedKmh":50.5,"speedMs":14,"heading":95,"tripActive":true,"driving":true,"navigating":false,"osTimestamp":1780596436954}
06-04 20:07:16.991 I/ReactNativeJS(30359): [VROOM-TEL] 2026-06-04T18:07:16.991Z | DRIVE_TRACE_FEED | {"t":1780596436991,"seq":747,"gpsTickId":1780596436954,"gpsTickAgeMs":3,"lat":51.350472,"lng":19.359083,"hdg":95,"durationMs":702,"speedKmh":50.5}
06-04 20:07:16.991 I/ReactNativeJS(30359): [VROOM-TEL] 2026-06-04T18:07:16.991Z | DRIVE_TRACE_TICK | {"t":1780596436991,"seq":748,"gpsTickId":1780596436954,"gpsTickAgeMs":3,"rawLat":51.350457,"rawLng":19.359369,"snapLat":51.350472,"snapLng":19.359083,"markerLat":51.350472,"markerLng":19.359083,"markerHdg":95,"markerSvLat":51.350482,"markerSvLng":19.358879,"markerSvHdg":94,"accM":4,"hudKmh":50.5,"engineKmh":49.9,"dopplerKmh":50.5,"feedDurMs":702,"cadenceMs":1003,"feedSpeedMs":14,"isNavigating":false,"isFreeDrive":true,"isMoving":true,"feedSkipGate":false,"feedAccepted":true,"feedHeadingOnly":false,"source":"drive_core_v2"}
06-04 20:07:16.991 I/ReactNativeJS(30359): [VROOM-TEL] 2026-06-04T18:07:16.991Z | GPS_ACCEPT | {"lat":51.350457,"lng":19.359369,"acc":4,"speedKmh":50.5,"gpsLock":true}
06-04 20:07:17.257 I/ReactNativeJS(30359): [VROOM-TEL] 2026-06-04T18:07:17.257Z | DRIVE_TRACE_CAMERA | {"t":1780596437257,"seq":749,"gpsTickId":1780596436954,"gpsTickAgeMs":269,"lat":51.35048,"lng":19.358929,"hdg":94,"speedKmh":50.5,"exploring":false,"frameMoveM":0}
06-04 20:07:17.344 I/ReactNativeJS(30359): [VROOM-TEL] 2026-06-04T18:07:17.344Z | CAM_FOLLOW_PUSH | {"t":1780596437344,"lat":51.350478,"lng":19.358958,"hdg":94,"snapHdg":94,"speedKmh":51,"exploring":false,"source":"drive_marker_sv_60fps"}
06-04 20:07:17.563 I/ReactNativeJS(30359): [VROOM-TEL] 2026-06-04T18:07:17.563Z | DRIVE_TRACE_CAMERA | {"t":1780596437563,"seq":750,"gpsTickId":1780596436954,"gpsTickAgeMs":575,"lat":51.350474,"lng":19.359045,"hdg":94,"speedKmh":50.5,"exploring":false,"frameMoveM":0}
06-04 20:07:17.748 I/ReactNativeJS(30359): [VROOM-TEL] 2026-06-04T18:07:17.748Z | CAMERA_HEADING | {"t":1780596437748,"speedKmh":51,"movedM":2.32,"moveBearing":94,"snapHdg":94,"headingOut":94,"flipFromPrevDeg":0,"lookaheadM":43,"nativeFollow":true}
06-04 20:07:17.865 I/ReactNativeJS(30359): [VROOM-TEL] 2026-06-04T18:07:17.865Z | DRIVE_TRACE_CAMERA | {"t":1780596437865,"seq":751,"gpsTickId":1780596436954,"gpsTickAgeMs":877,"lat":51.350471,"lng":19.359116,"hdg":94,"speedKmh":50.5,"exploring":false,"frameMoveM":0}
06-04 20:07:17.982 I/ReactNativeJS(30359): [VROOM-TEL] 2026-06-04T18:07:17.982Z | RAW_GPS_TICK | {"t":1780596437982,"gpsTickId":1780596437954,"gpsTickAgeMs":0,"lat":51.350452,"lng":19.359573,"speed":14.14,"speedKmh":50.9,"accuracy":4,"osTimestamp":1780596437954,"tripActive":true,"appState":"active"}
06-04 20:07:17.982 I/ReactNativeJS(30359): [VROOM-TEL] 2026-06-04T18:07:17.982Z | DRIVE_TRACE_RAW | {"t":1780596437982,"seq":752,"gpsTickId":1780596437954,"gpsTickAgeMs":0,"rawLat":51.350452,"rawLng":19.359573,"accM":4,"speedKmh":50.9,"speedMs":14.1,"heading":93,"tripActive":true,"driving":true,"navigating":false,"osTimestamp":1780596437954}
06-04 20:07:17.984 I/ReactNativeJS(30359): [VROOM-TEL] 2026-06-04T18:07:17.984Z | DRIVE_TRACE_FEED | {"t":1780596437984,"seq":753,"gpsTickId":1780596437954,"gpsTickAgeMs":2,"lat":51.350466,"lng":19.359225,"hdg":94,"durationMs":701,"speedKmh":50.9}
06-04 20:07:17.985 I/ReactNativeJS(30359): [VROOM-TEL] 2026-06-04T18:07:17.985Z | DRIVE_TRACE_TICK | {"t":1780596437985,"seq":754,"gpsTickId":1780596437954,"gpsTickAgeMs":3,"rawLat":51.350452,"rawLng":19.359573,"snapLat":51.350466,"snapLng":19.359225,"markerLat":51.350466,"markerLng":19.359225,"markerHdg":94,"markerSvLat":51.350471,"markerSvLng":19.359119,"markerSvHdg":94,"accM":4,"hudKmh":50.9,"engineKmh":50.4,"dopplerKmh":50.9,"feedDurMs":701,"cadenceMs":1000,"feedSpeedMs":14.1,"isNavigating":false,"isFreeDrive":true,"isMoving":true,"feedSkipGate":false,"feedAccepted":true,"feedHeadingOnly":false,"source":"drive_core_v2"}
06-04 20:07:17.985 I/ReactNativeJS(30359): [VROOM-TEL] 2026-06-04T18:07:17.985Z | GPS_ACCEPT | {"lat":51.350452,"lng":19.359573,"acc":4,"speedKmh":51.3,"gpsLock":true}
06-04 20:07:18.146 I/ReactNativeJS(30359): [VROOM-TEL] 2026-06-04T18:07:18.146Z | CAM_FOLLOW_PUSH | {"t":1780596438146,"lat":51.35047,"lng":19.359144,"hdg":94,"snapHdg":94,"speedKmh":51,"exploring":false,"source":"drive_marker_sv_60fps"}
06-04 20:07:18.179 I/ReactNativeJS(30359): [VROOM-TEL] 2026-06-04T18:07:18.179Z | DRIVE_TRACE_CAMERA | {"t":1780596438179,"seq":755,"gpsTickId":1780596437954,"gpsTickAgeMs":197,"lat":51.350469,"lng":19.359149,"hdg":94,"speedKmh":50.9,"exploring":false,"frameMoveM":0}
06-04 20:07:18.515 I/ReactNativeJS(30359): [VROOM-TEL] 2026-06-04T18:07:18.515Z | DRIVE_TRACE_CAMERA | {"t":1780596438515,"seq":756,"gpsTickId":1780596437954,"gpsTickAgeMs":533,"lat":51.350468,"lng":19.359187,"hdg":94,"speedKmh":50.9,"exploring":false,"frameMoveM":0}
06-04 20:07:18.829 I/ReactNativeJS(30359): [VROOM-TEL] 2026-06-04T18:07:18.829Z | DRIVE_TRACE_CAMERA | {"t":1780596438829,"seq":757,"gpsTickId":1780596437954,"gpsTickAgeMs":847,"lat":51.350465,"lng":19.359252,"hdg":94,"speedKmh":50.9,"exploring":false,"frameMoveM":0}
06-04 20:07:18.862 I/ReactNativeJS(30359): [VROOM-TEL] 2026-06-04T18:07:18.862Z | CAMERA_HEADING | {"t":1780596438862,"speedKmh":51,"movedM":0.24,"moveBearing":null,"snapHdg":94,"headingOut":94,"flipFromPrevDeg":0,"lookaheadM":43,"nativeFollow":true}
06-04 20:07:18.981 I/ReactNativeJS(30359): [VROOM-TEL] 2026-06-04T18:07:18.981Z | RAW_GPS_TICK | {"t":1780596438981,"gpsTickId":1780596438954,"gpsTickAgeMs":0,"lat":51.350451,"lng":19.359777,"speed":14.17,"speedKmh":51,"accuracy":4,"osTimestamp":1780596438954,"tripActive":true,"appState":"active"}
06-04 20:07:18.981 I/ReactNativeJS(30359): [VROOM-TEL] 2026-06-04T18:07:18.981Z | DRIVE_TRACE_RAW | {"t":1780596438981,"seq":758,"gpsTickId":1780596438954,"gpsTickAgeMs":0,"rawLat":51.350451,"rawLng":19.359777,"accM":4,"speedKmh":51,"speedMs":14.2,"heading":90,"tripActive":true,"driving":true,"navigating":false,"osTimestamp":1780596438954}
06-04 20:07:18.983 I/ReactNativeJS(30359): [VROOM-TEL] 2026-06-04T18:07:18.983Z | DRIVE_TRACE_FEED | {"t":1780596438983,"seq":759,"gpsTickId":1780596438954,"gpsTickAgeMs":2,"lat":51.350462,"lng":19.359368,"hdg":91,"durationMs":701,"speedKmh":51}
06-04 20:07:18.983 I/ReactNativeJS(30359): [VROOM-TEL] 2026-06-04T18:07:18.983Z | DRIVE_TRACE_TICK | {"t":1780596438983,"seq":760,"gpsTickId":1780596438954,"gpsTickAgeMs":2,"rawLat":51.350451,"rawLng":19.359777,"snapLat":51.350462,"snapLng":19.359368,"markerLat":51.350462,"markerLng":19.359368,"markerHdg":91,"markerSvLat":51.350465,"markerSvLng":19.359262,"markerSvHdg":94,"accM":4,"hudKmh":51,"engineKmh":50.7,"dopplerKmh":51,"feedDurMs":701,"cadenceMs":1000,"feedSpeedMs":14.2,"isNavigating":false,"isFreeDrive":true,"isMoving":true,"feedSkipGate":false,"feedAccepted":true,"feedHeadingOnly":false,"source":"drive_core_v2"}
06-04 20:07:18.983 I/ReactNativeJS(30359): [VROOM-TEL] 2026-06-04T18:07:18.983Z | GPS_ACCEPT | {"lat":51.350451,"lng":19.359777,"acc":4,"speedKmh":51.2,"gpsLock":true}
06-04 20:07:19.042 I/ReactNativeJS(30359): [VROOM-TEL] 2026-06-04T18:07:19.042Z | CAM_FOLLOW_PUSH | {"t":1780596439042,"lat":51.350465,"lng":19.359267,"hdg":92,"snapHdg":92,"speedKmh":51,"exploring":false,"source":"drive_marker_sv_60fps"}
06-04 20:07:19.129 I/ReactNativeJS(30359): [VROOM-TEL] 2026-06-04T18:07:19.129Z | DRIVE_TRACE_CAMERA | {"t":1780596439129,"seq":761,"gpsTickId":1780596438954,"gpsTickAgeMs":148,"lat":51.350464,"lng":19.359284,"hdg":92,"speedKmh":51,"exploring":false,"frameMoveM":0}
06-04 20:07:19.429 I/ReactNativeJS(30359): [VROOM-TEL] 2026-06-04T18:07:19.429Z | DRIVE_TRACE_CAMERA | {"t":1780596439429,"seq":762,"gpsTickId":1780596438954,"gpsTickAgeMs":448,"lat":51.350463,"lng":19.35933,"hdg":92,"speedKmh":51,"exploring":false,"frameMoveM":0}
06-04 20:07:19.729 I/ReactNativeJS(30359): [VROOM-TEL] 2026-06-04T18:07:19.729Z | DRIVE_TRACE_CAMERA | {"t":1780596439729,"seq":763,"gpsTickId":1780596438954,"gpsTickAgeMs":748,"lat":51.350462,"lng":19.359375,"hdg":92,"speedKmh":51,"exploring":false,"frameMoveM":0}
06-04 20:07:19.846 I/ReactNativeJS(30359): [VROOM-TEL] 2026-06-04T18:07:19.846Z | CAM_FOLLOW_PUSH | {"t":1780596439846,"lat":51.350461,"lng":19.359399,"hdg":92,"snapHdg":92,"speedKmh":51,"exploring":false,"source":"drive_marker_sv_60fps"}
06-04 20:07:19.986 I/ReactNativeJS(30359): [VROOM-TEL] 2026-06-04T18:07:19.986Z | RAW_GPS_TICK | {"t":1780596439986,"gpsTickId":1780596439955,"gpsTickAgeMs":0,"lat":51.350453,"lng":19.359982,"speed":14.05,"speedKmh":50.6,"accuracy":4,"osTimestamp":1780596439955,"tripActive":true,"appState":"active"}
06-04 20:07:19.986 I/ReactNativeJS(30359): [VROOM-TEL] 2026-06-04T18:07:19.986Z | DRIVE_TRACE_RAW | {"t":1780596439986,"seq":764,"gpsTickId":1780596439955,"gpsTickAgeMs":0,"rawLat":51.350453,"rawLng":19.359982,"accM":4,"speedKmh":50.6,"speedMs":14.1,"heading":89,"tripActive":true,"driving":true,"navigating":false,"osTimestamp":1780596439955}
06-04 20:07:19.988 I/ReactNativeJS(30359): [VROOM-TEL] 2026-06-04T18:07:19.988Z | DRIVE_TRACE_FEED | {"t":1780596439988,"seq":765,"gpsTickId":1780596439955,"gpsTickAgeMs":2,"lat":51.350455,"lng":19.35977,"hdg":90,"durationMs":1200,"speedKmh":50.9}
06-04 20:07:19.988 I/ReactNativeJS(30359): [VROOM-TEL] 2026-06-04T18:07:19.988Z | DRIVE_TRACE_TICK | {"t":1780596439988,"seq":766,"gpsTickId":1780596439955,"gpsTickAgeMs":2,"rawLat":51.350453,"rawLng":19.359982,"snapLat":51.350455,"snapLng":19.35977,"markerLat":51.350455,"markerLng":19.35977,"markerHdg":90,"markerSvLat":51.350461,"markerSvLng":19.359405,"markerSvHdg":92,"accM":4,"hudKmh":50.9,"engineKmh":50.9,"dopplerKmh":50.6,"feedDurMs":1200,"cadenceMs":1002,"feedSpeedMs":14.1,"isNavigating":false,"isFreeDrive":true,"isMoving":true,"feedSkipGate":false,"feedAccepted":true,"feedHeadingOnly":false,"source":"drive_core_v2"}
06-04 20:07:19.988 I/ReactNativeJS(30359): [VROOM-TEL] 2026-06-04T18:07:19.988Z | GPS_ACCEPT | {"lat":51.350453,"lng":19.359982,"acc":4,"speedKmh":51.1,"gpsLock":true}
06-04 20:07:20.042 I/ReactNativeJS(30359): [VROOM-TEL] 2026-06-04T18:07:20.042Z | CAMERA_HEADING | {"t":1780596440042,"speedKmh":51,"movedM":0.84,"moveBearing":null,"snapHdg":92,"headingOut":92,"flipFromPrevDeg":1,"lookaheadM":43,"nativeFollow":true}
06-04 20:07:20.074 I/ReactNativeJS(30359): [VROOM-TEL] 2026-06-04T18:07:20.074Z | DRIVE_TRACE_CAMERA | {"t":1780596440074,"seq":767,"gpsTickId":1780596439955,"gpsTickAgeMs":88,"lat":51.350461,"lng":19.359413,"hdg":92,"speedKmh":50.9,"exploring":false,"frameMoveM":0}
06-04 20:07:20.379 I/ReactNativeJS(30359): [VROOM-TEL] 2026-06-04T18:07:20.379Z | DRIVE_TRACE_CAMERA | {"t":1780596440379,"seq":768,"gpsTickId":1780596439955,"gpsTickAgeMs":393,"lat":51.350459,"lng":19.359524,"hdg":92,"speedKmh":50.9,"exploring":false,"frameMoveM":0}
06-04 20:07:20.380 I/ReactNativeJS(30359): [VROOM-TEL] 2026-06-04T18:07:20.380Z | DRIVE_TRACE_HEARTBEAT | {"t":1780596440380,"seq":769,"gpsTickId":1780596439955,"gpsTickAgeMs":394,"driving":true,"navigating":false,"tripActive":true,"lat":51.3504532,"lng":19.3599824,"gpsAgeMs":394}
06-04 20:07:20.646 I/ReactNativeJS(30359): [VROOM-TEL] 2026-06-04T18:07:20.646Z | CAM_FOLLOW_PUSH | {"t":1780596440646,"lat":51.350457,"lng":19.359605,"hdg":92,"snapHdg":92,"speedKmh":51,"exploring":false,"source":"drive_marker_sv_60fps"}
06-04 20:07:20.680 I/ReactNativeJS(30359): [VROOM-TEL] 2026-06-04T18:07:20.680Z | DRIVE_TRACE_CAMERA | {"t":1780596440680,"seq":770,"gpsTickId":1780596439955,"gpsTickAgeMs":694,"lat":51.350457,"lng":19.359615,"hdg":92,"speedKmh":50.9,"exploring":false,"frameMoveM":0}
06-04 20:07:20.986 I/ReactNativeJS(30359): [VROOM-TEL] 2026-06-04T18:07:20.986Z | RAW_GPS_TICK | {"t":1780596440986,"gpsTickId":1780596440955,"gpsTickAgeMs":0,"lat":51.350455,"lng":19.360179,"speed":13.93,"speedKmh":50.1,"accuracy":4,"osTimestamp":1780596440955,"tripActive":true,"appState":"active"}
06-04 20:07:20.986 I/ReactNativeJS(30359): [VROOM-TEL] 2026-06-04T18:07:20.986Z | DRIVE_TRACE_RAW | {"t":1780596440986,"seq":771,"gpsTickId":1780596440955,"gpsTickAgeMs":0,"rawLat":51.350455,"rawLng":19.360179,"accM":4,"speedKmh":50.1,"speedMs":13.9,"heading":89,"tripActive":true,"driving":true,"navigating":false,"osTimestamp":1780596440955}
06-04 20:07:20.987 I/ReactNativeJS(30359): [VROOM-TEL] 2026-06-04T18:07:20.987Z | DRIVE_TRACE_FEED | {"t":1780596440987,"seq":772,"gpsTickId":1780596440955,"gpsTickAgeMs":1,"lat":51.350455,"lng":19.359912,"hdg":89,"durationMs":702,"speedKmh":50.6}
06-04 20:07:20.988 I/ReactNativeJS(30359): [VROOM-TEL] 2026-06-04T18:07:20.988Z | DRIVE_TRACE_TICK | {"t":1780596440988,"seq":773,"gpsTickId":1780596440955,"gpsTickAgeMs":2,"rawLat":51.350455,"rawLng":19.360179,"snapLat":51.350455,"snapLng":19.359912,"markerLat":51.350455,"markerLng":19.359912,"markerHdg":89,"markerSvLat":51.350456,"markerSvLng":19.359707,"markerSvHdg":92,"accM":4,"hudKmh":50.6,"engineKmh":50.6,"dopplerKmh":50.1,"feedDurMs":702,"cadenceMs":1001,"feedSpeedMs":14.1,"isNavigating":false,"isFreeDrive":true,"isMoving":true,"feedSkipGate":false,"feedAccepted":true,"feedHeadingOnly":false,"source":"drive_core_v2"}
06-04 20:07:20.988 I/ReactNativeJS(30359): [VROOM-TEL] 2026-06-04T18:07:20.988Z | GPS_ACCEPT | {"lat":51.350455,"lng":19.360179,"acc":4,"speedKmh":50.1,"gpsLock":true}
06-04 20:07:20.996 I/ReactNativeJS(30359): [VROOM-TEL] 2026-06-04T18:07:20.996Z | DRIVE_TRACE_CAMERA | {"t":1780596440996,"seq":774,"gpsTickId":1780596440955,"gpsTickAgeMs":10,"lat":51.350456,"lng":19.359709,"hdg":91,"speedKmh":50.6,"exploring":false,"frameMoveM":0}
06-04 20:07:21.146 I/ReactNativeJS(30359): [VROOM-TEL] 2026-06-04T18:07:21.146Z | CAMERA_HEADING | {"t":1780596441146,"speedKmh":51,"movedM":0.33,"moveBearing":null,"snapHdg":91,"headingOut":91,"flipFromPrevDeg":0,"lookaheadM":43,"nativeFollow":true}
06-04 20:07:21.296 I/ReactNativeJS(30359): [VROOM-TEL] 2026-06-04T18:07:21.296Z | DRIVE_TRACE_CAMERA | {"t":1780596441296,"seq":775,"gpsTickId":1780596440955,"gpsTickAgeMs":310,"lat":51.350455,"lng":19.359797,"hdg":91,"speedKmh":50.6,"exploring":false,"frameMoveM":0}
06-04 20:07:21.446 I/ReactNativeJS(30359): [VROOM-TEL] 2026-06-04T18:07:21.446Z | CAM_FOLLOW_PUSH | {"t":1780596441446,"lat":51.350455,"lng":19.359841,"hdg":91,"snapHdg":91,"speedKmh":51,"exploring":false,"source":"drive_marker_sv_60fps"}
06-04 20:07:21.596 I/ReactNativeJS(30359): [VROOM-TEL] 2026-06-04T18:07:21.596Z | DRIVE_TRACE_CAMERA | {"t":1780596441596,"seq":776,"gpsTickId":1780596440955,"gpsTickAgeMs":610,"lat":51.350455,"lng":19.359885,"hdg":91,"speedKmh":50.6,"exploring":false,"frameMoveM":0}
06-04 20:07:21.988 I/ReactNativeJS(30359): [VROOM-TEL] 2026-06-04T18:07:21.988Z | RAW_GPS_TICK | {"t":1780596441988,"gpsTickId":1780596441955,"gpsTickAgeMs":0,"lat":51.350454,"lng":19.360377,"speed":13.94,"speedKmh":50.2,"accuracy":4,"osTimestamp":1780596441955,"tripActive":true,"appState":"active"}
06-04 20:07:21.988 I/ReactNativeJS(30359): [VROOM-TEL] 2026-06-04T18:07:21.988Z | DRIVE_TRACE_RAW | {"t":1780596441988,"seq":777,"gpsTickId":1780596441955,"gpsTickAgeMs":0,"rawLat":51.350454,"rawLng":19.360377,"accM":4,"speedKmh":50.2,"speedMs":13.9,"heading":90,"tripActive":true,"driving":true,"navigating":false,"osTimestamp":1780596441955}
06-04 20:07:21.990 I/ReactNativeJS(30359): [VROOM-TEL] 2026-06-04T18:07:21.990Z | DRIVE_TRACE_FEED | {"t":1780596441990,"seq":778,"gpsTickId":1780596441955,"gpsTickAgeMs":2,"lat":51.350454,"lng":19.360054,"hdg":90,"durationMs":703,"speedKmh":50.3}
06-04 20:07:21.991 I/ReactNativeJS(30359): [VROOM-TEL] 2026-06-04T18:07:21.991Z | DRIVE_TRACE_TICK | {"t":1780596441991,"seq":779,"gpsTickId":1780596441955,"gpsTickAgeMs":2,"rawLat":51.350454,"rawLng":19.360377,"snapLat":51.350454,"snapLng":19.360054,"markerLat":51.350454,"markerLng":19.360054,"markerHdg":90,"markerSvLat":51.350454,"markerSvLng":19.359949,"markerSvHdg":91,"accM":4,"hudKmh":50.3,"engineKmh":50.3,"dopplerKmh":50.2,"feedDurMs":703,"cadenceMs":1001,"feedSpeedMs":14,"isNavigating":false,"isFreeDrive":true,"isMoving":true,"feedSkipGate":false,"feedAccepted":true,"feedHeadingOnly":false,"source":"drive_core_v2"}
06-04 20:07:21.991 I/ReactNativeJS(30359): [VROOM-TEL] 2026-06-04T18:07:21.991Z | GPS_ACCEPT | {"lat":51.350454,"lng":19.360377,"acc":4,"speedKmh":50.2,"gpsLock":true}
06-04 20:07:22.071 I/ReactNativeJS(30359): [VROOM-TEL] 2026-06-04T18:07:22.071Z | DRIVE_TRACE_CAMERA | {"t":1780596442071,"seq":780,"gpsTickId":1780596441955,"gpsTickAgeMs":83,"lat":51.350454,"lng":19.359953,"hdg":90,"speedKmh":50.3,"exploring":false,"frameMoveM":0}
06-04 20:07:22.246 I/ReactNativeJS(30359): [VROOM-TEL] 2026-06-04T18:07:22.246Z | CAMERA_HEADING | {"t":1780596442246,"speedKmh":50,"movedM":0.16,"moveBearing":null,"snapHdg":90,"headingOut":90,"flipFromPrevDeg":0,"lookaheadM":43,"nativeFollow":true}
06-04 20:07:22.246 I/ReactNativeJS(30359): [VROOM-TEL] 2026-06-04T18:07:22.246Z | CAM_FOLLOW_PUSH | {"t":1780596442246,"lat":51.350454,"lng":19.359987,"hdg":90,"snapHdg":90,"speedKmh":50,"exploring":false,"source":"drive_marker_sv_60fps"}
06-04 20:07:22.379 I/ReactNativeJS(30359): [VROOM-TEL] 2026-06-04T18:07:22.379Z | DRIVE_TRACE_CAMERA | {"t":1780596442379,"seq":781,"gpsTickId":1780596441955,"gpsTickAgeMs":391,"lat":51.350454,"lng":19.360007,"hdg":90,"speedKmh":50.3,"exploring":false,"frameMoveM":0}
06-04 20:07:22.679 I/ReactNativeJS(30359): [VROOM-TEL] 2026-06-04T18:07:22.679Z | DRIVE_TRACE_CAMERA | {"t":1780596442679,"seq":782,"gpsTickId":1780596441955,"gpsTickAgeMs":691,"lat":51.350454,"lng":19.360052,"hdg":90,"speedKmh":50.3,"exploring":false,"frameMoveM":0}
06-04 20:07:22.986 I/ReactNativeJS(30359): [VROOM-TEL] 2026-06-04T18:07:22.985Z | RAW_GPS_TICK | {"t":1780596442985,"gpsTickId":1780596442954,"gpsTickAgeMs":0,"lat":51.350453,"lng":19.36058,"speed":14.2,"speedKmh":51.1,"accuracy":4,"osTimestamp":1780596442954,"tripActive":true,"appState":"active"}
06-04 20:07:22.986 I/ReactNativeJS(30359): [VROOM-TEL] 2026-06-04T18:07:22.986Z | DRIVE_TRACE_RAW | {"t":1780596442986,"seq":783,"gpsTickId":1780596442954,"gpsTickAgeMs":1,"rawLat":51.350453,"rawLng":19.36058,"accM":4,"speedKmh":51.1,"speedMs":14.2,"heading":90,"tripActive":true,"driving":true,"navigating":false,"osTimestamp":1780596442954}
06-04 20:07:22.987 I/ReactNativeJS(30359): [VROOM-TEL] 2026-06-04T18:07:22.987Z | DRIVE_TRACE_FEED | {"t":1780596442987,"seq":784,"gpsTickId":1780596442954,"gpsTickAgeMs":2,"lat":51.350454,"lng":19.360197,"hdg":91,"durationMs":701,"speedKmh":51.1}
06-04 20:07:22.988 I/ReactNativeJS(30359): [VROOM-TEL] 2026-06-04T18:07:22.988Z | DRIVE_TRACE_TICK | {"t":1780596442988,"seq":785,"gpsTickId":1780596442954,"gpsTickAgeMs":3,"rawLat":51.350453,"rawLng":19.36058,"snapLat":51.350454,"snapLng":19.360197,"markerLat":51.350454,"markerLng":19.360197,"markerHdg":91,"markerSvLat":51.350454,"markerSvLng":19.360091,"markerSvHdg":90,"accM":4,"hudKmh":51.1,"engineKmh":50.3,"dopplerKmh":51.1,"feedDurMs":701,"cadenceMs":1000,"feedSpeedMs":14.2,"isNavigating":false,"isFreeDrive":true,"isMoving":true,"feedSkipGate":false,"feedAccepted":true,"feedHeadingOnly":false,"source":"drive_core_v2"}
06-04 20:07:22.988 I/ReactNativeJS(30359): [VROOM-TEL] 2026-06-04T18:07:22.988Z | GPS_ACCEPT | {"lat":51.350453,"lng":19.36058,"acc":4,"speedKmh":51.1,"gpsLock":true}
06-04 20:07:23.065 I/ReactNativeJS(30359): [VROOM-TEL] 2026-06-04T18:07:23.064Z | CAM_FOLLOW_PUSH | {"t":1780596443064,"lat":51.350454,"lng":19.360094,"hdg":90,"snapHdg":90,"speedKmh":51,"exploring":false,"source":"drive_marker_sv_60fps"}
06-04 20:07:23.065 I/ReactNativeJS(30359): [VROOM-TEL] 2026-06-04T18:07:23.065Z | DRIVE_TRACE_CAMERA | {"t":1780596443065,"seq":786,"gpsTickId":1780596442954,"gpsTickAgeMs":80,"lat":51.350454,"lng":19.360094,"hdg":90,"speedKmh":51.1,"exploring":false,"frameMoveM":0}
06-04 20:07:23.346 I/ReactNativeJS(30359): [VROOM-TEL] 2026-06-04T18:07:23.346Z | CAMERA_HEADING | {"t":1780596443346,"speedKmh":51,"movedM":0.17,"moveBearing":null,"snapHdg":90,"headingOut":90,"flipFromPrevDeg":0,"lookaheadM":43,"nativeFollow":true}
06-04 20:07:23.379 I/ReactNativeJS(30359): [VROOM-TEL] 2026-06-04T18:07:23.379Z | DRIVE_TRACE_CAMERA | {"t":1780596443379,"seq":787,"gpsTickId":1780596442954,"gpsTickAgeMs":394,"lat":51.350454,"lng":19.36015,"hdg":90,"speedKmh":51.1,"exploring":false,"frameMoveM":0}
06-04 20:07:23.679 I/ReactNativeJS(30359): [VROOM-TEL] 2026-06-04T18:07:23.679Z | DRIVE_TRACE_CAMERA | {"t":1780596443679,"seq":788,"gpsTickId":1780596442954,"gpsTickAgeMs":694,"lat":51.350454,"lng":19.360196,"hdg":90,"speedKmh":51.1,"exploring":false,"frameMoveM":0}
06-04 20:07:23.879 I/ReactNativeJS(30359): [VROOM-TEL] 2026-06-04T18:07:23.879Z | CAM_FOLLOW_PUSH | {"t":1780596443879,"lat":51.350454,"lng":19.360235,"hdg":90,"snapHdg":90,"speedKmh":51,"exploring":false,"source":"drive_marker_sv_60fps"}
06-04 20:07:23.988 I/ReactNativeJS(30359): [VROOM-TEL] 2026-06-04T18:07:23.988Z | RAW_GPS_TICK | {"t":1780596443988,"gpsTickId":1780596443954,"gpsTickAgeMs":0,"lat":51.35045,"lng":19.360789,"speed":14.44,"speedKmh":52,"accuracy":4,"osTimestamp":1780596443954,"tripActive":true,"appState":"active"}
06-04 20:07:23.988 I/ReactNativeJS(30359): [VROOM-TEL] 2026-06-04T18:07:23.988Z | DRIVE_TRACE_RAW | {"t":1780596443988,"seq":789,"gpsTickId":1780596443954,"gpsTickAgeMs":1,"rawLat":51.35045,"rawLng":19.360789,"accM":4,"speedKmh":52,"speedMs":14.4,"heading":90,"tripActive":true,"driving":true,"navigating":false,"osTimestamp":1780596443954}
06-04 20:07:23.989 I/ReactNativeJS(30359): [VROOM-TEL] 2026-06-04T18:07:23.989Z | DRIVE_TRACE_FEED | {"t":1780596443989,"seq":790,"gpsTickId":1780596443954,"gpsTickAgeMs":2,"lat":51.350453,"lng":19.360342,"hdg":91,"durationMs":699,"speedKmh":52}
06-04 20:07:23.990 I/ReactNativeJS(30359): [VROOM-TEL] 2026-06-04T18:07:23.990Z | DRIVE_TRACE_TICK | {"t":1780596443990,"seq":791,"gpsTickId":1780596443954,"gpsTickAgeMs":3,"rawLat":51.35045,"rawLng":19.360789,"snapLat":51.350453,"snapLng":19.360342,"markerLat":51.350453,"markerLng":19.360342,"markerHdg":91,"markerSvLat":51.350454,"markerSvLng":19.360235,"markerSvHdg":90,"accM":4,"hudKmh":52,"engineKmh":50.8,"dopplerKmh":52,"feedDurMs":699,"cadenceMs":1001,"feedSpeedMs":14.4,"isNavigating":false,"isFreeDrive":true,"isMoving":true,"feedSkipGate":false,"feedAccepted":true,"feedHeadingOnly":false,"source":"drive_core_v2"}
06-04 20:07:23.990 I/ReactNativeJS(30359): [VROOM-TEL] 2026-06-04T18:07:23.990Z | GPS_ACCEPT | {"lat":51.35045,"lng":19.360789,"acc":4,"speedKmh":52,"gpsLock":true}
06-04 20:07:24.041 I/ReactNativeJS(30359): [VROOM-TEL] 2026-06-04T18:07:24.041Z | DRIVE_TRACE_CAMERA | {"t":1780596444041,"seq":792,"gpsTickId":1780596443954,"gpsTickAgeMs":54,"lat":51.350454,"lng":19.360238,"hdg":91,"speedKmh":52,"exploring":false,"frameMoveM":0}
06-04 20:07:24.346 I/ReactNativeJS(30359): [VROOM-TEL] 2026-06-04T18:07:24.346Z | DRIVE_TRACE_CAMERA | {"t":1780596444346,"seq":793,"gpsTickId":1780596443954,"gpsTickAgeMs":359,"lat":51.350454,"lng":19.360289,"hdg":91,"speedKmh":52,"exploring":false,"frameMoveM":0}
06-04 20:07:24.463 I/ReactNativeJS(30359): [VROOM-TEL] 2026-06-04T18:07:24.463Z | CAMERA_HEADING | {"t":1780596444463,"speedKmh":52,"movedM":0.18,"moveBearing":null,"snapHdg":91,"headingOut":91,"flipFromPrevDeg":0,"lookaheadM":43,"nativeFollow":true}
06-04 20:07:24.647 I/ReactNativeJS(30359): [VROOM-TEL] 2026-06-04T18:07:24.647Z | DRIVE_TRACE_CAMERA | {"t":1780596444647,"seq":794,"gpsTickId":1780596443954,"gpsTickAgeMs":660,"lat":51.350453,"lng":19.360336,"hdg":91,"speedKmh":52,"exploring":false,"frameMoveM":0}
06-04 20:07:24.680 I/ReactNativeJS(30359): [VROOM-TEL] 2026-06-04T18:07:24.680Z | CAM_FOLLOW_PUSH | {"t":1780596444680,"lat":51.350453,"lng":19.360341,"hdg":91,"snapHdg":91,"speedKmh":52,"exploring":false,"source":"drive_marker_sv_60fps"}
06-04 20:07:25.027 I/ReactNativeJS(30359): [VROOM-TEL] 2026-06-04T18:07:25.027Z | RAW_GPS_TICK | {"t":1780596445027,"gpsTickId":1780596444954,"gpsTickAgeMs":0,"lat":51.350449,"lng":19.360999,"speed":14.55,"speedKmh":52.4,"accuracy":4,"osTimestamp":1780596444954,"tripActive":true,"appState":"active"}
06-04 20:07:25.027 I/ReactNativeJS(30359): [VROOM-TEL] 2026-06-04T18:07:25.027Z | DRIVE_TRACE_RAW | {"t":1780596445027,"seq":795,"gpsTickId":1780596444954,"gpsTickAgeMs":0,"rawLat":51.350449,"rawLng":19.360999,"accM":4,"speedKmh":52.4,"speedMs":14.6,"heading":90,"tripActive":true,"driving":true,"navigating":false,"osTimestamp":1780596444954}
06-04 20:07:25.028 I/ReactNativeJS(30359): [VROOM-TEL] 2026-06-04T18:07:25.028Z | DRIVE_TRACE_FEED | {"t":1780596445028,"seq":796,"gpsTickId":1780596444954,"gpsTickAgeMs":1,"lat":51.35045,"lng":19.360769,"hdg":91,"durationMs":1200,"speedKmh":52.4}
06-04 20:07:25.029 I/ReactNativeJS(30359): [VROOM-TEL] 2026-06-04T18:07:25.029Z | DRIVE_TRACE_TICK | {"t":1780596445029,"seq":797,"gpsTickId":1780596444954,"gpsTickAgeMs":2,"rawLat":51.350449,"rawLng":19.360999,"snapLat":51.35045,"snapLng":19.360769,"markerLat":51.35045,"markerLng":19.360769,"markerHdg":91,"markerSvLat":51.350453,"markerSvLng":19.36038,"markerSvHdg":91,"accM":4,"hudKmh":52.4,"engineKmh":51.6,"dopplerKmh":52.4,"feedDurMs":1200,"cadenceMs":1015,"feedSpeedMs":14.6,"isNavigating":false,"isFreeDrive":true,"isMoving":true,"feedSkipGate":false,"feedAccepted":true,"feedHeadingOnly":false,"source":"drive_core_v2"}
06-04 20:07:25.029 I/ReactNativeJS(30359): [VROOM-TEL] 2026-06-04T18:07:25.029Z | GPS_ACCEPT | {"lat":51.350449,"lng":19.360999,"acc":4,"speedKmh":52.4,"gpsLock":true}
06-04 20:07:25.151 I/ReactNativeJS(30359): [VROOM-TEL] 2026-06-04T18:07:25.151Z | DRIVE_TRACE_CAMERA | {"t":1780596445151,"seq":798,"gpsTickId":1780596444954,"gpsTickAgeMs":124,"lat":51.350453,"lng":19.360386,"hdg":91,"speedKmh":52.4,"exploring":false,"frameMoveM":0}
06-04 20:07:25.444 I/ReactNativeJS(30359): [VROOM-TEL] 2026-06-04T18:07:25.444Z | DRIVE_TRACE_HEARTBEAT | {"t":1780596445444,"seq":799,"gpsTickId":1780596444954,"gpsTickAgeMs":417,"driving":true,"navigating":false,"tripActive":true,"lat":51.3504486,"lng":19.3609992,"gpsAgeMs":417}
06-04 20:07:25.463 I/ReactNativeJS(30359): [VROOM-TEL] 2026-06-04T18:07:25.463Z | DRIVE_TRACE_CAMERA | {"t":1780596445463,"seq":800,"gpsTickId":1780596444954,"gpsTickAgeMs":436,"lat":51.350452,"lng":19.360521,"hdg":91,"speedKmh":52.4,"exploring":false,"frameMoveM":0}
06-04 20:07:25.497 I/ReactNativeJS(30359): [VROOM-TEL] 2026-06-04T18:07:25.497Z | CAM_FOLLOW_PUSH | {"t":1780596445497,"lat":51.350452,"lng":19.360532,"hdg":91,"snapHdg":91,"speedKmh":52,"exploring":false,"source":"drive_marker_sv_60fps"}
06-04 20:07:25.563 I/ReactNativeJS(30359): [VROOM-TEL] 2026-06-04T18:07:25.563Z | CAMERA_HEADING | {"t":1780596445563,"speedKmh":52,"movedM":0.36,"moveBearing":null,"snapHdg":91,"headingOut":91,"flipFromPrevDeg":0,"lookaheadM":43,"nativeFollow":true}
06-04 20:07:25.763 I/ReactNativeJS(30359): [VROOM-TEL] 2026-06-04T18:07:25.763Z | DRIVE_TRACE_CAMERA | {"t":1780596445763,"seq":801,"gpsTickId":1780596444954,"gpsTickAgeMs":736,"lat":51.350451,"lng":19.360618,"hdg":91,"speedKmh":52.4,"exploring":false,"frameMoveM":0}
06-04 20:07:25.984 I/ReactNativeJS(30359): [VROOM-TEL] 2026-06-04T18:07:25.984Z | RAW_GPS_TICK | {"t":1780596445984,"gpsTickId":1780596445953,"gpsTickAgeMs":0,"lat":51.350446,"lng":19.361211,"speed":14.92,"speedKmh":53.7,"accuracy":4,"osTimestamp":1780596445953,"tripActive":true,"appState":"active"}
06-04 20:07:25.984 I/ReactNativeJS(30359): [VROOM-TEL] 2026-06-04T18:07:25.984Z | DRIVE_TRACE_RAW | {"t":1780596445984,"seq":802,"gpsTickId":1780596445953,"gpsTickAgeMs":0,"rawLat":51.350446,"rawLng":19.361211,"accM":4,"speedKmh":53.7,"speedMs":14.9,"heading":91,"tripActive":true,"driving":true,"navigating":false,"osTimestamp":1780596445953}
06-04 20:07:25.986 I/ReactNativeJS(30359): [VROOM-TEL] 2026-06-04T18:07:25.986Z | DRIVE_TRACE_FEED | {"t":1780596445986,"seq":803,"gpsTickId":1780596445953,"gpsTickAgeMs":2,"lat":51.350449,"lng":19.360918,"hdg":91,"durationMs":694,"speedKmh":53.7}
06-04 20:07:25.987 I/ReactNativeJS(30359): [VROOM-TEL] 2026-06-04T18:07:25.987Z | DRIVE_TRACE_TICK | {"t":1780596445987,"seq":804,"gpsTickId":1780596445953,"gpsTickAgeMs":3,"rawLat":51.350446,"rawLng":19.361211,"snapLat":51.350449,"snapLng":19.360918,"markerLat":51.350449,"markerLng":19.360918,"markerHdg":91,"markerSvLat":51.350451,"markerSvLng":19.360689,"markerSvHdg":91,"accM":4,"hudKmh":53.7,"engineKmh":52.4,"dopplerKmh":53.7,"feedDurMs":694,"cadenceMs":995,"feedSpeedMs":14.9,"isNavigating":false,"isFreeDrive":true,"isMoving":true,"feedSkipGate":false,"feedAccepted":true,"feedHeadingOnly":false,"source":"drive_core_v2"}
06-04 20:07:25.987 I/ReactNativeJS(30359): [VROOM-TEL] 2026-06-04T18:07:25.987Z | GPS_ACCEPT | {"lat":51.350446,"lng":19.361211,"acc":4,"speedKmh":55.4,"gpsLock":true}
06-04 20:07:26.079 I/ReactNativeJS(30359): [VROOM-TEL] 2026-06-04T18:07:26.079Z | DRIVE_TRACE_CAMERA | {"t":1780596446079,"seq":805,"gpsTickId":1780596445953,"gpsTickAgeMs":95,"lat":51.350451,"lng":19.360719,"hdg":91,"speedKmh":53.7,"exploring":false,"frameMoveM":0}
06-04 20:07:26.313 I/ReactNativeJS(30359): [VROOM-TEL] 2026-06-04T18:07:26.313Z | CAM_FOLLOW_PUSH | {"t":1780596446313,"lat":51.35045,"lng":19.360797,"hdg":91,"snapHdg":91,"speedKmh":54,"exploring":false,"source":"drive_marker_sv_60fps"}
06-04 20:07:26.379 I/ReactNativeJS(30359): [VROOM-TEL] 2026-06-04T18:07:26.379Z | DRIVE_TRACE_CAMERA | {"t":1780596446379,"seq":806,"gpsTickId":1780596445953,"gpsTickAgeMs":395,"lat":51.35045,"lng":19.360818,"hdg":91,"speedKmh":53.7,"exploring":false,"frameMoveM":0}
06-04 20:07:26.663 I/ReactNativeJS(30359): [VROOM-TEL] 2026-06-04T18:07:26.663Z | CAMERA_HEADING | {"t":1780596446663,"speedKmh":54,"movedM":0.39,"moveBearing":null,"snapHdg":91,"headingOut":91,"flipFromPrevDeg":0,"lookaheadM":43,"nativeFollow":true}
06-04 20:07:26.679 I/ReactNativeJS(30359): [VROOM-TEL] 2026-06-04T18:07:26.679Z | DRIVE_TRACE_CAMERA | {"t":1780596446679,"seq":807,"gpsTickId":1780596445953,"gpsTickAgeMs":695,"lat":51.350449,"lng":19.360918,"hdg":91,"speedKmh":53.7,"exploring":false,"frameMoveM":0}
06-04 20:07:26.987 I/ReactNativeJS(30359): [VROOM-TEL] 2026-06-04T18:07:26.987Z | RAW_GPS_TICK | {"t":1780596446987,"gpsTickId":1780596446955,"gpsTickAgeMs":0,"lat":51.350441,"lng":19.361435,"speed":15.63,"speedKmh":56.3,"accuracy":4,"osTimestamp":1780596446955,"tripActive":true,"appState":"active"}
06-04 20:07:26.987 I/ReactNativeJS(30359): [VROOM-TEL] 2026-06-04T18:07:26.987Z | DRIVE_TRACE_RAW | {"t":1780596446987,"seq":808,"gpsTickId":1780596446955,"gpsTickAgeMs":0,"rawLat":51.350441,"rawLng":19.361435,"accM":4,"speedKmh":56.3,"speedMs":15.6,"heading":91,"tripActive":true,"driving":true,"navigating":false,"osTimestamp":1780596446955}
06-04 20:07:26.989 I/ReactNativeJS(30359): [VROOM-TEL] 2026-06-04T18:07:26.989Z | DRIVE_TRACE_FEED | {"t":1780596446989,"seq":809,"gpsTickId":1780596446955,"gpsTickAgeMs":2,"lat":51.350447,"lng":19.361073,"hdg":92,"durationMs":688,"speedKmh":56.3}
06-04 20:07:26.989 I/ReactNativeJS(30359): [VROOM-TEL] 2026-06-04T18:07:26.989Z | DRIVE_TRACE_TICK | {"t":1780596446989,"seq":810,"gpsTickId":1780596446955,"gpsTickAgeMs":2,"rawLat":51.350441,"rawLng":19.361435,"snapLat":51.350447,"snapLng":19.361073,"markerLat":51.350447,"markerLng":19.361073,"markerHdg":92,"markerSvLat":51.350449,"markerSvLng":19.360958,"markerSvHdg":91,"accM":4,"hudKmh":56.3,"engineKmh":53.7,"dopplerKmh":56.3,"feedDurMs":688,"cadenceMs":998,"feedSpeedMs":15.6,"isNavigating":false,"isFreeDrive":true,"isMoving":true,"feedSkipGate":false,"feedAccepted":true,"feedHeadingOnly":false,"source":"drive_core_v2"}
06-04 20:07:26.990 I/ReactNativeJS(30359): [VROOM-TEL] 2026-06-04T18:07:26.990Z | GPS_ACCEPT | {"lat":51.350441,"lng":19.361435,"acc":4,"speedKmh":56.3,"gpsLock":true}
06-04 20:07:27.043 I/ReactNativeJS(30359): [VROOM-TEL] 2026-06-04T18:07:27.043Z | DRIVE_TRACE_CAMERA | {"t":1780596447043,"seq":811,"gpsTickId":1780596446955,"gpsTickAgeMs":56,"lat":51.350449,"lng":19.360962,"hdg":92,"speedKmh":56.3,"exploring":false,"frameMoveM":0}
06-04 20:07:27.113 I/ReactNativeJS(30359): [VROOM-TEL] 2026-06-04T18:07:27.113Z | CAM_FOLLOW_PUSH | {"t":1780596447113,"lat":51.350448,"lng":19.360978,"hdg":92,"snapHdg":92,"speedKmh":56,"exploring":false,"source":"drive_marker_sv_60fps"}
06-04 20:07:27.389 I/ReactNativeJS(30359): [VROOM-TEL] 2026-06-04T18:07:27.389Z | DRIVE_TRACE_CAMERA | {"t":1780596447389,"seq":812,"gpsTickId":1780596446955,"gpsTickAgeMs":402,"lat":51.350448,"lng":19.361009,"hdg":92,"speedKmh":56.3,"exploring":false,"frameMoveM":0}
06-04 20:07:27.696 I/ReactNativeJS(30359): [VROOM-TEL] 2026-06-04T18:07:27.695Z | DRIVE_TRACE_CAMERA | {"t":1780596447695,"seq":813,"gpsTickId":1780596446955,"gpsTickAgeMs":708,"lat":51.350447,"lng":19.361077,"hdg":92,"speedKmh":56.3,"exploring":false,"frameMoveM":0}
06-04 20:07:27.780 I/ReactNativeJS(30359): [VROOM-TEL] 2026-06-04T18:07:27.779Z | CAMERA_HEADING | {"t":1780596447779,"speedKmh":56,"movedM":0.26,"moveBearing":null,"snapHdg":92,"headingOut":92,"flipFromPrevDeg":0,"lookaheadM":49,"nativeFollow":true}
06-04 20:07:27.972 I/ReactNativeJS(30359): [VROOM-TEL] 2026-06-04T18:07:27.972Z | RAW_GPS_TICK | {"t":1780596447972,"gpsTickId":1780596447955,"gpsTickAgeMs":0,"lat":51.350438,"lng":19.361658,"speed":15.53,"speedKmh":55.9,"accuracy":4,"osTimestamp":1780596447955,"tripActive":true,"appState":"active"}
06-04 20:07:27.972 I/ReactNativeJS(30359): [VROOM-TEL] 2026-06-04T18:07:27.972Z | DRIVE_TRACE_RAW | {"t":1780596447972,"seq":814,"gpsTickId":1780596447955,"gpsTickAgeMs":0,"rawLat":51.350438,"rawLng":19.361658,"accM":4,"speedKmh":55.9,"speedMs":15.5,"heading":91,"tripActive":true,"driving":true,"navigating":false,"osTimestamp":1780596447955}
06-04 20:07:27.984 I/ReactNativeJS(30359): [VROOM-TEL] 2026-06-04T18:07:27.984Z | DRIVE_TRACE_FEED | {"t":1780596447984,"seq":815,"gpsTickId":1780596447955,"gpsTickAgeMs":12,"lat":51.350444,"lng":19.361227,"hdg":92,"durationMs":689,"speedKmh":55.9}
06-04 20:07:27.986 I/ReactNativeJS(30359): [VROOM-TEL] 2026-06-04T18:07:27.985Z | DRIVE_TRACE_TICK | {"t":1780596447985,"seq":816,"gpsTickId":1780596447955,"gpsTickAgeMs":13,"rawLat":51.350438,"rawLng":19.361658,"snapLat":51.350444,"snapLng":19.361227,"markerLat":51.350444,"markerLng":19.361227,"markerHdg":92,"markerSvLat":51.350446,"markerSvLng":19.361118,"markerSvHdg":92,"accM":4,"hudKmh":55.9,"engineKmh":54.8,"dopplerKmh":55.9,"feedDurMs":689,"cadenceMs":993,"feedSpeedMs":15.5,"isNavigating":false,"isFreeDrive":true,"isMoving":true,"feedSkipGate":false,"feedAccepted":true,"feedHeadingOnly":false,"source":"drive_core_v2"}
06-04 20:07:27.986 I/ReactNativeJS(30359): [VROOM-TEL] 2026-06-04T18:07:27.986Z | GPS_ACCEPT | {"lat":51.350438,"lng":19.361658,"acc":4,"speedKmh":56.4,"gpsLock":true}
06-04 20:07:28.088 I/ReactNativeJS(30359): [VROOM-TEL] 2026-06-04T18:07:28.087Z | CAM_FOLLOW_PUSH | {"t":1780596448087,"lat":51.350446,"lng":19.361123,"hdg":91,"snapHdg":91,"speedKmh":56,"exploring":false,"source":"drive_marker_sv_60fps"}
06-04 20:07:28.088 I/ReactNativeJS(30359): [VROOM-TEL] 2026-06-04T18:07:28.088Z | DRIVE_TRACE_CAMERA | {"t":1780596448088,"seq":817,"gpsTickId":1780596447955,"gpsTickAgeMs":116,"lat":51.350446,"lng":19.361123,"hdg":91,"speedKmh":55.9,"exploring":false,"frameMoveM":0}
06-04 20:07:28.410 I/ReactNativeJS(30359): [VROOM-TEL] 2026-06-04T18:07:28.410Z | DRIVE_TRACE_CAMERA | {"t":1780596448410,"seq":818,"gpsTickId":1780596447955,"gpsTickAgeMs":438,"lat":51.350445,"lng":19.361167,"hdg":91,"speedKmh":55.9,"exploring":false,"frameMoveM":0}
06-04 20:07:28.713 I/ReactNativeJS(30359): [VROOM-TEL] 2026-06-04T18:07:28.713Z | DRIVE_TRACE_CAMERA | {"t":1780596448713,"seq":819,"gpsTickId":1780596447955,"gpsTickAgeMs":741,"lat":51.350444,"lng":19.361235,"hdg":91,"speedKmh":55.9,"exploring":false,"frameMoveM":0}
06-04 20:07:28.982 I/ReactNativeJS(30359): [VROOM-TEL] 2026-06-04T18:07:28.982Z | RAW_GPS_TICK | {"t":1780596448982,"gpsTickId":1780596448955,"gpsTickAgeMs":0,"lat":51.350435,"lng":19.361879,"speed":15.53,"speedKmh":55.9,"accuracy":4,"osTimestamp":1780596448955,"tripActive":true,"appState":"active"}
06-04 20:07:28.982 I/ReactNativeJS(30359): [VROOM-TEL] 2026-06-04T18:07:28.982Z | DRIVE_TRACE_RAW | {"t":1780596448982,"seq":820,"gpsTickId":1780596448955,"gpsTickAgeMs":0,"rawLat":51.350435,"rawLng":19.361879,"accM":4,"speedKmh":55.9,"speedMs":15.5,"heading":91,"tripActive":true,"driving":true,"navigating":false,"osTimestamp":1780596448955}
06-04 20:07:28.985 I/ReactNativeJS(30359): [VROOM-TEL] 2026-06-04T18:07:28.985Z | DRIVE_TRACE_FEED | {"t":1780596448985,"seq":821,"gpsTickId":1780596448955,"gpsTickAgeMs":3,"lat":51.350438,"lng":19.361655,"hdg":91,"durationMs":1200,"speedKmh":55.9}
06-04 20:07:28.986 I/ReactNativeJS(30359): [VROOM-TEL] 2026-06-04T18:07:28.986Z | DRIVE_TRACE_TICK | {"t":1780596448986,"seq":822,"gpsTickId":1780596448955,"gpsTickAgeMs":4,"rawLat":51.350435,"rawLng":19.361879,"snapLat":51.350438,"snapLng":19.361655,"markerLat":51.350438,"markerLng":19.361655,"markerHdg":91,"markerSvLat":51.350444,"markerSvLng":19.361268,"markerSvHdg":91,"accM":4,"hudKmh":55.9,"engineKmh":55.6,"dopplerKmh":55.9,"feedDurMs":1200,"cadenceMs":999,"feedSpeedMs":15.5,"isNavigating":false,"isFreeDrive":true,"isMoving":true,"feedSkipGate":false,"feedAccepted":true,"feedHeadingOnly":false,"source":"drive_core_v2"}
06-04 20:07:28.986 I/ReactNativeJS(30359): [VROOM-TEL] 2026-06-04T18:07:28.986Z | GPS_ACCEPT | {"lat":51.350435,"lng":19.361879,"acc":4,"speedKmh":55.9,"gpsLock":true}
06-04 20:07:29.036 I/ReactNativeJS(30359): [VROOM-TEL] 2026-06-04T18:07:29.036Z | CAMERA_HEADING | {"t":1780596449036,"speedKmh":56,"movedM":0.99,"moveBearing":null,"snapHdg":91,"headingOut":91,"flipFromPrevDeg":0,"lookaheadM":49,"nativeFollow":true}
06-04 20:07:29.040 I/ReactNativeJS(30359): [VROOM-TEL] 2026-06-04T18:07:29.040Z | CAM_FOLLOW_PUSH | {"t":1780596449040,"lat":51.350444,"lng":19.361277,"hdg":91,"snapHdg":91,"speedKmh":56,"exploring":false,"source":"drive_marker_sv_60fps"}
06-04 20:07:29.040 I/ReactNativeJS(30359): [VROOM-TEL] 2026-06-04T18:07:29.040Z | DRIVE_TRACE_CAMERA | {"t":1780596449040,"seq":823,"gpsTickId":1780596448955,"gpsTickAgeMs":58,"lat":51.350444,"lng":19.361277,"hdg":91,"speedKmh":55.9,"exploring":false,"frameMoveM":0}
06-04 20:07:29.346 I/ReactNativeJS(30359): [VROOM-TEL] 2026-06-04T18:07:29.346Z | DRIVE_TRACE_CAMERA | {"t":1780596449346,"seq":824,"gpsTickId":1780596448955,"gpsTickAgeMs":364,"lat":51.350442,"lng":19.361385,"hdg":91,"speedKmh":55.9,"exploring":false,"frameMoveM":0}
06-04 20:07:29.663 I/ReactNativeJS(30359): [VROOM-TEL] 2026-06-04T18:07:29.663Z | DRIVE_TRACE_CAMERA | {"t":1780596449663,"seq":825,"gpsTickId":1780596448955,"gpsTickAgeMs":681,"lat":51.350441,"lng":19.361486,"hdg":91,"speedKmh":55.9,"exploring":false,"frameMoveM":0}
06-04 20:07:29.846 I/ReactNativeJS(30359): [VROOM-TEL] 2026-06-04T18:07:29.846Z | CAM_FOLLOW_PUSH | {"t":1780596449846,"lat":51.35044,"lng":19.361546,"hdg":91,"snapHdg":91,"speedKmh":56,"exploring":false,"source":"drive_marker_sv_60fps"}
06-04 20:07:29.964 I/ReactNativeJS(30359): [VROOM-TEL] 2026-06-04T18:07:29.964Z | DRIVE_TRACE_CAMERA | {"t":1780596449964,"seq":826,"gpsTickId":1780596448955,"gpsTickAgeMs":982,"lat":51.350439,"lng":19.361584,"hdg":91,"speedKmh":55.9,"exploring":false,"frameMoveM":0}
06-04 20:07:29.984 I/ReactNativeJS(30359): [VROOM-TEL] 2026-06-04T18:07:29.984Z | RAW_GPS_TICK | {"t":1780596449984,"gpsTickId":1780596449954,"gpsTickAgeMs":0,"lat":51.350432,"lng":19.3621,"speed":15.53,"speedKmh":55.9,"accuracy":4,"osTimestamp":1780596449954,"tripActive":true,"appState":"active"}
06-04 20:07:29.984 I/ReactNativeJS(30359): [VROOM-TEL] 2026-06-04T18:07:29.984Z | DRIVE_TRACE_RAW | {"t":1780596449984,"seq":827,"gpsTickId":1780596449954,"gpsTickAgeMs":0,"rawLat":51.350432,"rawLng":19.3621,"accM":4,"speedKmh":55.9,"speedMs":15.5,"heading":90,"tripActive":true,"driving":true,"navigating":false,"osTimestamp":1780596449954}
06-04 20:07:29.986 I/ReactNativeJS(30359): [VROOM-TEL] 2026-06-04T18:07:29.986Z | DRIVE_TRACE_FEED | {"t":1780596449986,"seq":828,"gpsTickId":1780596449954,"gpsTickAgeMs":2,"lat":51.350436,"lng":19.361809,"hdg":91,"durationMs":689,"speedKmh":55.9}
06-04 20:07:29.986 I/ReactNativeJS(30359): [VROOM-TEL] 2026-06-04T18:07:29.986Z | DRIVE_TRACE_TICK | {"t":1780596449986,"seq":829,"gpsTickId":1780596449954,"gpsTickAgeMs":2,"rawLat":51.350432,"rawLng":19.3621,"snapLat":51.350436,"snapLng":19.361809,"markerLat":51.350436,"markerLng":19.361809,"markerHdg":91,"markerSvLat":51.350439,"markerSvLng":19.361589,"markerSvHdg":91,"accM":4,"hudKmh":55.9,"engineKmh":55.6,"dopplerKmh":55.9,"feedDurMs":689,"cadenceMs":1000,"feedSpeedMs":15.5,"isNavigating":false,"isFreeDrive":true,"isMoving":true,"feedSkipGate":false,"feedAccepted":true,"feedHeadingOnly":false,"source":"drive_core_v2"}
06-04 20:07:29.986 I/ReactNativeJS(30359): [VROOM-TEL] 2026-06-04T18:07:29.986Z | GPS_ACCEPT | {"lat":51.350432,"lng":19.3621,"acc":4,"speedKmh":55.9,"gpsLock":true}
06-04 20:07:30.098 I/ReactNativeJS(30359): [VROOM-TEL] 2026-06-04T18:07:30.098Z | TRIP_SEGMENT_STATS | {"t":1780596450098,"totalDistanceKm":1.694,"acceptedMain":96,"acceptedMainKm":1.477,"fallbackAccepted":10,"fallbackKm":0.218,"derivedSpeedUsed":6,"derivedSpeedRejected":0,"lowSpeedDropped":0,"zeroMove":0,"rejectedTotal":38,"rejectedJitter":28,"rejectedJump":0,"rejectedStaleGap":0,"rejectedMinSpeed":0,"rejectedAccuracy":0,"rejectedImpossible":10,"rejectedInvalidTime":0}
06-04 20:07:30.145 I/ReactNativeJS(30359): [VROOM-TEL] 2026-06-04T18:07:30.145Z | CAMERA_HEADING | {"t":1780596450145,"speedKmh":56,"movedM":0.38,"moveBearing":null,"snapHdg":91,"headingOut":91,"flipFromPrevDeg":0,"lookaheadM":49,"nativeFollow":true}
06-04 20:07:30.279 I/ReactNativeJS(30359): [VROOM-TEL] 2026-06-04T18:07:30.279Z | DRIVE_TRACE_CAMERA | {"t":1780596450279,"seq":830,"gpsTickId":1780596449954,"gpsTickAgeMs":295,"lat":51.350438,"lng":19.361683,"hdg":91,"speedKmh":55.9,"exploring":false,"frameMoveM":0}
06-04 20:07:30.413 I/ReactNativeJS(30359): [VROOM-TEL] 2026-06-04T18:07:30.413Z | DRIVE_HEALTH | {"t":1780596450413,"mode":"driving","speedHudKmh":55.9,"speedPipeKmh":55.9,"gpsAgeMs":429,"drAgeMs":427,"gpsToDriftM":20,"snapAnchorDriftM":0,"offRoute":false,"reroutePending":false,"rerouteLoading":false,"hasRoutePts":0}
06-04 20:07:30.579 I/ReactNativeJS(30359): [VROOM-TEL] 2026-06-04T18:07:30.579Z | DRIVE_TRACE_CAMERA | {"t":1780596450579,"seq":831,"gpsTickId":1780596449954,"gpsTickAgeMs":595,"lat":51.350437,"lng":19.361778,"hdg":91,"speedKmh":55.9,"exploring":false,"frameMoveM":0}
06-04 20:07:30.703 I/ReactNativeJS(30359): [VROOM-TEL] 2026-06-04T18:07:30.703Z | CAM_FOLLOW_PUSH | {"t":1780596450703,"lat":51.350436,"lng":19.361799,"hdg":91,"snapHdg":91,"speedKmh":56,"exploring":false,"source":"drive_marker_sv_60fps"}
06-04 20:07:32.661 I/ReactNativeJS(30359): [GPS] Resume flow (foreground)
06-04 20:07:32.661 I/ReactNativeJS(30359): [VROOM-TEL] 2026-06-04T18:07:32.661Z | CAMERA_RESYNC | {"lat":51.35044,"lng":19.36181}
06-04 20:07:32.661 I/ReactNativeJS(30359): [VROOM-TEL] 2026-06-04T18:07:32.661Z | RESUME_PROTOCOL | {"t":1780596452661,"bgPauseMs":1760,"freezeMs":0,"jumpFromAnchorM":0,"instantSync":true,"lat":51.35044,"lng":19.36181}
06-04 20:07:32.661 I/ReactNativeJS(30359): [VROOM-TEL] 2026-06-04T18:07:32.661Z | RESUME_TRIP_ANCHOR | {"t":1780596452661,"lat":51.35044,"lng":19.36181,"bgPauseMs":1760,"freezeMs":0,"instantSync":true,"v10":true,"isDriving":true}
06-04 20:07:32.686 I/ReactNativeJS(30359): [VROOM-TEL] 2026-06-04T18:07:32.686Z | CAMERA_HEADING | {"t":1780596452686,"speedKmh":56,"movedM":0,"moveBearing":null,"snapHdg":91,"headingOut":91,"flipFromPrevDeg":0,"lookaheadM":49,"nativeFollow":true}
06-04 20:07:32.689 I/ReactNativeJS(30359): [VROOM-TEL] 2026-06-04T18:07:32.689Z | CAM_FOLLOW_PUSH | {"t":1780596452689,"lat":51.350436,"lng":19.361809,"hdg":91,"snapHdg":91,"speedKmh":56,"exploring":false,"source":"drive_marker_sv_60fps"}
06-04 20:07:32.689 I/ReactNativeJS(30359): [VROOM-TEL] 2026-06-04T18:07:32.689Z | DRIVE_TRACE_CAMERA | {"t":1780596452689,"seq":832,"gpsTickId":1780596449954,"gpsTickAgeMs":2705,"lat":51.350436,"lng":19.361809,"hdg":91,"speedKmh":55.9,"exploring":false,"frameMoveM":0}
06-04 20:07:32.965 I/ReactNativeJS(30359): '[DrivingMapMatch] forceMatch snapped to road:', 2, 'pts'
06-04 20:07:32.965 I/ReactNativeJS(30359): [VROOM-TEL] 2026-06-04T18:07:32.965Z | ROAD_MATCH_SOFT_APPLY_V2 | {"t":1780596452965,"pts":2,"shiftM":1037}
06-04 20:07:32.965 I/ReactNativeJS(30359): [VROOM-TEL] 2026-06-04T18:07:32.965Z | ROAD_MATCH_SOFT_APPLY | {"pts":2,"shiftM":1037}
06-04 20:07:32.966 I/ReactNativeJS(30359): [VROOM-TEL] 2026-06-04T18:07:32.966Z | DRIVE_API | {"allow":true,"trigger":"off_buffer","crossTrackM":21,"buffered":12,"throttleBlocked":false}
06-04 20:07:32.966 I/ReactNativeJS(30359): [VROOM-TEL] 2026-06-04T18:07:32.966Z | DRIVE_TRACE_FEED | {"t":1780596452966,"seq":833,"gpsTickId":1780596449954,"gpsTickAgeMs":2982,"lat":51.350453,"lng":19.361809,"hdg":91,"durationMs":320,"speedKmh":41.2}
06-04 20:07:32.966 I/ReactNativeJS(30359): [VROOM-TEL] 2026-06-04T18:07:32.966Z | TRIP_SEGMENT_REJECT | {"t":1780596452966,"reason":"jitter","dtSec":3,"speedKmh":41.2}
06-04 20:07:32.966 I/ReactNativeJS(30359): [VROOM-TEL] 2026-06-04T18:07:32.966Z | DRIVE_TRACE_TICK | {"t":1780596452966,"seq":834,"gpsTickId":1780596449954,"gpsTickAgeMs":2982,"rawLat":51.350432,"rawLng":19.3621,"snapLat":51.350453,"snapLng":19.361809,"markerLat":51.350453,"markerLng":19.361809,"markerHdg":91,"markerSvLat":51.350436,"markerSvLng":19.361809,"markerSvHdg":91,"accM":12,"hudKmh":41.2,"engineKmh":41.2,"dopplerKmh":0,"feedDurMs":320,"cadenceMs":1000,"feedSpeedMs":11.4,"isNavigating":false,"isFreeDrive":true,"isMoving":true,"feedSkipGate":false,"feedAccepted":true,"feedHeadingOnly":false,"source":"drive_core_v2"}
06-04 20:07:32.966 I/ReactNativeJS(30359): [VROOM-TEL] 2026-06-04T18:07:32.966Z | DRIVE_API | {"allow":false,"trigger":null,"crossTrackM":1.9,"buffered":1,"throttleBlocked":false}
06-04 20:07:32.967 I/ReactNativeJS(30359): [VROOM-TEL] 2026-06-04T18:07:32.967Z | DRIVE_TRACE_FEED | {"t":1780596452967,"seq":835,"gpsTickId":1780596449954,"gpsTickAgeMs":2983,"lat":51.350453,"lng":19.361809,"hdg":111,"durationMs":900,"speedKmh":22.6}
06-04 20:07:32.967 I/ReactNativeJS(30359): [VROOM-TEL] 2026-06-04T18:07:32.967Z | DRIVE_TRACE_TICK | {"t":1780596452967,"seq":836,"gpsTickId":1780596449954,"gpsTickAgeMs":2983,"rawLat":51.350436,"rawLng":19.361809,"snapLat":51.350453,"snapLng":19.361809,"markerLat":51.350453,"markerLng":19.361809,"markerHdg":111,"markerSvLat":51.350436,"markerSvLng":19.361809,"markerSvHdg":91,"accM":12,"hudKmh":22.6,"engineKmh":22.6,"dopplerKmh":0,"feedDurMs":900,"cadenceMs":1000,"feedSpeedMs":6.3,"isNavigating":false,"isFreeDrive":true,"isMoving":true,"feedSkipGate":false,"feedAccepted":true,"feedHeadingOnly":false,"source":"drive_core_v2"}
06-04 20:07:32.970 W/ReactNativeJS(30359): [GPS] One-shot odrzucony: nierealistyczny skok względem ostatniej pozycji
06-04 20:07:32.995 I/ReactNativeJS(30359): [VROOM-TEL] 2026-06-04T18:07:32.995Z | DRIVE_TRACE_CAMERA | {"t":1780596452995,"seq":837,"gpsTickId":1780596449954,"gpsTickAgeMs":3011,"lat":51.350437,"lng":19.361809,"hdg":97,"speedKmh":22.6,"exploring":false,"frameMoveM":0}
06-04 20:07:33.309 I/ReactNativeJS(30359): [VROOM-TEL] 2026-06-04T18:07:33.309Z | DRIVE_TRACE_CAMERA | {"t":1780596453309,"seq":838,"gpsTickId":1780596449954,"gpsTickAgeMs":3325,"lat":51.350442,"lng":19.361809,"hdg":111,"speedKmh":22.6,"exploring":false,"frameMoveM":0}
06-04 20:07:33.529 I/ReactNativeJS(30359): [VROOM-TEL] 2026-06-04T18:07:33.529Z | CAM_FOLLOW_PUSH | {"t":1780596453529,"lat":51.350446,"lng":19.361809,"hdg":111,"snapHdg":111,"speedKmh":23,"exploring":false,"source":"drive_marker_sv_60fps"}
06-04 20:07:33.655 I/ReactNativeJS(30359): [VROOM-TEL] 2026-06-04T18:07:33.655Z | DRIVE_TRACE_CAMERA | {"t":1780596453655,"seq":839,"gpsTickId":1780596449954,"gpsTickAgeMs":3671,"lat":51.350448,"lng":19.361809,"hdg":111,"speedKmh":22.6,"exploring":false,"frameMoveM":0}
06-04 20:07:33.795 I/ReactNativeJS(30359): [VROOM-TEL] 2026-06-04T18:07:33.795Z | CAMERA_HEADING | {"t":1780596453795,"speedKmh":23,"movedM":0.04,"moveBearing":null,"snapHdg":111,"headingOut":111,"flipFromPrevDeg":0,"lookaheadM":19,"nativeFollow":true}
06-04 20:07:33.981 I/ReactNativeJS(30359): [VROOM-TEL] 2026-06-04T18:07:33.981Z | ONE_SHOT_RESUME_REJECT | {"t":1780596453981,"jumpM":83,"bgPauseMs":3080}
06-04 20:07:35.429 I/ReactNativeJS(30359): [VROOM-TEL] 2026-06-04T18:07:35.429Z | DRIVE_TRACE_HEARTBEAT | {"t":1780596455429,"seq":840,"gpsTickId":1780596449954,"gpsTickAgeMs":5445,"driving":true,"navigating":false,"tripActive":true,"lat":51.350436122083266,"lng":19.36180907912602,"gpsAgeMs":5445}
06-04 20:07:36.045 I/ReactNativeJS(30359): [VROOM-TEL] 2026-06-04T18:07:36.045Z | CAMERA_HEADING | {"t":1780596456045,"speedKmh":23,"movedM":0,"moveBearing":null,"snapHdg":111,"headingOut":111,"flipFromPrevDeg":0,"lookaheadM":19,"nativeFollow":true}
06-04 20:07:37.807 I/ReactNativeJS(30359): [VROOM-TEL] 2026-06-04T18:07:37.807Z | CAMERA_HEADING | {"t":1780596457807,"speedKmh":23,"movedM":0,"moveBearing":null,"snapHdg":111,"headingOut":111,"flipFromPrevDeg":0,"lookaheadM":19,"nativeFollow":true}
06-04 20:07:40.140 I/ReactNativeJS(30359): [VROOM-TEL] 2026-06-04T18:07:40.140Z | CAMERA_HEADING | {"t":1780596460140,"speedKmh":23,"movedM":0,"moveBearing":null,"snapHdg":111,"headingOut":111,"flipFromPrevDeg":0,"lookaheadM":19,"nativeFollow":true}
06-04 20:07:40.444 I/ReactNativeJS(30359): [VROOM-TEL] 2026-06-04T18:07:40.444Z | DRIVE_TRACE_HEARTBEAT | {"t":1780596460444,"seq":841,"gpsTickId":1780596449954,"gpsTickAgeMs":10460,"driving":true,"navigating":false,"tripActive":true,"lat":51.350436122083266,"lng":19.36180907912602,"gpsAgeMs":10460}
06-04 20:07:41.737 I/ReactNativeJS(30359): [VROOM-TEL] 2026-06-04T18:07:41.737Z | CAMERA_HEADING | {"t":1780596461737,"speedKmh":23,"movedM":0,"moveBearing":null,"snapHdg":111,"headingOut":111,"flipFromPrevDeg":0,"lookaheadM":19,"nativeFollow":true}
06-04 20:07:43.785 I/ReactNativeJS(30359): [VROOM-TEL] 2026-06-04T18:07:43.785Z | CAMERA_HEADING | {"t":1780596463785,"speedKmh":23,"movedM":0,"moveBearing":null,"snapHdg":111,"headingOut":111,"flipFromPrevDeg":0,"lookaheadM":19,"nativeFollow":true}
06-04 20:07:45.499 I/ReactNativeJS(30359): [VROOM-TEL] 2026-06-04T18:07:45.499Z | CAMERA_HEADING | {"t":1780596465499,"speedKmh":23,"movedM":0,"moveBearing":null,"snapHdg":111,"headingOut":111,"flipFromPrevDeg":0,"lookaheadM":19,"nativeFollow":true}
06-04 20:07:45.504 I/ReactNativeJS(30359): [VROOM-TEL] 2026-06-04T18:07:45.504Z | DRIVE_HEALTH | {"t":1780596465504,"mode":"driving","speedHudKmh":22.6,"speedPipeKmh":22.6,"gpsAgeMs":12538,"drAgeMs":12537,"gpsToDriftM":2,"snapAnchorDriftM":0,"offRoute":false,"reroutePending":false,"rerouteLoading":false,"hasRoutePts":0}
06-04 20:07:45.504 I/ReactNativeJS(30359): [VROOM-TEL] 2026-06-04T18:07:45.504Z | DRIVE_TRACE_HEARTBEAT | {"t":1780596465504,"seq":842,"gpsTickId":1780596449954,"gpsTickAgeMs":15520,"driving":true,"navigating":false,"tripActive":true,"lat":51.350436122083266,"lng":19.36180907912602,"gpsAgeMs":15520}
06-04 20:07:48.968 I/ReactNativeJS(30359): [VROOM-TEL] 2026-06-04T18:07:48.968Z | RAW_GPS_TICK | {"t":1780596468968,"gpsTickId":1780596468955,"gpsTickAgeMs":0,"lat":51.350406,"lng":19.366332,"speed":15.48,"speedKmh":55.7,"accuracy":4,"osTimestamp":1780596468955,"tripActive":true,"appState":"active"}
06-04 20:07:48.969 I/ReactNativeJS(30359): [VROOM-TEL] 2026-06-04T18:07:48.969Z | DRIVE_TRACE_RAW | {"t":1780596468969,"seq":843,"gpsTickId":1780596468955,"gpsTickAgeMs":0,"rawLat":51.350406,"rawLng":19.366332,"accM":4,"speedKmh":55.7,"speedMs":15.5,"heading":90,"tripActive":true,"driving":true,"navigating":false,"osTimestamp":1780596468955}
06-04 20:07:48.969 I/ReactNativeJS(30359): [VROOM-TEL] 2026-06-04T18:07:48.969Z | DRIVE_API | {"allow":true,"trigger":"no_cache","crossTrackM":256.1,"buffered":2,"throttleBlocked":false}
06-04 20:07:48.970 I/ReactNativeJS(30359): [VROOM-TEL] 2026-06-04T18:07:48.970Z | MARKER_STUCK | {"t":1780596468970,"markerRawGapM":314,"hudKmh":56,"snapLat":51.35045,"rawLat":51.35041}
06-04 20:07:48.972 I/ReactNativeJS(30359): [VROOM-TEL] 2026-06-04T18:07:48.972Z | DRIVE_TRACE_FEED | {"t":1780596468972,"seq":844,"gpsTickId":1780596468955,"gpsTickAgeMs":4,"lat":51.350453,"lng":19.361809,"hdg":111,"durationMs":900,"speedKmh":55.7}
06-04 20:07:48.972 I/ReactNativeJS(30359): [VROOM-TEL] 2026-06-04T18:07:48.972Z | TRIP_SEGMENT_REJECT | {"t":1780596468972,"reason":"jitter","dtSec":16,"speedKmh":55.7}
06-04 20:07:48.974 I/ReactNativeJS(30359): [VROOM-TEL] 2026-06-04T18:07:48.974Z | DRIVE_TRACE_TICK | {"t":1780596468974,"seq":845,"gpsTickId":1780596468955,"gpsTickAgeMs":5,"rawLat":51.350406,"rawLng":19.366332,"snapLat":51.350453,"snapLng":19.361809,"markerLat":51.350453,"markerLng":19.361809,"markerHdg":111,"markerSvLat":51.350453,"markerSvLng":19.361809,"markerSvHdg":111,"accM":4,"hudKmh":55.7,"engineKmh":8.4,"dopplerKmh":55.7,"feedDurMs":900,"cadenceMs":1000,"feedSpeedMs":15.5,"isNavigating":false,"isFreeDrive":true,"isMoving":true,"feedSkipGate":false,"feedAccepted":true,"feedHeadingOnly":false,"source":"drive_core_v2"}
06-04 20:07:48.974 I/ReactNativeJS(30359): [VROOM-TEL] 2026-06-04T18:07:48.974Z | GPS_ACCEPT | {"lat":51.350406,"lng":19.366332,"acc":4,"speedKmh":55.7,"gpsLock":false}
06-04 20:07:49.009 I/ReactNativeJS(30359): [VROOM-TEL] 2026-06-04T18:07:49.009Z | CAMERA_HEADING | {"t":1780596469009,"speedKmh":56,"movedM":0,"moveBearing":null,"snapHdg":111,"headingOut":111,"flipFromPrevDeg":0,"lookaheadM":48,"nativeFollow":true}
06-04 20:07:49.044 I/ReactNativeJS(30359): [VROOM-TEL] 2026-06-04T18:07:49.044Z | CAM_FOLLOW_PUSH | {"t":1780596469044,"lat":51.350452,"lng":19.361812,"hdg":111,"snapHdg":111,"speedKmh":56,"exploring":false,"source":"drive_marker_sv_60fps"}
06-04 20:07:49.044 I/ReactNativeJS(30359): [VROOM-TEL] 2026-06-04T18:07:49.044Z | DRIVE_TRACE_CAMERA | {"t":1780596469044,"seq":846,"gpsTickId":1780596468955,"gpsTickAgeMs":76,"lat":51.350452,"lng":19.361812,"hdg":111,"speedKmh":55.7,"exploring":false,"frameMoveM":0}
06-04 20:07:49.413 I/ReactNativeJS(30359): [VROOM-TEL] 2026-06-04T18:07:49.413Z | DRIVE_TRACE_CAMERA | {"t":1780596469413,"seq":847,"gpsTickId":1780596468955,"gpsTickAgeMs":445,"lat":51.350439,"lng":19.361867,"hdg":111,"speedKmh":55.7,"exploring":false,"frameMoveM":0}
06-04 20:07:49.445 I/ReactNativeJS(30359): [VROOM-TEL] 2026-06-04T18:07:49.445Z | ROAD_MATCH_SOFT_APPLY_V2 | {"t":1780596469445,"pts":41,"shiftM":314}
06-04 20:07:49.445 I/ReactNativeJS(30359): [VROOM-TEL] 2026-06-04T18:07:49.445Z | ROAD_MATCH_SOFT_APPLY | {"pts":41,"shiftM":314}
06-04 20:07:49.446 I/ReactNativeJS(30359): [VROOM-TEL] 2026-06-04T18:07:49.446Z | DRIVE_API | {"allow":false,"trigger":null,"crossTrackM":1.3,"buffered":1,"throttleBlocked":true}
06-04 20:07:49.448 I/ReactNativeJS(30359): [VROOM-TEL] 2026-06-04T18:07:49.448Z | DRIVE_TRACE_FEED | {"t":1780596469448,"seq":848,"gpsTickId":1780596468955,"gpsTickAgeMs":480,"lat":51.350447,"lng":19.362601,"hdg":111,"durationMs":1200,"speedKmh":4.4}
06-04 20:07:49.448 I/ReactNativeJS(30359): [VROOM-TEL] 2026-06-04T18:07:49.448Z | DRIVE_TRACE_TICK | {"t":1780596469448,"seq":849,"gpsTickId":1780596468955,"gpsTickAgeMs":480,"rawLat":51.350406,"rawLng":19.366332,"snapLat":51.350447,"snapLng":19.362601,"markerLat":51.350447,"markerLng":19.362601,"markerHdg":111,"markerSvLat":51.35043,"markerSvLng":19.361901,"markerSvHdg":111,"accM":12,"hudKmh":4.4,"engineKmh":4.4,"dopplerKmh":0,"feedDurMs":1200,"cadenceMs":1000,"feedSpeedMs":1.2,"isNavigating":false,"isFreeDrive":true,"isMoving":true,"feedSkipGate":false,"feedAccepted":true,"feedHeadingOnly":false,"source":"drive_core_v2"}
06-04 20:07:49.778 I/ReactNativeJS(30359): [VROOM-TEL] 2026-06-04T18:07:49.778Z | DRIVE_TRACE_CAMERA | {"t":1780596469778,"seq":850,"gpsTickId":1780596468955,"gpsTickAgeMs":810,"lat":51.350433,"lng":19.362014,"hdg":111,"speedKmh":4.4,"exploring":false,"frameMoveM":0}
06-04 20:07:49.864 I/ReactNativeJS(30359): [VROOM-TEL] 2026-06-04T18:07:49.864Z | CAM_FOLLOW_PUSH | {"t":1780596469864,"lat":51.350436,"lng":19.362122,"hdg":111,"snapHdg":111,"speedKmh":4,"exploring":false,"source":"drive_marker_sv_60fps"}
06-04 20:07:50.002 I/ReactNativeJS(30359): [VROOM-TEL] 2026-06-04T18:07:50.002Z | GPS_LOCK_ACQUIRED | {"at":1780596470002}
06-04 20:07:50.002 I/ReactNativeJS(30359): [VROOM-TEL] 2026-06-04T18:07:50.002Z | RAW_GPS_TICK | {"t":1780596470002,"gpsTickId":1780596469954,"gpsTickAgeMs":0,"lat":51.350407,"lng":19.366553,"speed":15.5,"speedKmh":55.8,"accuracy":4,"osTimestamp":1780596469954,"tripActive":true,"appState":"active"}
06-04 20:07:50.002 I/ReactNativeJS(30359): [VROOM-TEL] 2026-06-04T18:07:50.002Z | DRIVE_TRACE_RAW | {"t":1780596470002,"seq":851,"gpsTickId":1780596469954,"gpsTickAgeMs":0,"rawLat":51.350407,"rawLng":19.366553,"accM":4,"speedKmh":55.8,"speedMs":15.5,"heading":90,"tripActive":true,"driving":true,"navigating":false,"osTimestamp":1780596469954}
06-04 20:07:50.002 I/ReactNativeJS(30359): [VROOM-TEL] 2026-06-04T18:07:50.002Z | ROAD_MATCH_SOFT_APPLY | {"pts":2,"shiftM":314}
06-04 20:07:50.002 I/ReactNativeJS(30359): [VROOM-TEL] 2026-06-04T18:07:50.002Z | DRIVE_API | {"allow":false,"trigger":null,"crossTrackM":97.5,"buffered":2,"throttleBlocked":true}
06-04 20:07:50.003 I/ReactNativeJS(30359): [VROOM-TEL] 2026-06-04T18:07:50.003Z | DRIVE_TRACE_FEED | {"t":1780596470003,"seq":852,"gpsTickId":1780596469954,"gpsTickAgeMs":1,"lat":51.350434,"lng":19.363777,"hdg":90,"durationMs":1200,"speedKmh":55.8}
06-04 20:07:50.004 I/ReactNativeJS(30359): [VROOM-TEL] 2026-06-04T18:07:50.004Z | DRIVE_TRACE_TICK | {"t":1780596470004,"seq":853,"gpsTickId":1780596469954,"gpsTickAgeMs":2,"rawLat":51.350407,"rawLng":19.366553,"snapLat":51.350434,"snapLng":19.363777,"markerLat":51.350434,"markerLng":19.363777,"markerHdg":90,"markerSvLat":51.350438,"markerSvLng":19.362218,"markerSvHdg":111,"accM":4,"hudKmh":55.8,"engineKmh":0,"dopplerKmh":55.8,"feedDurMs":1200,"cadenceMs":1012,"feedSpeedMs":15.5,"isNavigating":false,"isFreeDrive":true,"isMoving":true,"feedSkipGate":false,"feedAccepted":true,"feedHeadingOnly":false,"source":"drive_core_v2"}
06-04 20:07:50.004 I/ReactNativeJS(30359): [VROOM-TEL] 2026-06-04T18:07:50.004Z | GPS_ACCEPT | {"lat":51.350407,"lng":19.366553,"acc":4,"speedKmh":55.8,"gpsLock":true}
06-04 20:07:50.086 I/ReactNativeJS(30359): [VROOM-TEL] 2026-06-04T18:07:50.086Z | DRIVE_TRACE_CAMERA | {"t":1780596470086,"seq":854,"gpsTickId":1780596469954,"gpsTickAgeMs":84,"lat":51.350438,"lng":19.362247,"hdg":90,"speedKmh":55.8,"exploring":false,"frameMoveM":0}
06-04 20:07:50.112 I/ReactNativeJS(30359): [VROOM-TEL] 2026-06-04T18:07:50.112Z | CAMERA_HEADING | {"t":1780596470112,"speedKmh":56,"movedM":7.58,"moveBearing":90,"snapHdg":90,"headingOut":90,"flipFromPrevDeg":0,"lookaheadM":48,"nativeFollow":true}
06-04 20:07:50.410 I/ReactNativeJS(30359): [VROOM-TEL] 2026-06-04T18:07:50.410Z | DRIVE_TRACE_CAMERA | {"t":1780596470410,"seq":855,"gpsTickId":1780596469954,"gpsTickAgeMs":408,"lat":51.350437,"lng":19.362747,"hdg":90,"speedKmh":55.8,"exploring":false,"frameMoveM":0}
06-04 20:07:50.677 I/ReactNativeJS(30359): [VROOM-TEL] 2026-06-04T18:07:50.677Z | CAM_FOLLOW_PUSH | {"t":1780596470677,"lat":51.350436,"lng":19.363093,"hdg":90,"snapHdg":90,"speedKmh":56,"exploring":false,"source":"drive_marker_sv_60fps"}
06-04 20:07:50.710 I/ReactNativeJS(30359): [VROOM-TEL] 2026-06-04T18:07:50.710Z | DRIVE_TRACE_CAMERA | {"t":1780596470710,"seq":856,"gpsTickId":1780596469954,"gpsTickAgeMs":708,"lat":51.350436,"lng":19.363136,"hdg":90,"speedKmh":55.8,"exploring":false,"frameMoveM":0}
06-04 20:07:50.968 I/ReactNativeJS(30359): [VROOM-TEL] 2026-06-04T18:07:50.968Z | RAW_GPS_TICK | {"t":1780596470968,"gpsTickId":1780596470953,"gpsTickAgeMs":0,"lat":51.350407,"lng":19.366777,"speed":15.48,"speedKmh":55.7,"accuracy":4,"osTimestamp":1780596470953,"tripActive":true,"appState":"active"}
06-04 20:07:50.968 I/ReactNativeJS(30359): [VROOM-TEL] 2026-06-04T18:07:50.968Z | DRIVE_TRACE_RAW | {"t":1780596470968,"seq":857,"gpsTickId":1780596470953,"gpsTickAgeMs":0,"rawLat":51.350407,"rawLng":19.366777,"accM":4,"speedKmh":55.7,"speedMs":15.5,"heading":90,"tripActive":true,"driving":true,"navigating":false,"osTimestamp":1780596470953}
06-04 20:07:50.969 I/ReactNativeJS(30359): [VROOM-TEL] 2026-06-04T18:07:50.969Z | DRIVE_API | {"allow":false,"trigger":null,"crossTrackM":65.6,"buffered":3,"throttleBlocked":true}
06-04 20:07:50.969 I/ReactNativeJS(30359): [VROOM-TEL] 2026-06-04T18:07:50.969Z | MARKER_STUCK | {"t":1780596470969,"markerRawGapM":127,"hudKmh":56,"snapLat":51.35042,"rawLat":51.35041}
06-04 20:07:50.970 I/ReactNativeJS(30359): [VROOM-TEL] 2026-06-04T18:07:50.970Z | DRIVE_TRACE_FEED | {"t":1780596470970,"seq":858,"gpsTickId":1780596470953,"gpsTickAgeMs":2,"lat":51.350423,"lng":19.364953,"hdg":90,"durationMs":1200,"speedKmh":55.7}
06-04 20:07:50.971 I/ReactNativeJS(30359): [VROOM-TEL] 2026-06-04T18:07:50.971Z | DRIVE_TRACE_TICK | {"t":1780596470971,"seq":859,"gpsTickId":1780596470953,"gpsTickAgeMs":3,"rawLat":51.350407,"rawLng":19.366777,"snapLat":51.350423,"snapLng":19.364953,"markerLat":51.350423,"markerLng":19.364953,"markerHdg":90,"markerSvLat":51.350435,"markerSvLng":19.36346,"markerSvHdg":90,"accM":4,"hudKmh":55.7,"engineKmh":9.3,"dopplerKmh":55.7,"feedDurMs":1200,"cadenceMs":996,"feedSpeedMs":15.5,"isNavigating":false,"isFreeDrive":true,"isMoving":true,"feedSkipGate":false,"feedAccepted":true,"feedHeadingOnly":false,"source":"drive_core_v2"}
06-04 20:07:50.971 I/ReactNativeJS(30359): [VROOM-TEL] 2026-06-04T18:07:50.971Z | GPS_ACCEPT | {"lat":51.350407,"lng":19.366777,"acc":4,"speedKmh":57.7,"gpsLock":true}
06-04 20:07:51.017 I/ReactNativeJS(30359): [VROOM-TEL] 2026-06-04T18:07:51.017Z | DRIVE_TRACE_CAMERA | {"t":1780596471017,"seq":860,"gpsTickId":1780596470953,"gpsTickAgeMs":49,"lat":51.350435,"lng":19.363468,"hdg":90,"speedKmh":55.7,"exploring":false,"frameMoveM":0}
06-04 20:07:51.213 I/ReactNativeJS(30359): [VROOM-TEL] 2026-06-04T18:07:51.213Z | CAMERA_HEADING | {"t":1780596471213,"speedKmh":56,"movedM":8.64,"moveBearing":91,"snapHdg":91,"headingOut":91,"flipFromPrevDeg":0,"lookaheadM":48,"nativeFollow":true}
06-04 20:07:51.330 I/ReactNativeJS(30359): [VROOM-TEL] 2026-06-04T18:07:51.330Z | DRIVE_TRACE_CAMERA | {"t":1780596471330,"seq":861,"gpsTickId":1780596470953,"gpsTickAgeMs":362,"lat":51.350432,"lng":19.363908,"hdg":91,"speedKmh":55.7,"exploring":false,"frameMoveM":0}
06-04 20:07:51.494 I/ReactNativeJS(30359): [VROOM-TEL] 2026-06-04T18:07:51.494Z | CAM_FOLLOW_PUSH | {"t":1780596471494,"lat":51.35043,"lng":19.36411,"hdg":91,"snapHdg":91,"speedKmh":56,"exploring":false,"source":"drive_marker_sv_60fps"}
06-04 20:07:51.644 I/ReactNativeJS(30359): [VROOM-TEL] 2026-06-04T18:07:51.643Z | DRIVE_TRACE_CAMERA | {"t":1780596471643,"seq":862,"gpsTickId":1780596470953,"gpsTickAgeMs":675,"lat":51.350428,"lng":19.364297,"hdg":91,"speedKmh":55.7,"exploring":false,"frameMoveM":0}
06-04 20:07:51.960 I/ReactNativeJS(30359): [VROOM-TEL] 2026-06-04T18:07:51.960Z | DRIVE_TRACE_CAMERA | {"t":1780596471960,"seq":863,"gpsTickId":1780596470953,"gpsTickAgeMs":992,"lat":51.350425,"lng":19.364691,"hdg":91,"speedKmh":55.7,"exploring":false,"frameMoveM":0}
06-04 20:07:51.987 I/ReactNativeJS(30359): [VROOM-TEL] 2026-06-04T18:07:51.987Z | RAW_GPS_TICK | {"t":1780596471987,"gpsTickId":1780596471953,"gpsTickAgeMs":0,"lat":51.350405,"lng":19.367,"speed":15.47,"speedKmh":55.7,"accuracy":4,"osTimestamp":1780596471953,"tripActive":true,"appState":"active"}
06-04 20:07:51.987 I/ReactNativeJS(30359): [VROOM-TEL] 2026-06-04T18:07:51.987Z | DRIVE_TRACE_RAW | {"t":1780596471987,"seq":864,"gpsTickId":1780596471953,"gpsTickAgeMs":0,"rawLat":51.350405,"rawLng":19.367,"accM":4,"speedKmh":55.7,"speedMs":15.5,"heading":90,"tripActive":true,"driving":true,"navigating":false,"osTimestamp":1780596471953}
06-04 20:07:51.987 I/ReactNativeJS(30359): [VROOM-TEL] 2026-06-04T18:07:51.987Z | DRIVE_API | {"allow":false,"trigger":null,"crossTrackM":36.1,"buffered":4,"throttleBlocked":true}
06-04 20:07:51.989 I/ReactNativeJS(30359): [VROOM-TEL] 2026-06-04T18:07:51.989Z | DRIVE_TRACE_FEED | {"t":1780596471989,"seq":865,"gpsTickId":1780596471953,"gpsTickAgeMs":2,"lat":51.350413,"lng":19.366033,"hdg":90,"durationMs":1200,"speedKmh":55.7}
06-04 20:07:51.989 I/ReactNativeJS(30359): [VROOM-TEL] 2026-06-04T18:07:51.989Z | DRIVE_TRACE_TICK | {"t":1780596471989,"seq":866,"gpsTickId":1780596471953,"gpsTickAgeMs":2,"rawLat":51.350405,"rawLng":19.367,"snapLat":51.350413,"snapLng":19.366033,"markerLat":51.350413,"markerLng":19.366033,"markerHdg":90,"markerSvLat":51.350425,"markerSvLng":19.364715,"markerSvHdg":91,"accM":4,"hudKmh":55.7,"engineKmh":9.3,"dopplerKmh":55.7,"feedDurMs":1200,"cadenceMs":1004,"feedSpeedMs":15.5,"isNavigating":false,"isFreeDrive":true,"isMoving":true,"feedSkipGate":false,"feedAccepted":true,"feedHeadingOnly":false,"source":"drive_core_v2"}
06-04 20:07:51.989 I/ReactNativeJS(30359): [VROOM-TEL] 2026-06-04T18:07:51.989Z | GPS_ACCEPT | {"lat":51.350405,"lng":19.367,"acc":4,"speedKmh":55.7,"gpsLock":true}
06-04 20:07:52.260 I/ReactNativeJS(30359): [VROOM-TEL] 2026-06-04T18:07:52.260Z | DRIVE_TRACE_CAMERA | {"t":1780596472260,"seq":867,"gpsTickId":1780596471953,"gpsTickAgeMs":273,"lat":51.350422,"lng":19.365012,"hdg":91,"speedKmh":55.7,"exploring":false,"frameMoveM":0}
06-04 20:07:52.294 I/ReactNativeJS(30359): [VROOM-TEL] 2026-06-04T18:07:52.294Z | CAM_FOLLOW_PUSH | {"t":1780596472294,"lat":51.350422,"lng":19.365049,"hdg":91,"snapHdg":91,"speedKmh":56,"exploring":false,"source":"drive_marker_sv_60fps"}
06-04 20:07:52.327 I/ReactNativeJS(30359): [VROOM-TEL] 2026-06-04T18:07:52.327Z | CAMERA_HEADING | {"t":1780596472327,"speedKmh":56,"movedM":2.44,"moveBearing":91,"snapHdg":91,"headingOut":91,"flipFromPrevDeg":0,"lookaheadM":48,"nativeFollow":true}
06-04 20:07:52.560 I/ReactNativeJS(30359): [VROOM-TEL] 2026-06-04T18:07:52.560Z | DRIVE_TRACE_CAMERA | {"t":1780596472560,"seq":868,"gpsTickId":1780596471953,"gpsTickAgeMs":573,"lat":51.350419,"lng":19.365341,"hdg":91,"speedKmh":55.7,"exploring":false,"frameMoveM":0}
06-04 20:07:52.860 I/ReactNativeJS(30359): [VROOM-TEL] 2026-06-04T18:07:52.860Z | DRIVE_TRACE_CAMERA | {"t":1780596472860,"seq":869,"gpsTickId":1780596471953,"gpsTickAgeMs":873,"lat":51.350416,"lng":19.365672,"hdg":91,"speedKmh":55.7,"exploring":false,"frameMoveM":0}
06-04 20:07:52.982 I/ReactNativeJS(30359): [VROOM-TEL] 2026-06-04T18:07:52.982Z | RAW_GPS_TICK | {"t":1780596472982,"gpsTickId":1780596472954,"gpsTickAgeMs":0,"lat":51.350401,"lng":19.367224,"speed":15.46,"speedKmh":55.7,"accuracy":4,"osTimestamp":1780596472954,"tripActive":true,"appState":"active"}
06-04 20:07:52.982 I/ReactNativeJS(30359): [VROOM-TEL] 2026-06-04T18:07:52.982Z | DRIVE_TRACE_RAW | {"t":1780596472982,"seq":870,"gpsTickId":1780596472954,"gpsTickAgeMs":0,"rawLat":51.350401,"rawLng":19.367224,"accM":4,"speedKmh":55.7,"speedMs":15.5,"heading":91,"tripActive":true,"driving":true,"navigating":false,"osTimestamp":1780596472954}
06-04 20:07:52.983 I/ReactNativeJS(30359): [VROOM-TEL] 2026-06-04T18:07:52.983Z | DRIVE_API | {"allow":false,"trigger":null,"crossTrackM":20.7,"buffered":5,"throttleBlocked":true}
06-04 20:07:52.984 I/ReactNativeJS(30359): [VROOM-TEL] 2026-06-04T18:07:52.984Z | DRIVE_TRACE_FEED | {"t":1780596472984,"seq":871,"gpsTickId":1780596472954,"gpsTickAgeMs":2,"lat":51.350405,"lng":19.366821,"hdg":91,"durationMs":1200,"speedKmh":55.7}
06-04 20:07:52.985 I/ReactNativeJS(30359): [VROOM-TEL] 2026-06-04T18:07:52.985Z | DRIVE_TRACE_TICK | {"t":1780596472985,"seq":872,"gpsTickId":1780596472954,"gpsTickAgeMs":3,"rawLat":51.350401,"rawLng":19.367224,"snapLat":51.350405,"snapLng":19.366821,"markerLat":51.350405,"markerLng":19.366821,"markerHdg":91,"markerSvLat":51.350415,"markerSvLng":19.365798,"markerSvHdg":91,"accM":4,"hudKmh":55.7,"engineKmh":21.8,"dopplerKmh":55.7,"feedDurMs":1200,"cadenceMs":1001,"feedSpeedMs":15.5,"isNavigating":false,"isFreeDrive":true,"isMoving":true,"feedSkipGate":false,"feedAccepted":true,"feedHeadingOnly":false,"source":"drive_core_v2"}
06-04 20:07:52.985 I/ReactNativeJS(30359): [VROOM-TEL] 2026-06-04T18:07:52.985Z | GPS_ACCEPT | {"lat":51.350401,"lng":19.367224,"acc":4,"speedKmh":56.3,"gpsLock":true}
06-04 20:07:53.094 I/ReactNativeJS(30359): [VROOM-TEL] 2026-06-04T18:07:53.094Z | CAM_FOLLOW_PUSH | {"t":1780596473094,"lat":51.350414,"lng":19.365891,"hdg":91,"snapHdg":91,"speedKmh":56,"exploring":false,"source":"drive_marker_sv_60fps"}
06-04 20:07:53.160 I/ReactNativeJS(30359): [VROOM-TEL] 2026-06-04T18:07:53.160Z | DRIVE_TRACE_CAMERA | {"t":1780596473160,"seq":873,"gpsTickId":1780596472954,"gpsTickAgeMs":178,"lat":51.350414,"lng":19.365947,"hdg":91,"speedKmh":55.7,"exploring":false,"frameMoveM":0}
06-04 20:07:53.443 I/ReactNativeJS(30359): [VROOM-TEL] 2026-06-04T18:07:53.443Z | CAMERA_HEADING | {"t":1780596473443,"speedKmh":56,"movedM":1.01,"moveBearing":null,"snapHdg":91,"headingOut":91,"flipFromPrevDeg":0,"lookaheadM":48,"nativeFollow":true}
06-04 20:07:53.460 I/ReactNativeJS(30359): [VROOM-TEL] 2026-06-04T18:07:53.460Z | DRIVE_TRACE_CAMERA | {"t":1780596473460,"seq":874,"gpsTickId":1780596472954,"gpsTickAgeMs":478,"lat":51.350411,"lng":19.366204,"hdg":91,"speedKmh":55.7,"exploring":false,"frameMoveM":0}
06-04 20:07:53.760 I/ReactNativeJS(30359): [VROOM-TEL] 2026-06-04T18:07:53.760Z | DRIVE_TRACE_CAMERA | {"t":1780596473760,"seq":875,"gpsTickId":1780596472954,"gpsTickAgeMs":778,"lat":51.350409,"lng":19.36646,"hdg":91,"speedKmh":55.7,"exploring":false,"frameMoveM":0}
06-04 20:07:53.962 I/ReactNativeJS(30359): [VROOM-TEL] 2026-06-04T18:07:53.962Z | CAM_FOLLOW_PUSH | {"t":1780596473962,"lat":51.350408,"lng":19.366573,"hdg":91,"snapHdg":91,"speedKmh":56,"exploring":false,"source":"drive_marker_sv_60fps"}
06-04 20:07:53.982 I/ReactNativeJS(30359): [VROOM-TEL] 2026-06-04T18:07:53.982Z | RAW_GPS_TICK | {"t":1780596473982,"gpsTickId":1780596473954,"gpsTickAgeMs":0,"lat":51.350398,"lng":19.367447,"speed":15.46,"speedKmh":55.7,"accuracy":4,"osTimestamp":1780596473954,"tripActive":true,"appState":"active"}
06-04 20:07:53.982 I/ReactNativeJS(30359): [VROOM-TEL] 2026-06-04T18:07:53.982Z | DRIVE_TRACE_RAW | {"t":1780596473982,"seq":876,"gpsTickId":1780596473954,"gpsTickAgeMs":0,"rawLat":51.350398,"rawLng":19.367447,"accM":4,"speedKmh":55.7,"speedMs":15.5,"heading":91,"tripActive":true,"driving":true,"navigating":false,"osTimestamp":1780596473954}
06-04 20:07:53.983 I/ReactNativeJS(30359): [VROOM-TEL] 2026-06-04T18:07:53.983Z | DRIVE_API | {"allow":true,"trigger":"no_cache","crossTrackM":14.5,"buffered":6,"throttleBlocked":false}
06-04 20:07:53.984 I/ReactNativeJS(30359): [VROOM-TEL] 2026-06-04T18:07:53.984Z | DRIVE_TRACE_FEED | {"t":1780596473984,"seq":877,"gpsTickId":1780596473954,"gpsTickAgeMs":2,"lat":51.350401,"lng":19.367235,"hdg":91,"durationMs":1200,"speedKmh":55.7}
06-04 20:07:53.984 I/ReactNativeJS(30359): [VROOM-TEL] 2026-06-04T18:07:53.984Z | DRIVE_TRACE_TICK | {"t":1780596473984,"seq":878,"gpsTickId":1780596473954,"gpsTickAgeMs":2,"rawLat":51.350398,"rawLng":19.367447,"snapLat":51.350401,"snapLng":19.367235,"markerLat":51.350401,"markerLng":19.367235,"markerHdg":91,"markerSvLat":51.350407,"markerSvLng":19.366646,"markerSvHdg":91,"accM":4,"hudKmh":55.7,"engineKmh":29,"dopplerKmh":55.7,"feedDurMs":1200,"cadenceMs":1001,"feedSpeedMs":15.5,"isNavigating":false,"isFreeDrive":true,"isMoving":true,"feedSkipGate":false,"feedAccepted":true,"feedHeadingOnly":false,"source":"drive_core_v2"}
06-04 20:07:53.984 I/ReactNativeJS(30359): [VROOM-TEL] 2026-06-04T18:07:53.984Z | GPS_ACCEPT | {"lat":51.350398,"lng":19.367447,"acc":4,"speedKmh":55.8,"gpsLock":true}
06-04 20:07:54.077 I/ReactNativeJS(30359): [VROOM-TEL] 2026-06-04T18:07:54.077Z | DRIVE_TRACE_CAMERA | {"t":1780596474077,"seq":879,"gpsTickId":1780596473954,"gpsTickAgeMs":95,"lat":51.350407,"lng":19.366683,"hdg":91,"speedKmh":55.7,"exploring":false,"frameMoveM":0}
06-04 20:07:54.212 I/ReactNativeJS(30359): [VROOM-TEL] 2026-06-04T18:07:54.212Z | ROAD_MATCH_SOFT_APPLY_V2 | {"t":1780596474212,"pts":11,"shiftM":392}
06-04 20:07:54.212 I/ReactNativeJS(30359): [VROOM-TEL] 2026-06-04T18:07:54.212Z | ROAD_MATCH_SOFT_APPLY | {"pts":11,"shiftM":392}
06-04 20:07:54.212 I/ReactNativeJS(30359): [VROOM-TEL] 2026-06-04T18:07:54.212Z | DRIVE_API | {"allow":false,"trigger":null,"crossTrackM":0.9,"buffered":1,"throttleBlocked":true}
06-04 20:07:54.213 I/ReactNativeJS(30359): [VROOM-TEL] 2026-06-04T18:07:54.213Z | DRIVE_TRACE_FEED | {"t":1780596474213,"seq":880,"gpsTickId":1780596473954,"gpsTickAgeMs":231,"lat":51.350407,"lng":19.367304,"hdg":91,"durationMs":1055,"speedKmh":16.6}
06-04 20:07:54.213 I/ReactNativeJS(30359): [VROOM-TEL] 2026-06-04T18:07:54.213Z | DRIVE_TRACE_TICK | {"t":1780596474213,"seq":881,"gpsTickId":1780596473954,"gpsTickAgeMs":231,"rawLat":51.350398,"rawLng":19.367447,"snapLat":51.350407,"snapLng":19.367304,"markerLat":51.350407,"markerLng":19.367304,"markerHdg":91,"markerSvLat":51.350406,"markerSvLng":19.366757,"markerSvHdg":91,"accM":12,"hudKmh":16.6,"engineKmh":16.6,"dopplerKmh":0,"feedDurMs":1055,"cadenceMs":1001,"feedSpeedMs":4.6,"isNavigating":false,"isFreeDrive":true,"isMoving":true,"feedSkipGate":false,"feedAccepted":true,"feedHeadingOnly":false,"source":"drive_core_v2"}
06-04 20:07:54.387 I/ReactNativeJS(30359): [VROOM-TEL] 2026-06-04T18:07:54.387Z | DRIVE_TRACE_CAMERA | {"t":1780596474387,"seq":882,"gpsTickId":1780596473954,"gpsTickAgeMs":405,"lat":51.350406,"lng":19.366832,"hdg":90,"speedKmh":16.6,"exploring":false,"frameMoveM":0}
06-04 20:07:54.558 I/ReactNativeJS(30359): [VROOM-TEL] 2026-06-04T18:07:54.558Z | CAMERA_HEADING | {"t":1780596474558,"speedKmh":17,"movedM":0.58,"moveBearing":null,"snapHdg":90,"headingOut":90,"flipFromPrevDeg":0,"lookaheadM":13,"nativeFollow":true}
06-04 20:07:54.695 I/ReactNativeJS(30359): [VROOM-TEL] 2026-06-04T18:07:54.695Z | DRIVE_TRACE_CAMERA | {"t":1780596474695,"seq":883,"gpsTickId":1780596473954,"gpsTickAgeMs":713,"lat":51.350407,"lng":19.367006,"hdg":90,"speedKmh":16.6,"exploring":false,"frameMoveM":0}
06-04 20:07:54.778 I/ReactNativeJS(30359): [VROOM-TEL] 2026-06-04T18:07:54.778Z | CAM_FOLLOW_PUSH | {"t":1780596474778,"lat":51.350407,"lng":19.367049,"hdg":90,"snapHdg":90,"speedKmh":17,"exploring":false,"source":"drive_marker_sv_60fps"}
06-04 20:07:54.972 I/ReactNativeJS(30359): [VROOM-TEL] 2026-06-04T18:07:54.972Z | RAW_GPS_TICK | {"t":1780596474972,"gpsTickId":1780596474953,"gpsTickAgeMs":0,"lat":51.350396,"lng":19.367669,"speed":15.45,"speedKmh":55.6,"accuracy":4,"osTimestamp":1780596474953,"tripActive":true,"appState":"active"}
06-04 20:07:54.972 I/ReactNativeJS(30359): [VROOM-TEL] 2026-06-04T18:07:54.972Z | DRIVE_TRACE_RAW | {"t":1780596474972,"seq":884,"gpsTickId":1780596474953,"gpsTickAgeMs":0,"rawLat":51.350396,"rawLng":19.367669,"accM":4,"speedKmh":55.6,"speedMs":15.4,"heading":91,"tripActive":true,"driving":true,"navigating":false,"osTimestamp":1780596474953}
06-04 20:07:54.972 I/ReactNativeJS(30359): [VROOM-TEL] 2026-06-04T18:07:54.972Z | ROAD_MATCH_SOFT_APPLY | {"pts":2,"shiftM":392}
06-04 20:07:54.974 I/ReactNativeJS(30359): [VROOM-TEL] 2026-06-04T18:07:54.974Z | DRIVE_TRACE_FEED | {"t":1780596474974,"seq":885,"gpsTickId":1780596474953,"gpsTickAgeMs":2,"lat":51.350406,"lng":19.367457,"hdg":91,"durationMs":689,"speedKmh":55.6}
06-04 20:07:54.975 I/ReactNativeJS(30359): [VROOM-TEL] 2026-06-04T18:07:54.975Z | DRIVE_TRACE_TICK | {"t":1780596474975,"seq":886,"gpsTickId":1780596474953,"gpsTickAgeMs":3,"rawLat":51.350396,"rawLng":19.367669,"snapLat":51.350406,"snapLng":19.367457,"markerLat":51.350406,"markerLng":19.367457,"markerHdg":91,"markerSvLat":51.350407,"markerSvLng":19.367144,"markerSvHdg":90,"accM":4,"hudKmh":55.6,"engineKmh":12.4,"dopplerKmh":55.6,"feedDurMs":689,"cadenceMs":997,"feedSpeedMs":15.4,"isNavigating":false,"isFreeDrive":true,"isMoving":true,"feedSkipGate":false,"feedAccepted":true,"feedHeadingOnly":false,"source":"drive_core_v2"}
06-04 20:07:54.975 I/ReactNativeJS(30359): [VROOM-TEL] 2026-06-04T18:07:54.975Z | GPS_ACCEPT | {"lat":51.350396,"lng":19.367669,"acc":4,"speedKmh":56.1,"gpsLock":true}
06-04 20:07:55.020 I/ReactNativeJS(30359): [VROOM-TEL] 2026-06-04T18:07:55.020Z | DRIVE_TRACE_CAMERA | {"t":1780596475020,"seq":887,"gpsTickId":1780596474953,"gpsTickAgeMs":48,"lat":51.350407,"lng":19.367152,"hdg":90,"speedKmh":55.6,"exploring":false,"frameMoveM":0}
06-04 20:07:55.327 I/ReactNativeJS(30359): [VROOM-TEL] 2026-06-04T18:07:55.327Z | DRIVE_TRACE_CAMERA | {"t":1780596475327,"seq":888,"gpsTickId":1780596474953,"gpsTickAgeMs":355,"lat":51.350406,"lng":19.367288,"hdg":90,"speedKmh":55.6,"exploring":false,"frameMoveM":0}
06-04 20:07:55.495 I/ReactNativeJS(30359): [VROOM-TEL] 2026-06-04T18:07:55.495Z | DRIVE_TRACE_HEARTBEAT | {"t":1780596475495,"seq":889,"gpsTickId":1780596474953,"gpsTickAgeMs":523,"driving":true,"navigating":false,"tripActive":true,"lat":51.3503961,"lng":19.367669,"gpsAgeMs":523}
06-04 20:07:55.593 I/ReactNativeJS(30359): [VROOM-TEL] 2026-06-04T18:07:55.593Z | CAM_FOLLOW_PUSH | {"t":1780596475593,"lat":51.350406,"lng":19.367425,"hdg":90,"snapHdg":90,"speedKmh":56,"exploring":false,"source":"drive_marker_sv_60fps"}
06-04 20:07:55.645 I/ReactNativeJS(30359): [VROOM-TEL] 2026-06-04T18:07:55.644Z | DRIVE_TRACE_CAMERA | {"t":1780596475644,"seq":890,"gpsTickId":1780596474953,"gpsTickAgeMs":672,"lat":51.350406,"lng":19.367448,"hdg":90,"speedKmh":55.6,"exploring":false,"frameMoveM":0}
06-04 20:07:55.660 I/ReactNativeJS(30359): [VROOM-TEL] 2026-06-04T18:07:55.659Z | CAMERA_HEADING | {"t":1780596475659,"speedKmh":56,"movedM":0.51,"moveBearing":null,"snapHdg":90,"headingOut":90,"flipFromPrevDeg":0,"lookaheadM":48,"nativeFollow":true}
06-04 20:07:55.985 I/ReactNativeJS(30359): [VROOM-TEL] 2026-06-04T18:07:55.985Z | RAW_GPS_TICK | {"t":1780596475985,"gpsTickId":1780596475955,"gpsTickAgeMs":0,"lat":51.350393,"lng":19.367892,"speed":15.46,"speedKmh":55.7,"accuracy":4,"osTimestamp":1780596475955,"tripActive":true,"appState":"active"}
06-04 20:07:55.985 I/ReactNativeJS(30359): [VROOM-TEL] 2026-06-04T18:07:55.985Z | DRIVE_TRACE_RAW | {"t":1780596475985,"seq":891,"gpsTickId":1780596475955,"gpsTickAgeMs":0,"rawLat":51.350393,"rawLng":19.367892,"accM":4,"speedKmh":55.7,"speedMs":15.5,"heading":91,"tripActive":true,"driving":true,"navigating":false,"osTimestamp":1780596475955}
06-04 20:07:55.987 I/ReactNativeJS(30359): [VROOM-TEL] 2026-06-04T18:07:55.987Z | DRIVE_TRACE_FEED | {"t":1780596475987,"seq":892,"gpsTickId":1780596475955,"gpsTickAgeMs":2,"lat":51.350404,"lng":19.367611,"hdg":91,"durationMs":689,"speedKmh":55.7}
06-04 20:07:55.988 I/ReactNativeJS(30359): [VROOM-TEL] 2026-06-04T18:07:55.988Z | DRIVE_TRACE_TICK | {"t":1780596475988,"seq":893,"gpsTickId":1780596475955,"gpsTickAgeMs":3,"rawLat":51.350393,"rawLng":19.367892,"snapLat":51.350404,"snapLng":19.367611,"markerLat":51.350404,"markerLng":19.367611,"markerHdg":91,"markerSvLat":51.350406,"markerSvLng":19.367498,"markerSvHdg":90,"accM":4,"hudKmh":55.7,"engineKmh":25.9,"dopplerKmh":55.7,"feedDurMs":689,"cadenceMs":1003,"feedSpeedMs":15.5,"isNavigating":false,"isFreeDrive":true,"isMoving":true,"feedSkipGate":false,"feedAccepted":true,"feedHeadingOnly":false,"source":"drive_core_v2"}
06-04 20:07:55.988 I/ReactNativeJS(30359): [VROOM-TEL] 2026-06-04T18:07:55.988Z | GPS_ACCEPT | {"lat":51.350393,"lng":19.367892,"acc":4,"speedKmh":55.7,"gpsLock":true}
06-04 20:07:56.032 I/ReactNativeJS(30359): [VROOM-TEL] 2026-06-04T18:07:56.032Z | DRIVE_TRACE_CAMERA | {"t":1780596476032,"seq":894,"gpsTickId":1780596475955,"gpsTickAgeMs":47,"lat":51.350406,"lng":19.367502,"hdg":91,"speedKmh":55.7,"exploring":false,"frameMoveM":0}
06-04 20:07:56.343 I/ReactNativeJS(30359): [VROOM-TEL] 2026-06-04T18:07:56.343Z | DRIVE_TRACE_CAMERA | {"t":1780596476343,"seq":895,"gpsTickId":1780596475955,"gpsTickAgeMs":358,"lat":51.350405,"lng":19.367556,"hdg":91,"speedKmh":55.7,"exploring":false,"frameMoveM":0}
06-04 20:07:56.393 I/ReactNativeJS(30359): [VROOM-TEL] 2026-06-04T18:07:56.393Z | CAM_FOLLOW_PUSH | {"t":1780596476393,"lat":51.350405,"lng":19.367564,"hdg":91,"snapHdg":91,"speedKmh":56,"exploring":false,"source":"drive_marker_sv_60fps"}
06-04 20:07:56.644 I/ReactNativeJS(30359): [VROOM-TEL] 2026-06-04T18:07:56.643Z | DRIVE_TRACE_CAMERA | {"t":1780596476643,"seq":896,"gpsTickId":1780596475955,"gpsTickAgeMs":658,"lat":51.350404,"lng":19.367605,"hdg":91,"speedKmh":55.7,"exploring":false,"frameMoveM":0}
06-04 20:07:56.759 I/ReactNativeJS(30359): [VROOM-TEL] 2026-06-04T18:07:56.759Z | CAMERA_HEADING | {"t":1780596476759,"speedKmh":56,"movedM":0.26,"moveBearing":null,"snapHdg":91,"headingOut":91,"flipFromPrevDeg":0,"lookaheadM":48,"nativeFollow":true}
06-04 20:07:56.982 I/ReactNativeJS(30359): [VROOM-TEL] 2026-06-04T18:07:56.982Z | RAW_GPS_TICK | {"t":1780596476982,"gpsTickId":1780596476953,"gpsTickAgeMs":0,"lat":51.350389,"lng":19.368114,"speed":15.48,"speedKmh":55.7,"accuracy":4,"osTimestamp":1780596476953,"tripActive":true,"appState":"active"}
06-04 20:07:56.982 I/ReactNativeJS(30359): [VROOM-TEL] 2026-06-04T18:07:56.982Z | DRIVE_TRACE_RAW | {"t":1780596476982,"seq":897,"gpsTickId":1780596476953,"gpsTickAgeMs":0,"rawLat":51.350389,"rawLng":19.368114,"accM":4,"speedKmh":55.7,"speedMs":15.5,"heading":91,"tripActive":true,"driving":true,"navigating":false,"osTimestamp":1780596476953}
06-04 20:07:56.984 I/ReactNativeJS(30359): [VROOM-TEL] 2026-06-04T18:07:56.984Z | DRIVE_TRACE_FEED | {"t":1780596476984,"seq":898,"gpsTickId":1780596476953,"gpsTickAgeMs":2,"lat":51.3504,"lng":19.367764,"hdg":92,"durationMs":689,"speedKmh":55.7}
06-04 20:07:56.984 I/ReactNativeJS(30359): [VROOM-TEL] 2026-06-04T18:07:56.984Z | DRIVE_TRACE_TICK | {"t":1780596476984,"seq":899,"gpsTickId":1780596476953,"gpsTickAgeMs":2,"rawLat":51.350389,"rawLng":19.368114,"snapLat":51.3504,"snapLng":19.367764,"markerLat":51.3504,"markerLng":19.367764,"markerHdg":92,"markerSvLat":51.350404,"markerSvLng":19.367655,"markerSvHdg":91,"accM":4,"hudKmh":55.7,"engineKmh":43.9,"dopplerKmh":55.7,"feedDurMs":689,"cadenceMs":1001,"feedSpeedMs":15.5,"isNavigating":false,"isFreeDrive":true,"isMoving":true,"feedSkipGate":false,"feedAccepted":true,"feedHeadingOnly":false,"source":"drive_core_v2"}
06-04 20:07:56.984 I/ReactNativeJS(30359): [VROOM-TEL] 2026-06-04T18:07:56.984Z | GPS_ACCEPT | {"lat":51.350389,"lng":19.368114,"acc":4,"speedKmh":55.7,"gpsLock":true}
06-04 20:07:57.079 I/ReactNativeJS(30359): [VROOM-TEL] 2026-06-04T18:07:57.079Z | DRIVE_TRACE_CAMERA | {"t":1780596477079,"seq":900,"gpsTickId":1780596476953,"gpsTickAgeMs":97,"lat":51.350404,"lng":19.367659,"hdg":93,"speedKmh":55.7,"exploring":false,"frameMoveM":0}
06-04 20:07:57.193 I/ReactNativeJS(30359): [VROOM-TEL] 2026-06-04T18:07:57.193Z | CAM_FOLLOW_PUSH | {"t":1780596477193,"lat":51.350403,"lng":19.367688,"hdg":93,"snapHdg":93,"speedKmh":56,"exploring":false,"source":"drive_marker_sv_60fps"}
06-04 20:07:57.393 I/ReactNativeJS(30359): [VROOM-TEL] 2026-06-04T18:07:57.393Z | DRIVE_TRACE_CAMERA | {"t":1780596477393,"seq":901,"gpsTickId":1780596476953,"gpsTickAgeMs":411,"lat":51.350402,"lng":19.36772,"hdg":93,"speedKmh":55.7,"exploring":false,"frameMoveM":0}
06-04 20:07:57.694 I/ReactNativeJS(30359): [VROOM-TEL] 2026-06-04T18:07:57.694Z | DRIVE_TRACE_CAMERA | {"t":1780596477694,"seq":902,"gpsTickId":1780596476953,"gpsTickAgeMs":712,"lat":51.3504,"lng":19.367768,"hdg":91,"speedKmh":55.7,"exploring":false,"frameMoveM":0}
06-04 20:07:57.860 I/ReactNativeJS(30359): [VROOM-TEL] 2026-06-04T18:07:57.860Z | CAMERA_HEADING | {"t":1780596477860,"speedKmh":56,"movedM":0.26,"moveBearing":null,"snapHdg":91,"headingOut":91,"flipFromPrevDeg":0,"lookaheadM":48,"nativeFollow":true}
06-04 20:07:57.977 I/ReactNativeJS(30359): [VROOM-TEL] 2026-06-04T18:07:57.977Z | RAW_GPS_TICK | {"t":1780596477977,"gpsTickId":1780596477954,"gpsTickAgeMs":0,"lat":51.350386,"lng":19.368337,"speed":15.48,"speedKmh":55.7,"accuracy":4,"osTimestamp":1780596477954,"tripActive":true,"appState":"active"}
06-04 20:07:57.977 I/ReactNativeJS(30359): [VROOM-TEL] 2026-06-04T18:07:57.977Z | DRIVE_TRACE_RAW | {"t":1780596477977,"seq":903,"gpsTickId":1780596477954,"gpsTickAgeMs":0,"rawLat":51.350386,"rawLng":19.368337,"accM":4,"speedKmh":55.7,"speedMs":15.5,"heading":91,"tripActive":true,"driving":true,"navigating":false,"osTimestamp":1780596477954}
06-04 20:07:57.982 I/ReactNativeJS(30359): [VROOM-TEL] 2026-06-04T18:07:57.982Z | DRIVE_TRACE_FEED | {"t":1780596477982,"seq":904,"gpsTickId":1780596477954,"gpsTickAgeMs":5,"lat":51.350396,"lng":19.367918,"hdg":91,"durationMs":689,"speedKmh":55.7}
06-04 20:07:57.983 I/ReactNativeJS(30359): [VROOM-TEL] 2026-06-04T18:07:57.983Z | DRIVE_TRACE_TICK | {"t":1780596477983,"seq":905,"gpsTickId":1780596477954,"gpsTickAgeMs":6,"rawLat":51.350386,"rawLng":19.368337,"snapLat":51.350396,"snapLng":19.367918,"markerLat":51.350396,"markerLng":19.367918,"markerHdg":91,"markerSvLat":51.3504,"markerSvLng":19.367809,"markerSvHdg":91,"accM":4,"hudKmh":55.7,"engineKmh":49.8,"dopplerKmh":55.7,"feedDurMs":689,"cadenceMs":999,"feedSpeedMs":15.5,"isNavigating":false,"isFreeDrive":true,"isMoving":true,"feedSkipGate":false,"feedAccepted":true,"feedHeadingOnly":false,"source":"drive_core_v2"}
06-04 20:07:57.983 I/ReactNativeJS(30359): [VROOM-TEL] 2026-06-04T18:07:57.983Z | GPS_ACCEPT | {"lat":51.350386,"lng":19.368337,"acc":4,"speedKmh":56.1,"gpsLock":true}
06-04 20:07:58.030 I/ReactNativeJS(30359): [VROOM-TEL] 2026-06-04T18:07:58.030Z | CAM_FOLLOW_PUSH | {"t":1780596478030,"lat":51.350399,"lng":19.367813,"hdg":93,"snapHdg":93,"speedKmh":56,"exploring":false,"source":"drive_marker_sv_60fps"}
06-04 20:07:58.030 I/ReactNativeJS(30359): [VROOM-TEL] 2026-06-04T18:07:58.030Z | DRIVE_TRACE_CAMERA | {"t":1780596478030,"seq":906,"gpsTickId":1780596477954,"gpsTickAgeMs":53,"lat":51.350399,"lng":19.367813,"hdg":93,"speedKmh":55.7,"exploring":false,"frameMoveM":0}
06-04 20:07:58.343 I/ReactNativeJS(30359): [VROOM-TEL] 2026-06-04T18:07:58.343Z | DRIVE_TRACE_CAMERA | {"t":1780596478343,"seq":907,"gpsTickId":1780596477954,"gpsTickAgeMs":366,"lat":51.350398,"lng":19.367866,"hdg":93,"speedKmh":55.7,"exploring":false,"frameMoveM":0}
06-04 20:07:58.643 I/ReactNativeJS(30359): [VROOM-TEL] 2026-06-04T18:07:58.643Z | DRIVE_TRACE_CAMERA | {"t":1780596478643,"seq":908,"gpsTickId":1780596477954,"gpsTickAgeMs":666,"lat":51.350396,"lng":19.367913,"hdg":93,"speedKmh":55.7,"exploring":false,"frameMoveM":0}
06-04 20:07:58.844 I/ReactNativeJS(30359): [VROOM-TEL] 2026-06-04T18:07:58.844Z | CAM_FOLLOW_PUSH | {"t":1780596478844,"lat":51.350396,"lng":19.367955,"hdg":91,"snapHdg":91,"speedKmh":56,"exploring":false,"source":"drive_marker_sv_60fps"}
06-04 20:07:58.980 I/ReactNativeJS(30359): [VROOM-TEL] 2026-06-04T18:07:58.980Z | RAW_GPS_TICK | {"t":1780596478980,"gpsTickId":1780596478955,"gpsTickAgeMs":0,"lat":51.350384,"lng":19.368556,"speed":15.49,"speedKmh":55.8,"accuracy":4,"osTimestamp":1780596478955,"tripActive":true,"appState":"active"}
06-04 20:07:58.980 I/ReactNativeJS(30359): [VROOM-TEL] 2026-06-04T18:07:58.980Z | DRIVE_TRACE_RAW | {"t":1780596478980,"seq":909,"gpsTickId":1780596478955,"gpsTickAgeMs":0,"rawLat":51.350384,"rawLng":19.368556,"accM":4,"speedKmh":55.8,"speedMs":15.5,"heading":90,"tripActive":true,"driving":true,"navigating":false,"osTimestamp":1780596478955}
06-04 20:07:58.983 I/ReactNativeJS(30359): [VROOM-TEL] 2026-06-04T18:07:58.983Z | DRIVE_TRACE_FEED | {"t":1780596478983,"seq":910,"gpsTickId":1780596478955,"gpsTickAgeMs":3,"lat":51.350388,"lng":19.368338,"hdg":91,"durationMs":1200,"speedKmh":55.8}
06-04 20:07:58.983 I/ReactNativeJS(30359): [VROOM-TEL] 2026-06-04T18:07:58.983Z | DRIVE_TRACE_TICK | {"t":1780596478983,"seq":911,"gpsTickId":1780596478955,"gpsTickAgeMs":3,"rawLat":51.350384,"rawLng":19.368556,"snapLat":51.350388,"snapLng":19.368338,"markerLat":51.350388,"markerLng":19.368338,"markerHdg":91,"markerSvLat":51.350396,"markerSvLng":19.367962,"markerSvHdg":91,"accM":4,"hudKmh":55.8,"engineKmh":54.7,"dopplerKmh":55.8,"feedDurMs":1200,"cadenceMs":1000,"feedSpeedMs":15.5,"isNavigating":false,"isFreeDrive":true,"isMoving":true,"feedSkipGate":false,"feedAccepted":true,"feedHeadingOnly":false,"source":"drive_core_v2"}
06-04 20:07:58.984 I/ReactNativeJS(30359): [VROOM-TEL] 2026-06-04T18:07:58.983Z | GPS_ACCEPT | {"lat":51.350384,"lng":19.368556,"acc":4,"speedKmh":55.8,"gpsLock":true}
06-04 20:07:59.025 I/ReactNativeJS(30359): [VROOM-TEL] 2026-06-04T18:07:59.025Z | CAMERA_HEADING | {"t":1780596479025,"speedKmh":56,"movedM":0.57,"moveBearing":null,"snapHdg":92,"headingOut":92,"flipFromPrevDeg":1,"lookaheadM":48,"nativeFollow":true}
06-04 20:07:59.029 I/ReactNativeJS(30359): [VROOM-TEL] 2026-06-04T18:07:59.029Z | DRIVE_TRACE_CAMERA | {"t":1780596479029,"seq":912,"gpsTickId":1780596478955,"gpsTickAgeMs":49,"lat":51.350396,"lng":19.36797,"hdg":92,"speedKmh":55.8,"exploring":false,"frameMoveM":0}
06-04 20:07:59.343 I/ReactNativeJS(30359): [VROOM-TEL] 2026-06-04T18:07:59.343Z | DRIVE_TRACE_CAMERA | {"t":1780596479343,"seq":913,"gpsTickId":1780596478955,"gpsTickAgeMs":363,"lat":51.350393,"lng":19.368074,"hdg":92,"speedKmh":55.8,"exploring":false,"frameMoveM":0}
06-04 20:07:59.645 I/ReactNativeJS(30359): [VROOM-TEL] 2026-06-04T18:07:59.645Z | CAM_FOLLOW_PUSH | {"t":1780596479645,"lat":51.350391,"lng":19.368169,"hdg":92,"snapHdg":92,"speedKmh":56,"exploring":false,"source":"drive_marker_sv_60fps"}
06-04 20:07:59.645 I/ReactNativeJS(30359): [VROOM-TEL] 2026-06-04T18:07:59.645Z | DRIVE_TRACE_CAMERA | {"t":1780596479645,"seq":914,"gpsTickId":1780596478955,"gpsTickAgeMs":665,"lat":51.350391,"lng":19.368169,"hdg":92,"speedKmh":55.8,"exploring":false,"frameMoveM":0}
06-04 20:07:59.960 I/ReactNativeJS(30359): [VROOM-TEL] 2026-06-04T18:07:59.960Z | DRIVE_TRACE_CAMERA | {"t":1780596479960,"seq":915,"gpsTickId":1780596478955,"gpsTickAgeMs":980,"lat":51.350389,"lng":19.368268,"hdg":92,"speedKmh":55.8,"exploring":false,"frameMoveM":0}
06-04 20:07:59.973 I/ReactNativeJS(30359): [VROOM-TEL] 2026-06-04T18:07:59.973Z | RAW_GPS_TICK | {"t":1780596479973,"gpsTickId":1780596479955,"gpsTickAgeMs":0,"lat":51.350382,"lng":19.368777,"speed":15.52,"speedKmh":55.9,"accuracy":4,"osTimestamp":1780596479955,"tripActive":true,"appState":"active"}
06-04 20:07:59.973 I/ReactNativeJS(30359): [VROOM-TEL] 2026-06-04T18:07:59.973Z | DRIVE_TRACE_RAW | {"t":1780596479973,"seq":916,"gpsTickId":1780596479955,"gpsTickAgeMs":0,"rawLat":51.350382,"rawLng":19.368777,"accM":4,"speedKmh":55.9,"speedMs":15.5,"heading":90,"tripActive":true,"driving":true,"navigating":false,"osTimestamp":1780596479955}
06-04 20:07:59.975 I/ReactNativeJS(30359): [VROOM-TEL] 2026-06-04T18:07:59.975Z | DRIVE_TRACE_FEED | {"t":1780596479975,"seq":917,"gpsTickId":1780596479955,"gpsTickAgeMs":2,"lat":51.350386,"lng":19.368492,"hdg":91,"durationMs":689,"speedKmh":55.9}
06-04 20:07:59.976 I/ReactNativeJS(30359): [VROOM-TEL] 2026-06-04T18:07:59.976Z | DRIVE_TRACE_TICK | {"t":1780596479976,"seq":918,"gpsTickId":1780596479955,"gpsTickAgeMs":3,"rawLat":51.350382,"rawLng":19.368777,"snapLat":51.350386,"snapLng":19.368492,"markerLat":51.350386,"markerLng":19.368492,"markerHdg":91,"markerSvLat":51.350389,"markerSvLng":19.368268,"markerSvHdg":92,"accM":4,"hudKmh":55.9,"engineKmh":55.3,"dopplerKmh":55.9,"feedDurMs":689,"cadenceMs":998,"feedSpeedMs":15.5,"isNavigating":false,"isFreeDrive":true,"isMoving":true,"feedSkipGate":false,"feedAccepted":true,"feedHeadingOnly":false,"source":"drive_core_v2"}
06-04 20:07:59.976 I/ReactNativeJS(30359): [VROOM-TEL] 2026-06-04T18:07:59.976Z | GPS_ACCEPT | {"lat":51.350382,"lng":19.368777,"acc":4,"speedKmh":55.9,"gpsLock":true}
06-04 20:08:00.126 I/ReactNativeJS(30359): [VROOM-TEL] 2026-06-04T18:08:00.126Z | CAMERA_HEADING | {"t":1780596480126,"speedKmh":56,"movedM":0.38,"moveBearing":null,"snapHdg":91,"headingOut":91,"flipFromPrevDeg":0,"lookaheadM":48,"nativeFollow":true}
06-04 20:08:00.278 I/ReactNativeJS(30359): [VROOM-TEL] 2026-06-04T18:08:00.278Z | DRIVE_TRACE_CAMERA | {"t":1780596480278,"seq":919,"gpsTickId":1780596479955,"gpsTickAgeMs":305,"lat":51.350388,"lng":19.368366,"hdg":91,"speedKmh":55.9,"exploring":false,"frameMoveM":0}
06-04 20:08:00.460 I/ReactNativeJS(30359): [VROOM-TEL] 2026-06-04T18:08:00.460Z | CAM_FOLLOW_PUSH | {"t":1780596480460,"lat":51.350387,"lng":19.368425,"hdg":91,"snapHdg":91,"speedKmh":56,"exploring":false,"source":"drive_marker_sv_60fps"}
06-04 20:08:00.510 I/ReactNativeJS(30359): [VROOM-TEL] 2026-06-04T18:08:00.510Z | DRIVE_TRACE_HEARTBEAT | {"t":1780596480510,"seq":920,"gpsTickId":1780596479955,"gpsTickAgeMs":537,"driving":true,"navigating":false,"tripActive":true,"lat":51.3503824,"lng":19.3687768,"gpsAgeMs":537}
06-04 20:08:00.510 I/ReactNativeJS(30359): [VROOM-TEL] 2026-06-04T18:08:00.510Z | DRIVE_HEALTH | {"t":1780596480510,"mode":"driving","speedHudKmh":55.9,"speedPipeKmh":55.9,"gpsAgeMs":537,"drAgeMs":535,"gpsToDriftM":20,"snapAnchorDriftM":0,"offRoute":false,"reroutePending":false,"rerouteLoading":false,"hasRoutePts":0}
06-04 20:08:00.593 I/ReactNativeJS(30359): [VROOM-TEL] 2026-06-04T18:08:00.593Z | DRIVE_TRACE_CAMERA | {"t":1780596480593,"seq":921,"gpsTickId":1780596479955,"gpsTickAgeMs":620,"lat":51.350386,"lng":19.368468,"hdg":91,"speedKmh":55.9,"exploring":false,"frameMoveM":0}
06-04 20:08:00.980 I/ReactNativeJS(30359): [VROOM-TEL] 2026-06-04T18:08:00.980Z | RAW_GPS_TICK | {"t":1780596480980,"gpsTickId":1780596480954,"gpsTickAgeMs":0,"lat":51.350382,"lng":19.368999,"speed":15.54,"speedKmh":55.9,"accuracy":4,"osTimestamp":1780596480954,"tripActive":true,"appState":"active"}
06-04 20:08:00.980 I/ReactNativeJS(30359): [VROOM-TEL] 2026-06-04T18:08:00.980Z | DRIVE_TRACE_RAW | {"t":1780596480980,"seq":922,"gpsTickId":1780596480954,"gpsTickAgeMs":0,"rawLat":51.350382,"rawLng":19.368999,"accM":4,"speedKmh":55.9,"speedMs":15.5,"heading":89,"tripActive":true,"driving":true,"navigating":false,"osTimestamp":1780596480954}
06-04 20:08:00.982 I/ReactNativeJS(30359): [VROOM-TEL] 2026-06-04T18:08:00.982Z | DRIVE_TRACE_FEED | {"t":1780596480982,"seq":923,"gpsTickId":1780596480954,"gpsTickAgeMs":2,"lat":51.350385,"lng":19.368646,"hdg":90,"durationMs":689,"speedKmh":55.9}
06-04 20:08:00.982 I/ReactNativeJS(30359): [VROOM-TEL] 2026-06-04T18:08:00.982Z | DRIVE_TRACE_TICK | {"t":1780596480982,"seq":924,"gpsTickId":1780596480954,"gpsTickAgeMs":2,"rawLat":51.350382,"rawLng":19.368999,"snapLat":51.350385,"snapLng":19.368646,"markerLat":51.350385,"markerLng":19.368646,"markerHdg":90,"markerSvLat":51.350385,"markerSvLng":19.368533,"markerSvHdg":91,"accM":4,"hudKmh":55.9,"engineKmh":55.5,"dopplerKmh":55.9,"feedDurMs":689,"cadenceMs":1001,"feedSpeedMs":15.5,"isNavigating":false,"isFreeDrive":true,"isMoving":true,"feedSkipGate":false,"feedAccepted":true,"feedHeadingOnly":false,"source":"drive_core_v2"}
06-04 20:08:00.982 I/ReactNativeJS(30359): [VROOM-TEL] 2026-06-04T18:08:00.982Z | GPS_ACCEPT | {"lat":51.350382,"lng":19.368999,"acc":4,"speedKmh":55.9,"gpsLock":true}
06-04 20:08:01.070 I/ReactNativeJS(30359): [VROOM-TEL] 2026-06-04T18:08:01.070Z | DRIVE_TRACE_CAMERA | {"t":1780596481070,"seq":925,"gpsTickId":1780596480954,"gpsTickAgeMs":90,"lat":51.350385,"lng":19.368537,"hdg":90,"speedKmh":55.9,"exploring":false,"frameMoveM":0}
06-04 20:08:01.226 I/ReactNativeJS(30359): [VROOM-TEL] 2026-06-04T18:08:01.226Z | CAMERA_HEADING | {"t":1780596481226,"speedKmh":56,"movedM":0.19,"moveBearing":null,"snapHdg":90,"headingOut":90,"flipFromPrevDeg":0,"lookaheadM":48,"nativeFollow":true}
06-04 20:08:01.261 I/ReactNativeJS(30359): [VROOM-TEL] 2026-06-04T18:08:01.260Z | CAM_FOLLOW_PUSH | {"t":1780596481260,"lat":51.350385,"lng":19.368578,"hdg":90,"snapHdg":90,"speedKmh":56,"exploring":false,"source":"drive_marker_sv_60fps"}
06-04 20:08:01.376 I/ReactNativeJS(30359): [VROOM-TEL] 2026-06-04T18:08:01.376Z | DRIVE_TRACE_CAMERA | {"t":1780596481376,"seq":926,"gpsTickId":1780596480954,"gpsTickAgeMs":396,"lat":51.350385,"lng":19.368597,"hdg":90,"speedKmh":55.9,"exploring":false,"frameMoveM":0}
06-04 20:08:01.676 I/ReactNativeJS(30359): [VROOM-TEL] 2026-06-04T18:08:01.676Z | DRIVE_TRACE_CAMERA | {"t":1780596481676,"seq":927,"gpsTickId":1780596480954,"gpsTickAgeMs":696,"lat":51.350385,"lng":19.368646,"hdg":90,"speedKmh":55.9,"exploring":false,"frameMoveM":0}
06-04 20:08:02.040 I/ReactNativeJS(30359): [VROOM-TEL] 2026-06-04T18:08:02.040Z | RAW_GPS_TICK | {"t":1780596482040,"gpsTickId":1780596481954,"gpsTickAgeMs":0,"lat":51.350384,"lng":19.369229,"speed":15.56,"speedKmh":56,"accuracy":4,"osTimestamp":1780596481954,"tripActive":true,"appState":"active"}
06-04 20:08:02.040 I/ReactNativeJS(30359): [VROOM-TEL] 2026-06-04T18:08:02.040Z | DRIVE_TRACE_RAW | {"t":1780596482040,"seq":928,"gpsTickId":1780596481954,"gpsTickAgeMs":0,"rawLat":51.350384,"rawLng":19.369229,"accM":4,"speedKmh":56,"speedMs":15.6,"heading":89,"tripActive":true,"driving":true,"navigating":false,"osTimestamp":1780596481954}
06-04 20:08:02.041 I/ReactNativeJS(30359): [VROOM-TEL] 2026-06-04T18:08:02.041Z | DRIVE_TRACE_FEED | {"t":1780596482041,"seq":929,"gpsTickId":1780596481954,"gpsTickAgeMs":1,"lat":51.350384,"lng":19.3688,"hdg":90,"durationMs":689,"speedKmh":56}
06-04 20:08:02.042 I/ReactNativeJS(30359): [VROOM-TEL] 2026-06-04T18:08:02.042Z | DRIVE_TRACE_TICK | {"t":1780596482042,"seq":930,"gpsTickId":1780596481954,"gpsTickAgeMs":2,"rawLat":51.350384,"rawLng":19.369229,"snapLat":51.350384,"snapLng":19.3688,"markerLat":51.350384,"markerLng":19.3688,"markerHdg":90,"markerSvLat":51.350384,"markerSvLng":19.36869,"markerSvHdg":90,"accM":4,"hudKmh":56,"engineKmh":55.8,"dopplerKmh":56,"feedDurMs":689,"cadenceMs":1022,"feedSpeedMs":15.6,"isNavigating":false,"isFreeDrive":true,"isMoving":true,"feedSkipGate":false,"feedAccepted":true,"feedHeadingOnly":false,"source":"drive_core_v2"}
06-04 20:08:02.042 I/ReactNativeJS(30359): [VROOM-TEL] 2026-06-04T18:08:02.042Z | GPS_ACCEPT | {"lat":51.350384,"lng":19.369229,"acc":4,"speedKmh":56,"gpsLock":true}
06-04 20:08:02.077 I/ReactNativeJS(30359): [VROOM-TEL] 2026-06-04T18:08:02.077Z | CAM_FOLLOW_PUSH | {"t":1780596482077,"lat":51.350384,"lng":19.368693,"hdg":90,"snapHdg":90,"speedKmh":56,"exploring":false,"source":"drive_marker_sv_60fps"}
06-04 20:08:02.078 I/ReactNativeJS(30359): [VROOM-TEL] 2026-06-04T18:08:02.078Z | DRIVE_TRACE_CAMERA | {"t":1780596482078,"seq":931,"gpsTickId":1780596481954,"gpsTickAgeMs":38,"lat":51.350384,"lng":19.368693,"hdg":90,"speedKmh":56,"exploring":false,"frameMoveM":0}
06-04 20:08:02.326 I/ReactNativeJS(30359): [VROOM-TEL] 2026-06-04T18:08:02.326Z | CAMERA_HEADING | {"t":1780596482326,"speedKmh":56,"movedM":0.18,"moveBearing":null,"snapHdg":90,"headingOut":90,"flipFromPrevDeg":0,"lookaheadM":48,"nativeFollow":true}
06-04 20:08:02.393 I/ReactNativeJS(30359): [VROOM-TEL] 2026-06-04T18:08:02.393Z | DRIVE_TRACE_CAMERA | {"t":1780596482393,"seq":932,"gpsTickId":1780596481954,"gpsTickAgeMs":353,"lat":51.350384,"lng":19.368746,"hdg":90,"speedKmh":56,"exploring":false,"frameMoveM":0}
06-04 20:08:02.706 I/ReactNativeJS(30359): [VROOM-TEL] 2026-06-04T18:08:02.706Z | DRIVE_TRACE_CAMERA | {"t":1780596482706,"seq":933,"gpsTickId":1780596481954,"gpsTickAgeMs":666,"lat":51.350384,"lng":19.368786,"hdg":90,"speedKmh":56,"exploring":false,"frameMoveM":0}
06-04 20:08:02.893 I/ReactNativeJS(30359): [VROOM-TEL] 2026-06-04T18:08:02.893Z | CAM_FOLLOW_PUSH | {"t":1780596482893,"lat":51.350384,"lng":19.368834,"hdg":90,"snapHdg":90,"speedKmh":56,"exploring":false,"source":"drive_marker_sv_60fps"}
06-04 20:08:03.019 I/ReactNativeJS(30359): [VROOM-TEL] 2026-06-04T18:08:03.019Z | DRIVE_TRACE_CAMERA | {"t":1780596483019,"seq":934,"gpsTickId":1780596481954,"gpsTickAgeMs":979,"lat":51.350384,"lng":19.368841,"hdg":90,"speedKmh":56,"exploring":false,"frameMoveM":0}
06-04 20:08:03.020 I/ReactNativeJS(30359): [VROOM-TEL] 2026-06-04T18:08:03.020Z | RAW_GPS_TICK | {"t":1780596483020,"gpsTickId":1780596482954,"gpsTickAgeMs":0,"lat":51.350383,"lng":19.369451,"speed":15.59,"speedKmh":56.1,"accuracy":4,"osTimestamp":1780596482954,"tripActive":true,"appState":"active"}
06-04 20:08:03.020 I/ReactNativeJS(30359): [VROOM-TEL] 2026-06-04T18:08:03.020Z | DRIVE_TRACE_RAW | {"t":1780596483020,"seq":935,"gpsTickId":1780596482954,"gpsTickAgeMs":0,"rawLat":51.350383,"rawLng":19.369451,"accM":4,"speedKmh":56.1,"speedMs":15.6,"heading":90,"tripActive":true,"driving":true,"navigating":false,"osTimestamp":1780596482954}
06-04 20:08:03.021 I/ReactNativeJS(30359): [VROOM-TEL] 2026-06-04T18:08:03.021Z | DRIVE_TRACE_FEED | {"t":1780596483021,"seq":936,"gpsTickId":1780596482954,"gpsTickAgeMs":1,"lat":51.350383,"lng":19.369228,"hdg":90,"durationMs":1200,"speedKmh":56.1}
06-04 20:08:03.022 I/ReactNativeJS(30359): [VROOM-TEL] 2026-06-04T18:08:03.022Z | DRIVE_TRACE_TICK | {"t":1780596483022,"seq":937,"gpsTickId":1780596482954,"gpsTickAgeMs":2,"rawLat":51.350383,"rawLng":19.369451,"snapLat":51.350383,"snapLng":19.369228,"markerLat":51.350383,"markerLng":19.369228,"markerHdg":90,"markerSvLat":51.350384,"markerSvLng":19.368841,"markerSvHdg":90,"accM":4,"hudKmh":56.1,"engineKmh":56,"dopplerKmh":56.1,"feedDurMs":1200,"cadenceMs":1007,"feedSpeedMs":15.6,"isNavigating":false,"isFreeDrive":true,"isMoving":true,"feedSkipGate":false,"feedAccepted":true,"feedHeadingOnly":false,"source":"drive_core_v2"}
06-04 20:08:03.022 I/ReactNativeJS(30359): [VROOM-TEL] 2026-06-04T18:08:03.022Z | GPS_ACCEPT | {"lat":51.350383,"lng":19.369451,"acc":4,"speedKmh":56.8,"gpsLock":true}
06-04 20:08:03.355 I/ReactNativeJS(30359): [VROOM-TEL] 2026-06-04T18:08:03.355Z | DRIVE_TRACE_CAMERA | {"t":1780596483355,"seq":938,"gpsTickId":1780596482954,"gpsTickAgeMs":335,"lat":51.350384,"lng":19.36894,"hdg":90,"speedKmh":56.1,"exploring":false,"frameMoveM":0}
06-04 20:08:03.427 I/ReactNativeJS(30359): [VROOM-TEL] 2026-06-04T18:08:03.427Z | CAMERA_HEADING | {"t":1780596483427,"speedKmh":56,"movedM":0.38,"moveBearing":null,"snapHdg":90,"headingOut":90,"flipFromPrevDeg":0,"lookaheadM":48,"nativeFollow":true}
06-04 20:08:03.660 I/ReactNativeJS(30359): [VROOM-TEL] 2026-06-04T18:08:03.660Z | DRIVE_TRACE_CAMERA | {"t":1780596483660,"seq":939,"gpsTickId":1780596482954,"gpsTickAgeMs":640,"lat":51.350384,"lng":19.369047,"hdg":90,"speedKmh":56.1,"exploring":false,"frameMoveM":0}
06-04 20:08:03.693 I/ReactNativeJS(30359): [VROOM-TEL] 2026-06-04T18:08:03.693Z | CAM_FOLLOW_PUSH | {"t":1780596483693,"lat":51.350384,"lng":19.369057,"hdg":90,"snapHdg":90,"speedKmh":56,"exploring":false,"source":"drive_marker_sv_60fps"}
06-04 20:08:03.960 I/ReactNativeJS(30359): [VROOM-TEL] 2026-06-04T18:08:03.960Z | DRIVE_TRACE_CAMERA | {"t":1780596483960,"seq":940,"gpsTickId":1780596482954,"gpsTickAgeMs":940,"lat":51.350383,"lng":19.369143,"hdg":90,"speedKmh":56.1,"exploring":false,"frameMoveM":0}
06-04 20:08:03.991 I/ReactNativeJS(30359): [VROOM-TEL] 2026-06-04T18:08:03.991Z | RAW_GPS_TICK | {"t":1780596483991,"gpsTickId":1780596483955,"gpsTickAgeMs":0,"lat":51.350383,"lng":19.369675,"speed":15.55,"speedKmh":56,"accuracy":4,"osTimestamp":1780596483955,"tripActive":true,"appState":"active"}
06-04 20:08:03.991 I/ReactNativeJS(30359): [VROOM-TEL] 2026-06-04T18:08:03.991Z | DRIVE_TRACE_RAW | {"t":1780596483991,"seq":941,"gpsTickId":1780596483955,"gpsTickAgeMs":0,"rawLat":51.350383,"rawLng":19.369675,"accM":4,"speedKmh":56,"speedMs":15.6,"heading":90,"tripActive":true,"driving":true,"navigating":false,"osTimestamp":1780596483955}
06-04 20:08:03.994 I/ReactNativeJS(30359): [VROOM-TEL] 2026-06-04T18:08:03.994Z | DRIVE_TRACE_FEED | {"t":1780596483994,"seq":942,"gpsTickId":1780596483955,"gpsTickAgeMs":3,"lat":51.350383,"lng":19.369382,"hdg":90,"durationMs":688,"speedKmh":56.1}
06-04 20:08:03.995 I/ReactNativeJS(30359): [VROOM-TEL] 2026-06-04T18:08:03.995Z | DRIVE_TRACE_TICK | {"t":1780596483995,"seq":943,"gpsTickId":1780596483955,"gpsTickAgeMs":4,"rawLat":51.350383,"rawLng":19.369675,"snapLat":51.350383,"snapLng":19.369382,"markerLat":51.350383,"markerLng":19.369382,"markerHdg":90,"markerSvLat":51.350383,"markerSvLng":19.369154,"markerSvHdg":90,"accM":4,"hudKmh":56.1,"engineKmh":56.1,"dopplerKmh":56,"feedDurMs":688,"cadenceMs":994,"feedSpeedMs":15.6,"isNavigating":false,"isFreeDrive":true,"isMoving":true,"feedSkipGate":false,"feedAccepted":true,"feedHeadingOnly":false,"source":"drive_core_v2"}
06-04 20:08:03.995 I/ReactNativeJS(30359): [VROOM-TEL] 2026-06-04T18:08:03.995Z | GPS_ACCEPT | {"lat":51.350383,"lng":19.369675,"acc":4,"speedKmh":57.6,"gpsLock":true}
06-04 20:08:04.261 I/ReactNativeJS(30359): [VROOM-TEL] 2026-06-04T18:08:04.261Z | DRIVE_TRACE_CAMERA | {"t":1780596484261,"seq":944,"gpsTickId":1780596483955,"gpsTickAgeMs":270,"lat":51.350383,"lng":19.369242,"hdg":90,"speedKmh":56.1,"exploring":false,"frameMoveM":0}
06-04 20:08:04.493 I/ReactNativeJS(30359): [VROOM-TEL] 2026-06-04T18:08:04.493Z | CAM_FOLLOW_PUSH | {"t":1780596484493,"lat":51.350383,"lng":19.36932,"hdg":90,"snapHdg":90,"speedKmh":56,"exploring":false,"source":"drive_marker_sv_60fps"}
06-04 20:08:04.543 I/ReactNativeJS(30359): [VROOM-TEL] 2026-06-04T18:08:04.543Z | CAMERA_HEADING | {"t":1780596484543,"speedKmh":56,"movedM":0.37,"moveBearing":null,"snapHdg":90,"headingOut":90,"flipFromPrevDeg":0,"lookaheadM":48,"nativeFollow":true}
06-04 20:08:04.579 I/ReactNativeJS(30359): [VROOM-TEL] 2026-06-04T18:08:04.579Z | DRIVE_TRACE_CAMERA | {"t":1780596484579,"seq":945,"gpsTickId":1780596483955,"gpsTickAgeMs":588,"lat":51.350383,"lng":19.369347,"hdg":90,"speedKmh":56.1,"exploring":false,"frameMoveM":0}
06-04 20:08:04.932 I/ReactNativeJS(30359): [VROOM-TEL] 2026-06-04T18:08:04.932Z | DRIVE_TRACE_CAMERA | {"t":1780596484932,"seq":946,"gpsTickId":1780596483955,"gpsTickAgeMs":941,"lat":51.350383,"lng":19.369412,"hdg":90,"speedKmh":56.1,"exploring":false,"frameMoveM":0}
06-04 20:08:05.046 I/ReactNativeJS(30359): [VROOM-TEL] 2026-06-04T18:08:05.046Z | RAW_GPS_TICK | {"t":1780596485046,"gpsTickId":1780596484954,"gpsTickAgeMs":0,"lat":51.350383,"lng":19.369885,"speed":14.81,"speedKmh":53.3,"accuracy":4,"osTimestamp":1780596484954,"tripActive":true,"appState":"active"}
06-04 20:08:05.046 I/ReactNativeJS(30359): [VROOM-TEL] 2026-06-04T18:08:05.046Z | DRIVE_TRACE_RAW | {"t":1780596485046,"seq":947,"gpsTickId":1780596484954,"gpsTickAgeMs":0,"rawLat":51.350383,"rawLng":19.369885,"accM":4,"speedKmh":53.3,"speedMs":14.8,"heading":90,"tripActive":true,"driving":true,"navigating":false,"osTimestamp":1780596484954}
06-04 20:08:05.047 I/ReactNativeJS(30359): [VROOM-TEL] 2026-06-04T18:08:05.047Z | DRIVE_TRACE_FEED | {"t":1780596485047,"seq":948,"gpsTickId":1780596484954,"gpsTickAgeMs":1,"lat":51.350383,"lng":19.369535,"hdg":90,"durationMs":690,"speedKmh":55.2}
06-04 20:08:05.048 I/ReactNativeJS(30359): [VROOM-TEL] 2026-06-04T18:08:05.048Z | DRIVE_TRACE_TICK | {"t":1780596485048,"seq":949,"gpsTickId":1780596484954,"gpsTickAgeMs":2,"rawLat":51.350383,"rawLng":19.369885,"snapLat":51.350383,"snapLng":19.369535,"markerLat":51.350383,"markerLng":19.369535,"markerHdg":90,"markerSvLat":51.350383,"markerSvLng":19.369427,"markerSvHdg":90,"accM":4,"hudKmh":55.2,"engineKmh":55.2,"dopplerKmh":53.3,"feedDurMs":690,"cadenceMs":1015,"feedSpeedMs":15.3,"isNavigating":false,"isFreeDrive":true,"isMoving":true,"feedSkipGate":false,"feedAccepted":true,"feedHeadingOnly":false,"source":"drive_core_v2"}
06-04 20:08:05.048 I/ReactNativeJS(30359): [VROOM-TEL] 2026-06-04T18:08:05.048Z | GPS_ACCEPT | {"lat":51.350383,"lng":19.369885,"acc":4,"speedKmh":53.3,"gpsLock":true}
06-04 20:08:05.307 I/ReactNativeJS(30359): [VROOM-TEL] 2026-06-04T18:08:05.307Z | CAM_FOLLOW_PUSH | {"t":1780596485307,"lat":51.350383,"lng":19.369455,"hdg":90,"snapHdg":90,"speedKmh":55,"exploring":false,"source":"drive_marker_sv_60fps"}
06-04 20:08:05.307 I/ReactNativeJS(30359): [VROOM-TEL] 2026-06-04T18:08:05.307Z | DRIVE_TRACE_CAMERA | {"t":1780596485307,"seq":950,"gpsTickId":1780596484954,"gpsTickAgeMs":261,"lat":51.350383,"lng":19.369455,"hdg":90,"speedKmh":55.2,"exploring":false,"frameMoveM":0}
06-04 20:08:05.526 I/ReactNativeJS(30359): [VROOM-TEL] 2026-06-04T18:08:05.526Z | DRIVE_TRACE_HEARTBEAT | {"t":1780596485526,"seq":951,"gpsTickId":1780596484954,"gpsTickAgeMs":480,"driving":true,"navigating":false,"tripActive":true,"lat":51.3503825,"lng":19.3698853,"gpsAgeMs":480}
06-04 20:08:05.611 I/ReactNativeJS(30359): [VROOM-TEL] 2026-06-04T18:08:05.611Z | DRIVE_TRACE_CAMERA | {"t":1780596485611,"seq":952,"gpsTickId":1780596484954,"gpsTickAgeMs":565,"lat":51.350383,"lng":19.369515,"hdg":90,"speedKmh":55.2,"exploring":false,"frameMoveM":0}
06-04 20:08:05.643 I/ReactNativeJS(30359): [VROOM-TEL] 2026-06-04T18:08:05.643Z | CAMERA_HEADING | {"t":1780596485643,"speedKmh":55,"movedM":0.18,"moveBearing":null,"snapHdg":90,"headingOut":90,"flipFromPrevDeg":0,"lookaheadM":48,"nativeFollow":true}
06-04 20:08:05.927 I/ReactNativeJS(30359): [VROOM-TEL] 2026-06-04T18:08:05.927Z | DRIVE_TRACE_CAMERA | {"t":1780596485927,"seq":953,"gpsTickId":1780596484954,"gpsTickAgeMs":880,"lat":51.350383,"lng":19.369575,"hdg":90,"speedKmh":55.2,"exploring":false,"frameMoveM":0}
06-04 20:08:05.970 I/ReactNativeJS(30359): [VROOM-TEL] 2026-06-04T18:08:05.970Z | RAW_GPS_TICK | {"t":1780596485970,"gpsTickId":1780596485955,"gpsTickAgeMs":0,"lat":51.350382,"lng":19.37008,"speed":13.61,"speedKmh":49,"accuracy":4,"osTimestamp":1780596485955,"tripActive":true,"appState":"active"}
06-04 20:08:05.970 I/ReactNativeJS(30359): [VROOM-TEL] 2026-06-04T18:08:05.970Z | DRIVE_TRACE_RAW | {"t":1780596485970,"seq":954,"gpsTickId":1780596485955,"gpsTickAgeMs":0,"rawLat":51.350382,"rawLng":19.37008,"accM":4,"speedKmh":49,"speedMs":13.6,"heading":90,"tripActive":true,"driving":true,"navigating":false,"osTimestamp":1780596485955}
06-04 20:08:05.971 I/ReactNativeJS(30359): [VROOM-TEL] 2026-06-04T18:08:05.971Z | DRIVE_TRACE_FEED | {"t":1780596485971,"seq":955,"gpsTickId":1780596485955,"gpsTickAgeMs":1,"lat":51.350383,"lng":19.369682,"hdg":90,"durationMs":696,"speedKmh":53.1}
06-04 20:08:05.972 I/ReactNativeJS(30359): [VROOM-TEL] 2026-06-04T18:08:05.972Z | DRIVE_TRACE_TICK | {"t":1780596485972,"seq":956,"gpsTickId":1780596485955,"gpsTickAgeMs":2,"rawLat":51.350382,"rawLng":19.37008,"snapLat":51.350383,"snapLng":19.369682,"markerLat":51.350383,"markerLng":19.369682,"markerHdg":90,"markerSvLat":51.350383,"markerSvLng":19.369579,"markerSvHdg":90,"accM":4,"hudKmh":53.1,"engineKmh":53.1,"dopplerKmh":49,"feedDurMs":696,"cadenceMs":983,"feedSpeedMs":14.8,"isNavigating":false,"isFreeDrive":true,"isMoving":true,"feedSkipGate":false,"feedAccepted":true,"feedHeadingOnly":false,"source":"drive_core_v2"}
06-04 20:08:05.972 I/ReactNativeJS(30359): [VROOM-TEL] 2026-06-04T18:08:05.972Z | GPS_ACCEPT | {"lat":51.350382,"lng":19.37008,"acc":4,"speedKmh":52.7,"gpsLock":true}
06-04 20:08:06.107 I/ReactNativeJS(30359): [VROOM-TEL] 2026-06-04T18:08:06.107Z | CAM_FOLLOW_PUSH | {"t":1780596486107,"lat":51.350383,"lng":19.369587,"hdg":90,"snapHdg":90,"speedKmh":53,"exploring":false,"source":"drive_marker_sv_60fps"}
06-04 20:08:06.226 I/ReactNativeJS(30359): [VROOM-TEL] 2026-06-04T18:08:06.226Z | DRIVE_TRACE_CAMERA | {"t":1780596486226,"seq":957,"gpsTickId":1780596485955,"gpsTickAgeMs":256,"lat":51.350383,"lng":19.369617,"hdg":90,"speedKmh":53.1,"exploring":false,"frameMoveM":0}
06-04 20:08:06.553 I/ReactNativeJS(30359): [VROOM-TEL] 2026-06-04T18:08:06.553Z | DRIVE_TRACE_CAMERA | {"t":1780596486553,"seq":958,"gpsTickId":1780596485955,"gpsTickAgeMs":583,"lat":51.350383,"lng":19.369659,"hdg":90,"speedKmh":53.1,"exploring":false,"frameMoveM":0}
06-04 20:08:06.803 I/ReactNativeJS(30359): [VROOM-TEL] 2026-06-04T18:08:06.803Z | CAMERA_HEADING | {"t":1780596486803,"speedKmh":53,"movedM":1.23,"moveBearing":90,"snapHdg":90,"headingOut":90,"flipFromPrevDeg":0,"lookaheadM":48,"nativeFollow":true}
06-04 20:08:06.888 I/ReactNativeJS(30359): [VROOM-TEL] 2026-06-04T18:08:06.888Z | DRIVE_TRACE_CAMERA | {"t":1780596486888,"seq":959,"gpsTickId":1780596485955,"gpsTickAgeMs":918,"lat":51.350383,"lng":19.369711,"hdg":90,"speedKmh":53.1,"exploring":false,"frameMoveM":0}
06-04 20:08:06.978 I/ReactNativeJS(30359): [VROOM-TEL] 2026-06-04T18:08:06.978Z | RAW_GPS_TICK | {"t":1780596486978,"gpsTickId":1780596486954,"gpsTickAgeMs":0,"lat":51.350379,"lng":19.370261,"speed":12.81,"speedKmh":46.1,"accuracy":4,"osTimestamp":1780596486954,"tripActive":true,"appState":"active"}
06-04 20:08:06.978 I/ReactNativeJS(30359): [VROOM-TEL] 2026-06-04T18:08:06.978Z | DRIVE_TRACE_RAW | {"t":1780596486978,"seq":960,"gpsTickId":1780596486954,"gpsTickAgeMs":0,"rawLat":51.350379,"rawLng":19.370261,"accM":4,"speedKmh":46.1,"speedMs":12.8,"heading":90,"tripActive":true,"driving":true,"navigating":false,"osTimestamp":1780596486954}
06-04 20:08:06.979 I/ReactNativeJS(30359): [VROOM-TEL] 2026-06-04T18:08:06.979Z | DRIVE_TRACE_FEED | {"t":1780596486979,"seq":961,"gpsTickId":1780596486954,"gpsTickAgeMs":1,"lat":51.350382,"lng":19.369823,"hdg":91,"durationMs":704,"speedKmh":50.1}
06-04 20:08:06.979 I/ReactNativeJS(30359): [VROOM-TEL] 2026-06-04T18:08:06.979Z | DRIVE_TRACE_TICK | {"t":1780596486979,"seq":962,"gpsTickId":1780596486954,"gpsTickAgeMs":1,"rawLat":51.350379,"rawLng":19.370261,"snapLat":51.350382,"snapLng":19.369823,"markerLat":51.350382,"markerLng":19.369823,"markerHdg":91,"markerSvLat":51.350383,"markerSvLng":19.369721,"markerSvHdg":90,"accM":4,"hudKmh":50.1,"engineKmh":50.1,"dopplerKmh":46.1,"feedDurMs":704,"cadenceMs":992,"feedSpeedMs":13.9,"isNavigating":false,"isFreeDrive":true,"isMoving":true,"feedSkipGate":false,"feedAccepted":true,"feedHeadingOnly":false,"source":"drive_core_v2"}
06-04 20:08:06.979 I/ReactNativeJS(30359): [VROOM-TEL] 2026-06-04T18:08:06.979Z | GPS_ACCEPT | {"lat":51.350379,"lng":19.370261,"acc":4,"speedKmh":46.1,"gpsLock":true}
06-04 20:08:07.025 I/ReactNativeJS(30359): [VROOM-TEL] 2026-06-04T18:08:07.022Z | CAM_FOLLOW_PUSH | {"t":1780596487022,"lat":51.350383,"lng":19.369726,"hdg":91,"snapHdg":91,"speedKmh":50,"exploring":false,"source":"drive_marker_sv_60fps"}
06-04 20:08:07.193 I/ReactNativeJS(30359): [VROOM-TEL] 2026-06-04T18:08:07.193Z | DRIVE_TRACE_CAMERA | {"t":1780596487193,"seq":963,"gpsTickId":1780596486954,"gpsTickAgeMs":215,"lat":51.350382,"lng":19.369752,"hdg":91,"speedKmh":50.1,"exploring":false,"frameMoveM":0}
06-04 20:08:07.494 I/ReactNativeJS(30359): [VROOM-TEL] 2026-06-04T18:08:07.494Z | DRIVE_TRACE_CAMERA | {"t":1780596487494,"seq":964,"gpsTickId":1780596486954,"gpsTickAgeMs":516,"lat":51.350382,"lng":19.369796,"hdg":91,"speedKmh":50.1,"exploring":false,"frameMoveM":0}
06-04 20:08:07.810 I/ReactNativeJS(30359): [VROOM-TEL] 2026-06-04T18:08:07.810Z | DRIVE_TRACE_CAMERA | {"t":1780596487810,"seq":965,"gpsTickId":1780596486954,"gpsTickAgeMs":832,"lat":51.350382,"lng":19.369847,"hdg":91,"speedKmh":50.1,"exploring":false,"frameMoveM":0}
06-04 20:08:07.826 I/ReactNativeJS(30359): [VROOM-TEL] 2026-06-04T18:08:07.826Z | CAM_FOLLOW_PUSH | {"t":1780596487826,"lat":51.350382,"lng":19.36985,"hdg":91,"snapHdg":91,"speedKmh":50,"exploring":false,"source":"drive_marker_sv_60fps"}
06-04 20:08:07.978 I/ReactNativeJS(30359): [VROOM-TEL] 2026-06-04T18:08:07.978Z | RAW_GPS_TICK | {"t":1780596487978,"gpsTickId":1780596487955,"gpsTickAgeMs":0,"lat":51.350377,"lng":19.370439,"speed":12.48,"speedKmh":44.9,"accuracy":4,"osTimestamp":1780596487955,"tripActive":true,"appState":"active"}
06-04 20:08:07.979 I/ReactNativeJS(30359): [VROOM-TEL] 2026-06-04T18:08:07.979Z | DRIVE_TRACE_RAW | {"t":1780596487979,"seq":966,"gpsTickId":1780596487955,"gpsTickAgeMs":1,"rawLat":51.350377,"rawLng":19.370439,"accM":4,"speedKmh":44.9,"speedMs":12.5,"heading":90,"tripActive":true,"driving":true,"navigating":false,"osTimestamp":1780596487955}
06-04 20:08:07.981 I/ReactNativeJS(30359): [VROOM-TEL] 2026-06-04T18:08:07.981Z | DRIVE_TRACE_FEED | {"t":1780596487981,"seq":967,"gpsTickId":1780596487955,"gpsTickAgeMs":3,"lat":51.350379,"lng":19.370223,"hdg":91,"durationMs":1200,"speedKmh":47.3}
06-04 20:08:07.982 I/ReactNativeJS(30359): [VROOM-TEL] 2026-06-04T18:08:07.982Z | DRIVE_TRACE_TICK | {"t":1780596487982,"seq":968,"gpsTickId":1780596487955,"gpsTickAgeMs":4,"rawLat":51.350377,"rawLng":19.370439,"snapLat":51.350379,"snapLng":19.370223,"markerLat":51.350379,"markerLng":19.370223,"markerHdg":91,"markerSvLat":51.350382,"markerSvLng":19.36986,"markerSvHdg":91,"accM":4,"hudKmh":47.3,"engineKmh":47.3,"dopplerKmh":44.9,"feedDurMs":1200,"cadenceMs":995,"feedSpeedMs":13.1,"isNavigating":false,"isFreeDrive":true,"isMoving":true,"feedSkipGate":false,"feedAccepted":true,"feedHeadingOnly":false,"source":"drive_core_v2"}
06-04 20:08:07.982 I/ReactNativeJS(30359): [VROOM-TEL] 2026-06-04T18:08:07.982Z | GPS_ACCEPT | {"lat":51.350377,"lng":19.370439,"acc":4,"speedKmh":44.9,"gpsLock":true}
06-04 20:08:08.034 I/ReactNativeJS(30359): [VROOM-TEL] 2026-06-04T18:08:08.034Z | CAMERA_HEADING | {"t":1780596488034,"speedKmh":47,"movedM":0.94,"moveBearing":null,"snapHdg":91,"headingOut":91,"flipFromPrevDeg":0,"lookaheadM":41,"nativeFollow":true}
06-04 20:08:08.120 I/ReactNativeJS(30359): [VROOM-TEL] 2026-06-04T18:08:08.120Z | DRIVE_TRACE_CAMERA | {"t":1780596488120,"seq":969,"gpsTickId":1780596487955,"gpsTickAgeMs":142,"lat":51.350382,"lng":19.369899,"hdg":91,"speedKmh":47.3,"exploring":false,"frameMoveM":0}
06-04 20:08:08.432 I/ReactNativeJS(30359): [VROOM-TEL] 2026-06-04T18:08:08.426Z | DRIVE_TRACE_CAMERA | {"t":1780596488426,"seq":970,"gpsTickId":1780596487955,"gpsTickAgeMs":448,"lat":51.350381,"lng":19.369994,"hdg":91,"speedKmh":47.3,"exploring":false,"frameMoveM":0}
06-04 20:08:08.627 I/ReactNativeJS(30359): [VROOM-TEL] 2026-06-04T18:08:08.627Z | CAM_FOLLOW_PUSH | {"t":1780596488627,"lat":51.35038,"lng":19.370055,"hdg":91,"snapHdg":91,"speedKmh":47,"exploring":false,"source":"drive_marker_sv_60fps"}
06-04 20:08:08.727 I/ReactNativeJS(30359): [VROOM-TEL] 2026-06-04T18:08:08.726Z | DRIVE_TRACE_CAMERA | {"t":1780596488726,"seq":971,"gpsTickId":1780596487955,"gpsTickAgeMs":748,"lat":51.35038,"lng":19.370085,"hdg":91,"speedKmh":47.3,"exploring":false,"frameMoveM":0}
06-04 20:08:08.982 I/ReactNativeJS(30359): [VROOM-TEL] 2026-06-04T18:08:08.982Z | RAW_GPS_TICK | {"t":1780596488982,"gpsTickId":1780596488954,"gpsTickAgeMs":0,"lat":51.350374,"lng":19.370613,"speed":12.22,"speedKmh":44,"accuracy":4,"osTimestamp":1780596488954,"tripActive":true,"appState":"active"}
06-04 20:08:08.983 I/ReactNativeJS(30359): [VROOM-TEL] 2026-06-04T18:08:08.982Z | DRIVE_TRACE_RAW | {"t":1780596488982,"seq":972,"gpsTickId":1780596488954,"gpsTickAgeMs":0,"rawLat":51.350374,"rawLng":19.370613,"accM":4,"speedKmh":44,"speedMs":12.2,"heading":90,"tripActive":true,"driving":true,"navigating":false,"osTimestamp":1780596488954}
06-04 20:08:08.985 I/ReactNativeJS(30359): [VROOM-TEL] 2026-06-04T18:08:08.985Z | DRIVE_TRACE_FEED | {"t":1780596488985,"seq":973,"gpsTickId":1780596488954,"gpsTickAgeMs":3,"lat":51.350378,"lng":19.370353,"hdg":91,"durationMs":719,"speedKmh":45.4}
06-04 20:08:08.985 I/ReactNativeJS(30359): [VROOM-TEL] 2026-06-04T18:08:08.985Z | DRIVE_TRACE_TICK | {"t":1780596488985,"seq":974,"gpsTickId":1780596488954,"gpsTickAgeMs":3,"rawLat":51.350374,"rawLng":19.370613,"snapLat":51.350378,"snapLng":19.370353,"markerLat":51.350378,"markerLng":19.370353,"markerHdg":91,"markerSvLat":51.35038,"markerSvLng":19.370161,"markerSvHdg":91,"accM":4,"hudKmh":45.4,"engineKmh":45.4,"dopplerKmh":44,"feedDurMs":719,"cadenceMs":998,"feedSpeedMs":12.6,"isNavigating":false,"isFreeDrive":true,"isMoving":true,"feedSkipGate":false,"feedAccepted":true,"feedHeadingOnly":false,"source":"drive_core_v2"}
06-04 20:08:08.986 I/ReactNativeJS(30359): [VROOM-TEL] 2026-06-04T18:08:08.986Z | GPS_ACCEPT | {"lat":51.350374,"lng":19.370613,"acc":4,"speedKmh":44,"gpsLock":true}
06-04 20:08:09.033 I/ReactNativeJS(30359): [VROOM-TEL] 2026-06-04T18:08:09.033Z | DRIVE_TRACE_CAMERA | {"t":1780596489033,"seq":975,"gpsTickId":1780596488954,"gpsTickAgeMs":51,"lat":51.35038,"lng":19.370162,"hdg":91,"speedKmh":45.4,"exploring":false,"frameMoveM":0}
06-04 20:08:09.144 I/ReactNativeJS(30359): [VROOM-TEL] 2026-06-04T18:08:09.144Z | CAMERA_HEADING | {"t":1780596489144,"speedKmh":45,"movedM":0.32,"moveBearing":null,"snapHdg":91,"headingOut":91,"flipFromPrevDeg":0,"lookaheadM":41,"nativeFollow":true}
06-04 20:08:09.343 I/ReactNativeJS(30359): [VROOM-TEL] 2026-06-04T18:08:09.343Z | DRIVE_TRACE_CAMERA | {"t":1780596489343,"seq":976,"gpsTickId":1780596488954,"gpsTickAgeMs":361,"lat":51.350379,"lng":19.370256,"hdg":91,"speedKmh":45.4,"exploring":false,"frameMoveM":0}
06-04 20:08:09.427 I/ReactNativeJS(30359): [VROOM-TEL] 2026-06-04T18:08:09.427Z | CAM_FOLLOW_PUSH | {"t":1780596489427,"lat":51.350379,"lng":19.370279,"hdg":91,"snapHdg":91,"speedKmh":45,"exploring":false,"source":"drive_marker_sv_60fps"}
06-04 20:08:09.644 I/ReactNativeJS(30359): [VROOM-TEL] 2026-06-04T18:08:09.644Z | DRIVE_TRACE_CAMERA | {"t":1780596489644,"seq":977,"gpsTickId":1780596488954,"gpsTickAgeMs":662,"lat":51.350378,"lng":19.370337,"hdg":91,"speedKmh":45.4,"exploring":false,"frameMoveM":0}
06-04 20:08:09.979 I/ReactNativeJS(30359): [VROOM-TEL] 2026-06-04T18:08:09.979Z | RAW_GPS_TICK | {"t":1780596489979,"gpsTickId":1780596489955,"gpsTickAgeMs":0,"lat":51.350372,"lng":19.370783,"speed":11.93,"speedKmh":42.9,"accuracy":4,"osTimestamp":1780596489955,"tripActive":true,"appState":"active"}
06-04 20:08:09.979 I/ReactNativeJS(30359): [VROOM-TEL] 2026-06-04T18:08:09.979Z | DRIVE_TRACE_RAW | {"t":1780596489979,"seq":978,"gpsTickId":1780596489955,"gpsTickAgeMs":0,"rawLat":51.350372,"rawLng":19.370783,"accM":4,"speedKmh":42.9,"speedMs":11.9,"heading":90,"tripActive":true,"driving":true,"navigating":false,"osTimestamp":1780596489955}
06-04 20:08:09.980 I/ReactNativeJS(30359): [VROOM-TEL] 2026-06-04T18:08:09.980Z | DRIVE_TRACE_FEED | {"t":1780596489980,"seq":979,"gpsTickId":1780596489955,"gpsTickAgeMs":1,"lat":51.350377,"lng":19.370481,"hdg":91,"durationMs":723,"speedKmh":44.2}
06-04 20:08:09.980 I/ReactNativeJS(30359): [VROOM-TEL] 2026-06-04T18:08:09.980Z | DRIVE_TRACE_TICK | {"t":1780596489980,"seq":980,"gpsTickId":1780596489955,"gpsTickAgeMs":1,"rawLat":51.350372,"rawLng":19.370783,"snapLat":51.350377,"snapLng":19.370481,"markerLat":51.350377,"markerLng":19.370481,"markerHdg":91,"markerSvLat":51.350378,"markerSvLng":19.370383,"markerSvHdg":91,"accM":4,"hudKmh":44.2,"engineKmh":44.2,"dopplerKmh":42.9,"feedDurMs":723,"cadenceMs":998,"feedSpeedMs":12.3,"isNavigating":false,"isFreeDrive":true,"isMoving":true,"feedSkipGate":false,"feedAccepted":true,"feedHeadingOnly":false,"source":"drive_core_v2"}
06-04 20:08:09.981 I/ReactNativeJS(30359): [VROOM-TEL] 2026-06-04T18:08:09.981Z | GPS_ACCEPT | {"lat":51.350372,"lng":19.370783,"acc":4,"speedKmh":42.9,"gpsLock":true}
06-04 20:08:10.017 I/ReactNativeJS(30359): [VROOM-TEL] 2026-06-04T18:08:10.017Z | DRIVE_TRACE_CAMERA | {"t":1780596490017,"seq":981,"gpsTickId":1780596489955,"gpsTickAgeMs":38,"lat":51.350378,"lng":19.370387,"hdg":91,"speedKmh":44.2,"exploring":false,"frameMoveM":0}
06-04 20:08:10.244 I/ReactNativeJS(30359): [VROOM-TEL] 2026-06-04T18:08:10.243Z | CAM_FOLLOW_PUSH | {"t":1780596490243,"lat":51.350378,"lng":19.370419,"hdg":91,"snapHdg":91,"speedKmh":44,"exploring":false,"source":"drive_marker_sv_60fps"}
06-04 20:08:10.260 I/ReactNativeJS(30359): [VROOM-TEL] 2026-06-04T18:08:10.260Z | CAMERA_HEADING | {"t":1780596490260,"speedKmh":44,"movedM":0.16,"moveBearing":null,"snapHdg":91,"headingOut":91,"flipFromPrevDeg":0,"lookaheadM":41,"nativeFollow":true}
06-04 20:08:10.326 I/ReactNativeJS(30359): [VROOM-TEL] 2026-06-04T18:08:10.326Z | DRIVE_TRACE_CAMERA | {"t":1780596490326,"seq":982,"gpsTickId":1780596489955,"gpsTickAgeMs":347,"lat":51.350378,"lng":19.37043,"hdg":91,"speedKmh":44.2,"exploring":false,"frameMoveM":0}
06-04 20:08:10.543 I/ReactNativeJS(30359): [VROOM-TEL] 2026-06-04T18:08:10.543Z | DRIVE_TRACE_HEARTBEAT | {"t":1780596490543,"seq":983,"gpsTickId":1780596489955,"gpsTickAgeMs":564,"driving":true,"navigating":false,"tripActive":true,"lat":51.3503723,"lng":19.3707828,"gpsAgeMs":564}
06-04 20:08:10.627 I/ReactNativeJS(30359): [VROOM-TEL] 2026-06-04T18:08:10.626Z | DRIVE_TRACE_CAMERA | {"t":1780596490626,"seq":984,"gpsTickId":1780596489955,"gpsTickAgeMs":647,"lat":51.350377,"lng":19.37047,"hdg":91,"speedKmh":44.2,"exploring":false,"frameMoveM":0}
06-04 20:08:10.977 I/ReactNativeJS(30359): [VROOM-TEL] 2026-06-04T18:08:10.977Z | RAW_GPS_TICK | {"t":1780596490977,"gpsTickId":1780596490955,"gpsTickAgeMs":0,"lat":51.350373,"lng":19.370952,"speed":11.64,"speedKmh":41.9,"accuracy":4,"osTimestamp":1780596490955,"tripActive":true,"appState":"active"}
06-04 20:08:10.977 I/ReactNativeJS(30359): [VROOM-TEL] 2026-06-04T18:08:10.977Z | DRIVE_TRACE_RAW | {"t":1780596490977,"seq":985,"gpsTickId":1780596490955,"gpsTickAgeMs":0,"rawLat":51.350373,"rawLng":19.370952,"accM":4,"speedKmh":41.9,"speedMs":11.6,"heading":90,"tripActive":true,"driving":true,"navigating":false,"osTimestamp":1780596490955}
06-04 20:08:10.979 I/ReactNativeJS(30359): [VROOM-TEL] 2026-06-04T18:08:10.979Z | DRIVE_TRACE_FEED | {"t":1780596490979,"seq":986,"gpsTickId":1780596490955,"gpsTickAgeMs":2,"lat":51.350376,"lng":19.370606,"hdg":90,"durationMs":727,"speedKmh":43.2}
06-04 20:08:10.980 I/ReactNativeJS(30359): [VROOM-TEL] 2026-06-04T18:08:10.980Z | DRIVE_TRACE_TICK | {"t":1780596490980,"seq":987,"gpsTickId":1780596490955,"gpsTickAgeMs":3,"rawLat":51.350373,"rawLng":19.370952,"snapLat":51.350376,"snapLng":19.370606,"markerLat":51.350376,"markerLng":19.370606,"markerHdg":90,"markerSvLat":51.350377,"markerSvLng":19.37051,"markerSvHdg":91,"accM":4,"hudKmh":43.2,"engineKmh":43.2,"dopplerKmh":41.9,"feedDurMs":727,"cadenceMs":998,"feedSpeedMs":12,"isNavigating":false,"isFreeDrive":true,"isMoving":true,"feedSkipGate":false,"feedAccepted":true,"feedHeadingOnly":false,"source":"drive_core_v2"}
06-04 20:08:10.980 I/ReactNativeJS(30359): [VROOM-TEL] 2026-06-04T18:08:10.980Z | GPS_ACCEPT | {"lat":51.350373,"lng":19.370952,"acc":4,"speedKmh":42.4,"gpsLock":true}
06-04 20:08:11.055 I/ReactNativeJS(30359): [VROOM-TEL] 2026-06-04T18:08:11.055Z | CAM_FOLLOW_PUSH | {"t":1780596491055,"lat":51.350377,"lng":19.370512,"hdg":91,"snapHdg":91,"speedKmh":43,"exploring":false,"source":"drive_marker_sv_60fps"}
06-04 20:08:11.055 I/ReactNativeJS(30359): [VROOM-TEL] 2026-06-04T18:08:11.055Z | DRIVE_TRACE_CAMERA | {"t":1780596491055,"seq":988,"gpsTickId":1780596490955,"gpsTickAgeMs":78,"lat":51.350377,"lng":19.370512,"hdg":91,"speedKmh":43.2,"exploring":false,"frameMoveM":0}
06-04 20:08:11.360 I/ReactNativeJS(30359): [VROOM-TEL] 2026-06-04T18:08:11.359Z | DRIVE_TRACE_CAMERA | {"t":1780596491359,"seq":989,"gpsTickId":1780596490955,"gpsTickAgeMs":382,"lat":51.350376,"lng":19.37056,"hdg":91,"speedKmh":43.2,"exploring":false,"frameMoveM":0}
06-04 20:08:11.377 I/ReactNativeJS(30359): [VROOM-TEL] 2026-06-04T18:08:11.377Z | CAMERA_HEADING | {"t":1780596491377,"speedKmh":43,"movedM":0.16,"moveBearing":null,"snapHdg":91,"headingOut":91,"flipFromPrevDeg":0,"lookaheadM":41,"nativeFollow":true}
06-04 20:08:11.659 I/ReactNativeJS(30359): [VROOM-TEL] 2026-06-04T18:08:11.659Z | DRIVE_TRACE_CAMERA | {"t":1780596491659,"seq":990,"gpsTickId":1780596490955,"gpsTickAgeMs":682,"lat":51.350376,"lng":19.3706,"hdg":91,"speedKmh":43.2,"exploring":false,"frameMoveM":0}
06-04 20:08:11.859 I/ReactNativeJS(30359): [VROOM-TEL] 2026-06-04T18:08:11.859Z | CAM_FOLLOW_PUSH | {"t":1780596491859,"lat":51.350376,"lng":19.370632,"hdg":91,"snapHdg":91,"speedKmh":43,"exploring":false,"source":"drive_marker_sv_60fps"}
06-04 20:08:11.999 I/ReactNativeJS(30359): [VROOM-TEL] 2026-06-04T18:08:11.999Z | RAW_GPS_TICK | {"t":1780596491999,"gpsTickId":1780596491954,"gpsTickAgeMs":0,"lat":51.350374,"lng":19.371109,"speed":10.86,"speedKmh":39.1,"accuracy":4,"osTimestamp":1780596491954,"tripActive":true,"appState":"active"}
06-04 20:08:11.999 I/ReactNativeJS(30359): [VROOM-TEL] 2026-06-04T18:08:11.999Z | DRIVE_TRACE_RAW | {"t":1780596491999,"seq":991,"gpsTickId":1780596491954,"gpsTickAgeMs":0,"rawLat":51.350374,"rawLng":19.371109,"accM":4,"speedKmh":39.1,"speedMs":10.9,"heading":89,"tripActive":true,"driving":true,"navigating":false,"osTimestamp":1780596491954}
06-04 20:08:12.000 I/ReactNativeJS(30359): [VROOM-TEL] 2026-06-04T18:08:12.000Z | DRIVE_TRACE_FEED | {"t":1780596492000,"seq":992,"gpsTickId":1780596491954,"gpsTickAgeMs":1,"lat":51.350375,"lng":19.370729,"hdg":90,"durationMs":733,"speedKmh":41.7}
06-04 20:08:12.000 I/ReactNativeJS(30359): [VROOM-TEL] 2026-06-04T18:08:12.000Z | DRIVE_TRACE_TICK | {"t":1780596492000,"seq":993,"gpsTickId":1780596491954,"gpsTickAgeMs":1,"rawLat":51.350374,"rawLng":19.371109,"snapLat":51.350375,"snapLng":19.370729,"markerLat":51.350375,"markerLng":19.370729,"markerHdg":90,"markerSvLat":51.350376,"markerSvLng":19.370635,"markerSvHdg":91,"accM":4,"hudKmh":41.7,"engineKmh":41.7,"dopplerKmh":39.1,"feedDurMs":733,"cadenceMs":1006,"feedSpeedMs":11.6,"isNavigating":false,"isFreeDrive":true,"isMoving":true,"feedSkipGate":false,"feedAccepted":true,"feedHeadingOnly":false,"source":"drive_core_v2"}
06-04 20:08:12.000 I/ReactNativeJS(30359): [VROOM-TEL] 2026-06-04T18:08:12.000Z | GPS_ACCEPT | {"lat":51.350374,"lng":19.371109,"acc":4,"speedKmh":39.1,"gpsLock":true}
06-04 20:08:12.037 I/ReactNativeJS(30359): [VROOM-TEL] 2026-06-04T18:08:12.037Z | DRIVE_TRACE_CAMERA | {"t":1780596492037,"seq":994,"gpsTickId":1780596491954,"gpsTickAgeMs":38,"lat":51.350376,"lng":19.370638,"hdg":91,"speedKmh":41.7,"exploring":false,"frameMoveM":0}
06-04 20:08:12.344 I/ReactNativeJS(30359): [VROOM-TEL] 2026-06-04T18:08:12.344Z | DRIVE_TRACE_CAMERA | {"t":1780596492344,"seq":995,"gpsTickId":1780596491954,"gpsTickAgeMs":345,"lat":51.350375,"lng":19.370679,"hdg":91,"speedKmh":41.7,"exploring":false,"frameMoveM":0}
06-04 20:08:12.493 I/ReactNativeJS(30359): [VROOM-TEL] 2026-06-04T18:08:12.493Z | CAMERA_HEADING | {"t":1780596492493,"speedKmh":42,"movedM":0.14,"moveBearing":null,"snapHdg":91,"headingOut":91,"flipFromPrevDeg":0,"lookaheadM":41,"nativeFollow":true}
06-04 20:08:12.645 I/ReactNativeJS(30359): [VROOM-TEL] 2026-06-04T18:08:12.645Z | DRIVE_TRACE_CAMERA | {"t":1780596492645,"seq":996,"gpsTickId":1780596491954,"gpsTickAgeMs":646,"lat":51.350375,"lng":19.370717,"hdg":91,"speedKmh":41.7,"exploring":false,"frameMoveM":0}
06-04 20:08:12.660 I/ReactNativeJS(30359): [VROOM-TEL] 2026-06-04T18:08:12.659Z | CAM_FOLLOW_PUSH | {"t":1780596492659,"lat":51.350375,"lng":19.370719,"hdg":91,"snapHdg":91,"speedKmh":42,"exploring":false,"source":"drive_marker_sv_60fps"}
06-04 20:08:12.978 I/ReactNativeJS(30359): [VROOM-TEL] 2026-06-04T18:08:12.978Z | RAW_GPS_TICK | {"t":1780596492978,"gpsTickId":1780596492955,"gpsTickAgeMs":0,"lat":51.350378,"lng":19.371242,"speed":9.54,"speedKmh":34.3,"accuracy":4,"osTimestamp":1780596492955,"tripActive":true,"appState":"active"}
06-04 20:08:12.978 I/ReactNativeJS(30359): [VROOM-TEL] 2026-06-04T18:08:12.978Z | DRIVE_TRACE_RAW | {"t":1780596492978,"seq":997,"gpsTickId":1780596492955,"gpsTickAgeMs":0,"rawLat":51.350378,"rawLng":19.371242,"accM":4,"speedKmh":34.3,"speedMs":9.5,"heading":88,"tripActive":true,"driving":true,"navigating":false,"osTimestamp":1780596492955}
06-04 20:08:12.980 I/ReactNativeJS(30359): [VROOM-TEL] 2026-06-04T18:08:12.980Z | DRIVE_TRACE_FEED | {"t":1780596492980,"seq":998,"gpsTickId":1780596492955,"gpsTickAgeMs":2,"lat":51.350373,"lng":19.370845,"hdg":88,"durationMs":744,"speedKmh":39.1}
06-04 20:08:12.981 I/ReactNativeJS(30359): [VROOM-TEL] 2026-06-04T18:08:12.981Z | DRIVE_TRACE_TICK | {"t":1780596492981,"seq":999,"gpsTickId":1780596492955,"gpsTickAgeMs":3,"rawLat":51.350378,"rawLng":19.371242,"snapLat":51.350373,"snapLng":19.370845,"markerLat":51.350373,"markerLng":19.370845,"markerHdg":88,"markerSvLat":51.350374,"markerSvLng":19.370754,"markerSvHdg":91,"accM":4,"hudKmh":39.1,"engineKmh":39.1,"dopplerKmh":34.3,"feedDurMs":744,"cadenceMs":997,"feedSpeedMs":10.9,"isNavigating":false,"isFreeDrive":true,"isMoving":true,"feedSkipGate":false,"feedAccepted":true,"feedHeadingOnly":false,"source":"drive_core_v2"}
06-04 20:08:12.981 I/ReactNativeJS(30359): [VROOM-TEL] 2026-06-04T18:08:12.981Z | GPS_ACCEPT | {"lat":51.350378,"lng":19.371242,"acc":4,"speedKmh":34.3,"gpsLock":true}
06-04 20:08:13.060 I/ReactNativeJS(30359): [VROOM-TEL] 2026-06-04T18:08:13.060Z | DRIVE_TRACE_CAMERA | {"t":1780596493060,"seq":1000,"gpsTickId":1780596492955,"gpsTickAgeMs":82,"lat":51.350374,"lng":19.370755,"hdg":91,"speedKmh":39.1,"exploring":false,"frameMoveM":0}
06-04 20:08:13.360 I/ReactNativeJS(30359): [VROOM-TEL] 2026-06-04T18:08:13.360Z | DRIVE_TRACE_CAMERA | {"t":1780596493360,"seq":1001,"gpsTickId":1780596492955,"gpsTickAgeMs":382,"lat":51.350374,"lng":19.3708,"hdg":91,"speedKmh":39.1,"exploring":false,"frameMoveM":0}
06-04 20:08:13.460 I/ReactNativeJS(30359): [VROOM-TEL] 2026-06-04T18:08:13.460Z | CAM_FOLLOW_PUSH | {"t":1780596493460,"lat":51.350374,"lng":19.370812,"hdg":91,"snapHdg":91,"speedKmh":39,"exploring":false,"source":"drive_marker_sv_60fps"}
06-04 20:08:13.594 I/ReactNativeJS(30359): [VROOM-TEL] 2026-06-04T18:08:13.594Z | CAMERA_HEADING | {"t":1780596493594,"speedKmh":39,"movedM":0.14,"moveBearing":null,"snapHdg":91,"headingOut":91,"flipFromPrevDeg":0,"lookaheadM":34,"nativeFollow":true}
06-04 20:08:13.660 I/ReactNativeJS(30359): [VROOM-TEL] 2026-06-04T18:08:13.660Z | DRIVE_TRACE_CAMERA | {"t":1780596493660,"seq":1002,"gpsTickId":1780596492955,"gpsTickAgeMs":682,"lat":51.350374,"lng":19.370837,"hdg":91,"speedKmh":39.1,"exploring":false,"frameMoveM":0}
06-04 20:08:13.977 I/ReactNativeJS(30359): [VROOM-TEL] 2026-06-04T18:08:13.977Z | RAW_GPS_TICK | {"t":1780596493977,"gpsTickId":1780596493953,"gpsTickAgeMs":0,"lat":51.350366,"lng":19.371375,"speed":9.11,"speedKmh":32.8,"accuracy":4,"osTimestamp":1780596493953,"tripActive":true,"appState":"active"}
06-04 20:08:13.977 I/ReactNativeJS(30359): [VROOM-TEL] 2026-06-04T18:08:13.977Z | DRIVE_TRACE_RAW | {"t":1780596493977,"seq":1003,"gpsTickId":1780596493953,"gpsTickAgeMs":0,"rawLat":51.350366,"rawLng":19.371375,"accM":4,"speedKmh":32.8,"speedMs":9.1,"heading":97,"tripActive":true,"driving":true,"navigating":false,"osTimestamp":1780596493953}
06-04 20:08:13.979 I/ReactNativeJS(30359): [VROOM-TEL] 2026-06-04T18:08:13.979Z | DRIVE_TRACE_FEED | {"t":1780596493979,"seq":1004,"gpsTickId":1780596493953,"gpsTickAgeMs":2,"lat":51.350372,"lng":19.370955,"hdg":93,"durationMs":759,"speedKmh":36.2}
06-04 20:08:13.979 I/ReactNativeJS(30359): [VROOM-TEL] 2026-06-04T18:08:13.979Z | DRIVE_TRACE_TICK | {"t":1780596493979,"seq":1005,"gpsTickId":1780596493953,"gpsTickAgeMs":2,"rawLat":51.350366,"rawLng":19.371375,"snapLat":51.350372,"snapLng":19.370955,"markerLat":51.350372,"markerLng":19.370955,"markerHdg":93,"markerSvLat":51.350373,"markerSvLng":19.370868,"markerSvHdg":91,"accM":4,"hudKmh":36.2,"engineKmh":36.2,"dopplerKmh":32.8,"feedDurMs":759,"cadenceMs":998,"feedSpeedMs":10.1,"isNavigating":false,"isFreeDrive":true,"isMoving":true,"feedSkipGate":false,"feedAccepted":true,"feedHeadingOnly":false,"source":"drive_core_v2"}
06-04 20:08:13.979 I/ReactNativeJS(30359): [VROOM-TEL] 2026-06-04T18:08:13.979Z | GPS_ACCEPT | {"lat":51.350366,"lng":19.371375,"acc":4,"speedKmh":33.5,"gpsLock":true}
06-04 20:08:14.009 I/ReactNativeJS(30359): [VROOM-TEL] 2026-06-04T18:08:14.009Z | DRIVE_TRACE_CAMERA | {"t":1780596494009,"seq":1006,"gpsTickId":1780596493953,"gpsTickAgeMs":32,"lat":51.350373,"lng":19.370872,"hdg":91,"speedKmh":36.2,"exploring":false,"frameMoveM":0}
06-04 20:08:14.260 I/ReactNativeJS(30359): [VROOM-TEL] 2026-06-04T18:08:14.260Z | CAM_FOLLOW_PUSH | {"t":1780596494260,"lat":51.350373,"lng":19.3709,"hdg":91,"snapHdg":91,"speedKmh":36,"exploring":false,"source":"drive_marker_sv_60fps"}
06-04 20:08:14.310 I/ReactNativeJS(30359): [VROOM-TEL] 2026-06-04T18:08:14.310Z | DRIVE_TRACE_CAMERA | {"t":1780596494310,"seq":1007,"gpsTickId":1780596493953,"gpsTickAgeMs":333,"lat":51.350373,"lng":19.370906,"hdg":91,"speedKmh":36.2,"exploring":false,"frameMoveM":0}
06-04 20:08:14.610 I/ReactNativeJS(30359): [VROOM-TEL] 2026-06-04T18:08:14.610Z | DRIVE_TRACE_CAMERA | {"t":1780596494610,"seq":1008,"gpsTickId":1780596493953,"gpsTickAgeMs":633,"lat":51.350373,"lng":19.37094,"hdg":91,"speedKmh":36.2,"exploring":false,"frameMoveM":0}
06-04 20:08:14.709 I/ReactNativeJS(30359): [VROOM-TEL] 2026-06-04T18:08:14.709Z | CAMERA_HEADING | {"t":1780596494709,"speedKmh":36,"movedM":0.13,"moveBearing":null,"snapHdg":91,"headingOut":91,"flipFromPrevDeg":0,"lookaheadM":34,"nativeFollow":true}
06-04 20:08:14.977 I/ReactNativeJS(30359): [VROOM-TEL] 2026-06-04T18:08:14.977Z | RAW_GPS_TICK | {"t":1780596494977,"gpsTickId":1780596494953,"gpsTickAgeMs":0,"lat":51.350353,"lng":19.371496,"speed":8.86,"speedKmh":31.9,"accuracy":4,"osTimestamp":1780596494953,"tripActive":true,"appState":"active"}
06-04 20:08:14.977 I/ReactNativeJS(30359): [VROOM-TEL] 2026-06-04T18:08:14.977Z | DRIVE_TRACE_RAW | {"t":1780596494977,"seq":1009,"gpsTickId":1780596494953,"gpsTickAgeMs":0,"rawLat":51.350353,"rawLng":19.371496,"accM":4,"speedKmh":31.9,"speedMs":8.9,"heading":99,"tripActive":true,"driving":true,"navigating":false,"osTimestamp":1780596494953}
06-04 20:08:14.981 I/ReactNativeJS(30359): [VROOM-TEL] 2026-06-04T18:08:14.981Z | DRIVE_TRACE_FEED | {"t":1780596494981,"seq":1010,"gpsTickId":1780596494953,"gpsTickAgeMs":4,"lat":51.350371,"lng":19.371059,"hdg":99,"durationMs":774,"speedKmh":33.6}
06-04 20:08:14.982 I/ReactNativeJS(30359): [VROOM-TEL] 2026-06-04T18:08:14.982Z | DRIVE_TRACE_TICK | {"t":1780596494982,"seq":1011,"gpsTickId":1780596494953,"gpsTickAgeMs":5,"rawLat":51.350353,"rawLng":19.371496,"snapLat":51.350371,"snapLng":19.371059,"markerLat":51.350371,"markerLng":19.371059,"markerHdg":99,"markerSvLat":51.350372,"markerSvLng":19.370974,"markerSvHdg":91,"accM":4,"hudKmh":33.6,"engineKmh":33.6,"dopplerKmh":31.9,"feedDurMs":774,"cadenceMs":999,"feedSpeedMs":9.3,"isNavigating":false,"isFreeDrive":true,"isMoving":true,"feedSkipGate":false,"feedAccepted":true,"feedHeadingOnly":false,"source":"drive_core_v2"}
06-04 20:08:14.982 I/ReactNativeJS(30359): [VROOM-TEL] 2026-06-04T18:08:14.982Z | GPS_ACCEPT | {"lat":51.350353,"lng":19.371496,"acc":4,"speedKmh":31.9,"gpsLock":true}
06-04 20:08:15.061 I/ReactNativeJS(30359): [VROOM-TEL] 2026-06-04T18:08:15.061Z | CAM_FOLLOW_PUSH | {"t":1780596495061,"lat":51.350372,"lng":19.370977,"hdg":91,"snapHdg":91,"speedKmh":34,"exploring":false,"source":"drive_marker_sv_60fps"}
06-04 20:08:15.061 I/ReactNativeJS(30359): [VROOM-TEL] 2026-06-04T18:08:15.061Z | DRIVE_TRACE_CAMERA | {"t":1780596495061,"seq":1012,"gpsTickId":1780596494953,"gpsTickAgeMs":84,"lat":51.350372,"lng":19.370977,"hdg":91,"speedKmh":33.6,"exploring":false,"frameMoveM":0}
06-04 20:08:15.378 I/ReactNativeJS(30359): [VROOM-TEL] 2026-06-04T18:08:15.377Z | DRIVE_TRACE_CAMERA | {"t":1780596495377,"seq":1013,"gpsTickId":1780596494953,"gpsTickAgeMs":400,"lat":51.350372,"lng":19.371017,"hdg":91,"speedKmh":33.6,"exploring":false,"frameMoveM":0}
06-04 20:08:15.560 I/ReactNativeJS(30359): [VROOM-TEL] 2026-06-04T18:08:15.560Z | DRIVE_HEALTH | {"t":1780596495560,"mode":"driving","speedHudKmh":33.6,"speedPipeKmh":33.6,"gpsAgeMs":583,"drAgeMs":579,"gpsToDriftM":30,"snapAnchorDriftM":0,"offRoute":false,"reroutePending":false,"rerouteLoading":false,"hasRoutePts":0}
06-04 20:08:15.560 I/ReactNativeJS(30359): [VROOM-TEL] 2026-06-04T18:08:15.560Z | DRIVE_TRACE_HEARTBEAT | {"t":1780596495560,"seq":1014,"gpsTickId":1780596494953,"gpsTickAgeMs":583,"driving":true,"navigating":false,"tripActive":true,"lat":51.3503532,"lng":19.3714964,"gpsAgeMs":583}
06-04 20:08:15.693 I/ReactNativeJS(30359): [VROOM-TEL] 2026-06-04T18:08:15.693Z | DRIVE_TRACE_CAMERA | {"t":1780596495693,"seq":1015,"gpsTickId":1780596494953,"gpsTickAgeMs":716,"lat":51.350371,"lng":19.371052,"hdg":91,"speedKmh":33.6,"exploring":false,"frameMoveM":0}
06-04 20:08:15.809 I/ReactNativeJS(30359): [VROOM-TEL] 2026-06-04T18:08:15.809Z | CAMERA_HEADING | {"t":1780596495809,"speedKmh":34,"movedM":0.16,"moveBearing":null,"snapHdg":98,"headingOut":98,"flipFromPrevDeg":2,"lookaheadM":34,"nativeFollow":true}
06-04 20:08:15.871 I/ReactNativeJS(30359): [VROOM-TEL] 2026-06-04T18:08:15.871Z | CAM_FOLLOW_PUSH | {"t":1780596495871,"lat":51.350371,"lng":19.371072,"hdg":98,"snapHdg":98,"speedKmh":34,"exploring":false,"source":"drive_marker_sv_60fps"}
06-04 20:08:15.982 I/ReactNativeJS(30359): [VROOM-TEL] 2026-06-04T18:08:15.981Z | RAW_GPS_TICK | {"t":1780596495981,"gpsTickId":1780596495955,"gpsTickAgeMs":0,"lat":51.350366,"lng":19.37162,"speed":8.72,"speedKmh":31.4,"accuracy":4,"osTimestamp":1780596495955,"tripActive":true,"appState":"active"}
06-04 20:08:15.982 I/ReactNativeJS(30359): [VROOM-TEL] 2026-06-04T18:08:15.982Z | DRIVE_TRACE_RAW | {"t":1780596495982,"seq":1016,"gpsTickId":1780596495955,"gpsTickAgeMs":1,"rawLat":51.350366,"rawLng":19.37162,"accM":4,"speedKmh":31.4,"speedMs":8.7,"heading":82,"tripActive":true,"driving":true,"navigating":false,"osTimestamp":1780596495955}
06-04 20:08:15.983 I/ReactNativeJS(30359): [VROOM-TEL] 2026-06-04T18:08:15.983Z | DRIVE_TRACE_FEED | {"t":1780596495983,"seq":1017,"gpsTickId":1780596495955,"gpsTickAgeMs":2,"lat":51.35037,"lng":19.37116,"hdg":90,"durationMs":783,"speedKmh":32.3}
06-04 20:08:15.984 I/ReactNativeJS(30359): [VROOM-TEL] 2026-06-04T18:08:15.984Z | DRIVE_TRACE_TICK | {"t":1780596495984,"seq":1018,"gpsTickId":1780596495955,"gpsTickAgeMs":3,"rawLat":51.350366,"rawLng":19.37162,"snapLat":51.35037,"snapLng":19.37116,"markerLat":51.35037,"markerLng":19.37116,"markerHdg":90,"markerSvLat":51.35037,"markerSvLng":19.371074,"markerSvHdg":98,"accM":4,"hudKmh":32.3,"engineKmh":32.3,"dopplerKmh":31.4,"feedDurMs":783,"cadenceMs":1001,"feedSpeedMs":9,"isNavigating":false,"isFreeDrive":true,"isMoving":true,"feedSkipGate":false,"feedAccepted":true,"feedHeadingOnly":false,"source":"drive_core_v2"}
06-04 20:08:15.984 I/ReactNativeJS(30359): [VROOM-TEL] 2026-06-04T18:08:15.984Z | GPS_ACCEPT | {"lat":51.350366,"lng":19.37162,"acc":4,"speedKmh":31.4,"gpsLock":true}
06-04 20:08:16.023 I/ReactNativeJS(30359): [VROOM-TEL] 2026-06-04T18:08:16.023Z | DRIVE_TRACE_CAMERA | {"t":1780596496023,"seq":1019,"gpsTickId":1780596495955,"gpsTickAgeMs":42,"lat":51.35037,"lng":19.371077,"hdg":95,"speedKmh":32.3,"exploring":false,"frameMoveM":0}
06-04 20:08:16.326 I/ReactNativeJS(30359): [VROOM-TEL] 2026-06-04T18:08:16.326Z | DRIVE_TRACE_CAMERA | {"t":1780596496326,"seq":1020,"gpsTickId":1780596495955,"gpsTickAgeMs":345,"lat":51.35037,"lng":19.371112,"hdg":90,"speedKmh":32.3,"exploring":false,"frameMoveM":0}
06-04 20:08:16.626 I/ReactNativeJS(30359): [VROOM-TEL] 2026-06-04T18:08:16.626Z | DRIVE_TRACE_CAMERA | {"t":1780596496626,"seq":1021,"gpsTickId":1780596495955,"gpsTickAgeMs":645,"lat":51.35037,"lng":19.371145,"hdg":90,"speedKmh":32.3,"exploring":false,"frameMoveM":0}
06-04 20:08:16.676 I/ReactNativeJS(30359): [VROOM-TEL] 2026-06-04T18:08:16.676Z | CAM_FOLLOW_PUSH | {"t":1780596496676,"lat":51.35037,"lng":19.37115,"hdg":90,"snapHdg":90,"speedKmh":32,"exploring":false,"source":"drive_marker_sv_60fps"}
06-04 20:08:16.979 I/ReactNativeJS(30359): [VROOM-TEL] 2026-06-04T18:08:16.979Z | RAW_GPS_TICK | {"t":1780596496979,"gpsTickId":1780596496955,"gpsTickAgeMs":0,"lat":51.350409,"lng":19.371744,"speed":9.51,"speedKmh":34.2,"accuracy":4,"osTimestamp":1780596496955,"tripActive":true,"appState":"active"}
06-04 20:08:16.979 I/ReactNativeJS(30359): [VROOM-TEL] 2026-06-04T18:08:16.979Z | DRIVE_TRACE_RAW | {"t":1780596496979,"seq":1022,"gpsTickId":1780596496955,"gpsTickAgeMs":0,"rawLat":51.350409,"rawLng":19.371744,"accM":4,"speedKmh":34.2,"speedMs":9.5,"heading":63,"tripActive":true,"driving":true,"navigating":false,"osTimestamp":1780596496955}
06-04 20:08:16.981 I/ReactNativeJS(30359): [VROOM-TEL] 2026-06-04T18:08:16.981Z | DRIVE_TRACE_FEED | {"t":1780596496981,"seq":1023,"gpsTickId":1780596496955,"gpsTickAgeMs":2,"lat":51.350367,"lng":19.371529,"hdg":71,"durationMs":1200,"speedKmh":34.2}
06-04 20:08:16.982 I/ReactNativeJS(30359): [VROOM-TEL] 2026-06-04T18:08:16.982Z | DRIVE_TRACE_TICK | {"t":1780596496982,"seq":1024,"gpsTickId":1780596496955,"gpsTickAgeMs":3,"rawLat":51.350409,"rawLng":19.371744,"snapLat":51.350367,"snapLng":19.371529,"markerLat":51.350367,"markerLng":19.371529,"markerHdg":71,"markerSvLat":51.35037,"markerSvLng":19.371173,"markerSvHdg":97,"accM":4,"hudKmh":34.2,"engineKmh":32.3,"dopplerKmh":34.2,"feedDurMs":1200,"cadenceMs":1000,"feedSpeedMs":9.5,"isNavigating":false,"isFreeDrive":true,"isMoving":true,"feedSkipGate":false,"feedAccepted":true,"feedHeadingOnly":false,"source":"drive_core_v2"}
06-04 20:08:16.982 I/ReactNativeJS(30359): [VROOM-TEL] 2026-06-04T18:08:16.982Z | GPS_ACCEPT | {"lat":51.350409,"lng":19.371744,"acc":4,"speedKmh":35.4,"gpsLock":true}
06-04 20:08:17.034 I/ReactNativeJS(30359): [VROOM-TEL] 2026-06-04T18:08:17.034Z | CAMERA_HEADING | {"t":1780596497034,"speedKmh":34,"movedM":0.93,"moveBearing":null,"snapHdg":92,"headingOut":92,"flipFromPrevDeg":6,"lookaheadM":28,"nativeFollow":true}
06-04 20:08:17.067 I/ReactNativeJS(30359): [VROOM-TEL] 2026-06-04T18:08:17.067Z | DRIVE_TRACE_CAMERA | {"t":1780596497067,"seq":1025,"gpsTickId":1780596496955,"gpsTickAgeMs":88,"lat":51.35037,"lng":19.371181,"hdg":94,"speedKmh":34.2,"exploring":false,"frameMoveM":0}
06-04 20:08:17.376 I/ReactNativeJS(30359): [VROOM-TEL] 2026-06-04T18:08:17.376Z | DRIVE_TRACE_CAMERA | {"t":1780596497376,"seq":1026,"gpsTickId":1780596496955,"gpsTickAgeMs":397,"lat":51.350369,"lng":19.37129,"hdg":91,"speedKmh":34.2,"exploring":false,"frameMoveM":0}
06-04 20:08:17.476 I/ReactNativeJS(30359): [VROOM-TEL] 2026-06-04T18:08:17.476Z | CAM_FOLLOW_PUSH | {"t":1780596497476,"lat":51.350368,"lng":19.371319,"hdg":91,"snapHdg":91,"speedKmh":34,"exploring":false,"source":"drive_marker_sv_60fps"}
06-04 20:08:17.676 I/ReactNativeJS(30359): [VROOM-TEL] 2026-06-04T18:08:17.676Z | DRIVE_TRACE_CAMERA | {"t":1780596497676,"seq":1027,"gpsTickId":1780596496955,"gpsTickAgeMs":697,"lat":51.350368,"lng":19.371379,"hdg":91,"speedKmh":34.2,"exploring":false,"frameMoveM":0}
06-04 20:08:17.976 I/ReactNativeJS(30359): [VROOM-TEL] 2026-06-04T18:08:17.976Z | DRIVE_TRACE_CAMERA | {"t":1780596497976,"seq":1028,"gpsTickId":1780596496955,"gpsTickAgeMs":997,"lat":51.350367,"lng":19.371468,"hdg":91,"speedKmh":34.2,"exploring":false,"frameMoveM":0}
06-04 20:08:17.977 I/ReactNativeJS(30359): [VROOM-TEL] 2026-06-04T18:08:17.977Z | RAW_GPS_TICK | {"t":1780596497977,"gpsTickId":1780596497954,"gpsTickAgeMs":0,"lat":51.350456,"lng":19.371879,"speed":10.82,"speedKmh":39,"accuracy":4,"osTimestamp":1780596497954,"tripActive":true,"appState":"active"}
06-04 20:08:17.978 I/ReactNativeJS(30359): [VROOM-TEL] 2026-06-04T18:08:17.978Z | DRIVE_TRACE_RAW | {"t":1780596497978,"seq":1029,"gpsTickId":1780596497954,"gpsTickAgeMs":0,"rawLat":51.350456,"rawLng":19.371879,"accM":4,"speedKmh":39,"speedMs":10.8,"heading":61,"tripActive":true,"driving":true,"navigating":false,"osTimestamp":1780596497954}
06-04 20:08:17.980 I/ReactNativeJS(30359): [VROOM-TEL] 2026-06-04T18:08:17.980Z | DRIVE_TRACE_FEED | {"t":1780596497980,"seq":1030,"gpsTickId":1780596497954,"gpsTickAgeMs":3,"lat":51.350366,"lng":19.371645,"hdg":61,"durationMs":745,"speedKmh":39}
06-04 20:08:17.981 I/ReactNativeJS(30359): [VROOM-TEL] 2026-06-04T18:08:17.981Z | DRIVE_TRACE_TICK | {"t":1780596497981,"seq":1031,"gpsTickId":1780596497954,"gpsTickAgeMs":4,"rawLat":51.350456,"rawLng":19.371879,"snapLat":51.350366,"snapLng":19.371645,"markerLat":51.350366,"markerLng":19.371645,"markerHdg":61,"markerSvLat":51.350367,"markerSvLng":19.371468,"markerSvHdg":91,"accM":4,"hudKmh":39,"engineKmh":34.5,"dopplerKmh":39,"feedDurMs":745,"cadenceMs":999,"feedSpeedMs":10.8,"isNavigating":false,"isFreeDrive":true,"isMoving":true,"feedSkipGate":false,"feedAccepted":true,"feedHeadingOnly":false,"source":"drive_core_v2"}
06-04 20:08:17.981 I/ReactNativeJS(30359): [VROOM-TEL] 2026-06-04T18:08:17.981Z | GPS_ACCEPT | {"lat":51.350456,"lng":19.371879,"acc":4,"speedKmh":39,"gpsLock":true}
06-04 20:08:18.147 I/ReactNativeJS(30359): [VROOM-TEL] 2026-06-04T18:08:18.147Z | CAMERA_HEADING | {"t":1780596498147,"speedKmh":39,"movedM":0.84,"moveBearing":null,"snapHdg":91,"headingOut":91,"flipFromPrevDeg":0,"lookaheadM":34,"nativeFollow":true}
06-04 20:08:18.276 I/ReactNativeJS(30359): [VROOM-TEL] 2026-06-04T18:08:18.276Z | CAM_FOLLOW_PUSH | {"t":1780596498276,"lat":51.350367,"lng":19.371538,"hdg":91,"snapHdg":91,"speedKmh":39,"exploring":false,"source":"drive_marker_sv_60fps"}
06-04 20:08:18.277 I/ReactNativeJS(30359): [VROOM-TEL] 2026-06-04T18:08:18.277Z | DRIVE_TRACE_CAMERA | {"t":1780596498277,"seq":1032,"gpsTickId":1780596497954,"gpsTickAgeMs":300,"lat":51.350367,"lng":19.371538,"hdg":91,"speedKmh":39,"exploring":false,"frameMoveM":0}
06-04 20:08:18.576 I/ReactNativeJS(30359): [VROOM-TEL] 2026-06-04T18:08:18.576Z | DRIVE_TRACE_CAMERA | {"t":1780596498576,"seq":1033,"gpsTickId":1780596497954,"gpsTickAgeMs":599,"lat":51.350366,"lng":19.37161,"hdg":91,"speedKmh":39,"exploring":false,"frameMoveM":0}
06-04 20:08:18.878 I/ReactNativeJS(30359): [VROOM-TEL] 2026-06-04T18:08:18.878Z | DRIVE_TRACE_CAMERA | {"t":1780596498878,"seq":1034,"gpsTickId":1780596497954,"gpsTickAgeMs":901,"lat":51.350368,"lng":19.371668,"hdg":69,"speedKmh":39,"exploring":false,"frameMoveM":0}
06-04 20:08:18.989 I/ReactNativeJS(30359): [VROOM-TEL] 2026-06-04T18:08:18.989Z | RAW_GPS_TICK | {"t":1780596498989,"gpsTickId":1780596498955,"gpsTickAgeMs":0,"lat":51.350501,"lng":19.372038,"speed":12.17,"speedKmh":43.8,"accuracy":4,"osTimestamp":1780596498955,"tripActive":true,"appState":"active"}
06-04 20:08:18.989 I/ReactNativeJS(30359): [VROOM-TEL] 2026-06-04T18:08:18.989Z | DRIVE_TRACE_RAW | {"t":1780596498989,"seq":1035,"gpsTickId":1780596498955,"gpsTickAgeMs":0,"rawLat":51.350501,"rawLng":19.372038,"accM":4,"speedKmh":43.8,"speedMs":12.2,"heading":66,"tripActive":true,"driving":true,"navigating":false,"osTimestamp":1780596498955}
06-04 20:08:18.991 I/ReactNativeJS(30359): [VROOM-TEL] 2026-06-04T18:08:18.991Z | DRIVE_TRACE_FEED | {"t":1780596498991,"seq":1036,"gpsTickId":1780596498955,"gpsTickAgeMs":2,"lat":51.350364,"lng":19.371772,"hdg":63,"durationMs":724,"speedKmh":43.8}
06-04 20:08:18.991 I/ReactNativeJS(30359): [VROOM-TEL] 2026-06-04T18:08:18.991Z | DRIVE_TRACE_TICK | {"t":1780596498991,"seq":1037,"gpsTickId":1780596498955,"gpsTickAgeMs":2,"rawLat":51.350501,"rawLng":19.372038,"snapLat":51.350364,"snapLng":19.371772,"markerLat":51.350364,"markerLng":19.371772,"markerHdg":63,"markerSvLat":51.350368,"markerSvLng":19.371668,"markerSvHdg":62,"accM":4,"hudKmh":43.8,"engineKmh":39.1,"dopplerKmh":43.8,"feedDurMs":724,"cadenceMs":1004,"feedSpeedMs":12.2,"isNavigating":false,"isFreeDrive":true,"isMoving":true,"feedSkipGate":false,"feedAccepted":true,"feedHeadingOnly":false,"source":"drive_core_v2"}
06-04 20:08:18.991 I/ReactNativeJS(30359): [VROOM-TEL] 2026-06-04T18:08:18.991Z | GPS_ACCEPT | {"lat":51.350501,"lng":19.372038,"acc":4,"speedKmh":43.8,"gpsLock":true}
06-04 20:08:19.107 I/ReactNativeJS(30359): [VROOM-TEL] 2026-06-04T18:08:19.107Z | CAM_FOLLOW_PUSH | {"t":1780596499107,"lat":51.350367,"lng":19.37168,"hdg":76,"snapHdg":76,"speedKmh":44,"exploring":false,"source":"drive_marker_sv_60fps"}
06-04 20:08:19.193 I/ReactNativeJS(30359): [VROOM-TEL] 2026-06-04T18:08:19.193Z | DRIVE_TRACE_CAMERA | {"t":1780596499193,"seq":1038,"gpsTickId":1780596498955,"gpsTickAgeMs":204,"lat":51.350367,"lng":19.371697,"hdg":93,"speedKmh":43.8,"exploring":false,"frameMoveM":0}
06-04 20:08:19.260 I/ReactNativeJS(30359): [VROOM-TEL] 2026-06-04T18:08:19.260Z | CAMERA_HEADING | {"t":1780596499260,"speedKmh":44,"movedM":0.16,"moveBearing":null,"snapHdg":93,"headingOut":93,"flipFromPrevDeg":0,"lookaheadM":34,"nativeFollow":true}
06-04 20:08:19.494 I/ReactNativeJS(30359): [VROOM-TEL] 2026-06-04T18:08:19.493Z | DRIVE_TRACE_CAMERA | {"t":1780596499493,"seq":1039,"gpsTickId":1780596498955,"gpsTickAgeMs":504,"lat":51.350365,"lng":19.37174,"hdg":93,"speedKmh":43.8,"exploring":false,"frameMoveM":0}
06-04 20:08:19.797 I/ReactNativeJS(30359): [VROOM-TEL] 2026-06-04T18:08:19.797Z | DRIVE_TRACE_CAMERA | {"t":1780596499797,"seq":1040,"gpsTickId":1780596498955,"gpsTickAgeMs":808,"lat":51.350364,"lng":19.371784,"hdg":84,"speedKmh":43.8,"exploring":false,"frameMoveM":0}
06-04 20:08:19.910 I/ReactNativeJS(30359): [VROOM-TEL] 2026-06-04T18:08:19.910Z | CAM_FOLLOW_PUSH | {"t":1780596499910,"lat":51.350366,"lng":19.371798,"hdg":67,"snapHdg":67,"speedKmh":44,"exploring":false,"source":"drive_marker_sv_60fps"}
06-04 20:08:19.979 I/ReactNativeJS(30359): [VROOM-TEL] 2026-06-04T18:08:19.979Z | RAW_GPS_TICK | {"t":1780596499979,"gpsTickId":1780596499955,"gpsTickAgeMs":0,"lat":51.350538,"lng":19.372218,"speed":13.47,"speedKmh":48.5,"accuracy":4,"osTimestamp":1780596499955,"tripActive":true,"appState":"active"}
06-04 20:08:19.980 I/ReactNativeJS(30359): [VROOM-TEL] 2026-06-04T18:08:19.980Z | DRIVE_TRACE_RAW | {"t":1780596499980,"seq":1041,"gpsTickId":1780596499955,"gpsTickAgeMs":1,"rawLat":51.350538,"rawLng":19.372218,"accM":4,"speedKmh":48.5,"speedMs":13.5,"heading":70,"tripActive":true,"driving":true,"navigating":false,"osTimestamp":1780596499955}
06-04 20:08:19.981 I/ReactNativeJS(30359): [VROOM-TEL] 2026-06-04T18:08:19.981Z | DRIVE_TRACE_FEED | {"t":1780596499981,"seq":1042,"gpsTickId":1780596499955,"gpsTickAgeMs":2,"lat":51.3504,"lng":19.371897,"hdg":69,"durationMs":708,"speedKmh":48.5}
06-04 20:08:19.982 I/ReactNativeJS(30359): [VROOM-TEL] 2026-06-04T18:08:19.982Z | DRIVE_TRACE_TICK | {"t":1780596499982,"seq":1043,"gpsTickId":1780596499955,"gpsTickAgeMs":3,"rawLat":51.350538,"rawLng":19.372218,"snapLat":51.3504,"snapLng":19.371897,"markerLat":51.3504,"markerLng":19.371897,"markerHdg":69,"markerSvLat":51.350366,"markerSvLng":19.371798,"markerSvHdg":62,"accM":4,"hudKmh":48.5,"engineKmh":44.7,"dopplerKmh":48.5,"feedDurMs":708,"cadenceMs":999,"feedSpeedMs":13.5,"isNavigating":false,"isFreeDrive":true,"isMoving":true,"feedSkipGate":false,"feedAccepted":true,"feedHeadingOnly":false,"source":"drive_core_v2"}
06-04 20:08:19.982 I/ReactNativeJS(30359): [VROOM-TEL] 2026-06-04T18:08:19.982Z | GPS_ACCEPT | {"lat":51.350538,"lng":19.372218,"acc":4,"speedKmh":48.5,"gpsLock":true}
06-04 20:08:20.121 I/ReactNativeJS(30359): [VROOM-TEL] 2026-06-04T18:08:20.121Z | DRIVE_TRACE_CAMERA | {"t":1780596500121,"seq":1044,"gpsTickId":1780596499955,"gpsTickAgeMs":142,"lat":51.350371,"lng":19.371813,"hdg":61,"speedKmh":48.5,"exploring":false,"frameMoveM":0}
06-04 20:08:20.360 I/ReactNativeJS(30359): [VROOM-TEL] 2026-06-04T18:08:20.360Z | CAMERA_HEADING | {"t":1780596500360,"speedKmh":48,"movedM":0.18,"moveBearing":null,"snapHdg":61,"headingOut":61,"flipFromPrevDeg":0,"lookaheadM":42,"nativeFollow":true}
06-04 20:08:20.426 I/ReactNativeJS(30359): [VROOM-TEL] 2026-06-04T18:08:20.426Z | DRIVE_TRACE_CAMERA | {"t":1780596500426,"seq":1045,"gpsTickId":1780596499955,"gpsTickAgeMs":447,"lat":51.350387,"lng":19.37186,"hdg":61,"speedKmh":48.5,"exploring":false,"frameMoveM":0}
06-04 20:08:20.577 I/ReactNativeJS(30359): [VROOM-TEL] 2026-06-04T18:08:20.577Z | DRIVE_TRACE_HEARTBEAT | {"t":1780596500577,"seq":1046,"gpsTickId":1780596499955,"gpsTickAgeMs":598,"driving":true,"navigating":false,"tripActive":true,"lat":51.3505382,"lng":19.3722184,"gpsAgeMs":598}
06-04 20:08:20.710 I/ReactNativeJS(30359): [VROOM-TEL] 2026-06-04T18:08:20.710Z | CAM_FOLLOW_PUSH | {"t":1780596500710,"lat":51.350401,"lng":19.3719,"hdg":61,"snapHdg":61,"speedKmh":48,"exploring":false,"source":"drive_marker_sv_60fps"}
06-04 20:08:20.726 I/ReactNativeJS(30359): [VROOM-TEL] 2026-06-04T18:08:20.726Z | DRIVE_TRACE_CAMERA | {"t":1780596500726,"seq":1047,"gpsTickId":1780596499955,"gpsTickAgeMs":747,"lat":51.350402,"lng":19.371903,"hdg":61,"speedKmh":48.5,"exploring":false,"frameMoveM":0}
06-04 20:08:21.076 I/ReactNativeJS(30359): [VROOM-TEL] 2026-06-04T18:08:21.075Z | RAW_GPS_TICK | {"t":1780596501075,"gpsTickId":1780596500955,"gpsTickAgeMs":0,"lat":51.350583,"lng":19.372423,"speed":14.62,"speedKmh":52.6,"accuracy":4,"osTimestamp":1780596500955,"tripActive":true,"appState":"active"}
06-04 20:08:21.076 I/ReactNativeJS(30359): [VROOM-TEL] 2026-06-04T18:08:21.076Z | DRIVE_TRACE_RAW | {"t":1780596501076,"seq":1048,"gpsTickId":1780596500955,"gpsTickAgeMs":1,"rawLat":51.350583,"rawLng":19.372423,"accM":4,"speedKmh":52.6,"speedMs":14.6,"heading":71,"tripActive":true,"driving":true,"navigating":false,"osTimestamp":1780596500955}
06-04 20:08:21.077 I/ReactNativeJS(30359): [VROOM-TEL] 2026-06-04T18:08:21.077Z | DRIVE_TRACE_FEED | {"t":1780596501077,"seq":1049,"gpsTickId":1780596500955,"gpsTickAgeMs":2,"lat":51.350443,"lng":19.372026,"hdg":71,"durationMs":697,"speedKmh":52.6}
06-04 20:08:21.077 I/ReactNativeJS(30359): [VROOM-TEL] 2026-06-04T18:08:21.077Z | DRIVE_TRACE_TICK | {"t":1780596501077,"seq":1050,"gpsTickId":1780596500955,"gpsTickAgeMs":2,"rawLat":51.350583,"rawLng":19.372423,"snapLat":51.350443,"snapLng":19.372026,"markerLat":51.350443,"markerLng":19.372026,"markerHdg":71,"markerSvLat":51.350411,"markerSvLng":19.371928,"markerSvHdg":61,"accM":4,"hudKmh":52.6,"engineKmh":49.2,"dopplerKmh":52.6,"feedDurMs":697,"cadenceMs":1033,"feedSpeedMs":14.6,"isNavigating":false,"isFreeDrive":true,"isMoving":true,"feedSkipGate":false,"feedAccepted":true,"feedHeadingOnly":false,"source":"drive_core_v2"}
06-04 20:08:21.077 I/ReactNativeJS(30359): [VROOM-TEL] 2026-06-04T18:08:21.077Z | GPS_ACCEPT | {"lat":51.350583,"lng":19.372423,"acc":4,"speedKmh":52.6,"gpsLock":true}
06-04 20:08:21.203 I/ReactNativeJS(30359): [VROOM-TEL] 2026-06-04T18:08:21.203Z | DRIVE_TRACE_CAMERA | {"t":1780596501203,"seq":1051,"gpsTickId":1780596500955,"gpsTickAgeMs":128,"lat":51.350412,"lng":19.371933,"hdg":62,"speedKmh":52.6,"exploring":false,"frameMoveM":0}
06-04 20:08:21.478 I/ReactNativeJS(30359): [VROOM-TEL] 2026-06-04T18:08:21.477Z | CAMERA_HEADING | {"t":1780596501477,"speedKmh":53,"movedM":1.86,"moveBearing":62,"snapHdg":62,"headingOut":62,"flipFromPrevDeg":0,"lookaheadM":42,"nativeFollow":true}
06-04 20:08:21.510 I/ReactNativeJS(30359): [VROOM-TEL] 2026-06-04T18:08:21.510Z | CAM_FOLLOW_PUSH | {"t":1780596501510,"lat":51.350431,"lng":19.371989,"hdg":62,"snapHdg":62,"speedKmh":53,"exploring":false,"source":"drive_marker_sv_60fps"}
06-04 20:08:21.510 I/ReactNativeJS(30359): [VROOM-TEL] 2026-06-04T18:08:21.510Z | DRIVE_TRACE_CAMERA | {"t":1780596501510,"seq":1052,"gpsTickId":1780596500955,"gpsTickAgeMs":435,"lat":51.350431,"lng":19.371989,"hdg":62,"speedKmh":52.6,"exploring":false,"frameMoveM":0}
06-04 20:08:21.810 I/ReactNativeJS(30359): [VROOM-TEL] 2026-06-04T18:08:21.810Z | DRIVE_TRACE_CAMERA | {"t":1780596501810,"seq":1053,"gpsTickId":1780596500955,"gpsTickAgeMs":735,"lat":51.350445,"lng":19.372033,"hdg":67,"speedKmh":52.6,"exploring":false,"frameMoveM":0}
06-04 20:08:21.967 I/ReactNativeJS(30359): [VROOM-TEL] 2026-06-04T18:08:21.967Z | RAW_GPS_TICK | {"t":1780596501967,"gpsTickId":1780596501954,"gpsTickAgeMs":0,"lat":51.350631,"lng":19.372628,"speed":15.13,"speedKmh":54.5,"accuracy":4,"osTimestamp":1780596501954,"tripActive":true,"appState":"active"}
06-04 20:08:21.967 I/ReactNativeJS(30359): [VROOM-TEL] 2026-06-04T18:08:21.967Z | DRIVE_TRACE_RAW | {"t":1780596501967,"seq":1054,"gpsTickId":1780596501954,"gpsTickAgeMs":0,"rawLat":51.350631,"rawLng":19.372628,"accM":4,"speedKmh":54.5,"speedMs":15.1,"heading":69,"tripActive":true,"driving":true,"navigating":false,"osTimestamp":1780596501954}
06-04 20:08:21.969 I/ReactNativeJS(30359): [VROOM-TEL] 2026-06-04T18:08:21.969Z | DRIVE_TRACE_FEED | {"t":1780596501969,"seq":1055,"gpsTickId":1780596501954,"gpsTickAgeMs":2,"lat":51.350567,"lng":19.372417,"hdg":70,"durationMs":1200,"speedKmh":54.5}
06-04 20:08:21.970 I/ReactNativeJS(30359): [VROOM-TEL] 2026-06-04T18:08:21.970Z | DRIVE_TRACE_TICK | {"t":1780596501970,"seq":1056,"gpsTickId":1780596501954,"gpsTickAgeMs":3,"rawLat":51.350631,"rawLng":19.372628,"snapLat":51.350567,"snapLng":19.372417,"markerLat":51.350567,"markerLng":19.372417,"markerHdg":70,"markerSvLat":51.350452,"markerSvLng":19.372062,"markerSvHdg":71,"accM":4,"hudKmh":54.5,"engineKmh":52.2,"dopplerKmh":54.5,"feedDurMs":1200,"cadenceMs":984,"feedSpeedMs":15.1,"isNavigating":false,"isFreeDrive":true,"isMoving":true,"feedSkipGate":false,"feedAccepted":true,"feedHeadingOnly":false,"source":"drive_core_v2"}
06-04 20:08:21.970 I/ReactNativeJS(30359): [VROOM-TEL] 2026-06-04T18:08:21.970Z | GPS_ACCEPT | {"lat":51.350631,"lng":19.372628,"acc":4,"speedKmh":54.5,"gpsLock":true}
06-04 20:08:22.111 I/ReactNativeJS(30359): [VROOM-TEL] 2026-06-04T18:08:22.111Z | DRIVE_TRACE_CAMERA | {"t":1780596502111,"seq":1057,"gpsTickId":1780596501954,"gpsTickAgeMs":144,"lat":51.350465,"lng":19.372104,"hdg":62,"speedKmh":54.5,"exploring":false,"frameMoveM":0}
06-04 20:08:22.328 I/ReactNativeJS(30359): [VROOM-TEL] 2026-06-04T18:08:22.328Z | CAM_FOLLOW_PUSH | {"t":1780596502328,"lat":51.350486,"lng":19.372168,"hdg":62,"snapHdg":62,"speedKmh":54,"exploring":false,"source":"drive_marker_sv_60fps"}
06-04 20:08:22.431 I/ReactNativeJS(30359): [VROOM-TEL] 2026-06-04T18:08:22.430Z | DRIVE_TRACE_CAMERA | {"t":1780596502430,"seq":1058,"gpsTickId":1780596501954,"gpsTickAgeMs":463,"lat":51.350496,"lng":19.372198,"hdg":62,"speedKmh":54.5,"exploring":false,"frameMoveM":0}
06-04 20:08:22.595 I/ReactNativeJS(30359): [VROOM-TEL] 2026-06-04T18:08:22.595Z | CAMERA_HEADING | {"t":1780596502595,"speedKmh":54,"movedM":0.42,"moveBearing":null,"snapHdg":62,"headingOut":62,"flipFromPrevDeg":0,"lookaheadM":42,"nativeFollow":true}
06-04 20:08:22.743 I/ReactNativeJS(30359): [VROOM-TEL] 2026-06-04T18:08:22.743Z | DRIVE_TRACE_CAMERA | {"t":1780596502743,"seq":1059,"gpsTickId":1780596501954,"gpsTickAgeMs":776,"lat":51.350526,"lng":19.372291,"hdg":62,"speedKmh":54.5,"exploring":false,"frameMoveM":0}
06-04 20:08:22.982 I/ReactNativeJS(30359): [VROOM-TEL] 2026-06-04T18:08:22.982Z | RAW_GPS_TICK | {"t":1780596502982,"gpsTickId":1780596502954,"gpsTickAgeMs":0,"lat":51.350685,"lng":19.372827,"speed":14.95,"speedKmh":53.8,"accuracy":4,"osTimestamp":1780596502954,"tripActive":true,"appState":"active"}
06-04 20:08:22.983 I/ReactNativeJS(30359): [VROOM-TEL] 2026-06-04T18:08:22.983Z | DRIVE_TRACE_RAW | {"t":1780596502983,"seq":1060,"gpsTickId":1780596502954,"gpsTickAgeMs":1,"rawLat":51.350685,"rawLng":19.372827,"accM":4,"speedKmh":53.8,"speedMs":14.9,"heading":67,"tripActive":true,"driving":true,"navigating":false,"osTimestamp":1780596502954}
06-04 20:08:22.984 I/ReactNativeJS(30359): [VROOM-TEL] 2026-06-04T18:08:22.984Z | DRIVE_TRACE_FEED | {"t":1780596502984,"seq":1061,"gpsTickId":1780596502954,"gpsTickAgeMs":2,"lat":51.350607,"lng":19.372552,"hdg":68,"durationMs":694,"speedKmh":53.8}
06-04 20:08:22.985 I/ReactNativeJS(30359): [VROOM-TEL] 2026-06-04T18:08:22.985Z | DRIVE_TRACE_TICK | {"t":1780596502985,"seq":1062,"gpsTickId":1780596502954,"gpsTickAgeMs":3,"rawLat":51.350685,"rawLng":19.372827,"snapLat":51.350607,"snapLng":19.372552,"markerLat":51.350607,"markerLng":19.372552,"markerHdg":68,"markerSvLat":51.350549,"markerSvLng":19.37236,"markerSvHdg":62,"accM":4,"hudKmh":53.8,"engineKmh":53.3,"dopplerKmh":53.8,"feedDurMs":694,"cadenceMs":995,"feedSpeedMs":14.9,"isNavigating":false,"isFreeDrive":true,"isMoving":true,"feedSkipGate":false,"feedAccepted":true,"feedHeadingOnly":false,"source":"drive_core_v2"}
06-04 20:08:22.985 I/ReactNativeJS(30359): [VROOM-TEL] 2026-06-04T18:08:22.985Z | GPS_ACCEPT | {"lat":51.350685,"lng":19.372827,"acc":4,"speedKmh":53.8,"gpsLock":true}
06-04 20:08:23.059 I/ReactNativeJS(30359): [VROOM-TEL] 2026-06-04T18:08:23.059Z | DRIVE_TRACE_CAMERA | {"t":1780596503059,"seq":1063,"gpsTickId":1780596502954,"gpsTickAgeMs":77,"lat":51.350555,"lng":19.37238,"hdg":64,"speedKmh":53.8,"exploring":false,"frameMoveM":0}
06-04 20:08:23.143 I/ReactNativeJS(30359): [VROOM-TEL] 2026-06-04T18:08:23.143Z | CAM_FOLLOW_PUSH | {"t":1780596503143,"lat":51.350562,"lng":19.372403,"hdg":64,"snapHdg":64,"speedKmh":54,"exploring":false,"source":"drive_marker_sv_60fps"}
06-04 20:08:23.360 I/ReactNativeJS(30359): [VROOM-TEL] 2026-06-04T18:08:23.360Z | DRIVE_TRACE_CAMERA | {"t":1780596503360,"seq":1064,"gpsTickId":1780596502954,"gpsTickAgeMs":378,"lat":51.35058,"lng":19.372464,"hdg":64,"speedKmh":53.8,"exploring":false,"frameMoveM":0}
06-04 20:08:23.660 I/ReactNativeJS(30359): [VROOM-TEL] 2026-06-04T18:08:23.660Z | DRIVE_TRACE_CAMERA | {"t":1780596503660,"seq":1065,"gpsTickId":1780596502954,"gpsTickAgeMs":678,"lat":51.350605,"lng":19.372547,"hdg":64,"speedKmh":53.8,"exploring":false,"frameMoveM":0}
06-04 20:08:23.710 I/ReactNativeJS(30359): [VROOM-TEL] 2026-06-04T18:08:23.710Z | CAMERA_HEADING | {"t":1780596503710,"speedKmh":54,"movedM":0.25,"moveBearing":null,"snapHdg":62,"headingOut":62,"flipFromPrevDeg":2,"lookaheadM":42,"nativeFollow":true}
06-04 20:08:23.968 I/ReactNativeJS(30359): [VROOM-TEL] 2026-06-04T18:08:23.968Z | RAW_GPS_TICK | {"t":1780596503968,"gpsTickId":1780596503953,"gpsTickAgeMs":0,"lat":51.35074,"lng":19.373026,"speed":15.14,"speedKmh":54.5,"accuracy":4,"osTimestamp":1780596503953,"tripActive":true,"appState":"active"}
06-04 20:08:23.969 I/ReactNativeJS(30359): [VROOM-TEL] 2026-06-04T18:08:23.969Z | DRIVE_TRACE_RAW | {"t":1780596503969,"seq":1066,"gpsTickId":1780596503953,"gpsTickAgeMs":0,"rawLat":51.35074,"rawLng":19.373026,"accM":4,"speedKmh":54.5,"speedMs":15.1,"heading":66,"tripActive":true,"driving":true,"navigating":false,"osTimestamp":1780596503953}
06-04 20:08:23.972 I/ReactNativeJS(30359): [VROOM-TEL] 2026-06-04T18:08:23.972Z | DRIVE_TRACE_FEED | {"t":1780596503972,"seq":1067,"gpsTickId":1780596503953,"gpsTickAgeMs":4,"lat":51.350645,"lng":19.372689,"hdg":66,"durationMs":692,"speedKmh":54.5}
06-04 20:08:23.973 I/ReactNativeJS(30359): [VROOM-TEL] 2026-06-04T18:08:23.973Z | DRIVE_TRACE_TICK | {"t":1780596503973,"seq":1068,"gpsTickId":1780596503953,"gpsTickAgeMs":5,"rawLat":51.35074,"rawLng":19.373026,"snapLat":51.350645,"snapLng":19.372689,"markerLat":51.350645,"markerLng":19.372689,"markerHdg":66,"markerSvLat":51.350618,"markerSvLng":19.372587,"markerSvHdg":62,"accM":4,"hudKmh":54.5,"engineKmh":54,"dopplerKmh":54.5,"feedDurMs":692,"cadenceMs":992,"feedSpeedMs":15.1,"isNavigating":false,"isFreeDrive":true,"isMoving":true,"feedSkipGate":false,"feedAccepted":true,"feedHeadingOnly":false,"source":"drive_core_v2"}
06-04 20:08:23.973 I/ReactNativeJS(30359): [VROOM-TEL] 2026-06-04T18:08:23.973Z | GPS_ACCEPT | {"lat":51.35074,"lng":19.373026,"acc":4,"speedKmh":55.2,"gpsLock":true}
06-04 20:08:24.054 I/ReactNativeJS(30359): [VROOM-TEL] 2026-06-04T18:08:24.054Z | CAM_FOLLOW_PUSH | {"t":1780596504054,"lat":51.350618,"lng":19.372588,"hdg":65,"snapHdg":65,"speedKmh":55,"exploring":false,"source":"drive_marker_sv_60fps"}
06-04 20:08:24.054 I/ReactNativeJS(30359): [VROOM-TEL] 2026-06-04T18:08:24.054Z | DRIVE_TRACE_CAMERA | {"t":1780596504054,"seq":1069,"gpsTickId":1780596503953,"gpsTickAgeMs":86,"lat":51.350618,"lng":19.372588,"hdg":65,"speedKmh":54.5,"exploring":false,"frameMoveM":0}
06-04 20:08:24.361 I/ReactNativeJS(30359): [VROOM-TEL] 2026-06-04T18:08:24.361Z | DRIVE_TRACE_CAMERA | {"t":1780596504361,"seq":1070,"gpsTickId":1780596503953,"gpsTickAgeMs":392,"lat":51.350633,"lng":19.372644,"hdg":67,"speedKmh":54.5,"exploring":false,"frameMoveM":0}
06-04 20:08:24.660 I/ReactNativeJS(30359): [VROOM-TEL] 2026-06-04T18:08:24.660Z | DRIVE_TRACE_CAMERA | {"t":1780596504660,"seq":1071,"gpsTickId":1780596503953,"gpsTickAgeMs":692,"lat":51.350645,"lng":19.372689,"hdg":67,"speedKmh":54.5,"exploring":false,"frameMoveM":0}
06-04 20:08:24.827 I/ReactNativeJS(30359): [VROOM-TEL] 2026-06-04T18:08:24.827Z | CAMERA_HEADING | {"t":1780596504827,"speedKmh":55,"movedM":0.25,"moveBearing":null,"snapHdg":62,"headingOut":62,"flipFromPrevDeg":0,"lookaheadM":47,"nativeFollow":true}
06-04 20:08:24.859 I/ReactNativeJS(30359): [VROOM-TEL] 2026-06-04T18:08:24.859Z | CAM_FOLLOW_PUSH | {"t":1780596504859,"lat":51.350657,"lng":19.372725,"hdg":62,"snapHdg":62,"speedKmh":55,"exploring":false,"source":"drive_marker_sv_60fps"}
06-04 20:08:24.979 I/ReactNativeJS(30359): [VROOM-TEL] 2026-06-04T18:08:24.979Z | RAW_GPS_TICK | {"t":1780596504979,"gpsTickId":1780596504953,"gpsTickAgeMs":0,"lat":51.350797,"lng":19.37323,"speed":15.34,"speedKmh":55.2,"accuracy":4,"osTimestamp":1780596504953,"tripActive":true,"appState":"active"}
06-04 20:08:24.979 I/ReactNativeJS(30359): [VROOM-TEL] 2026-06-04T18:08:24.979Z | DRIVE_TRACE_RAW | {"t":1780596504979,"seq":1072,"gpsTickId":1780596504953,"gpsTickAgeMs":0,"rawLat":51.350797,"rawLng":19.37323,"accM":4,"speedKmh":55.2,"speedMs":15.3,"heading":66,"tripActive":true,"driving":true,"navigating":false,"osTimestamp":1780596504953}
06-04 20:08:24.981 I/ReactNativeJS(30359): [VROOM-TEL] 2026-06-04T18:08:24.981Z | DRIVE_TRACE_FEED | {"t":1780596504981,"seq":1073,"gpsTickId":1780596504953,"gpsTickAgeMs":2,"lat":51.350685,"lng":19.372828,"hdg":66,"durationMs":690,"speedKmh":55.2}
06-04 20:08:24.982 I/ReactNativeJS(30359): [VROOM-TEL] 2026-06-04T18:08:24.982Z | DRIVE_TRACE_TICK | {"t":1780596504982,"seq":1074,"gpsTickId":1780596504953,"gpsTickAgeMs":3,"rawLat":51.350797,"rawLng":19.37323,"snapLat":51.350685,"snapLng":19.372828,"markerLat":51.350685,"markerLng":19.372828,"markerHdg":66,"markerSvLat":51.350657,"markerSvLng":19.372725,"markerSvHdg":62,"accM":4,"hudKmh":55.2,"engineKmh":54.5,"dopplerKmh":55.2,"feedDurMs":690,"cadenceMs":999,"feedSpeedMs":15.3,"isNavigating":false,"isFreeDrive":true,"isMoving":true,"feedSkipGate":false,"feedAccepted":true,"feedHeadingOnly":false,"source":"drive_core_v2"}
06-04 20:08:24.982 I/ReactNativeJS(30359): [VROOM-TEL] 2026-06-04T18:08:24.982Z | GPS_ACCEPT | {"lat":51.350797,"lng":19.37323,"acc":4,"speedKmh":55.5,"gpsLock":true}
06-04 20:08:25.031 I/ReactNativeJS(30359): [VROOM-TEL] 2026-06-04T18:08:25.031Z | DRIVE_TRACE_CAMERA | {"t":1780596505031,"seq":1075,"gpsTickId":1780596504953,"gpsTickAgeMs":52,"lat":51.350658,"lng":19.372729,"hdg":65,"speedKmh":55.2,"exploring":false,"frameMoveM":0}
06-04 20:08:25.343 I/ReactNativeJS(30359): [VROOM-TEL] 2026-06-04T18:08:25.343Z | DRIVE_TRACE_CAMERA | {"t":1780596505343,"seq":1076,"gpsTickId":1780596504953,"gpsTickAgeMs":364,"lat":51.350671,"lng":19.372779,"hdg":67,"speedKmh":55.2,"exploring":false,"frameMoveM":0}
06-04 20:08:25.597 I/ReactNativeJS(30359): [VROOM-TEL] 2026-06-04T18:08:25.597Z | DRIVE_TRACE_HEARTBEAT | {"t":1780596505597,"seq":1077,"gpsTickId":1780596504953,"gpsTickAgeMs":618,"driving":true,"navigating":false,"tripActive":true,"lat":51.3507973,"lng":19.3732304,"gpsAgeMs":617}
06-04 20:08:25.643 I/ReactNativeJS(30359): [VROOM-TEL] 2026-06-04T18:08:25.643Z | DRIVE_TRACE_CAMERA | {"t":1780596505643,"seq":1078,"gpsTickId":1780596504953,"gpsTickAgeMs":664,"lat":51.350683,"lng":19.372824,"hdg":67,"speedKmh":55.2,"exploring":false,"frameMoveM":0}
06-04 20:08:25.660 I/ReactNativeJS(30359): [VROOM-TEL] 2026-06-04T18:08:25.660Z | CAM_FOLLOW_PUSH | {"t":1780596505660,"lat":51.350684,"lng":19.372827,"hdg":67,"snapHdg":67,"speedKmh":55,"exploring":false,"source":"drive_marker_sv_60fps"}
06-04 20:08:25.984 I/ReactNativeJS(30359): [VROOM-TEL] 2026-06-04T18:08:25.984Z | RAW_GPS_TICK | {"t":1780596505984,"gpsTickId":1780596505954,"gpsTickAgeMs":0,"lat":51.350855,"lng":19.373437,"speed":15.81,"speedKmh":56.9,"accuracy":4,"osTimestamp":1780596505954,"tripActive":true,"appState":"active"}
06-04 20:08:25.984 I/ReactNativeJS(30359): [VROOM-TEL] 2026-06-04T18:08:25.984Z | DRIVE_TRACE_RAW | {"t":1780596505984,"seq":1079,"gpsTickId":1780596505954,"gpsTickAgeMs":0,"rawLat":51.350855,"rawLng":19.373437,"accM":4,"speedKmh":56.9,"speedMs":15.8,"heading":66,"tripActive":true,"driving":true,"navigating":false,"osTimestamp":1780596505954}
06-04 20:08:25.986 I/ReactNativeJS(30359): [VROOM-TEL] 2026-06-04T18:08:25.986Z | DRIVE_TRACE_FEED | {"t":1780596505986,"seq":1080,"gpsTickId":1780596505954,"gpsTickAgeMs":2,"lat":51.350796,"lng":19.373227,"hdg":66,"durationMs":1200,"speedKmh":56.9}
06-04 20:08:25.987 I/ReactNativeJS(30359): [VROOM-TEL] 2026-06-04T18:08:25.986Z | DRIVE_TRACE_TICK | {"t":1780596505986,"seq":1081,"gpsTickId":1780596505954,"gpsTickAgeMs":2,"rawLat":51.350855,"rawLng":19.373437,"snapLat":51.350796,"snapLng":19.373227,"markerLat":51.350796,"markerLng":19.373227,"markerHdg":66,"markerSvLat":51.350697,"markerSvLng":19.372868,"markerSvHdg":62,"accM":4,"hudKmh":56.9,"engineKmh":55.4,"dopplerKmh":56.9,"feedDurMs":1200,"cadenceMs":1001,"feedSpeedMs":15.8,"isNavigating":false,"isFreeDrive":true,"isMoving":true,"feedSkipGate":false,"feedAccepted":true,"feedHeadingOnly":false,"source":"drive_core_v2"}
06-04 20:08:25.987 I/ReactNativeJS(30359): [VROOM-TEL] 2026-06-04T18:08:25.987Z | GPS_ACCEPT | {"lat":51.350855,"lng":19.373437,"acc":4,"speedKmh":56.9,"gpsLock":true}
06-04 20:08:26.042 I/ReactNativeJS(30359): [VROOM-TEL] 2026-06-04T18:08:26.041Z | CAMERA_HEADING | {"t":1780596506041,"speedKmh":57,"movedM":0.89,"moveBearing":null,"snapHdg":66,"headingOut":66,"flipFromPrevDeg":4,"lookaheadM":47,"nativeFollow":true}
06-04 20:08:26.074 I/ReactNativeJS(30359): [VROOM-TEL] 2026-06-04T18:08:26.074Z | DRIVE_TRACE_CAMERA | {"t":1780596506074,"seq":1082,"gpsTickId":1780596505954,"gpsTickAgeMs":90,"lat":51.350699,"lng":19.372875,"hdg":65,"speedKmh":56.9,"exploring":false,"frameMoveM":0}
06-04 20:08:26.376 I/ReactNativeJS(30359): [VROOM-TEL] 2026-06-04T18:08:26.376Z | DRIVE_TRACE_CAMERA | {"t":1780596506376,"seq":1083,"gpsTickId":1780596505954,"gpsTickAgeMs":392,"lat":51.350729,"lng":19.372985,"hdg":66,"speedKmh":56.9,"exploring":false,"frameMoveM":0}
06-04 20:08:26.460 I/ReactNativeJS(30359): [VROOM-TEL] 2026-06-04T18:08:26.460Z | CAM_FOLLOW_PUSH | {"t":1780596506460,"lat":51.350736,"lng":19.373009,"hdg":66,"snapHdg":66,"speedKmh":57,"exploring":false,"source":"drive_marker_sv_60fps"}
06-04 20:08:26.676 I/ReactNativeJS(30359): [VROOM-TEL] 2026-06-04T18:08:26.676Z | DRIVE_TRACE_CAMERA | {"t":1780596506676,"seq":1084,"gpsTickId":1780596505954,"gpsTickAgeMs":692,"lat":51.350754,"lng":19.373074,"hdg":66,"speedKmh":56.9,"exploring":false,"frameMoveM":0}
06-04 20:08:27.032 I/ReactNativeJS(30359): [VROOM-TEL] 2026-06-04T18:08:27.032Z | DRIVE_TRACE_CAMERA | {"t":1780596507032,"seq":1085,"gpsTickId":1780596505954,"gpsTickAgeMs":1048,"lat":51.350777,"lng":19.373159,"hdg":66,"speedKmh":56.9,"exploring":false,"frameMoveM":0}
06-04 20:08:27.066 I/ReactNativeJS(30359): [VROOM-TEL] 2026-06-04T18:08:27.066Z | RAW_GPS_TICK | {"t":1780596507066,"gpsTickId":1780596506954,"gpsTickAgeMs":0,"lat":51.350912,"lng":19.373649,"speed":15.99,"speedKmh":57.6,"accuracy":4,"osTimestamp":1780596506954,"tripActive":true,"appState":"active"}
06-04 20:08:27.066 I/ReactNativeJS(30359): [VROOM-TEL] 2026-06-04T18:08:27.066Z | DRIVE_TRACE_RAW | {"t":1780596507066,"seq":1086,"gpsTickId":1780596506954,"gpsTickAgeMs":0,"rawLat":51.350912,"rawLng":19.373649,"accM":4,"speedKmh":57.6,"speedMs":16,"heading":66,"tripActive":true,"driving":true,"navigating":false,"osTimestamp":1780596506954}
06-04 20:08:27.067 I/ReactNativeJS(30359): [VROOM-TEL] 2026-06-04T18:08:27.067Z | DRIVE_TRACE_FEED | {"t":1780596507067,"seq":1087,"gpsTickId":1780596506954,"gpsTickAgeMs":1,"lat":51.350836,"lng":19.373372,"hdg":66,"durationMs":685,"speedKmh":57.6}
06-04 20:08:27.067 I/ReactNativeJS(30359): [VROOM-TEL] 2026-06-04T18:08:27.067Z | DRIVE_TRACE_TICK | {"t":1780596507067,"seq":1088,"gpsTickId":1780596506954,"gpsTickAgeMs":1,"rawLat":51.350912,"rawLng":19.373649,"snapLat":51.350836,"snapLng":19.373372,"markerLat":51.350836,"markerLng":19.373372,"markerHdg":66,"markerSvLat":51.350786,"markerSvLng":19.373189,"markerSvHdg":66,"accM":4,"hudKmh":57.6,"engineKmh":56.4,"dopplerKmh":57.6,"feedDurMs":685,"cadenceMs":1029,"feedSpeedMs":16,"isNavigating":false,"isFreeDrive":true,"isMoving":true,"feedSkipGate":false,"feedAccepted":true,"feedHeadingOnly":false,"source":"drive_core_v2"}
06-04 20:08:27.067 I/ReactNativeJS(30359): [VROOM-TEL] 2026-06-04T18:08:27.067Z | GPS_ACCEPT | {"lat":51.350912,"lng":19.373649,"acc":4,"speedKmh":57.6,"gpsLock":true}
06-04 20:08:27.150 I/ReactNativeJS(30359): [VROOM-TEL] 2026-06-04T18:08:27.150Z | CAMERA_HEADING | {"t":1780596507150,"speedKmh":58,"movedM":3.43,"moveBearing":66,"snapHdg":66,"headingOut":66,"flipFromPrevDeg":0,"lookaheadM":47,"nativeFollow":true}
06-04 20:08:27.260 I/ReactNativeJS(30359): [VROOM-TEL] 2026-06-04T18:08:27.260Z | CAM_FOLLOW_PUSH | {"t":1780596507260,"lat":51.3508,"lng":19.37324,"hdg":66,"snapHdg":66,"speedKmh":58,"exploring":false,"source":"drive_marker_sv_60fps"}
06-04 20:08:27.343 I/ReactNativeJS(30359): [VROOM-TEL] 2026-06-04T18:08:27.343Z | DRIVE_TRACE_CAMERA | {"t":1780596507343,"seq":1089,"gpsTickId":1780596506954,"gpsTickAgeMs":277,"lat":51.350806,"lng":19.373263,"hdg":66,"speedKmh":57.6,"exploring":false,"frameMoveM":0}
06-04 20:08:27.643 I/ReactNativeJS(30359): [VROOM-TEL] 2026-06-04T18:08:27.643Z | DRIVE_TRACE_CAMERA | {"t":1780596507643,"seq":1090,"gpsTickId":1780596506954,"gpsTickAgeMs":577,"lat":51.350828,"lng":19.373342,"hdg":66,"speedKmh":57.6,"exploring":false,"frameMoveM":0}
06-04 20:08:27.943 I/ReactNativeJS(30359): [VROOM-TEL] 2026-06-04T18:08:27.943Z | DRIVE_TRACE_CAMERA | {"t":1780596507943,"seq":1091,"gpsTickId":1780596506954,"gpsTickAgeMs":877,"lat":51.350841,"lng":19.373389,"hdg":66,"speedKmh":57.6,"exploring":false,"frameMoveM":0}
06-04 20:08:28.032 I/ReactNativeJS(30359): [VROOM-TEL] 2026-06-04T18:08:28.032Z | RAW_GPS_TICK | {"t":1780596508032,"gpsTickId":1780596507954,"gpsTickAgeMs":0,"lat":51.35097,"lng":19.373858,"speed":15.82,"speedKmh":57,"accuracy":4,"osTimestamp":1780596507954,"tripActive":true,"appState":"active"}
06-04 20:08:28.033 I/ReactNativeJS(30359): [VROOM-TEL] 2026-06-04T18:08:28.033Z | DRIVE_TRACE_RAW | {"t":1780596508033,"seq":1092,"gpsTickId":1780596507954,"gpsTickAgeMs":1,"rawLat":51.35097,"rawLng":19.373858,"accM":4,"speedKmh":57,"speedMs":15.8,"heading":66,"tripActive":true,"driving":true,"navigating":false,"osTimestamp":1780596507954}
06-04 20:08:28.033 I/ReactNativeJS(30359): [VROOM-TEL] 2026-06-04T18:08:28.033Z | DRIVE_TRACE_FEED | {"t":1780596508033,"seq":1093,"gpsTickId":1780596507954,"gpsTickAgeMs":1,"lat":51.350875,"lng":19.373515,"hdg":66,"durationMs":686,"speedKmh":57}
06-04 20:08:28.034 I/ReactNativeJS(30359): [VROOM-TEL] 2026-06-04T18:08:28.034Z | DRIVE_TRACE_TICK | {"t":1780596508034,"seq":1094,"gpsTickId":1780596507954,"gpsTickAgeMs":2,"rawLat":51.35097,"rawLng":19.373858,"snapLat":51.350875,"snapLng":19.373515,"markerLat":51.350875,"markerLng":19.373515,"markerHdg":66,"markerSvLat":51.350847,"markerSvLng":19.373414,"markerSvHdg":66,"accM":4,"hudKmh":57,"engineKmh":57,"dopplerKmh":57,"feedDurMs":686,"cadenceMs":1007,"feedSpeedMs":15.8,"isNavigating":false,"isFreeDrive":true,"isMoving":true,"feedSkipGate":false,"feedAccepted":true,"feedHeadingOnly":false,"source":"drive_core_v2"}
06-04 20:08:28.034 I/ReactNativeJS(30359): [VROOM-TEL] 2026-06-04T18:08:28.034Z | GPS_ACCEPT | {"lat":51.35097,"lng":19.373858,"acc":4,"speedKmh":59.4,"gpsLock":true}
06-04 20:08:28.097 I/ReactNativeJS(30359): [VROOM-TEL] 2026-06-04T18:08:28.097Z | CAM_FOLLOW_PUSH | {"t":1780596508097,"lat":51.350848,"lng":19.373418,"hdg":66,"snapHdg":66,"speedKmh":57,"exploring":false,"source":"drive_marker_sv_60fps"}
06-04 20:08:28.245 I/ReactNativeJS(30359): [VROOM-TEL] 2026-06-04T18:08:28.245Z | DRIVE_TRACE_CAMERA | {"t":1780596508245,"seq":1095,"gpsTickId":1780596507954,"gpsTickAgeMs":213,"lat":51.350852,"lng":19.37343,"hdg":66,"speedKmh":57,"exploring":false,"frameMoveM":0}
06-04 20:08:28.260 I/ReactNativeJS(30359): [VROOM-TEL] 2026-06-04T18:08:28.260Z | CAMERA_HEADING | {"t":1780596508260,"speedKmh":57,"movedM":1.32,"moveBearing":66,"snapHdg":66,"headingOut":66,"flipFromPrevDeg":0,"lookaheadM":47,"nativeFollow":true}
06-04 20:08:28.584 I/ReactNativeJS(30359): [VROOM-TEL] 2026-06-04T18:08:28.584Z | DRIVE_TRACE_CAMERA | {"t":1780596508584,"seq":1096,"gpsTickId":1780596507954,"gpsTickAgeMs":552,"lat":51.350867,"lng":19.373484,"hdg":66,"speedKmh":57,"exploring":false,"frameMoveM":0}
06-04 20:08:28.892 I/ReactNativeJS(30359): [VROOM-TEL] 2026-06-04T18:08:28.892Z | DRIVE_TRACE_CAMERA | {"t":1780596508892,"seq":1097,"gpsTickId":1780596507954,"gpsTickAgeMs":860,"lat":51.350885,"lng":19.37355,"hdg":66,"speedKmh":57,"exploring":false,"frameMoveM":0}
06-04 20:08:28.909 I/ReactNativeJS(30359): [VROOM-TEL] 2026-06-04T18:08:28.909Z | CAM_FOLLOW_PUSH | {"t":1780596508909,"lat":51.350886,"lng":19.373553,"hdg":66,"snapHdg":66,"speedKmh":57,"exploring":false,"source":"drive_marker_sv_60fps"}
06-04 20:08:28.967 I/ReactNativeJS(30359): [VROOM-TEL] 2026-06-04T18:08:28.967Z | RAW_GPS_TICK | {"t":1780596508967,"gpsTickId":1780596508955,"gpsTickAgeMs":0,"lat":51.351025,"lng":19.374064,"speed":15.58,"speedKmh":56.1,"accuracy":4,"osTimestamp":1780596508955,"tripActive":true,"appState":"active"}
06-04 20:08:28.967 I/ReactNativeJS(30359): [VROOM-TEL] 2026-06-04T18:08:28.967Z | DRIVE_TRACE_RAW | {"t":1780596508967,"seq":1098,"gpsTickId":1780596508955,"gpsTickAgeMs":0,"rawLat":51.351025,"rawLng":19.374064,"accM":4,"speedKmh":56.1,"speedMs":15.6,"heading":66,"tripActive":true,"driving":true,"navigating":false,"osTimestamp":1780596508955}
06-04 20:08:28.969 I/ReactNativeJS(30359): [VROOM-TEL] 2026-06-04T18:08:28.969Z | DRIVE_TRACE_FEED | {"t":1780596508969,"seq":1099,"gpsTickId":1780596508955,"gpsTickAgeMs":2,"lat":51.350914,"lng":19.373658,"hdg":66,"durationMs":687,"speedKmh":56.9}
06-04 20:08:28.969 I/ReactNativeJS(30359): [VROOM-TEL] 2026-06-04T18:08:28.969Z | DRIVE_TRACE_TICK | {"t":1780596508969,"seq":1100,"gpsTickId":1780596508955,"gpsTickAgeMs":2,"rawLat":51.351025,"rawLng":19.374064,"snapLat":51.350914,"snapLng":19.373658,"markerLat":51.350914,"markerLng":19.373658,"markerHdg":66,"markerSvLat":51.350887,"markerSvLng":19.373557,"markerSvHdg":66,"accM":4,"hudKmh":56.9,"engineKmh":56.9,"dopplerKmh":56.1,"feedDurMs":687,"cadenceMs":982,"feedSpeedMs":15.8,"isNavigating":false,"isFreeDrive":true,"isMoving":true,"feedSkipGate":false,"feedAccepted":true,"feedHeadingOnly":false,"source":"drive_core_v2"}
06-04 20:08:28.969 I/ReactNativeJS(30359): [VROOM-TEL] 2026-06-04T18:08:28.969Z | GPS_ACCEPT | {"lat":51.351025,"lng":19.374064,"acc":4,"speedKmh":59.9,"gpsLock":true}
06-04 20:08:29.239 I/ReactNativeJS(30359): [VROOM-TEL] 2026-06-04T18:08:29.239Z | DRIVE_TRACE_CAMERA | {"t":1780596509239,"seq":1101,"gpsTickId":1780596508955,"gpsTickAgeMs":272,"lat":51.350894,"lng":19.373585,"hdg":66,"speedKmh":56.9,"exploring":false,"frameMoveM":0}
06-04 20:08:29.440 I/ReactNativeJS(30359): [VROOM-TEL] 2026-06-04T18:08:29.440Z | CAMERA_HEADING | {"t":1780596509440,"speedKmh":57,"movedM":0.56,"moveBearing":null,"snapHdg":66,"headingOut":66,"flipFromPrevDeg":0,"lookaheadM":47,"nativeFollow":true}
06-04 20:08:29.542 I/ReactNativeJS(30359): [VROOM-TEL] 2026-06-04T18:08:29.542Z | DRIVE_TRACE_CAMERA | {"t":1780596509542,"seq":1102,"gpsTickId":1780596508955,"gpsTickAgeMs":575,"lat":51.35091,"lng":19.373641,"hdg":66,"speedKmh":56.9,"exploring":false,"frameMoveM":0}
06-04 20:08:29.753 I/ReactNativeJS(30359): [VROOM-TEL] 2026-06-04T18:08:29.753Z | CAM_FOLLOW_PUSH | {"t":1780596509753,"lat":51.350917,"lng":19.373668,"hdg":66,"snapHdg":66,"speedKmh":57,"exploring":false,"source":"drive_marker_sv_60fps"}
06-04 20:08:29.867 I/ReactNativeJS(30359): [VROOM-TEL] 2026-06-04T18:08:29.867Z | DRIVE_TRACE_CAMERA | {"t":1780596509867,"seq":1103,"gpsTickId":1780596508955,"gpsTickAgeMs":900,"lat":51.350922,"lng":19.373686,"hdg":66,"speedKmh":56.9,"exploring":false,"frameMoveM":0}
06-04 20:08:29.971 I/ReactNativeJS(30359): [VROOM-TEL] 2026-06-04T18:08:29.971Z | RAW_GPS_TICK | {"t":1780596509971,"gpsTickId":1780596509953,"gpsTickAgeMs":0,"lat":51.351078,"lng":19.374266,"speed":15.04,"speedKmh":54.1,"accuracy":4,"osTimestamp":1780596509953,"tripActive":true,"appState":"active"}
06-04 20:08:29.972 I/ReactNativeJS(30359): [VROOM-TEL] 2026-06-04T18:08:29.972Z | DRIVE_TRACE_RAW | {"t":1780596509972,"seq":1104,"gpsTickId":1780596509953,"gpsTickAgeMs":1,"rawLat":51.351078,"rawLng":19.374266,"accM":4,"speedKmh":54.1,"speedMs":15,"heading":67,"tripActive":true,"driving":true,"navigating":false,"osTimestamp":1780596509953}
06-04 20:08:29.973 I/ReactNativeJS(30359): [VROOM-TEL] 2026-06-04T18:08:29.973Z | DRIVE_TRACE_FEED | {"t":1780596509973,"seq":1105,"gpsTickId":1780596509953,"gpsTickAgeMs":2,"lat":51.351022,"lng":19.374056,"hdg":67,"durationMs":1200,"speedKmh":56}
06-04 20:08:29.973 I/ReactNativeJS(30359): [VROOM-TEL] 2026-06-04T18:08:29.973Z | DRIVE_TRACE_TICK | {"t":1780596509973,"seq":1106,"gpsTickId":1780596509953,"gpsTickAgeMs":2,"rawLat":51.351078,"rawLng":19.374266,"snapLat":51.351022,"snapLng":19.374056,"markerLat":51.351022,"markerLng":19.374056,"markerHdg":67,"markerSvLat":51.350926,"markerSvLng":19.3737,"markerSvHdg":66,"accM":4,"hudKmh":56,"engineKmh":56,"dopplerKmh":54.1,"feedDurMs":1200,"cadenceMs":990,"feedSpeedMs":15.6,"isNavigating":false,"isFreeDrive":true,"isMoving":true,"feedSkipGate":false,"feedAccepted":true,"feedHeadingOnly":false,"source":"drive_core_v2"}
06-04 20:08:29.973 I/ReactNativeJS(30359): [VROOM-TEL] 2026-06-04T18:08:29.973Z | GPS_ACCEPT | {"lat":51.351078,"lng":19.374266,"acc":4,"speedKmh":54.5,"gpsLock":true}
06-04 20:08:30.077 I/ReactNativeJS(30359): [VROOM-TEL] 2026-06-04T18:08:30.077Z | TRIP_SEGMENT_STATS | {"t":1780596510077,"totalDistanceKm":2.435,"acceptedMain":135,"acceptedMainKm":2.05,"fallbackAccepted":14,"fallbackKm":0.385,"derivedSpeedUsed":6,"derivedSpeedRejected":0,"lowSpeedDropped":0,"zeroMove":0,"rejectedTotal":45,"rejectedJitter":31,"rejectedJump":0,"rejectedStaleGap":0,"rejectedMinSpeed":0,"rejectedAccuracy":0,"rejectedImpossible":14,"rejectedInvalidTime":0}
06-04 20:08:30.182 I/ReactNativeJS(30359): [VROOM-TEL] 2026-06-04T18:08:30.177Z | DRIVE_TRACE_CAMERA | {"t":1780596510177,"seq":1107,"gpsTickId":1780596509953,"gpsTickAgeMs":206,"lat":51.350942,"lng":19.37376,"hdg":67,"speedKmh":56,"exploring":false,"frameMoveM":0}
06-04 20:08:30.477 I/ReactNativeJS(30359): [VROOM-TEL] 2026-06-04T18:08:30.477Z | DRIVE_TRACE_CAMERA | {"t":1780596510477,"seq":1108,"gpsTickId":1780596509953,"gpsTickAgeMs":506,"lat":51.350966,"lng":19.373849,"hdg":67,"speedKmh":56,"exploring":false,"frameMoveM":0}
06-04 20:08:30.546 I/ReactNativeJS(30359): [VROOM-TEL] 2026-06-04T18:08:30.546Z | CAMERA_HEADING | {"t":1780596510546,"speedKmh":56,"movedM":0.4,"moveBearing":null,"snapHdg":67,"headingOut":67,"flipFromPrevDeg":0,"lookaheadM":47,"nativeFollow":true}
06-04 20:08:30.560 I/ReactNativeJS(30359): [VROOM-TEL] 2026-06-04T18:08:30.560Z | CAM_FOLLOW_PUSH | {"t":1780596510560,"lat":51.350973,"lng":19.373874,"hdg":67,"snapHdg":67,"speedKmh":56,"exploring":false,"source":"drive_marker_sv_60fps"}
06-04 20:08:30.611 I/ReactNativeJS(30359): [VROOM-TEL] 2026-06-04T18:08:30.611Z | DRIVE_HEALTH | {"t":1780596510611,"mode":"driving","speedHudKmh":56,"speedPipeKmh":56,"gpsAgeMs":640,"drAgeMs":638,"gpsToDriftM":16,"snapAnchorDriftM":0,"offRoute":false,"reroutePending":false,"rerouteLoading":false,"hasRoutePts":0}
06-04 20:08:30.611 I/ReactNativeJS(30359): [VROOM-TEL] 2026-06-04T18:08:30.611Z | DRIVE_TRACE_HEARTBEAT | {"t":1780596510611,"seq":1109,"gpsTickId":1780596509953,"gpsTickAgeMs":640,"driving":true,"navigating":false,"tripActive":true,"lat":51.3510778,"lng":19.3742664,"gpsAgeMs":640}
06-04 20:08:30.794 I/ReactNativeJS(30359): [VROOM-TEL] 2026-06-04T18:08:30.794Z | DRIVE_TRACE_CAMERA | {"t":1780596510794,"seq":1110,"gpsTickId":1780596509953,"gpsTickAgeMs":823,"lat":51.350991,"lng":19.373943,"hdg":67,"speedKmh":56,"exploring":false,"frameMoveM":0}
06-04 20:08:30.978 I/ReactNativeJS(30359): [VROOM-TEL] 2026-06-04T18:08:30.978Z | RAW_GPS_TICK | {"t":1780596510978,"gpsTickId":1780596510955,"gpsTickAgeMs":0,"lat":51.351126,"lng":19.374449,"speed":14.03,"speedKmh":50.5,"accuracy":4,"osTimestamp":1780596510955,"tripActive":true,"appState":"active"}
06-04 20:08:30.978 I/ReactNativeJS(30359): [VROOM-TEL] 2026-06-04T18:08:30.978Z | DRIVE_TRACE_RAW | {"t":1780596510978,"seq":1111,"gpsTickId":1780596510955,"gpsTickAgeMs":0,"rawLat":51.351126,"rawLng":19.374449,"accM":4,"speedKmh":50.5,"speedMs":14,"heading":67,"tripActive":true,"driving":true,"navigating":false,"osTimestamp":1780596510955}
06-04 20:08:30.981 I/ReactNativeJS(30359): [VROOM-TEL] 2026-06-04T18:08:30.981Z | DRIVE_TRACE_FEED | {"t":1780596510981,"seq":1112,"gpsTickId":1780596510955,"gpsTickAgeMs":3,"lat":51.351059,"lng":19.374194,"hdg":67,"durationMs":693,"speedKmh":54}
06-04 20:08:30.982 I/ReactNativeJS(30359): [VROOM-TEL] 2026-06-04T18:08:30.982Z | DRIVE_TRACE_TICK | {"t":1780596510982,"seq":1113,"gpsTickId":1780596510955,"gpsTickAgeMs":4,"rawLat":51.351126,"rawLng":19.374449,"snapLat":51.351059,"snapLng":19.374194,"markerLat":51.351059,"markerLng":19.374194,"markerHdg":67,"markerSvLat":51.351006,"markerSvLng":19.373997,"markerSvHdg":67,"accM":4,"hudKmh":54,"engineKmh":54,"dopplerKmh":50.5,"feedDurMs":693,"cadenceMs":996,"feedSpeedMs":15,"isNavigating":false,"isFreeDrive":true,"isMoving":true,"feedSkipGate":false,"feedAccepted":true,"feedHeadingOnly":false,"source":"drive_core_v2"}
06-04 20:08:30.982 I/ReactNativeJS(30359): [VROOM-TEL] 2026-06-04T18:08:30.982Z | GPS_ACCEPT | {"lat":51.351126,"lng":19.374449,"acc":4,"speedKmh":50.5,"gpsLock":true}
06-04 20:08:31.096 I/ReactNativeJS(30359): [VROOM-TEL] 2026-06-04T18:08:31.096Z | DRIVE_TRACE_CAMERA | {"t":1780596511096,"seq":1114,"gpsTickId":1780596510955,"gpsTickAgeMs":118,"lat":51.351009,"lng":19.37401,"hdg":67,"speedKmh":54,"exploring":false,"frameMoveM":0}
06-04 20:08:31.360 I/ReactNativeJS(30359): [VROOM-TEL] 2026-06-04T18:08:31.360Z | CAM_FOLLOW_PUSH | {"t":1780596511360,"lat":51.351035,"lng":19.374104,"hdg":67,"snapHdg":67,"speedKmh":54,"exploring":false,"source":"drive_marker_sv_60fps"}
06-04 20:08:31.410 I/ReactNativeJS(30359): [VROOM-TEL] 2026-06-04T18:08:31.410Z | DRIVE_TRACE_CAMERA | {"t":1780596511410,"seq":1115,"gpsTickId":1780596510955,"gpsTickAgeMs":432,"lat":51.351038,"lng":19.374119,"hdg":67,"speedKmh":54,"exploring":false,"frameMoveM":0}
06-04 20:08:31.659 I/ReactNativeJS(30359): [VROOM-TEL] 2026-06-04T18:08:31.659Z | CAMERA_HEADING | {"t":1780596511659,"speedKmh":54,"movedM":0.34,"moveBearing":null,"snapHdg":67,"headingOut":67,"flipFromPrevDeg":0,"lookaheadM":47,"nativeFollow":true}
06-04 20:08:31.710 I/ReactNativeJS(30359): [VROOM-TEL] 2026-06-04T18:08:31.710Z | DRIVE_TRACE_CAMERA | {"t":1780596511710,"seq":1116,"gpsTickId":1780596510955,"gpsTickAgeMs":732,"lat":51.35106,"lng":19.3742,"hdg":67,"speedKmh":54,"exploring":false,"frameMoveM":0}
06-04 20:08:31.969 I/ReactNativeJS(30359): [VROOM-TEL] 2026-06-04T18:08:31.969Z | RAW_GPS_TICK | {"t":1780596511969,"gpsTickId":1780596511954,"gpsTickAgeMs":0,"lat":51.351168,"lng":19.374617,"speed":12.44,"speedKmh":44.8,"accuracy":4,"osTimestamp":1780596511954,"tripActive":true,"appState":"active"}
06-04 20:08:31.969 I/ReactNativeJS(30359): [VROOM-TEL] 2026-06-04T18:08:31.969Z | DRIVE_TRACE_RAW | {"t":1780596511969,"seq":1117,"gpsTickId":1780596511954,"gpsTickAgeMs":0,"rawLat":51.351168,"rawLng":19.374617,"accM":4,"speedKmh":44.8,"speedMs":12.4,"heading":68,"tripActive":true,"driving":true,"navigating":false,"osTimestamp":1780596511954}
06-04 20:08:31.971 I/ReactNativeJS(30359): [VROOM-TEL] 2026-06-04T18:08:31.971Z | DRIVE_TRACE_FEED | {"t":1780596511971,"seq":1118,"gpsTickId":1780596511954,"gpsTickAgeMs":2,"lat":51.351093,"lng":19.374325,"hdg":68,"durationMs":702,"speedKmh":50.7}
06-04 20:08:31.972 I/ReactNativeJS(30359): [VROOM-TEL] 2026-06-04T18:08:31.972Z | DRIVE_TRACE_TICK | {"t":1780596511972,"seq":1119,"gpsTickId":1780596511954,"gpsTickAgeMs":3,"rawLat":51.351168,"rawLng":19.374617,"snapLat":51.351093,"snapLng":19.374325,"markerLat":51.351093,"markerLng":19.374325,"markerHdg":68,"markerSvLat":51.351069,"markerSvLng":19.374233,"markerSvHdg":67,"accM":4,"hudKmh":50.7,"engineKmh":50.7,"dopplerKmh":44.8,"feedDurMs":702,"cadenceMs":994,"feedSpeedMs":14.1,"isNavigating":false,"isFreeDrive":true,"isMoving":true,"feedSkipGate":false,"feedAccepted":true,"feedHeadingOnly":false,"source":"drive_core_v2"}
06-04 20:08:31.972 I/ReactNativeJS(30359): [VROOM-TEL] 2026-06-04T18:08:31.972Z | GPS_ACCEPT | {"lat":51.351168,"lng":19.374617,"acc":4,"speedKmh":45.5,"gpsLock":true}
06-04 20:08:32.041 I/ReactNativeJS(30359): [VROOM-TEL] 2026-06-04T18:08:32.041Z | DRIVE_TRACE_CAMERA | {"t":1780596512041,"seq":1120,"gpsTickId":1780596511954,"gpsTickAgeMs":72,"lat":51.35107,"lng":19.374236,"hdg":68,"speedKmh":50.7,"exploring":false,"frameMoveM":0}
06-04 20:08:32.161 I/ReactNativeJS(30359): [VROOM-TEL] 2026-06-04T18:08:32.160Z | CAM_FOLLOW_PUSH | {"t":1780596512160,"lat":51.351076,"lng":19.374258,"hdg":68,"snapHdg":68,"speedKmh":51,"exploring":false,"source":"drive_marker_sv_60fps"}
06-04 20:08:32.345 I/ReactNativeJS(30359): [VROOM-TEL] 2026-06-04T18:08:32.344Z | DRIVE_TRACE_CAMERA | {"t":1780596512344,"seq":1121,"gpsTickId":1780596511954,"gpsTickAgeMs":375,"lat":51.351082,"lng":19.374282,"hdg":68,"speedKmh":50.7,"exploring":false,"frameMoveM":0}
06-04 20:08:32.661 I/ReactNativeJS(30359): [VROOM-TEL] 2026-06-04T18:08:32.661Z | DRIVE_TRACE_CAMERA | {"t":1780596512661,"seq":1122,"gpsTickId":1780596511954,"gpsTickAgeMs":692,"lat":51.351092,"lng":19.374324,"hdg":68,"speedKmh":50.7,"exploring":false,"frameMoveM":0}
06-04 20:08:32.759 I/ReactNativeJS(30359): [VROOM-TEL] 2026-06-04T18:08:32.759Z | CAMERA_HEADING | {"t":1780596512759,"speedKmh":51,"movedM":0.7,"moveBearing":null,"snapHdg":68,"headingOut":68,"flipFromPrevDeg":0,"lookaheadM":47,"nativeFollow":true}
06-04 20:08:33.035 I/ReactNativeJS(30359): [VROOM-TEL] 2026-06-04T18:08:33.035Z | RAW_GPS_TICK | {"t":1780596513035,"gpsTickId":1780596512955,"gpsTickAgeMs":0,"lat":51.351199,"lng":19.374757,"speed":10.43,"speedKmh":37.5,"accuracy":4,"osTimestamp":1780596512955,"tripActive":true,"appState":"active"}
06-04 20:08:33.035 I/ReactNativeJS(30359): [VROOM-TEL] 2026-06-04T18:08:33.035Z | DRIVE_TRACE_RAW | {"t":1780596513035,"seq":1123,"gpsTickId":1780596512955,"gpsTickAgeMs":0,"rawLat":51.351199,"rawLng":19.374757,"accM":4,"speedKmh":37.5,"speedMs":10.4,"heading":69,"tripActive":true,"driving":true,"navigating":false,"osTimestamp":1780596512955}
06-04 20:08:33.036 I/ReactNativeJS(30359): [VROOM-TEL] 2026-06-04T18:08:33.036Z | DRIVE_TRACE_FEED | {"t":1780596513036,"seq":1124,"gpsTickId":1780596512955,"gpsTickAgeMs":1,"lat":51.351124,"lng":19.374446,"hdg":69,"durationMs":718,"speedKmh":45.5}
06-04 20:08:33.036 I/ReactNativeJS(30359): [VROOM-TEL] 2026-06-04T18:08:33.036Z | DRIVE_TRACE_TICK | {"t":1780596513036,"seq":1125,"gpsTickId":1780596512955,"gpsTickAgeMs":1,"rawLat":51.351199,"rawLng":19.374757,"snapLat":51.351124,"snapLng":19.374446,"markerLat":51.351124,"markerLng":19.374446,"markerHdg":69,"markerSvLat":51.351101,"markerSvLng":19.37436,"markerSvHdg":68,"accM":4,"hudKmh":45.5,"engineKmh":45.5,"dopplerKmh":37.5,"feedDurMs":718,"cadenceMs":1019,"feedSpeedMs":12.6,"isNavigating":false,"isFreeDrive":true,"isMoving":true,"feedSkipGate":false,"feedAccepted":true,"feedHeadingOnly":false,"source":"drive_core_v2"}
06-04 20:08:33.036 I/ReactNativeJS(30359): [VROOM-TEL] 2026-06-04T18:08:33.036Z | GPS_ACCEPT | {"lat":51.351199,"lng":19.374757,"acc":4,"speedKmh":37.5,"gpsLock":true}
06-04 20:08:33.128 I/ReactNativeJS(30359): [VROOM-TEL] 2026-06-04T18:08:33.128Z | CAM_FOLLOW_PUSH | {"t":1780596513128,"lat":51.351102,"lng":19.374362,"hdg":68,"snapHdg":68,"speedKmh":46,"exploring":false,"source":"drive_marker_sv_60fps"}
06-04 20:08:33.128 I/ReactNativeJS(30359): [VROOM-TEL] 2026-06-04T18:08:33.128Z | DRIVE_TRACE_CAMERA | {"t":1780596513128,"seq":1126,"gpsTickId":1780596512955,"gpsTickAgeMs":93,"lat":51.351102,"lng":19.374362,"hdg":68,"speedKmh":45.5,"exploring":false,"frameMoveM":0}
06-04 20:08:33.438 I/ReactNativeJS(30359): [VROOM-TEL] 2026-06-04T18:08:33.438Z | DRIVE_TRACE_CAMERA | {"t":1780596513438,"seq":1127,"gpsTickId":1780596512955,"gpsTickAgeMs":403,"lat":51.351113,"lng":19.374405,"hdg":68,"speedKmh":45.5,"exploring":false,"frameMoveM":0}
06-04 20:08:33.743 I/ReactNativeJS(30359): [VROOM-TEL] 2026-06-04T18:08:33.743Z | DRIVE_TRACE_CAMERA | {"t":1780596513743,"seq":1128,"gpsTickId":1780596512955,"gpsTickAgeMs":708,"lat":51.351123,"lng":19.374445,"hdg":68,"speedKmh":45.5,"exploring":false,"frameMoveM":0}
06-04 20:08:33.860 I/ReactNativeJS(30359): [VROOM-TEL] 2026-06-04T18:08:33.860Z | CAMERA_HEADING | {"t":1780596513860,"speedKmh":46,"movedM":0.21,"moveBearing":null,"snapHdg":68,"headingOut":68,"flipFromPrevDeg":0,"lookaheadM":40,"nativeFollow":true}
06-04 20:08:33.984 I/ReactNativeJS(30359): [VROOM-TEL] 2026-06-04T18:08:33.984Z | RAW_GPS_TICK | {"t":1780596513984,"gpsTickId":1780596513954,"gpsTickAgeMs":0,"lat":51.351227,"lng":19.374873,"speed":8.71,"speedKmh":31.4,"accuracy":4,"osTimestamp":1780596513954,"tripActive":true,"appState":"active"}
06-04 20:08:33.984 I/ReactNativeJS(30359): [VROOM-TEL] 2026-06-04T18:08:33.984Z | DRIVE_TRACE_RAW | {"t":1780596513984,"seq":1129,"gpsTickId":1780596513954,"gpsTickAgeMs":0,"rawLat":51.351227,"rawLng":19.374873,"accM":4,"speedKmh":31.4,"speedMs":8.7,"heading":69,"tripActive":true,"driving":true,"navigating":false,"osTimestamp":1780596513954}
06-04 20:08:33.986 I/ReactNativeJS(30359): [VROOM-TEL] 2026-06-04T18:08:33.986Z | DRIVE_TRACE_FEED | {"t":1780596513986,"seq":1130,"gpsTickId":1780596513954,"gpsTickAgeMs":2,"lat":51.351151,"lng":19.374555,"hdg":69,"durationMs":742,"speedKmh":39.5}
06-04 20:08:33.987 I/ReactNativeJS(30359): [VROOM-TEL] 2026-06-04T18:08:33.987Z | DRIVE_TRACE_TICK | {"t":1780596513987,"seq":1131,"gpsTickId":1780596513954,"gpsTickAgeMs":3,"rawLat":51.351227,"rawLng":19.374873,"snapLat":51.351151,"snapLng":19.374555,"markerLat":51.351151,"markerLng":19.374555,"markerHdg":69,"markerSvLat":51.351131,"markerSvLng":19.374474,"markerSvHdg":68,"accM":4,"hudKmh":39.5,"engineKmh":39.5,"dopplerKmh":31.4,"feedDurMs":742,"cadenceMs":995,"feedSpeedMs":11,"isNavigating":false,"isFreeDrive":true,"isMoving":true,"feedSkipGate":false,"feedAccepted":true,"feedHeadingOnly":false,"source":"drive_core_v2"}
06-04 20:08:33.987 I/ReactNativeJS(30359): [VROOM-TEL] 2026-06-04T18:08:33.987Z | GPS_ACCEPT | {"lat":51.351227,"lng":19.374873,"acc":4,"speedKmh":32.8,"gpsLock":true}
06-04 20:08:34.034 I/ReactNativeJS(30359): [VROOM-TEL] 2026-06-04T18:08:34.034Z | CAM_FOLLOW_PUSH | {"t":1780596514034,"lat":51.351131,"lng":19.374475,"hdg":68,"snapHdg":68,"speedKmh":40,"exploring":false,"source":"drive_marker_sv_60fps"}
06-04 20:08:34.060 I/ReactNativeJS(30359): [VROOM-TEL] 2026-06-04T18:08:34.060Z | DRIVE_TRACE_CAMERA | {"t":1780596514060,"seq":1132,"gpsTickId":1780596513954,"gpsTickAgeMs":76,"lat":51.351133,"lng":19.374482,"hdg":68,"speedKmh":39.5,"exploring":false,"frameMoveM":0}
06-04 20:08:34.361 I/ReactNativeJS(30359): [VROOM-TEL] 2026-06-04T18:08:34.361Z | DRIVE_TRACE_CAMERA | {"t":1780596514361,"seq":1133,"gpsTickId":1780596513954,"gpsTickAgeMs":377,"lat":51.351141,"lng":19.374515,"hdg":68,"speedKmh":39.5,"exploring":false,"frameMoveM":0}
06-04 20:08:34.676 I/ReactNativeJS(30359): [VROOM-TEL] 2026-06-04T18:08:34.676Z | DRIVE_TRACE_CAMERA | {"t":1780596514676,"seq":1134,"gpsTickId":1780596513954,"gpsTickAgeMs":692,"lat":51.35115,"lng":19.374549,"hdg":68,"speedKmh":39.5,"exploring":false,"frameMoveM":0}
06-04 20:08:34.843 I/ReactNativeJS(30359): [VROOM-TEL] 2026-06-04T18:08:34.843Z | CAM_FOLLOW_PUSH | {"t":1780596514843,"lat":51.351155,"lng":19.374569,"hdg":68,"snapHdg":68,"speedKmh":40,"exploring":false,"source":"drive_marker_sv_60fps"}
06-04 20:08:34.980 I/ReactNativeJS(30359): [VROOM-TEL] 2026-06-04T18:08:34.980Z | RAW_GPS_TICK | {"t":1780596514980,"gpsTickId":1780596514955,"gpsTickAgeMs":0,"lat":51.351252,"lng":19.37498,"speed":7.96,"speedKmh":28.7,"accuracy":4,"osTimestamp":1780596514955,"tripActive":true,"appState":"active"}
06-04 20:08:34.980 I/ReactNativeJS(30359): [VROOM-TEL] 2026-06-04T18:08:34.980Z | DRIVE_TRACE_RAW | {"t":1780596514980,"seq":1135,"gpsTickId":1780596514955,"gpsTickAgeMs":0,"rawLat":51.351252,"rawLng":19.37498,"accM":4,"speedKmh":28.7,"speedMs":8,"heading":70,"tripActive":true,"driving":true,"navigating":false,"osTimestamp":1780596514955}
06-04 20:08:34.982 I/ReactNativeJS(30359): [VROOM-TEL] 2026-06-04T18:08:34.982Z | DRIVE_TRACE_FEED | {"t":1780596514982,"seq":1136,"gpsTickId":1780596514955,"gpsTickAgeMs":2,"lat":51.351176,"lng":19.374652,"hdg":69,"durationMs":771,"speedKmh":34.1}
06-04 20:08:34.983 I/ReactNativeJS(30359): [VROOM-TEL] 2026-06-04T18:08:34.982Z | DRIVE_TRACE_TICK | {"t":1780596514982,"seq":1137,"gpsTickId":1780596514955,"gpsTickAgeMs":2,"rawLat":51.351252,"rawLng":19.37498,"snapLat":51.351176,"snapLng":19.374652,"markerLat":51.351176,"markerLng":19.374652,"markerHdg":69,"markerSvLat":51.351156,"markerSvLng":19.374574,"markerSvHdg":68,"accM":4,"hudKmh":34.1,"engineKmh":34.1,"dopplerKmh":28.7,"feedDurMs":771,"cadenceMs":995,"feedSpeedMs":9.5,"isNavigating":false,"isFreeDrive":true,"isMoving":true,"feedSkipGate":false,"feedAccepted":true,"feedHeadingOnly":false,"source":"drive_core_v2"}
06-04 20:08:34.983 I/ReactNativeJS(30359): [VROOM-TEL] 2026-06-04T18:08:34.983Z | GPS_ACCEPT | {"lat":51.351252,"lng":19.37498,"acc":4,"speedKmh":28.7,"gpsLock":true}
06-04 20:08:35.032 I/ReactNativeJS(30359): [VROOM-TEL] 2026-06-04T18:08:35.032Z | CAMERA_HEADING | {"t":1780596515032,"speedKmh":34,"movedM":0.52,"moveBearing":null,"snapHdg":68,"headingOut":68,"flipFromPrevDeg":0,"lookaheadM":34,"nativeFollow":true}
06-04 20:08:35.036 I/ReactNativeJS(30359): [VROOM-TEL] 2026-06-04T18:08:35.036Z | DRIVE_TRACE_CAMERA | {"t":1780596515036,"seq":1138,"gpsTickId":1780596514955,"gpsTickAgeMs":56,"lat":51.351157,"lng":19.374577,"hdg":68,"speedKmh":34.1,"exploring":false,"frameMoveM":0}
06-04 20:08:35.343 I/ReactNativeJS(30359): [VROOM-TEL] 2026-06-04T18:08:35.343Z | DRIVE_TRACE_CAMERA | {"t":1780596515343,"seq":1139,"gpsTickId":1780596514955,"gpsTickAgeMs":363,"lat":51.351166,"lng":19.374611,"hdg":68,"speedKmh":34.1,"exploring":false,"frameMoveM":0}
06-04 20:08:35.627 I/ReactNativeJS(30359): [VROOM-TEL] 2026-06-04T18:08:35.627Z | DRIVE_TRACE_HEARTBEAT | {"t":1780596515627,"seq":1140,"gpsTickId":1780596514955,"gpsTickAgeMs":647,"driving":true,"navigating":false,"tripActive":true,"lat":51.351252,"lng":19.3749798,"gpsAgeMs":647}
06-04 20:08:35.643 I/ReactNativeJS(30359): [VROOM-TEL] 2026-06-04T18:08:35.643Z | CAM_FOLLOW_PUSH | {"t":1780596515643,"lat":51.351173,"lng":19.374641,"hdg":68,"snapHdg":68,"speedKmh":34,"exploring":false,"source":"drive_marker_sv_60fps"}
06-04 20:08:35.643 I/ReactNativeJS(30359): [VROOM-TEL] 2026-06-04T18:08:35.643Z | DRIVE_TRACE_CAMERA | {"t":1780596515643,"seq":1141,"gpsTickId":1780596514955,"gpsTickAgeMs":663,"lat":51.351173,"lng":19.374641,"hdg":68,"speedKmh":34.1,"exploring":false,"frameMoveM":0}
06-04 20:08:35.977 I/ReactNativeJS(30359): [VROOM-TEL] 2026-06-04T18:08:35.977Z | RAW_GPS_TICK | {"t":1780596515977,"gpsTickId":1780596515955,"gpsTickAgeMs":0,"lat":51.351267,"lng":19.375086,"speed":7.81,"speedKmh":28.1,"accuracy":4,"osTimestamp":1780596515955,"tripActive":true,"appState":"active"}
06-04 20:08:35.978 I/ReactNativeJS(30359): [VROOM-TEL] 2026-06-04T18:08:35.978Z | DRIVE_TRACE_RAW | {"t":1780596515978,"seq":1142,"gpsTickId":1780596515955,"gpsTickAgeMs":1,"rawLat":51.351267,"rawLng":19.375086,"accM":4,"speedKmh":28.1,"speedMs":7.8,"heading":78,"tripActive":true,"driving":true,"navigating":false,"osTimestamp":1780596515955}
06-04 20:08:35.980 I/ReactNativeJS(30359): [VROOM-TEL] 2026-06-04T18:08:35.980Z | DRIVE_TRACE_FEED | {"t":1780596515980,"seq":1143,"gpsTickId":1780596515955,"gpsTickAgeMs":3,"lat":51.351199,"lng":19.374742,"hdg":74,"durationMs":796,"speedKmh":30.5}
06-04 20:08:35.981 I/ReactNativeJS(30359): [VROOM-TEL] 2026-06-04T18:08:35.981Z | DRIVE_TRACE_TICK | {"t":1780596515981,"seq":1144,"gpsTickId":1780596515955,"gpsTickAgeMs":4,"rawLat":51.351267,"rawLng":19.375086,"snapLat":51.351199,"snapLng":19.374742,"markerLat":51.351199,"markerLng":19.374742,"markerHdg":74,"markerSvLat":51.35118,"markerSvLng":19.374667,"markerSvHdg":68,"accM":4,"hudKmh":30.5,"engineKmh":30.5,"dopplerKmh":28.1,"feedDurMs":796,"cadenceMs":996,"feedSpeedMs":8.5,"isNavigating":false,"isFreeDrive":true,"isMoving":true,"feedSkipGate":false,"feedAccepted":true,"feedHeadingOnly":false,"source":"drive_core_v2"}
06-04 20:08:35.981 I/ReactNativeJS(30359): [VROOM-TEL] 2026-06-04T18:08:35.981Z | GPS_ACCEPT | {"lat":51.351267,"lng":19.375086,"acc":4,"speedKmh":28.1,"gpsLock":true}
06-04 20:08:36.067 I/ReactNativeJS(30359): [VROOM-TEL] 2026-06-04T18:08:36.067Z | DRIVE_TRACE_CAMERA | {"t":1780596516067,"seq":1145,"gpsTickId":1780596515955,"gpsTickAgeMs":90,"lat":51.351181,"lng":19.37467,"hdg":68,"speedKmh":30.5,"exploring":false,"frameMoveM":0}
06-04 20:08:36.156 I/ReactNativeJS(30359): [VROOM-TEL] 2026-06-04T18:08:36.156Z | CAMERA_HEADING | {"t":1780596516156,"speedKmh":31,"movedM":0.12,"moveBearing":null,"snapHdg":68,"headingOut":68,"flipFromPrevDeg":0,"lookaheadM":27,"nativeFollow":true}
06-04 20:08:36.384 I/ReactNativeJS(30359): [VROOM-TEL] 2026-06-04T18:08:36.384Z | DRIVE_TRACE_CAMERA | {"t":1780596516384,"seq":1146,"gpsTickId":1780596515955,"gpsTickAgeMs":407,"lat":51.351187,"lng":19.374696,"hdg":68,"speedKmh":30.5,"exploring":false,"frameMoveM":0}
06-04 20:08:36.467 I/ReactNativeJS(30359): [VROOM-TEL] 2026-06-04T18:08:36.467Z | CAM_FOLLOW_PUSH | {"t":1780596516467,"lat":51.351189,"lng":19.374701,"hdg":68,"snapHdg":68,"speedKmh":31,"exploring":false,"source":"drive_marker_sv_60fps"}
06-04 20:08:36.693 I/ReactNativeJS(30359): [VROOM-TEL] 2026-06-04T18:08:36.693Z | DRIVE_TRACE_CAMERA | {"t":1780596516693,"seq":1147,"gpsTickId":1780596515955,"gpsTickAgeMs":716,"lat":51.351197,"lng":19.374734,"hdg":68,"speedKmh":30.5,"exploring":false,"frameMoveM":0}
06-04 20:08:37.100 I/ReactNativeJS(30359): [VROOM-TEL] 2026-06-04T18:08:37.100Z | RAW_GPS_TICK | {"t":1780596517100,"gpsTickId":1780596516955,"gpsTickAgeMs":0,"lat":51.351254,"lng":19.375196,"speed":7.59,"speedKmh":27.3,"accuracy":4,"osTimestamp":1780596516955,"tripActive":true,"appState":"active"}
06-04 20:08:37.100 I/ReactNativeJS(30359): [VROOM-TEL] 2026-06-04T18:08:37.100Z | DRIVE_TRACE_RAW | {"t":1780596517100,"seq":1148,"gpsTickId":1780596516955,"gpsTickAgeMs":0,"rawLat":51.351254,"rawLng":19.375196,"accM":4,"speedKmh":27.3,"speedMs":7.6,"heading":97,"tripActive":true,"driving":true,"navigating":false,"osTimestamp":1780596516955}
06-04 20:08:37.101 I/ReactNativeJS(30359): [VROOM-TEL] 2026-06-04T18:08:37.101Z | DRIVE_TRACE_FEED | {"t":1780596517101,"seq":1149,"gpsTickId":1780596516955,"gpsTickAgeMs":1,"lat":51.351221,"lng":19.374828,"hdg":89,"durationMs":811,"speedKmh":28.7}
06-04 20:08:37.102 I/ReactNativeJS(30359): [VROOM-TEL] 2026-06-04T18:08:37.102Z | DRIVE_TRACE_TICK | {"t":1780596517102,"seq":1150,"gpsTickId":1780596516955,"gpsTickAgeMs":2,"rawLat":51.351254,"rawLng":19.375196,"snapLat":51.351221,"snapLng":19.374828,"markerLat":51.351221,"markerLng":19.374828,"markerHdg":89,"markerSvLat":51.351202,"markerSvLng":19.374753,"markerSvHdg":68,"accM":4,"hudKmh":28.7,"engineKmh":28.7,"dopplerKmh":27.3,"feedDurMs":811,"cadenceMs":1040,"feedSpeedMs":8,"isNavigating":false,"isFreeDrive":true,"isMoving":true,"feedSkipGate":false,"feedAccepted":true,"feedHeadingOnly":false,"source":"drive_core_v2"}
06-04 20:08:37.102 I/ReactNativeJS(30359): [VROOM-TEL] 2026-06-04T18:08:37.102Z | GPS_ACCEPT | {"lat":51.351254,"lng":19.375196,"acc":4,"speedKmh":27.3,"gpsLock":true}
06-04 20:08:37.186 I/ReactNativeJS(30359): [VROOM-TEL] 2026-06-04T18:08:37.186Z | DRIVE_TRACE_CAMERA | {"t":1780596517186,"seq":1151,"gpsTickId":1780596516955,"gpsTickAgeMs":86,"lat":51.351202,"lng":19.374756,"hdg":68,"speedKmh":28.7,"exploring":false,"frameMoveM":0}
06-04 20:08:37.261 I/ReactNativeJS(30359): [VROOM-TEL] 2026-06-04T18:08:37.261Z | CAMERA_HEADING | {"t":1780596517261,"speedKmh":29,"movedM":0.11,"moveBearing":null,"snapHdg":68,"headingOut":68,"flipFromPrevDeg":0,"lookaheadM":27,"nativeFollow":true}
06-04 20:08:37.277 I/ReactNativeJS(30359): [VROOM-TEL] 2026-06-04T18:08:37.277Z | CAM_FOLLOW_PUSH | {"t":1780596517277,"lat":51.351206,"lng":19.37477,"hdg":68,"snapHdg":68,"speedKmh":29,"exploring":false,"source":"drive_marker_sv_60fps"}
06-04 20:08:37.538 I/ReactNativeJS(30359): [VROOM-TEL] 2026-06-04T18:08:37.538Z | DRIVE_TRACE_CAMERA | {"t":1780596517538,"seq":1152,"gpsTickId":1780596516955,"gpsTickAgeMs":438,"lat":51.35121,"lng":19.374785,"hdg":68,"speedKmh":28.7,"exploring":false,"frameMoveM":0}
06-04 20:08:37.844 I/ReactNativeJS(30359): [VROOM-TEL] 2026-06-04T18:08:37.844Z | DRIVE_TRACE_CAMERA | {"t":1780596517844,"seq":1153,"gpsTickId":1780596516955,"gpsTickAgeMs":744,"lat":51.351219,"lng":19.374822,"hdg":68,"speedKmh":28.7,"exploring":false,"frameMoveM":0}
06-04 20:08:37.968 I/ReactNativeJS(30359): [VROOM-TEL] 2026-06-04T18:08:37.968Z | RAW_GPS_TICK | {"t":1780596517968,"gpsTickId":1780596517955,"gpsTickAgeMs":0,"lat":51.35122,"lng":19.375294,"speed":7.59,"speedKmh":27.3,"accuracy":4,"osTimestamp":1780596517955,"tripActive":true,"appState":"active"}
06-04 20:08:37.968 I/ReactNativeJS(30359): [VROOM-TEL] 2026-06-04T18:08:37.968Z | DRIVE_TRACE_RAW | {"t":1780596517968,"seq":1154,"gpsTickId":1780596517955,"gpsTickAgeMs":0,"rawLat":51.35122,"rawLng":19.375294,"accM":4,"speedKmh":27.3,"speedMs":7.6,"heading":118,"tripActive":true,"driving":true,"navigating":false,"osTimestamp":1780596517955}
06-04 20:08:37.970 I/ReactNativeJS(30359): [VROOM-TEL] 2026-06-04T18:08:37.970Z | DRIVE_TRACE_FEED | {"t":1780596517970,"seq":1155,"gpsTickId":1780596517955,"gpsTickAgeMs":2,"lat":51.351243,"lng":19.374915,"hdg":109,"durationMs":811,"speedKmh":28.7}
06-04 20:08:37.971 I/ReactNativeJS(30359): [VROOM-TEL] 2026-06-04T18:08:37.971Z | DRIVE_TRACE_TICK | {"t":1780596517971,"seq":1156,"gpsTickId":1780596517955,"gpsTickAgeMs":3,"rawLat":51.35122,"rawLng":19.375294,"snapLat":51.351243,"snapLng":19.374915,"markerLat":51.351243,"markerLng":19.374915,"markerHdg":109,"markerSvLat":51.351222,"markerSvLng":19.374832,"markerSvHdg":73,"accM":4,"hudKmh":28.7,"engineKmh":28.7,"dopplerKmh":27.3,"feedDurMs":811,"cadenceMs":980,"feedSpeedMs":8,"isNavigating":false,"isFreeDrive":true,"isMoving":true,"feedSkipGate":false,"feedAccepted":true,"feedHeadingOnly":false,"source":"drive_core_v2"}
06-04 20:08:37.971 I/ReactNativeJS(30359): [VROOM-TEL] 2026-06-04T18:08:37.971Z | GPS_ACCEPT | {"lat":51.35122,"lng":19.375294,"acc":4,"speedKmh":27.3,"gpsLock":true}
06-04 20:08:38.092 I/ReactNativeJS(30359): [VROOM-TEL] 2026-06-04T18:08:38.092Z | CAM_FOLLOW_PUSH | {"t":1780596518092,"lat":51.351225,"lng":19.374844,"hdg":68,"snapHdg":68,"speedKmh":29,"exploring":false,"source":"drive_marker_sv_60fps"}
06-04 20:08:38.159 I/ReactNativeJS(30359): [VROOM-TEL] 2026-06-04T18:08:38.159Z | DRIVE_TRACE_CAMERA | {"t":1780596518159,"seq":1157,"gpsTickId":1780596517955,"gpsTickAgeMs":191,"lat":51.351227,"lng":19.374851,"hdg":68,"speedKmh":28.7,"exploring":false,"frameMoveM":0}
06-04 20:08:38.378 I/ReactNativeJS(30359): [VROOM-TEL] 2026-06-04T18:08:38.378Z | CAMERA_HEADING | {"t":1780596518378,"speedKmh":29,"movedM":0.13,"moveBearing":null,"snapHdg":68,"headingOut":68,"flipFromPrevDeg":0,"lookaheadM":27,"nativeFollow":true}
06-04 20:08:38.460 I/ReactNativeJS(30359): [VROOM-TEL] 2026-06-04T18:08:38.460Z | DRIVE_TRACE_CAMERA | {"t":1780596518460,"seq":1158,"gpsTickId":1780596517955,"gpsTickAgeMs":492,"lat":51.351234,"lng":19.374882,"hdg":68,"speedKmh":28.7,"exploring":false,"frameMoveM":0}
06-04 20:08:38.776 I/ReactNativeJS(30359): [VROOM-TEL] 2026-06-04T18:08:38.776Z | DRIVE_TRACE_CAMERA | {"t":1780596518776,"seq":1159,"gpsTickId":1780596517955,"gpsTickAgeMs":808,"lat":51.351243,"lng":19.374914,"hdg":68,"speedKmh":28.7,"exploring":false,"frameMoveM":0}
06-04 20:08:38.893 I/ReactNativeJS(30359): [VROOM-TEL] 2026-06-04T18:08:38.893Z | CAM_FOLLOW_PUSH | {"t":1780596518893,"lat":51.351244,"lng":19.374922,"hdg":82,"snapHdg":82,"speedKmh":29,"exploring":false,"source":"drive_marker_sv_60fps"}
06-04 20:08:38.978 I/ReactNativeJS(30359): [VROOM-TEL] 2026-06-04T18:08:38.978Z | RAW_GPS_TICK | {"t":1780596518978,"gpsTickId":1780596518954,"gpsTickAgeMs":0,"lat":51.351169,"lng":19.375362,"speed":7.44,"speedKmh":26.8,"accuracy":4,"osTimestamp":1780596518954,"tripActive":true,"appState":"active"}
06-04 20:08:38.978 I/ReactNativeJS(30359): [VROOM-TEL] 2026-06-04T18:08:38.978Z | DRIVE_TRACE_RAW | {"t":1780596518978,"seq":1160,"gpsTickId":1780596518954,"gpsTickAgeMs":0,"rawLat":51.351169,"rawLng":19.375362,"accM":4,"speedKmh":26.8,"speedMs":7.4,"heading":140,"tripActive":true,"driving":true,"navigating":false,"osTimestamp":1780596518954}
06-04 20:08:38.980 I/ReactNativeJS(30359): [VROOM-TEL] 2026-06-04T18:08:38.980Z | DRIVE_TRACE_FEED | {"t":1780596518980,"seq":1161,"gpsTickId":1780596518954,"gpsTickAgeMs":2,"lat":51.351266,"lng":19.375004,"hdg":130,"durationMs":797,"speedKmh":30.4}
06-04 20:08:38.981 I/ReactNativeJS(30359): [VROOM-TEL] 2026-06-04T18:08:38.981Z | DRIVE_TRACE_TICK | {"t":1780596518981,"seq":1162,"gpsTickId":1780596518954,"gpsTickAgeMs":2,"rawLat":51.351169,"rawLng":19.375362,"snapLat":51.351266,"snapLng":19.375004,"markerLat":51.351266,"markerLng":19.375004,"markerHdg":130,"markerSvLat":51.351244,"markerSvLng":19.374922,"markerSvHdg":94,"accM":4,"hudKmh":30.4,"engineKmh":30.4,"dopplerKmh":26.8,"feedDurMs":797,"cadenceMs":991,"feedSpeedMs":8.4,"isNavigating":false,"isFreeDrive":true,"isMoving":true,"feedSkipGate":false,"feedAccepted":true,"feedHeadingOnly":false,"source":"drive_core_v2"}
06-04 20:08:38.981 I/ReactNativeJS(30359): [VROOM-TEL] 2026-06-04T18:08:38.981Z | GPS_ACCEPT | {"lat":51.351169,"lng":19.375362,"acc":4,"speedKmh":26.8,"gpsLock":true}
06-04 20:08:39.094 I/ReactNativeJS(30359): [VROOM-TEL] 2026-06-04T18:08:39.094Z | DRIVE_TRACE_CAMERA | {"t":1780596519094,"seq":1163,"gpsTickId":1780596518954,"gpsTickAgeMs":116,"lat":51.351246,"lng":19.374928,"hdg":105,"speedKmh":30.4,"exploring":false,"frameMoveM":0}
06-04 20:08:39.410 I/ReactNativeJS(30359): [VROOM-TEL] 2026-06-04T18:08:39.409Z | DRIVE_TRACE_CAMERA | {"t":1780596519409,"seq":1164,"gpsTickId":1780596518954,"gpsTickAgeMs":431,"lat":51.351256,"lng":19.374966,"hdg":130,"speedKmh":30.4,"exploring":false,"frameMoveM":0}
06-04 20:08:39.493 I/ReactNativeJS(30359): [VROOM-TEL] 2026-06-04T18:08:39.493Z | CAMERA_HEADING | {"t":1780596519493,"speedKmh":30,"movedM":0.12,"moveBearing":null,"snapHdg":130,"headingOut":130,"flipFromPrevDeg":0,"lookaheadM":27,"nativeFollow":true}
06-04 20:08:39.693 I/ReactNativeJS(30359): [VROOM-TEL] 2026-06-04T18:08:39.693Z | CAM_FOLLOW_PUSH | {"t":1780596519693,"lat":51.351263,"lng":19.374996,"hdg":130,"snapHdg":130,"speedKmh":30,"exploring":false,"source":"drive_marker_sv_60fps"}
06-04 20:08:39.709 I/ReactNativeJS(30359): [VROOM-TEL] 2026-06-04T18:08:39.709Z | DRIVE_TRACE_CAMERA | {"t":1780596519709,"seq":1165,"gpsTickId":1780596518954,"gpsTickAgeMs":731,"lat":51.351264,"lng":19.374997,"hdg":130,"speedKmh":30.4,"exploring":false,"frameMoveM":0}
06-04 20:08:39.978 I/ReactNativeJS(30359): [VROOM-TEL] 2026-06-04T18:08:39.978Z | RAW_GPS_TICK | {"t":1780596519978,"gpsTickId":1780596519955,"gpsTickAgeMs":0,"lat":51.351112,"lng":19.375409,"speed":7.27,"speedKmh":26.2,"accuracy":4,"osTimestamp":1780596519955,"tripActive":true,"appState":"active"}
06-04 20:08:39.978 I/ReactNativeJS(30359): [VROOM-TEL] 2026-06-04T18:08:39.978Z | DRIVE_TRACE_RAW | {"t":1780596519978,"seq":1166,"gpsTickId":1780596519955,"gpsTickAgeMs":0,"rawLat":51.351112,"rawLng":19.375409,"accM":4,"speedKmh":26.2,"speedMs":7.3,"heading":151,"tripActive":true,"driving":true,"navigating":false,"osTimestamp":1780596519955}
06-04 20:08:39.981 I/ReactNativeJS(30359): [VROOM-TEL] 2026-06-04T18:08:39.981Z | DRIVE_TRACE_FEED | {"t":1780596519981,"seq":1167,"gpsTickId":1780596519955,"gpsTickAgeMs":3,"lat":51.351253,"lng":19.375098,"hdg":147,"durationMs":802,"speedKmh":29.8}
06-04 20:08:39.981 I/ReactNativeJS(30359): [VROOM-TEL] 2026-06-04T18:08:39.981Z | DRIVE_TRACE_TICK | {"t":1780596519981,"seq":1168,"gpsTickId":1780596519955,"gpsTickAgeMs":3,"rawLat":51.351112,"rawLng":19.375409,"snapLat":51.351253,"snapLng":19.375098,"markerLat":51.351253,"markerLng":19.375098,"markerHdg":147,"markerSvLat":51.351262,"markerSvLng":19.375012,"markerSvHdg":130,"accM":4,"hudKmh":29.8,"engineKmh":29.8,"dopplerKmh":26.2,"feedDurMs":802,"cadenceMs":994,"feedSpeedMs":8.3,"isNavigating":false,"isFreeDrive":true,"isMoving":true,"feedSkipGate":false,"feedAccepted":true,"feedHeadingOnly":false,"source":"drive_core_v2"}
06-04 20:08:39.981 I/ReactNativeJS(30359): [VROOM-TEL] 2026-06-04T18:08:39.981Z | GPS_ACCEPT | {"lat":51.351112,"lng":19.375409,"acc":4,"speedKmh":26.2,"gpsLock":true}
06-04 20:08:40.009 I/ReactNativeJS(30359): [VROOM-TEL] 2026-06-04T18:08:40.009Z | DRIVE_TRACE_CAMERA | {"t":1780596520009,"seq":1169,"gpsTickId":1780596519955,"gpsTickAgeMs":31,"lat":51.351261,"lng":19.375015,"hdg":133,"speedKmh":29.8,"exploring":false,"frameMoveM":0}
06-04 20:08:40.309 I/ReactNativeJS(30359): [VROOM-TEL] 2026-06-04T18:08:40.309Z | DRIVE_TRACE_CAMERA | {"t":1780596520309,"seq":1170,"gpsTickId":1780596519955,"gpsTickAgeMs":331,"lat":51.351258,"lng":19.375047,"hdg":147,"speedKmh":29.8,"exploring":false,"frameMoveM":0}
06-04 20:08:40.493 I/ReactNativeJS(30359): [VROOM-TEL] 2026-06-04T18:08:40.493Z | CAM_FOLLOW_PUSH | {"t":1780596520493,"lat":51.351256,"lng":19.375067,"hdg":147,"snapHdg":147,"speedKmh":30,"exploring":false,"source":"drive_marker_sv_60fps"}
06-04 20:08:40.593 I/ReactNativeJS(30359): [VROOM-TEL] 2026-06-04T18:08:40.593Z | CAMERA_HEADING | {"t":1780596520593,"speedKmh":30,"movedM":0.12,"moveBearing":null,"snapHdg":147,"headingOut":147,"flipFromPrevDeg":0,"lookaheadM":27,"nativeFollow":true}
06-04 20:08:40.609 I/ReactNativeJS(30359): [VROOM-TEL] 2026-06-04T18:08:40.609Z | DRIVE_TRACE_CAMERA | {"t":1780596520609,"seq":1171,"gpsTickId":1780596519955,"gpsTickAgeMs":631,"lat":51.351255,"lng":19.375079,"hdg":147,"speedKmh":29.8,"exploring":false,"frameMoveM":0}
06-04 20:08:40.642 I/ReactNativeJS(30359): [VROOM-TEL] 2026-06-04T18:08:40.642Z | DRIVE_TRACE_HEARTBEAT | {"t":1780596520642,"seq":1172,"gpsTickId":1780596519955,"gpsTickAgeMs":664,"driving":true,"navigating":false,"tripActive":true,"lat":51.3511117,"lng":19.3754092,"gpsAgeMs":664}
06-04 20:08:40.980 I/ReactNativeJS(30359): [VROOM-TEL] 2026-06-04T18:08:40.980Z | RAW_GPS_TICK | {"t":1780596520980,"gpsTickId":1780596520953,"gpsTickAgeMs":0,"lat":51.351051,"lng":19.375462,"speed":7.8,"speedKmh":28.1,"accuracy":4,"osTimestamp":1780596520953,"tripActive":true,"appState":"active"}
06-04 20:08:40.980 I/ReactNativeJS(30359): [VROOM-TEL] 2026-06-04T18:08:40.980Z | DRIVE_TRACE_RAW | {"t":1780596520980,"seq":1173,"gpsTickId":1780596520953,"gpsTickAgeMs":0,"rawLat":51.351051,"rawLng":19.375462,"accM":4,"speedKmh":28.1,"speedMs":7.8,"heading":151,"tripActive":true,"driving":true,"navigating":false,"osTimestamp":1780596520953}
06-04 20:08:40.982 I/ReactNativeJS(30359): [VROOM-TEL] 2026-06-04T18:08:40.982Z | DRIVE_TRACE_FEED | {"t":1780596520982,"seq":1174,"gpsTickId":1780596520953,"gpsTickAgeMs":2,"lat":51.351217,"lng":19.375178,"hdg":152,"durationMs":792,"speedKmh":31.1}
06-04 20:08:40.983 I/ReactNativeJS(30359): [VROOM-TEL] 2026-06-04T18:08:40.983Z | DRIVE_TRACE_TICK | {"t":1780596520983,"seq":1175,"gpsTickId":1780596520953,"gpsTickAgeMs":3,"rawLat":51.351051,"rawLng":19.375462,"snapLat":51.351217,"snapLng":19.375178,"markerLat":51.351217,"markerLng":19.375178,"markerHdg":152,"markerSvLat":51.351248,"markerSvLng":19.375103,"markerSvHdg":147,"accM":4,"hudKmh":31.1,"engineKmh":31.1,"dopplerKmh":28.1,"feedDurMs":792,"cadenceMs":997,"feedSpeedMs":8.6,"isNavigating":false,"isFreeDrive":true,"isMoving":true,"feedSkipGate":false,"feedAccepted":true,"feedHeadingOnly":false,"source":"drive_core_v2"}
06-04 20:08:40.983 I/ReactNativeJS(30359): [VROOM-TEL] 2026-06-04T18:08:40.983Z | GPS_ACCEPT | {"lat":51.351051,"lng":19.375462,"acc":4,"speedKmh":28.1,"gpsLock":true}
06-04 20:08:41.049 I/ReactNativeJS(30359): [VROOM-TEL] 2026-06-04T18:08:41.049Z | DRIVE_TRACE_CAMERA | {"t":1780596521049,"seq":1176,"gpsTickId":1780596520953,"gpsTickAgeMs":69,"lat":51.351247,"lng":19.375106,"hdg":144,"speedKmh":31.1,"exploring":false,"frameMoveM":0}
06-04 20:08:41.293 I/ReactNativeJS(30359): [VROOM-TEL] 2026-06-04T18:08:41.293Z | CAM_FOLLOW_PUSH | {"t":1780596521293,"lat":51.351236,"lng":19.375132,"hdg":124,"snapHdg":124,"speedKmh":31,"exploring":false,"source":"drive_marker_sv_60fps"}
06-04 20:08:41.359 I/ReactNativeJS(30359): [VROOM-TEL] 2026-06-04T18:08:41.359Z | DRIVE_TRACE_CAMERA | {"t":1780596521359,"seq":1177,"gpsTickId":1780596520953,"gpsTickAgeMs":379,"lat":51.351233,"lng":19.375139,"hdg":124,"speedKmh":31.1,"exploring":false,"frameMoveM":0}
06-04 20:08:41.660 I/ReactNativeJS(30359): [VROOM-TEL] 2026-06-04T18:08:41.660Z | DRIVE_TRACE_CAMERA | {"t":1780596521660,"seq":1178,"gpsTickId":1780596520953,"gpsTickAgeMs":680,"lat":51.351221,"lng":19.375167,"hdg":124,"speedKmh":31.1,"exploring":false,"frameMoveM":0}
06-04 20:08:41.693 I/ReactNativeJS(30359): [VROOM-TEL] 2026-06-04T18:08:41.693Z | CAMERA_HEADING | {"t":1780596521693,"speedKmh":31,"movedM":0.13,"moveBearing":null,"snapHdg":124,"headingOut":124,"flipFromPrevDeg":0,"lookaheadM":27,"nativeFollow":true}
06-04 20:08:42.074 I/ReactNativeJS(30359): [VROOM-TEL] 2026-06-04T18:08:42.073Z | RAW_GPS_TICK | {"t":1780596522073,"gpsTickId":1780596521955,"gpsTickAgeMs":0,"lat":51.350983,"lng":19.375519,"speed":8.47,"speedKmh":30.5,"accuracy":4,"osTimestamp":1780596521955,"tripActive":true,"appState":"active"}
06-04 20:08:42.074 I/ReactNativeJS(30359): [VROOM-TEL] 2026-06-04T18:08:42.074Z | DRIVE_TRACE_RAW | {"t":1780596522074,"seq":1179,"gpsTickId":1780596521955,"gpsTickAgeMs":1,"rawLat":51.350983,"rawLng":19.375519,"accM":4,"speedKmh":30.5,"speedMs":8.5,"heading":151,"tripActive":true,"driving":true,"navigating":false,"osTimestamp":1780596521955}
06-04 20:08:42.075 I/ReactNativeJS(30359): [VROOM-TEL] 2026-06-04T18:08:42.075Z | DRIVE_TRACE_FEED | {"t":1780596522075,"seq":1180,"gpsTickId":1780596521955,"gpsTickAgeMs":2,"lat":51.351169,"lng":19.375237,"hdg":152,"durationMs":795,"speedKmh":30.7}
06-04 20:08:42.075 I/ReactNativeJS(30359): [VROOM-TEL] 2026-06-04T18:08:42.075Z | DRIVE_TRACE_TICK | {"t":1780596522075,"seq":1181,"gpsTickId":1780596521955,"gpsTickAgeMs":2,"rawLat":51.350983,"rawLng":19.375519,"snapLat":51.351169,"snapLng":19.375237,"markerLat":51.351169,"markerLng":19.375237,"markerHdg":152,"markerSvLat":51.351212,"markerSvLng":19.375187,"markerSvHdg":147,"accM":4,"hudKmh":30.7,"engineKmh":30.7,"dopplerKmh":30.5,"feedDurMs":795,"cadenceMs":1031,"feedSpeedMs":8.5,"isNavigating":false,"isFreeDrive":true,"isMoving":true,"feedSkipGate":false,"feedAccepted":true,"feedHeadingOnly":false,"source":"drive_core_v2"}
06-04 20:08:42.075 I/ReactNativeJS(30359): [VROOM-TEL] 2026-06-04T18:08:42.075Z | GPS_ACCEPT | {"lat":51.350983,"lng":19.375519,"acc":4,"speedKmh":30.5,"gpsLock":true}
06-04 20:08:42.167 I/ReactNativeJS(30359): [VROOM-TEL] 2026-06-04T18:08:42.167Z | CAM_FOLLOW_PUSH | {"t":1780596522167,"lat":51.351211,"lng":19.375188,"hdg":144,"snapHdg":144,"speedKmh":31,"exploring":false,"source":"drive_marker_sv_60fps"}
06-04 20:08:42.167 I/ReactNativeJS(30359): [VROOM-TEL] 2026-06-04T18:08:42.167Z | DRIVE_TRACE_CAMERA | {"t":1780596522167,"seq":1182,"gpsTickId":1780596521955,"gpsTickAgeMs":94,"lat":51.351211,"lng":19.375188,"hdg":144,"speedKmh":30.7,"exploring":false,"frameMoveM":0}
06-04 20:08:42.476 I/ReactNativeJS(30359): [VROOM-TEL] 2026-06-04T18:08:42.476Z | DRIVE_TRACE_CAMERA | {"t":1780596522476,"seq":1183,"gpsTickId":1780596521955,"gpsTickAgeMs":403,"lat":51.35119,"lng":19.375212,"hdg":144,"speedKmh":30.7,"exploring":false,"frameMoveM":0}
06-04 20:08:42.776 I/ReactNativeJS(30359): [VROOM-TEL] 2026-06-04T18:08:42.776Z | DRIVE_TRACE_CAMERA | {"t":1780596522776,"seq":1184,"gpsTickId":1780596521955,"gpsTickAgeMs":703,"lat":51.351174,"lng":19.375232,"hdg":144,"speedKmh":30.7,"exploring":false,"frameMoveM":0}
06-04 20:08:42.793 I/ReactNativeJS(30359): [VROOM-TEL] 2026-06-04T18:08:42.793Z | CAMERA_HEADING | {"t":1780596522793,"speedKmh":31,"movedM":0.13,"moveBearing":null,"snapHdg":144,"headingOut":144,"flipFromPrevDeg":0,"lookaheadM":27,"nativeFollow":true}
06-04 20:08:42.983 I/ReactNativeJS(30359): [VROOM-TEL] 2026-06-04T18:08:42.983Z | RAW_GPS_TICK | {"t":1780596522983,"gpsTickId":1780596522953,"gpsTickAgeMs":0,"lat":51.350915,"lng":19.375577,"speed":8.74,"speedKmh":31.5,"accuracy":4,"osTimestamp":1780596522953,"tripActive":true,"appState":"active"}
06-04 20:08:42.983 I/ReactNativeJS(30359): [VROOM-TEL] 2026-06-04T18:08:42.983Z | DRIVE_TRACE_RAW | {"t":1780596522983,"seq":1185,"gpsTickId":1780596522953,"gpsTickAgeMs":0,"rawLat":51.350915,"rawLng":19.375577,"accM":4,"speedKmh":31.5,"speedMs":8.7,"heading":152,"tripActive":true,"driving":true,"navigating":false,"osTimestamp":1780596522953}
06-04 20:08:42.985 I/ReactNativeJS(30359): [VROOM-TEL] 2026-06-04T18:08:42.985Z | DRIVE_TRACE_FEED | {"t":1780596522985,"seq":1186,"gpsTickId":1780596522953,"gpsTickAgeMs":2,"lat":51.351111,"lng":19.375284,"hdg":152,"durationMs":778,"speedKmh":33.1}
06-04 20:08:42.986 I/ReactNativeJS(30359): [VROOM-TEL] 2026-06-04T18:08:42.986Z | DRIVE_TRACE_TICK | {"t":1780596522986,"seq":1187,"gpsTickId":1780596522953,"gpsTickAgeMs":3,"rawLat":51.350915,"rawLng":19.375577,"snapLat":51.351111,"snapLng":19.375284,"markerLat":51.351111,"markerLng":19.375284,"markerHdg":152,"markerSvLat":51.351164,"markerSvLng":19.375243,"markerSvHdg":146,"accM":4,"hudKmh":33.1,"engineKmh":33.1,"dopplerKmh":31.5,"feedDurMs":778,"cadenceMs":989,"feedSpeedMs":9.2,"isNavigating":false,"isFreeDrive":true,"isMoving":true,"feedSkipGate":false,"feedAccepted":true,"feedHeadingOnly":false,"source":"drive_core_v2"}
06-04 20:08:42.986 I/ReactNativeJS(30359): [VROOM-TEL] 2026-06-04T18:08:42.986Z | GPS_ACCEPT | {"lat":51.350915,"lng":19.375577,"acc":4,"speedKmh":34.1,"gpsLock":true}
06-04 20:08:43.057 I/ReactNativeJS(30359): [VROOM-TEL] 2026-06-04T18:08:43.057Z | CAM_FOLLOW_PUSH | {"t":1780596523057,"lat":51.351163,"lng":19.375244,"hdg":149,"snapHdg":149,"speedKmh":33,"exploring":false,"source":"drive_marker_sv_60fps"}
06-04 20:08:43.087 I/ReactNativeJS(30359): [VROOM-TEL] 2026-06-04T18:08:43.087Z | DRIVE_TRACE_CAMERA | {"t":1780596523087,"seq":1188,"gpsTickId":1780596522953,"gpsTickAgeMs":104,"lat":51.351161,"lng":19.375245,"hdg":154,"speedKmh":33.1,"exploring":false,"frameMoveM":0}
06-04 20:08:43.393 I/ReactNativeJS(30359): [VROOM-TEL] 2026-06-04T18:08:43.393Z | DRIVE_TRACE_CAMERA | {"t":1780596523393,"seq":1189,"gpsTickId":1780596522953,"gpsTickAgeMs":410,"lat":51.351136,"lng":19.375264,"hdg":154,"speedKmh":33.1,"exploring":false,"frameMoveM":0}
06-04 20:08:43.710 I/ReactNativeJS(30359): [VROOM-TEL] 2026-06-04T18:08:43.710Z | DRIVE_TRACE_CAMERA | {"t":1780596523710,"seq":1190,"gpsTickId":1780596522953,"gpsTickAgeMs":727,"lat":51.351115,"lng":19.375281,"hdg":154,"speedKmh":33.1,"exploring":false,"frameMoveM":0}
06-04 20:08:43.860 I/ReactNativeJS(30359): [VROOM-TEL] 2026-06-04T18:08:43.860Z | CAM_FOLLOW_PUSH | {"t":1780596523860,"lat":51.351105,"lng":19.375289,"hdg":147,"snapHdg":147,"speedKmh":33,"exploring":false,"source":"drive_marker_sv_60fps"}
06-04 20:08:43.977 I/ReactNativeJS(30359): [VROOM-TEL] 2026-06-04T18:08:43.977Z | RAW_GPS_TICK | {"t":1780596523977,"gpsTickId":1780596523955,"gpsTickAgeMs":0,"lat":51.350847,"lng":19.375628,"speed":8.32,"speedKmh":30,"accuracy":4,"osTimestamp":1780596523955,"tripActive":true,"appState":"active"}
06-04 20:08:43.977 I/ReactNativeJS(30359): [VROOM-TEL] 2026-06-04T18:08:43.977Z | DRIVE_TRACE_RAW | {"t":1780596523977,"seq":1191,"gpsTickId":1780596523955,"gpsTickAgeMs":0,"rawLat":51.350847,"rawLng":19.375628,"accM":4,"speedKmh":30,"speedMs":8.3,"heading":154,"tripActive":true,"driving":true,"navigating":false,"osTimestamp":1780596523955}
06-04 20:08:43.979 I/ReactNativeJS(30359): [VROOM-TEL] 2026-06-04T18:08:43.979Z | DRIVE_TRACE_FEED | {"t":1780596523979,"seq":1192,"gpsTickId":1780596523955,"gpsTickAgeMs":2,"lat":51.351051,"lng":19.375317,"hdg":154,"durationMs":778,"speedKmh":33.1}
06-04 20:08:43.980 I/ReactNativeJS(30359): [VROOM-TEL] 2026-06-04T18:08:43.980Z | DRIVE_TRACE_TICK | {"t":1780596523980,"seq":1193,"gpsTickId":1780596523955,"gpsTickAgeMs":3,"rawLat":51.350847,"rawLng":19.375628,"snapLat":51.351051,"snapLng":19.375317,"markerLat":51.351051,"markerLng":19.375317,"markerHdg":154,"markerSvLat":51.351104,"markerSvLng":19.37529,"markerSvHdg":147,"accM":4,"hudKmh":33.1,"engineKmh":33.1,"dopplerKmh":30,"feedDurMs":778,"cadenceMs":991,"feedSpeedMs":9.2,"isNavigating":false,"isFreeDrive":true,"isMoving":true,"feedSkipGate":false,"feedAccepted":true,"feedHeadingOnly":false,"source":"drive_core_v2"}
06-04 20:08:43.980 I/ReactNativeJS(30359): [VROOM-TEL] 2026-06-04T18:08:43.980Z | GPS_ACCEPT | {"lat":51.350847,"lng":19.375628,"acc":4,"speedKmh":30,"gpsLock":true}
06-04 20:08:44.024 I/ReactNativeJS(30359): [VROOM-TEL] 2026-06-04T18:08:44.023Z | CAMERA_HEADING | {"t":1780596524023,"speedKmh":33,"movedM":0.24,"moveBearing":null,"snapHdg":153,"headingOut":153,"flipFromPrevDeg":6,"lookaheadM":27,"nativeFollow":true}
06-04 20:08:44.028 I/ReactNativeJS(30359): [VROOM-TEL] 2026-06-04T18:08:44.028Z | DRIVE_TRACE_CAMERA | {"t":1780596524028,"seq":1194,"gpsTickId":1780596523955,"gpsTickAgeMs":51,"lat":51.351103,"lng":19.375291,"hdg":150,"speedKmh":33.1,"exploring":false,"frameMoveM":0}
06-04 20:08:44.347 I/ReactNativeJS(30359): [VROOM-TEL] 2026-06-04T18:08:44.347Z | DRIVE_TRACE_CAMERA | {"t":1780596524347,"seq":1195,"gpsTickId":1780596523955,"gpsTickAgeMs":369,"lat":51.351079,"lng":19.375303,"hdg":163,"speedKmh":33.1,"exploring":false,"frameMoveM":0}
06-04 20:08:44.660 I/ReactNativeJS(30359): [VROOM-TEL] 2026-06-04T18:08:44.660Z | CAM_FOLLOW_PUSH | {"t":1780596524660,"lat":51.351057,"lng":19.375314,"hdg":163,"snapHdg":163,"speedKmh":33,"exploring":false,"source":"drive_marker_sv_60fps"}
06-04 20:08:44.660 I/ReactNativeJS(30359): [VROOM-TEL] 2026-06-04T18:08:44.660Z | DRIVE_TRACE_CAMERA | {"t":1780596524660,"seq":1196,"gpsTickId":1780596523955,"gpsTickAgeMs":683,"lat":51.351057,"lng":19.375314,"hdg":163,"speedKmh":33.1,"exploring":false,"frameMoveM":0}
06-04 20:08:44.978 I/ReactNativeJS(30359): [VROOM-TEL] 2026-06-04T18:08:44.977Z | RAW_GPS_TICK | {"t":1780596524977,"gpsTickId":1780596524955,"gpsTickAgeMs":0,"lat":51.350782,"lng":19.375672,"speed":7.8,"speedKmh":28.1,"accuracy":4,"osTimestamp":1780596524955,"tripActive":true,"appState":"active"}
06-04 20:08:44.978 I/ReactNativeJS(30359): [VROOM-TEL] 2026-06-04T18:08:44.978Z | DRIVE_TRACE_RAW | {"t":1780596524978,"seq":1197,"gpsTickId":1780596524955,"gpsTickAgeMs":1,"rawLat":51.350782,"rawLng":19.375672,"accM":4,"speedKmh":28.1,"speedMs":7.8,"heading":156,"tripActive":true,"driving":true,"navigating":false,"osTimestamp":1780596524955}
06-04 20:08:44.989 I/ReactNativeJS(30359): [VROOM-TEL] 2026-06-04T18:08:44.989Z | DRIVE_TRACE_FEED | {"t":1780596524989,"seq":1198,"gpsTickId":1780596524955,"gpsTickAgeMs":12,"lat":51.350833,"lng":19.375406,"hdg":156,"durationMs":1200,"speedKmh":33.2}
06-04 20:08:44.989 I/ReactNativeJS(30359): [VROOM-TEL] 2026-06-04T18:08:44.989Z | DRIVE_TRACE_TICK | {"t":1780596524989,"seq":1199,"gpsTickId":1780596524955,"gpsTickAgeMs":12,"rawLat":51.350782,"rawLng":19.375672,"snapLat":51.350833,"snapLng":19.375406,"markerLat":51.350833,"markerLng":19.375406,"markerHdg":156,"markerSvLat":51.351042,"markerSvLng":19.375324,"markerSvHdg":148,"accM":4,"hudKmh":33.2,"engineKmh":33.2,"dopplerKmh":28.1,"feedDurMs":1200,"cadenceMs":994,"feedSpeedMs":9.2,"isNavigating":false,"isFreeDrive":true,"isMoving":true,"feedSkipGate":false,"feedAccepted":true,"feedHeadingOnly":false,"source":"drive_core_v2"}
06-04 20:08:44.989 I/ReactNativeJS(30359): [VROOM-TEL] 2026-06-04T18:08:44.989Z | GPS_ACCEPT | {"lat":51.350782,"lng":19.375672,"acc":4,"speedKmh":28.3,"gpsLock":true}
06-04 20:08:45.076 I/ReactNativeJS(30359): [VROOM-TEL] 2026-06-04T18:08:45.076Z | DRIVE_TRACE_CAMERA | {"t":1780596525076,"seq":1200,"gpsTickId":1780596524955,"gpsTickAgeMs":99,"lat":51.351038,"lng":19.375325,"hdg":151,"speedKmh":33.2,"exploring":false,"frameMoveM":0}
06-04 20:08:45.126 I/ReactNativeJS(30359): [VROOM-TEL] 2026-06-04T18:08:45.126Z | CAMERA_HEADING | {"t":1780596525126,"speedKmh":33,"movedM":0.68,"moveBearing":null,"snapHdg":166,"headingOut":166,"flipFromPrevDeg":1,"lookaheadM":27,"nativeFollow":true}
06-04 20:08:45.376 I/ReactNativeJS(30359): [VROOM-TEL] 2026-06-04T18:08:45.376Z | DRIVE_TRACE_CAMERA | {"t":1780596525376,"seq":1201,"gpsTickId":1780596524955,"gpsTickAgeMs":399,"lat":51.350975,"lng":19.37535,"hdg":166,"speedKmh":33.2,"exploring":false,"frameMoveM":0}
06-04 20:08:45.464 I/ReactNativeJS(30359): [VROOM-TEL] 2026-06-04T18:08:45.464Z | CAM_FOLLOW_PUSH | {"t":1780596525464,"lat":51.35096,"lng":19.375356,"hdg":166,"snapHdg":166,"speedKmh":33,"exploring":false,"source":"drive_marker_sv_60fps"}
06-04 20:08:45.663 I/ReactNativeJS(30359): [VROOM-TEL] 2026-06-04T18:08:45.663Z | DRIVE_TRACE_HEARTBEAT | {"t":1780596525663,"seq":1202,"gpsTickId":1780596524955,"gpsTickAgeMs":686,"driving":true,"navigating":false,"tripActive":true,"lat":51.3507819,"lng":19.3756723,"gpsAgeMs":686}
06-04 20:08:45.665 I/ReactNativeJS(30359): [VROOM-TEL] 2026-06-04T18:08:45.665Z | DRIVE_HEALTH | {"t":1780596525665,"mode":"driving","speedHudKmh":33.2,"speedPipeKmh":33.2,"gpsAgeMs":688,"drAgeMs":676,"gpsToDriftM":19,"snapAnchorDriftM":0,"offRoute":false,"reroutePending":false,"rerouteLoading":false,"hasRoutePts":0}
06-04 20:08:45.676 I/ReactNativeJS(30359): [VROOM-TEL] 2026-06-04T18:08:45.676Z | DRIVE_TRACE_CAMERA | {"t":1780596525676,"seq":1203,"gpsTickId":1780596524955,"gpsTickAgeMs":699,"lat":51.350922,"lng":19.375371,"hdg":166,"speedKmh":33.2,"exploring":false,"frameMoveM":0}
06-04 20:08:45.978 I/ReactNativeJS(30359): [VROOM-TEL] 2026-06-04T18:08:45.977Z | DRIVE_TRACE_CAMERA | {"t":1780596525977,"seq":1204,"gpsTickId":1780596524955,"gpsTickAgeMs":1000,"lat":51.35087,"lng":19.375391,"hdg":166,"speedKmh":33.2,"exploring":false,"frameMoveM":0}
06-04 20:08:45.979 I/ReactNativeJS(30359): [VROOM-TEL] 2026-06-04T18:08:45.979Z | RAW_GPS_TICK | {"t":1780596525979,"gpsTickId":1780596525955,"gpsTickAgeMs":0,"lat":51.350721,"lng":19.375708,"speed":7.25,"speedKmh":26.1,"accuracy":4,"osTimestamp":1780596525955,"tripActive":true,"appState":"active"}
06-04 20:08:45.979 I/ReactNativeJS(30359): [VROOM-TEL] 2026-06-04T18:08:45.979Z | DRIVE_TRACE_RAW | {"t":1780596525979,"seq":1205,"gpsTickId":1780596525955,"gpsTickAgeMs":0,"rawLat":51.350721,"rawLng":19.375708,"accM":4,"speedKmh":26.1,"speedMs":7.3,"heading":159,"tripActive":true,"driving":true,"navigating":false,"osTimestamp":1780596525955}
06-04 20:08:45.986 I/ReactNativeJS(30359): [VROOM-TEL] 2026-06-04T18:08:45.986Z | DRIVE_TRACE_FEED | {"t":1780596525986,"seq":1206,"gpsTickId":1780596525955,"gpsTickAgeMs":7,"lat":51.350769,"lng":19.375421,"hdg":158,"durationMs":779,"speedKmh":32.9}
06-04 20:08:45.987 I/ReactNativeJS(30359): [VROOM-TEL] 2026-06-04T18:08:45.987Z | DRIVE_TRACE_TICK | {"t":1780596525987,"seq":1207,"gpsTickId":1780596525955,"gpsTickAgeMs":8,"rawLat":51.350721,"rawLng":19.375708,"snapLat":51.350769,"snapLng":19.375421,"markerLat":51.350769,"markerLng":19.375421,"markerHdg":158,"markerSvLat":51.35087,"markerSvLng":19.375391,"markerSvHdg":166,"accM":4,"hudKmh":32.9,"engineKmh":32.9,"dopplerKmh":26.1,"feedDurMs":779,"cadenceMs":996,"feedSpeedMs":9.1,"isNavigating":false,"isFreeDrive":true,"isMoving":true,"feedSkipGate":false,"feedAccepted":true,"feedHeadingOnly":false,"source":"drive_core_v2"}
06-04 20:08:45.987 I/ReactNativeJS(30359): [VROOM-TEL] 2026-06-04T18:08:45.987Z | GPS_ACCEPT | {"lat":51.350721,"lng":19.375708,"acc":4,"speedKmh":26.1,"gpsLock":true}
06-04 20:08:46.226 I/ReactNativeJS(30359): [VROOM-TEL] 2026-06-04T18:08:46.226Z | CAMERA_HEADING | {"t":1780596526226,"speedKmh":33,"movedM":0.25,"moveBearing":null,"snapHdg":170,"headingOut":170,"flipFromPrevDeg":0,"lookaheadM":27,"nativeFollow":true}
06-04 20:08:46.277 I/ReactNativeJS(30359): [VROOM-TEL] 2026-06-04T18:08:46.277Z | CAM_FOLLOW_PUSH | {"t":1780596526277,"lat":51.350833,"lng":19.375402,"hdg":170,"snapHdg":170,"speedKmh":33,"exploring":false,"source":"drive_marker_sv_60fps"}
06-04 20:08:46.277 I/ReactNativeJS(30359): [VROOM-TEL] 2026-06-04T18:08:46.277Z | DRIVE_TRACE_CAMERA | {"t":1780596526277,"seq":1208,"gpsTickId":1780596525955,"gpsTickAgeMs":298,"lat":51.350833,"lng":19.375402,"hdg":170,"speedKmh":32.9,"exploring":false,"frameMoveM":0}
06-04 20:08:46.594 I/ReactNativeJS(30359): [VROOM-TEL] 2026-06-04T18:08:46.593Z | DRIVE_TRACE_CAMERA | {"t":1780596526593,"seq":1209,"gpsTickId":1780596525955,"gpsTickAgeMs":614,"lat":51.350792,"lng":19.375414,"hdg":170,"speedKmh":32.9,"exploring":false,"frameMoveM":0}
06-04 20:08:46.982 I/ReactNativeJS(30359): [VROOM-TEL] 2026-06-04T18:08:46.982Z | RAW_GPS_TICK | {"t":1780596526982,"gpsTickId":1780596526954,"gpsTickAgeMs":0,"lat":51.350664,"lng":19.375738,"speed":6.72,"speedKmh":24.2,"accuracy":4,"osTimestamp":1780596526954,"tripActive":true,"appState":"active"}
06-04 20:08:46.982 I/ReactNativeJS(30359): [VROOM-TEL] 2026-06-04T18:08:46.982Z | DRIVE_TRACE_RAW | {"t":1780596526982,"seq":1210,"gpsTickId":1780596526954,"gpsTickAgeMs":0,"rawLat":51.350664,"rawLng":19.375738,"accM":4,"speedKmh":24.2,"speedMs":6.7,"heading":162,"tripActive":true,"driving":true,"navigating":false,"osTimestamp":1780596526954}
06-04 20:08:46.991 I/ReactNativeJS(30359): [VROOM-TEL] 2026-06-04T18:08:46.990Z | DRIVE_TRACE_FEED | {"t":1780596526990,"seq":1211,"gpsTickId":1780596526954,"gpsTickAgeMs":8,"lat":51.350706,"lng":19.375431,"hdg":161,"durationMs":780,"speedKmh":32.8}
06-04 20:08:46.993 I/ReactNativeJS(30359): [VROOM-TEL] 2026-06-04T18:08:46.993Z | DRIVE_TRACE_TICK | {"t":1780596526993,"seq":1212,"gpsTickId":1780596526954,"gpsTickAgeMs":11,"rawLat":51.350664,"rawLng":19.375738,"snapLat":51.350706,"snapLng":19.375431,"markerLat":51.350706,"markerLng":19.375431,"markerHdg":161,"markerSvLat":51.350761,"markerSvLng":19.375423,"markerSvHdg":167,"accM":4,"hudKmh":32.8,"engineKmh":32.8,"dopplerKmh":24.2,"feedDurMs":780,"cadenceMs":999,"feedSpeedMs":9.1,"isNavigating":false,"isFreeDrive":true,"isMoving":true,"feedSkipGate":false,"feedAccepted":true,"feedHeadingOnly":false,"source":"drive_core_v2"}
06-04 20:08:46.993 I/ReactNativeJS(30359): [VROOM-TEL] 2026-06-04T18:08:46.993Z | GPS_ACCEPT | {"lat":51.350664,"lng":19.375738,"acc":4,"speedKmh":24.2,"gpsLock":true}
06-04 20:08:47.098 I/ReactNativeJS(30359): [VROOM-TEL] 2026-06-04T18:08:47.098Z | CAM_FOLLOW_PUSH | {"t":1780596527098,"lat":51.350759,"lng":19.375424,"hdg":170,"snapHdg":170,"speedKmh":33,"exploring":false,"source":"drive_marker_sv_60fps"}
06-04 20:08:47.099 I/ReactNativeJS(30359): [VROOM-TEL] 2026-06-04T18:08:47.098Z | DRIVE_TRACE_CAMERA | {"t":1780596527098,"seq":1213,"gpsTickId":1780596526954,"gpsTickAgeMs":116,"lat":51.350759,"lng":19.375424,"hdg":170,"speedKmh":32.8,"exploring":false,"frameMoveM":0}
06-04 20:08:47.326 I/ReactNativeJS(30359): [VROOM-TEL] 2026-06-04T18:08:47.326Z | CAMERA_HEADING | {"t":1780596527326,"speedKmh":33,"movedM":0.14,"moveBearing":null,"snapHdg":175,"headingOut":175,"flipFromPrevDeg":0,"lookaheadM":27,"nativeFollow":true}
06-04 20:08:47.411 I/ReactNativeJS(30359): [VROOM-TEL] 2026-06-04T18:08:47.409Z | DRIVE_TRACE_CAMERA | {"t":1780596527409,"seq":1214,"gpsTickId":1780596526954,"gpsTickAgeMs":427,"lat":51.350732,"lng":19.375428,"hdg":175,"speedKmh":32.8,"exploring":false,"frameMoveM":0}
06-04 20:08:47.710 I/ReactNativeJS(30359): [VROOM-TEL] 2026-06-04T18:08:47.710Z | DRIVE_TRACE_CAMERA | {"t":1780596527710,"seq":1215,"gpsTickId":1780596526954,"gpsTickAgeMs":728,"lat":51.35071,"lng":19.375431,"hdg":175,"speedKmh":32.8,"exploring":false,"frameMoveM":0}
06-04 20:08:47.970 I/ReactNativeJS(30359): [VROOM-TEL] 2026-06-04T18:08:47.970Z | RAW_GPS_TICK | {"t":1780596527970,"gpsTickId":1780596527953,"gpsTickAgeMs":0,"lat":51.350609,"lng":19.375771,"speed":6.6,"speedKmh":23.8,"accuracy":4,"osTimestamp":1780596527953,"tripActive":true,"appState":"active"}
06-04 20:08:47.970 I/ReactNativeJS(30359): [VROOM-TEL] 2026-06-04T18:08:47.970Z | DRIVE_TRACE_RAW | {"t":1780596527970,"seq":1216,"gpsTickId":1780596527953,"gpsTickAgeMs":0,"rawLat":51.350609,"rawLng":19.375771,"accM":4,"speedKmh":23.8,"speedMs":6.6,"heading":159,"tripActive":true,"driving":true,"navigating":false,"osTimestamp":1780596527953}
06-04 20:08:47.973 I/ReactNativeJS(30359): [VROOM-TEL] 2026-06-04T18:08:47.973Z | DRIVE_TRACE_FEED | {"t":1780596527973,"seq":1217,"gpsTickId":1780596527953,"gpsTickAgeMs":3,"lat":51.350665,"lng":19.375501,"hdg":161,"durationMs":802,"speedKmh":29.8}
06-04 20:08:47.973 I/ReactNativeJS(30359): [VROOM-TEL] 2026-06-04T18:08:47.973Z | DRIVE_TRACE_TICK | {"t":1780596527973,"seq":1218,"gpsTickId":1780596527953,"gpsTickAgeMs":3,"rawLat":51.350609,"rawLng":19.375771,"snapLat":51.350665,"snapLng":19.375501,"markerLat":51.350665,"markerLng":19.375501,"markerHdg":161,"markerSvLat":51.350698,"markerSvLng":19.375433,"markerSvHdg":168,"accM":4,"hudKmh":29.8,"engineKmh":29.8,"dopplerKmh":23.8,"feedDurMs":802,"cadenceMs":995,"feedSpeedMs":8.3,"isNavigating":false,"isFreeDrive":true,"isMoving":true,"feedSkipGate":false,"feedAccepted":true,"feedHeadingOnly":false,"source":"drive_core_v2"}
06-04 20:08:47.973 I/ReactNativeJS(30359): [VROOM-TEL] 2026-06-04T18:08:47.973Z | GPS_ACCEPT | {"lat":51.350609,"lng":19.375771,"acc":4,"speedKmh":23.9,"gpsLock":true}
06-04 20:08:48.024 I/ReactNativeJS(30359): [VROOM-TEL] 2026-06-04T18:08:48.024Z | CAM_FOLLOW_PUSH | {"t":1780596528024,"lat":51.350698,"lng":19.375434,"hdg":165,"snapHdg":165,"speedKmh":30,"exploring":false,"source":"drive_marker_sv_60fps"}
06-04 20:08:48.024 I/ReactNativeJS(30359): [VROOM-TEL] 2026-06-04T18:08:48.024Z | DRIVE_TRACE_CAMERA | {"t":1780596528024,"seq":1219,"gpsTickId":1780596527953,"gpsTickAgeMs":54,"lat":51.350698,"lng":19.375434,"hdg":165,"speedKmh":29.8,"exploring":false,"frameMoveM":0}
06-04 20:08:48.326 I/ReactNativeJS(30359): [VROOM-TEL] 2026-06-04T18:08:48.326Z | DRIVE_TRACE_CAMERA | {"t":1780596528326,"seq":1220,"gpsTickId":1780596527953,"gpsTickAgeMs":356,"lat":51.350683,"lng":19.375463,"hdg":128,"speedKmh":29.8,"exploring":false,"frameMoveM":0}
06-04 20:08:48.427 I/ReactNativeJS(30359): [VROOM-TEL] 2026-06-04T18:08:48.426Z | CAMERA_HEADING | {"t":1780596528426,"speedKmh":30,"movedM":0.13,"moveBearing":null,"snapHdg":128,"headingOut":128,"flipFromPrevDeg":0,"lookaheadM":27,"nativeFollow":true}
06-04 20:08:48.626 I/ReactNativeJS(30359): [VROOM-TEL] 2026-06-04T18:08:48.626Z | DRIVE_TRACE_CAMERA | {"t":1780596528626,"seq":1221,"gpsTickId":1780596527953,"gpsTickAgeMs":656,"lat":51.350671,"lng":19.375488,"hdg":128,"speedKmh":29.8,"exploring":false,"frameMoveM":0}
06-04 20:08:48.830 I/ReactNativeJS(30359): [VROOM-TEL] 2026-06-04T18:08:48.830Z | CAM_FOLLOW_PUSH | {"t":1780596528830,"lat":51.350663,"lng":19.375505,"hdg":135,"snapHdg":135,"speedKmh":30,"exploring":false,"source":"drive_marker_sv_60fps"}
06-04 20:08:48.927 I/ReactNativeJS(30359): [VROOM-TEL] 2026-06-04T18:08:48.927Z | DRIVE_TRACE_CAMERA | {"t":1780596528927,"seq":1222,"gpsTickId":1780596527953,"gpsTickAgeMs":957,"lat":51.350661,"lng":19.375508,"hdg":149,"speedKmh":29.8,"exploring":false,"frameMoveM":0}
06-04 20:08:48.981 I/ReactNativeJS(30359): [VROOM-TEL] 2026-06-04T18:08:48.981Z | RAW_GPS_TICK | {"t":1780596528981,"gpsTickId":1780596528953,"gpsTickAgeMs":0,"lat":51.350561,"lng":19.375829,"speed":6.57,"speedKmh":23.7,"accuracy":4,"osTimestamp":1780596528953,"tripActive":true,"appState":"active"}
06-04 20:08:48.982 I/ReactNativeJS(30359): [VROOM-TEL] 2026-06-04T18:08:48.981Z | DRIVE_TRACE_RAW | {"t":1780596528981,"seq":1223,"gpsTickId":1780596528953,"gpsTickAgeMs":0,"rawLat":51.350561,"rawLng":19.375829,"accM":4,"speedKmh":23.7,"speedMs":6.6,"heading":143,"tripActive":true,"driving":true,"navigating":false,"osTimestamp":1780596528953}
06-04 20:08:48.983 I/ReactNativeJS(30359): [VROOM-TEL] 2026-06-04T18:08:48.983Z | DRIVE_TRACE_FEED | {"t":1780596528983,"seq":1224,"gpsTickId":1780596528953,"gpsTickAgeMs":2,"lat":51.350645,"lng":19.375585,"hdg":151,"durationMs":823,"speedKmh":27.4}
06-04 20:08:48.984 I/ReactNativeJS(30359): [VROOM-TEL] 2026-06-04T18:08:48.984Z | DRIVE_TRACE_TICK | {"t":1780596528984,"seq":1225,"gpsTickId":1780596528953,"gpsTickAgeMs":3,"rawLat":51.350561,"rawLng":19.375829,"snapLat":51.350645,"snapLng":19.375585,"markerLat":51.350645,"markerLng":19.375585,"markerHdg":151,"markerSvLat":51.350661,"markerSvLng":19.375508,"markerSvHdg":156,"accM":4,"hudKmh":27.4,"engineKmh":27.4,"dopplerKmh":23.7,"feedDurMs":823,"cadenceMs":1001,"feedSpeedMs":7.6,"isNavigating":false,"isFreeDrive":true,"isMoving":true,"feedSkipGate":false,"feedAccepted":true,"feedHeadingOnly":false,"source":"drive_core_v2"}
06-04 20:08:48.984 I/ReactNativeJS(30359): [VROOM-TEL] 2026-06-04T18:08:48.984Z | GPS_ACCEPT | {"lat":51.350561,"lng":19.375829,"acc":4,"speedKmh":23.7,"gpsLock":true}
06-04 20:08:49.244 I/ReactNativeJS(30359): [VROOM-TEL] 2026-06-04T18:08:49.243Z | DRIVE_TRACE_CAMERA | {"t":1780596529243,"seq":1226,"gpsTickId":1780596528953,"gpsTickAgeMs":262,"lat":51.350656,"lng":19.375532,"hdg":156,"speedKmh":27.4,"exploring":false,"frameMoveM":0}
06-04 20:08:49.526 I/ReactNativeJS(30359): [VROOM-TEL] 2026-06-04T18:08:49.526Z | CAMERA_HEADING | {"t":1780596529526,"speedKmh":27,"movedM":0.11,"moveBearing":null,"snapHdg":156,"headingOut":156,"flipFromPrevDeg":0,"lookaheadM":27,"nativeFollow":true}
06-04 20:08:49.546 I/ReactNativeJS(30359): [VROOM-TEL] 2026-06-04T18:08:49.546Z | DRIVE_TRACE_CAMERA | {"t":1780596529546,"seq":1227,"gpsTickId":1780596528953,"gpsTickAgeMs":565,"lat":51.35065,"lng":19.37556,"hdg":156,"speedKmh":27.4,"exploring":false,"frameMoveM":0}
06-04 20:08:49.644 I/ReactNativeJS(30359): [VROOM-TEL] 2026-06-04T18:08:49.644Z | CAM_FOLLOW_PUSH | {"t":1780596529644,"lat":51.350648,"lng":19.37557,"hdg":156,"snapHdg":156,"speedKmh":27,"exploring":false,"source":"drive_marker_sv_60fps"}
06-04 20:08:49.860 I/ReactNativeJS(30359): [VROOM-TEL] 2026-06-04T18:08:49.860Z | DRIVE_TRACE_CAMERA | {"t":1780596529860,"seq":1228,"gpsTickId":1780596528953,"gpsTickAgeMs":879,"lat":51.350642,"lng":19.375587,"hdg":156,"speedKmh":27.4,"exploring":false,"frameMoveM":0}
06-04 20:08:49.978 I/ReactNativeJS(30359): [VROOM-TEL] 2026-06-04T18:08:49.978Z | RAW_GPS_TICK | {"t":1780596529978,"gpsTickId":1780596529955,"gpsTickAgeMs":0,"lat":51.350516,"lng":19.375886,"speed":6.35,"speedKmh":22.9,"accuracy":4,"osTimestamp":1780596529955,"tripActive":true,"appState":"active"}
06-04 20:08:49.978 I/ReactNativeJS(30359): [VROOM-TEL] 2026-06-04T18:08:49.978Z | DRIVE_TRACE_RAW | {"t":1780596529978,"seq":1229,"gpsTickId":1780596529955,"gpsTickAgeMs":0,"rawLat":51.350516,"rawLng":19.375886,"accM":4,"speedKmh":22.9,"speedMs":6.3,"heading":143,"tripActive":true,"driving":true,"navigating":false,"osTimestamp":1780596529955}
06-04 20:08:49.980 I/ReactNativeJS(30359): [VROOM-TEL] 2026-06-04T18:08:49.980Z | DRIVE_TRACE_FEED | {"t":1780596529980,"seq":1230,"gpsTickId":1780596529955,"gpsTickAgeMs":2,"lat":51.35064,"lng":19.375669,"hdg":142,"durationMs":848,"speedKmh":25}
06-04 20:08:49.981 I/ReactNativeJS(30359): [VROOM-TEL] 2026-06-04T18:08:49.981Z | DRIVE_TRACE_TICK | {"t":1780596529981,"seq":1231,"gpsTickId":1780596529955,"gpsTickAgeMs":3,"rawLat":51.350516,"rawLng":19.375886,"snapLat":51.35064,"snapLng":19.375669,"markerLat":51.35064,"markerLng":19.375669,"markerHdg":142,"markerSvLat":51.35064,"markerSvLng":19.375588,"markerSvHdg":156,"accM":4,"hudKmh":25,"engineKmh":25,"dopplerKmh":22.9,"feedDurMs":848,"cadenceMs":1000,"feedSpeedMs":6.9,"isNavigating":false,"isFreeDrive":true,"isMoving":true,"feedSkipGate":false,"feedAccepted":true,"feedHeadingOnly":false,"source":"drive_core_v2"}
06-04 20:08:49.981 I/ReactNativeJS(30359): [VROOM-TEL] 2026-06-04T18:08:49.981Z | GPS_ACCEPT | {"lat":51.350516,"lng":19.375886,"acc":4,"speedKmh":23.2,"gpsLock":true}
06-04 20:08:50.160 I/ReactNativeJS(30359): [VROOM-TEL] 2026-06-04T18:08:50.160Z | DRIVE_TRACE_CAMERA | {"t":1780596530160,"seq":1232,"gpsTickId":1780596529955,"gpsTickAgeMs":182,"lat":51.35064,"lng":19.375605,"hdg":142,"speedKmh":25,"exploring":false,"frameMoveM":0}
06-04 20:08:50.484 I/ReactNativeJS(30359): [VROOM-TEL] 2026-06-04T18:08:50.484Z | CAM_FOLLOW_PUSH | {"t":1780596530484,"lat":51.35064,"lng":19.375626,"hdg":142,"snapHdg":142,"speedKmh":25,"exploring":false,"source":"drive_marker_sv_60fps"}
06-04 20:08:50.484 I/ReactNativeJS(30359): [VROOM-TEL] 2026-06-04T18:08:50.484Z | DRIVE_TRACE_CAMERA | {"t":1780596530484,"seq":1233,"gpsTickId":1780596529955,"gpsTickAgeMs":506,"lat":51.35064,"lng":19.375626,"hdg":142,"speedKmh":25,"exploring":false,"frameMoveM":0}
06-04 20:08:50.629 I/ReactNativeJS(30359): [VROOM-TEL] 2026-06-04T18:08:50.629Z | CAMERA_HEADING | {"t":1780596530629,"speedKmh":25,"movedM":0.12,"moveBearing":null,"snapHdg":142,"headingOut":127,"flipFromPrevDeg":3,"lookaheadM":27,"nativeFollow":true}
06-04 20:08:50.676 I/ReactNativeJS(30359): [VROOM-TEL] 2026-06-04T18:08:50.676Z | DRIVE_TRACE_HEARTBEAT | {"t":1780596530676,"seq":1234,"gpsTickId":1780596529955,"gpsTickAgeMs":698,"driving":true,"navigating":false,"tripActive":true,"lat":51.3505157,"lng":19.3758861,"gpsAgeMs":698}
06-04 20:08:50.793 I/ReactNativeJS(30359): [VROOM-TEL] 2026-06-04T18:08:50.793Z | DRIVE_TRACE_CAMERA | {"t":1780596530793,"seq":1235,"gpsTickId":1780596529955,"gpsTickAgeMs":815,"lat":51.35064,"lng":19.375666,"hdg":142,"speedKmh":25,"exploring":false,"frameMoveM":0}
06-04 20:08:50.969 I/ReactNativeJS(30359): [VROOM-TEL] 2026-06-04T18:08:50.969Z | RAW_GPS_TICK | {"t":1780596530969,"gpsTickId":1780596530955,"gpsTickAgeMs":1,"lat":51.350466,"lng":19.37593,"speed":6.26,"speedKmh":22.5,"accuracy":4,"osTimestamp":1780596530955,"tripActive":true,"appState":"active"}
06-04 20:08:50.969 I/ReactNativeJS(30359): [VROOM-TEL] 2026-06-04T18:08:50.969Z | DRIVE_TRACE_RAW | {"t":1780596530969,"seq":1236,"gpsTickId":1780596530955,"gpsTickAgeMs":1,"rawLat":51.350466,"rawLng":19.37593,"accM":4,"speedKmh":22.5,"speedMs":6.3,"heading":150,"tripActive":true,"driving":true,"navigating":false,"osTimestamp":1780596530955}
06-04 20:08:50.971 I/ReactNativeJS(30359): [VROOM-TEL] 2026-06-04T18:08:50.971Z | DRIVE_TRACE_FEED | {"t":1780596530971,"seq":1237,"gpsTickId":1780596530955,"gpsTickAgeMs":3,"lat":51.350647,"lng":19.375759,"hdg":146,"durationMs":824,"speedKmh":27.3}
06-04 20:08:50.971 I/ReactNativeJS(30359): [VROOM-TEL] 2026-06-04T18:08:50.971Z | DRIVE_TRACE_TICK | {"t":1780596530971,"seq":1238,"gpsTickId":1780596530955,"gpsTickAgeMs":3,"rawLat":51.350466,"rawLng":19.37593,"snapLat":51.350647,"snapLng":19.375759,"markerLat":51.350647,"markerLng":19.375759,"markerHdg":146,"markerSvLat":51.350638,"markerSvLng":19.375671,"markerSvHdg":142,"accM":4,"hudKmh":27.3,"engineKmh":27.3,"dopplerKmh":22.5,"feedDurMs":824,"cadenceMs":997,"feedSpeedMs":7.6,"isNavigating":false,"isFreeDrive":true,"isMoving":true,"feedSkipGate":false,"feedAccepted":true,"feedHeadingOnly":false,"source":"drive_core_v2"}
06-04 20:08:50.971 I/ReactNativeJS(30359): [VROOM-TEL] 2026-06-04T18:08:50.971Z | GPS_ACCEPT | {"lat":51.350466,"lng":19.37593,"acc":4,"speedKmh":22.8,"gpsLock":true}
06-04 20:08:51.123 I/ReactNativeJS(30359): [VROOM-TEL] 2026-06-04T18:08:51.122Z | DRIVE_TRACE_CAMERA | {"t":1780596531122,"seq":1239,"gpsTickId":1780596530955,"gpsTickAgeMs":154,"lat":51.350639,"lng":19.375679,"hdg":142,"speedKmh":27.3,"exploring":false,"frameMoveM":0}
06-04 20:08:51.292 I/ReactNativeJS(30359): [VROOM-TEL] 2026-06-04T18:08:51.292Z | CAM_FOLLOW_PUSH | {"t":1780596531292,"lat":51.350642,"lng":19.375705,"hdg":142,"snapHdg":142,"speedKmh":27,"exploring":false,"source":"drive_marker_sv_60fps"}
06-04 20:08:51.426 I/ReactNativeJS(30359): [VROOM-TEL] 2026-06-04T18:08:51.426Z | DRIVE_TRACE_CAMERA | {"t":1780596531426,"seq":1240,"gpsTickId":1780596530955,"gpsTickAgeMs":458,"lat":51.350643,"lng":19.37572,"hdg":142,"speedKmh":27.3,"exploring":false,"frameMoveM":0}
06-04 20:08:51.726 I/ReactNativeJS(30359): [VROOM-TEL] 2026-06-04T18:08:51.726Z | DRIVE_TRACE_CAMERA | {"t":1780596531726,"seq":1241,"gpsTickId":1780596530955,"gpsTickAgeMs":758,"lat":51.350646,"lng":19.375751,"hdg":142,"speedKmh":27.3,"exploring":false,"frameMoveM":0}
06-04 20:08:51.743 I/ReactNativeJS(30359): [VROOM-TEL] 2026-06-04T18:08:51.743Z | CAMERA_HEADING | {"t":1780596531743,"speedKmh":27,"movedM":0.12,"moveBearing":null,"snapHdg":142,"headingOut":142,"flipFromPrevDeg":0,"lookaheadM":27,"nativeFollow":true}
06-04 20:08:51.978 I/ReactNativeJS(30359): [VROOM-TEL] 2026-06-04T18:08:51.978Z | RAW_GPS_TICK | {"t":1780596531978,"gpsTickId":1780596531955,"gpsTickAgeMs":0,"lat":51.350412,"lng":19.375973,"speed":6.72,"speedKmh":24.2,"accuracy":4,"osTimestamp":1780596531955,"tripActive":true,"appState":"active"}
06-04 20:08:51.978 I/ReactNativeJS(30359): [VROOM-TEL] 2026-06-04T18:08:51.978Z | DRIVE_TRACE_RAW | {"t":1780596531978,"seq":1242,"gpsTickId":1780596531955,"gpsTickAgeMs":0,"rawLat":51.350412,"rawLng":19.375973,"accM":4,"speedKmh":24.2,"speedMs":6.7,"heading":153,"tripActive":true,"driving":true,"navigating":false,"osTimestamp":1780596531955}
06-04 20:08:51.980 I/ReactNativeJS(30359): [VROOM-TEL] 2026-06-04T18:08:51.980Z | DRIVE_TRACE_FEED | {"t":1780596531980,"seq":1243,"gpsTickId":1780596531955,"gpsTickAgeMs":2,"lat":51.350609,"lng":19.375824,"hdg":152,"durationMs":828,"speedKmh":26.9}
06-04 20:08:51.980 I/ReactNativeJS(30359): [VROOM-TEL] 2026-06-04T18:08:51.980Z | DRIVE_TRACE_TICK | {"t":1780596531980,"seq":1244,"gpsTickId":1780596531955,"gpsTickAgeMs":2,"rawLat":51.350412,"rawLng":19.375973,"snapLat":51.350609,"snapLng":19.375824,"markerLat":51.350609,"markerLng":19.375824,"markerHdg":152,"markerSvLat":51.350644,"markerSvLng":19.375762,"markerSvHdg":142,"accM":4,"hudKmh":26.9,"engineKmh":26.9,"dopplerKmh":24.2,"feedDurMs":828,"cadenceMs":1002,"feedSpeedMs":7.5,"isNavigating":false,"isFreeDrive":true,"isMoving":true,"feedSkipGate":false,"feedAccepted":true,"feedHeadingOnly":false,"source":"drive_core_v2"}
06-04 20:08:51.980 I/ReactNativeJS(30359): [VROOM-TEL] 2026-06-04T18:08:51.980Z | GPS_ACCEPT | {"lat":51.350412,"lng":19.375973,"acc":4,"speedKmh":24.2,"gpsLock":true}
06-04 20:08:52.054 I/ReactNativeJS(30359): [VROOM-TEL] 2026-06-04T18:08:52.054Z | DRIVE_TRACE_CAMERA | {"t":1780596532054,"seq":1245,"gpsTickId":1780596531955,"gpsTickAgeMs":76,"lat":51.350643,"lng":19.375764,"hdg":140,"speedKmh":26.9,"exploring":false,"frameMoveM":0}
06-04 20:08:52.110 I/ReactNativeJS(30359): [VROOM-TEL] 2026-06-04T18:08:52.110Z | CAM_FOLLOW_PUSH | {"t":1780596532110,"lat":51.350638,"lng":19.375772,"hdg":132,"snapHdg":132,"speedKmh":27,"exploring":false,"source":"drive_marker_sv_60fps"}
06-04 20:08:52.360 I/ReactNativeJS(30359): [VROOM-TEL] 2026-06-04T18:08:52.360Z | DRIVE_TRACE_CAMERA | {"t":1780596532360,"seq":1246,"gpsTickId":1780596531955,"gpsTickAgeMs":382,"lat":51.350628,"lng":19.37579,"hdg":132,"speedKmh":26.9,"exploring":false,"frameMoveM":0}
06-04 20:08:52.674 I/ReactNativeJS(30359): [VROOM-TEL] 2026-06-04T18:08:52.674Z | DRIVE_TRACE_CAMERA | {"t":1780596532674,"seq":1247,"gpsTickId":1780596531955,"gpsTickAgeMs":696,"lat":51.350619,"lng":19.375805,"hdg":132,"speedKmh":26.9,"exploring":false,"frameMoveM":0}
06-04 20:08:52.852 I/ReactNativeJS(30359): [VROOM-TEL] 2026-06-04T18:08:52.852Z | CAMERA_HEADING | {"t":1780596532852,"speedKmh":27,"movedM":1.65,"moveBearing":132,"snapHdg":137,"headingOut":132,"flipFromPrevDeg":0,"lookaheadM":27,"nativeFollow":true}
06-04 20:08:52.911 I/ReactNativeJS(30359): [VROOM-TEL] 2026-06-04T18:08:52.911Z | CAM_FOLLOW_PUSH | {"t":1780596532911,"lat":51.350606,"lng":19.375829,"hdg":147,"snapHdg":147,"speedKmh":27,"exploring":false,"source":"drive_marker_sv_60fps"}
06-04 20:08:52.985 I/ReactNativeJS(30359): [VROOM-TEL] 2026-06-04T18:08:52.985Z | RAW_GPS_TICK | {"t":1780596532985,"gpsTickId":1780596532955,"gpsTickAgeMs":0,"lat":51.350353,"lng":19.376014,"speed":7.03,"speedKmh":25.3,"accuracy":4,"osTimestamp":1780596532955,"tripActive":true,"appState":"active"}
06-04 20:08:52.985 I/ReactNativeJS(30359): [VROOM-TEL] 2026-06-04T18:08:52.985Z | DRIVE_TRACE_RAW | {"t":1780596532985,"seq":1248,"gpsTickId":1780596532955,"gpsTickAgeMs":1,"rawLat":51.350353,"rawLng":19.376014,"accM":4,"speedKmh":25.3,"speedMs":7,"heading":154,"tripActive":true,"driving":true,"navigating":false,"osTimestamp":1780596532955}
06-04 20:08:52.986 I/ReactNativeJS(30359): [VROOM-TEL] 2026-06-04T18:08:52.986Z | DRIVE_TRACE_FEED | {"t":1780596532986,"seq":1249,"gpsTickId":1780596532955,"gpsTickAgeMs":2,"lat":51.350557,"lng":19.375865,"hdg":155,"durationMs":811,"speedKmh":28.7}
06-04 20:08:52.987 I/ReactNativeJS(30359): [VROOM-TEL] 2026-06-04T18:08:52.987Z | DRIVE_TRACE_TICK | {"t":1780596532987,"seq":1250,"gpsTickId":1780596532955,"gpsTickAgeMs":3,"rawLat":51.350353,"rawLng":19.376014,"snapLat":51.350557,"snapLng":19.375865,"markerLat":51.350557,"markerLng":19.375865,"markerHdg":155,"markerSvLat":51.350606,"markerSvLng":19.375829,"markerSvHdg":151,"accM":4,"hudKmh":28.7,"engineKmh":28.7,"dopplerKmh":25.3,"feedDurMs":811,"cadenceMs":1003,"feedSpeedMs":8,"isNavigating":false,"isFreeDrive":true,"isMoving":true,"feedSkipGate":false,"feedAccepted":true,"feedHeadingOnly":false,"source":"drive_core_v2"}
06-04 20:08:52.987 I/ReactNativeJS(30359): [VROOM-TEL] 2026-06-04T18:08:52.987Z | GPS_ACCEPT | {"lat":51.350353,"lng":19.376014,"acc":4,"speedKmh":25.4,"gpsLock":true}
06-04 20:08:53.033 I/ReactNativeJS(30359): [VROOM-TEL] 2026-06-04T18:08:53.033Z | DRIVE_TRACE_CAMERA | {"t":1780596533033,"seq":1251,"gpsTickId":1780596532955,"gpsTickAgeMs":49,"lat":51.350604,"lng":19.37583,"hdg":154,"speedKmh":28.7,"exploring":false,"frameMoveM":0}
06-04 20:08:53.343 I/ReactNativeJS(30359): [VROOM-TEL] 2026-06-04T18:08:53.343Z | DRIVE_TRACE_CAMERA | {"t":1780596533343,"seq":1252,"gpsTickId":1780596532955,"gpsTickAgeMs":359,"lat":51.350584,"lng":19.375845,"hdg":155,"speedKmh":28.7,"exploring":false,"frameMoveM":0}
06-04 20:08:53.644 I/ReactNativeJS(30359): [VROOM-TEL] 2026-06-04T18:08:53.644Z | DRIVE_TRACE_CAMERA | {"t":1780596533644,"seq":1253,"gpsTickId":1780596532955,"gpsTickAgeMs":660,"lat":51.350566,"lng":19.375858,"hdg":155,"speedKmh":28.7,"exploring":false,"frameMoveM":0}
06-04 20:08:53.727 I/ReactNativeJS(30359): [VROOM-TEL] 2026-06-04T18:08:53.727Z | CAM_FOLLOW_PUSH | {"t":1780596533727,"lat":51.350561,"lng":19.375862,"hdg":155,"snapHdg":155,"speedKmh":29,"exploring":false,"source":"drive_marker_sv_60fps"}
06-04 20:08:53.965 I/ReactNativeJS(30359): [VROOM-TEL] 2026-06-04T18:08:53.965Z | RAW_GPS_TICK | {"t":1780596533965,"gpsTickId":1780596533953,"gpsTickAgeMs":0,"lat":51.350292,"lng":19.37606,"speed":7.24,"speedKmh":26.1,"accuracy":4,"osTimestamp":1780596533953,"tripActive":true,"appState":"active"}
06-04 20:08:53.966 I/ReactNativeJS(30359): [VROOM-TEL] 2026-06-04T18:08:53.965Z | DRIVE_TRACE_RAW | {"t":1780596533965,"seq":1254,"gpsTickId":1780596533953,"gpsTickAgeMs":0,"rawLat":51.350292,"rawLng":19.37606,"accM":4,"speedKmh":26.1,"speedMs":7.2,"heading":155,"tripActive":true,"driving":true,"navigating":false,"osTimestamp":1780596533953}
06-04 20:08:53.968 I/ReactNativeJS(30359): [VROOM-TEL] 2026-06-04T18:08:53.968Z | DRIVE_TRACE_FEED | {"t":1780596533968,"seq":1255,"gpsTickId":1780596533953,"gpsTickAgeMs":3,"lat":51.350501,"lng":19.375889,"hdg":156,"durationMs":815,"speedKmh":28.2}
06-04 20:08:53.968 I/ReactNativeJS(30359): [VROOM-TEL] 2026-06-04T18:08:53.968Z | DRIVE_TRACE_TICK | {"t":1780596533968,"seq":1256,"gpsTickId":1780596533953,"gpsTickAgeMs":3,"rawLat":51.350292,"rawLng":19.37606,"snapLat":51.350501,"snapLng":19.375889,"markerLat":51.350501,"markerLng":19.375889,"markerHdg":156,"markerSvLat":51.350552,"markerSvLng":19.375868,"markerSvHdg":151,"accM":4,"hudKmh":28.2,"engineKmh":28.2,"dopplerKmh":26.1,"feedDurMs":815,"cadenceMs":995,"feedSpeedMs":7.8,"isNavigating":false,"isFreeDrive":true,"isMoving":true,"feedSkipGate":false,"feedAccepted":true,"feedHeadingOnly":false,"source":"drive_core_v2"}
06-04 20:08:53.980 I/ReactNativeJS(30359): [VROOM-TEL] 2026-06-04T18:08:53.980Z | GPS_ACCEPT | {"lat":51.350292,"lng":19.37606,"acc":4,"speedKmh":27.6,"gpsLock":true}
06-04 20:08:54.009 I/ReactNativeJS(30359): [VROOM-TEL] 2026-06-04T18:08:54.009Z | CAMERA_HEADING | {"t":1780596534009,"speedKmh":28,"movedM":0.3,"moveBearing":null,"snapHdg":154,"headingOut":154,"flipFromPrevDeg":3,"lookaheadM":27,"nativeFollow":true}
06-04 20:08:54.009 I/ReactNativeJS(30359): [VROOM-TEL] 2026-06-04T18:08:54.009Z | DRIVE_TRACE_CAMERA | {"t":1780596534009,"seq":1257,"gpsTickId":1780596533953,"gpsTickAgeMs":44,"lat":51.35055,"lng":19.375869,"hdg":154,"speedKmh":28.2,"exploring":false,"frameMoveM":0}
06-04 20:08:54.310 I/ReactNativeJS(30359): [VROOM-TEL] 2026-06-04T18:08:54.310Z | DRIVE_TRACE_CAMERA | {"t":1780596534310,"seq":1258,"gpsTickId":1780596533953,"gpsTickAgeMs":345,"lat":51.350531,"lng":19.375877,"hdg":166,"speedKmh":28.2,"exploring":false,"frameMoveM":0}
06-04 20:08:54.527 I/ReactNativeJS(30359): [VROOM-TEL] 2026-06-04T18:08:54.527Z | CAM_FOLLOW_PUSH | {"t":1780596534527,"lat":51.350517,"lng":19.375882,"hdg":166,"snapHdg":166,"speedKmh":28,"exploring":false,"source":"drive_marker_sv_60fps"}
06-04 20:08:54.610 I/ReactNativeJS(30359): [VROOM-TEL] 2026-06-04T18:08:54.610Z | DRIVE_TRACE_CAMERA | {"t":1780596534610,"seq":1259,"gpsTickId":1780596533953,"gpsTickAgeMs":645,"lat":51.350512,"lng":19.375885,"hdg":166,"speedKmh":28.2,"exploring":false,"frameMoveM":0}
06-04 20:08:54.982 I/ReactNativeJS(30359): [VROOM-TEL] 2026-06-04T18:08:54.981Z | RAW_GPS_TICK | {"t":1780596534981,"gpsTickId":1780596534955,"gpsTickAgeMs":0,"lat":51.35023,"lng":19.376099,"speed":7.43,"speedKmh":26.7,"accuracy":4,"osTimestamp":1780596534955,"tripActive":true,"appState":"active"}
06-04 20:08:54.982 I/ReactNativeJS(30359): [VROOM-TEL] 2026-06-04T18:08:54.982Z | DRIVE_TRACE_RAW | {"t":1780596534982,"seq":1260,"gpsTickId":1780596534955,"gpsTickAgeMs":1,"rawLat":51.35023,"rawLng":19.376099,"accM":4,"speedKmh":26.7,"speedMs":7.4,"heading":156,"tripActive":true,"driving":true,"navigating":false,"osTimestamp":1780596534955}
06-04 20:08:54.983 I/ReactNativeJS(30359): [VROOM-TEL] 2026-06-04T18:08:54.983Z | DRIVE_TRACE_FEED | {"t":1780596534983,"seq":1261,"gpsTickId":1780596534955,"gpsTickAgeMs":2,"lat":51.350442,"lng":19.375903,"hdg":157,"durationMs":801,"speedKmh":29.9}
06-04 20:08:54.984 I/ReactNativeJS(30359): [VROOM-TEL] 2026-06-04T18:08:54.984Z | DRIVE_TRACE_TICK | {"t":1780596534984,"seq":1262,"gpsTickId":1780596534955,"gpsTickAgeMs":3,"rawLat":51.35023,"rawLng":19.376099,"snapLat":51.350442,"snapLng":19.375903,"markerLat":51.350442,"markerLng":19.375903,"markerHdg":157,"markerSvLat":51.350497,"markerSvLng":19.375891,"markerSvHdg":152,"accM":4,"hudKmh":29.9,"engineKmh":29.9,"dopplerKmh":26.7,"feedDurMs":801,"cadenceMs":1002,"feedSpeedMs":8.3,"isNavigating":false,"isFreeDrive":true,"isMoving":true,"feedSkipGate":false,"feedAccepted":true,"feedHeadingOnly":false,"source":"drive_core_v2"}
06-04 20:08:54.984 I/ReactNativeJS(30359): [VROOM-TEL] 2026-06-04T18:08:54.984Z | GPS_ACCEPT | {"lat":51.35023,"lng":19.376099,"acc":4,"speedKmh":26.7,"gpsLock":true}
06-04 20:08:55.094 I/ReactNativeJS(30359): [VROOM-TEL] 2026-06-04T18:08:55.094Z | DRIVE_TRACE_CAMERA | {"t":1780596535094,"seq":1263,"gpsTickId":1780596534955,"gpsTickAgeMs":113,"lat":51.350495,"lng":19.375892,"hdg":154,"speedKmh":29.9,"exploring":false,"frameMoveM":0}
06-04 20:08:55.110 I/ReactNativeJS(30359): [VROOM-TEL] 2026-06-04T18:08:55.110Z | CAMERA_HEADING | {"t":1780596535110,"speedKmh":30,"movedM":0.77,"moveBearing":null,"snapHdg":171,"headingOut":168,"flipFromPrevDeg":3,"lookaheadM":27,"nativeFollow":true}
06-04 20:08:55.329 I/ReactNativeJS(30359): [VROOM-TEL] 2026-06-04T18:08:55.328Z | CAM_FOLLOW_PUSH | {"t":1780596535328,"lat":51.350473,"lng":19.375896,"hdg":172,"snapHdg":172,"speedKmh":30,"exploring":false,"source":"drive_marker_sv_60fps"}
06-04 20:08:55.410 I/ReactNativeJS(30359): [VROOM-TEL] 2026-06-04T18:08:55.410Z | DRIVE_TRACE_CAMERA | {"t":1780596535410,"seq":1264,"gpsTickId":1780596534955,"gpsTickAgeMs":429,"lat":51.350468,"lng":19.375898,"hdg":172,"speedKmh":29.9,"exploring":false,"frameMoveM":0}
06-04 20:08:55.693 I/ReactNativeJS(30359): [VROOM-TEL] 2026-06-04T18:08:55.693Z | DRIVE_TRACE_HEARTBEAT | {"t":1780596535693,"seq":1265,"gpsTickId":1780596534955,"gpsTickAgeMs":712,"driving":true,"navigating":false,"tripActive":true,"lat":51.3502299,"lng":19.3760987,"gpsAgeMs":712}
06-04 20:08:55.712 I/ReactNativeJS(30359): [VROOM-TEL] 2026-06-04T18:08:55.712Z | DRIVE_TRACE_CAMERA | {"t":1780596535712,"seq":1266,"gpsTickId":1780596534955,"gpsTickAgeMs":731,"lat":51.350447,"lng":19.375902,"hdg":172,"speedKmh":29.9,"exploring":false,"frameMoveM":0}
06-04 20:08:55.979 I/ReactNativeJS(30359): [VROOM-TEL] 2026-06-04T18:08:55.979Z | RAW_GPS_TICK | {"t":1780596535979,"gpsTickId":1780596535954,"gpsTickAgeMs":0,"lat":51.350168,"lng":19.376141,"speed":7.62,"speedKmh":27.4,"accuracy":4,"osTimestamp":1780596535954,"tripActive":true,"appState":"active"}
06-04 20:08:55.980 I/ReactNativeJS(30359): [VROOM-TEL] 2026-06-04T18:08:55.980Z | DRIVE_TRACE_RAW | {"t":1780596535980,"seq":1267,"gpsTickId":1780596535954,"gpsTickAgeMs":1,"rawLat":51.350168,"rawLng":19.376141,"accM":4,"speedKmh":27.4,"speedMs":7.6,"heading":157,"tripActive":true,"driving":true,"navigating":false,"osTimestamp":1780596535954}
06-04 20:08:55.982 I/ReactNativeJS(30359): [VROOM-TEL] 2026-06-04T18:08:55.982Z | DRIVE_TRACE_FEED | {"t":1780596535982,"seq":1268,"gpsTickId":1780596535954,"gpsTickAgeMs":3,"lat":51.350382,"lng":19.37591,"hdg":158,"durationMs":801,"speedKmh":29.9}
06-04 20:08:55.983 I/ReactNativeJS(30359): [VROOM-TEL] 2026-06-04T18:08:55.983Z | DRIVE_TRACE_TICK | {"t":1780596535983,"seq":1269,"gpsTickId":1780596535954,"gpsTickAgeMs":4,"rawLat":51.350168,"rawLng":19.376141,"snapLat":51.350382,"snapLng":19.37591,"markerLat":51.350382,"markerLng":19.37591,"markerHdg":158,"markerSvLat":51.350436,"markerSvLng":19.375905,"markerSvHdg":152,"accM":4,"hudKmh":29.9,"engineKmh":29.9,"dopplerKmh":27.4,"feedDurMs":801,"cadenceMs":1001,"feedSpeedMs":8.3,"isNavigating":false,"isFreeDrive":true,"isMoving":true,"feedSkipGate":false,"feedAccepted":true,"feedHeadingOnly":false,"source":"drive_core_v2"}
06-04 20:08:55.983 I/ReactNativeJS(30359): [VROOM-TEL] 2026-06-04T18:08:55.983Z | GPS_ACCEPT | {"lat":51.350168,"lng":19.376141,"acc":4,"speedKmh":27.4,"gpsLock":true}
06-04 20:08:56.038 I/ReactNativeJS(30359): [VROOM-TEL] 2026-06-04T18:08:56.038Z | DRIVE_TRACE_CAMERA | {"t":1780596536038,"seq":1270,"gpsTickId":1780596535954,"gpsTickAgeMs":59,"lat":51.350434,"lng":19.375905,"hdg":154,"speedKmh":29.9,"exploring":false,"frameMoveM":0}
06-04 20:08:56.143 I/ReactNativeJS(30359): [VROOM-TEL] 2026-06-04T18:08:56.143Z | CAM_FOLLOW_PUSH | {"t":1780596536143,"lat":51.350425,"lng":19.375906,"hdg":177,"snapHdg":177,"speedKmh":30,"exploring":false,"source":"drive_marker_sv_60fps"}
06-04 20:08:56.227 I/ReactNativeJS(30359): [VROOM-TEL] 2026-06-04T18:08:56.227Z | CAMERA_HEADING | {"t":1780596536227,"speedKmh":30,"movedM":0.13,"moveBearing":null,"snapHdg":177,"headingOut":177,"flipFromPrevDeg":0,"lookaheadM":27,"nativeFollow":true}
06-04 20:08:56.343 I/ReactNativeJS(30359): [VROOM-TEL] 2026-06-04T18:08:56.343Z | DRIVE_TRACE_CAMERA | {"t":1780596536343,"seq":1271,"gpsTickId":1780596535954,"gpsTickAgeMs":364,"lat":51.350412,"lng":19.375907,"hdg":177,"speedKmh":29.9,"exploring":false,"frameMoveM":0}
06-04 20:08:56.643 I/ReactNativeJS(30359): [VROOM-TEL] 2026-06-04T18:08:56.643Z | DRIVE_TRACE_CAMERA | {"t":1780596536643,"seq":1272,"gpsTickId":1780596535954,"gpsTickAgeMs":664,"lat":51.350392,"lng":19.375909,"hdg":177,"speedKmh":29.9,"exploring":false,"frameMoveM":0}
06-04 20:08:56.944 I/ReactNativeJS(30359): [VROOM-TEL] 2026-06-04T18:08:56.943Z | CAM_FOLLOW_PUSH | {"t":1780596536943,"lat":51.350376,"lng":19.375911,"hdg":156,"snapHdg":156,"speedKmh":30,"exploring":false,"source":"drive_marker_sv_60fps"}
06-04 20:08:56.944 I/ReactNativeJS(30359): [VROOM-TEL] 2026-06-04T18:08:56.944Z | DRIVE_TRACE_CAMERA | {"t":1780596536944,"seq":1273,"gpsTickId":1780596535954,"gpsTickAgeMs":965,"lat":51.350376,"lng":19.375911,"hdg":156,"speedKmh":29.9,"exploring":false,"frameMoveM":0}
06-04 20:08:56.978 I/ReactNativeJS(30359): [VROOM-TEL] 2026-06-04T18:08:56.977Z | RAW_GPS_TICK | {"t":1780596536977,"gpsTickId":1780596536954,"gpsTickAgeMs":0,"lat":51.350104,"lng":19.376188,"speed":7.74,"speedKmh":27.9,"accuracy":4,"osTimestamp":1780596536954,"tripActive":true,"appState":"active"}
06-04 20:08:56.978 I/ReactNativeJS(30359): [VROOM-TEL] 2026-06-04T18:08:56.978Z | DRIVE_TRACE_RAW | {"t":1780596536978,"seq":1274,"gpsTickId":1780596536954,"gpsTickAgeMs":1,"rawLat":51.350104,"rawLng":19.376188,"accM":4,"speedKmh":27.9,"speedMs":7.7,"heading":156,"tripActive":true,"driving":true,"navigating":false,"osTimestamp":1780596536954}
06-04 20:08:56.980 I/ReactNativeJS(30359): [VROOM-TEL] 2026-06-04T18:08:56.980Z | DRIVE_TRACE_FEED | {"t":1780596536980,"seq":1275,"gpsTickId":1780596536954,"gpsTickAgeMs":3,"lat":51.35032,"lng":19.375911,"hdg":156,"durationMs":789,"speedKmh":31.4}
06-04 20:08:56.981 I/ReactNativeJS(30359): [VROOM-TEL] 2026-06-04T18:08:56.981Z | DRIVE_TRACE_TICK | {"t":1780596536981,"seq":1276,"gpsTickId":1780596536954,"gpsTickAgeMs":4,"rawLat":51.350104,"rawLng":19.376188,"snapLat":51.35032,"snapLng":19.375911,"markerLat":51.35032,"markerLng":19.375911,"markerHdg":156,"markerSvLat":51.350376,"markerSvLng":19.375911,"markerSvHdg":152,"accM":4,"hudKmh":31.4,"engineKmh":31.4,"dopplerKmh":27.9,"feedDurMs":789,"cadenceMs":1000,"feedSpeedMs":8.7,"isNavigating":false,"isFreeDrive":true,"isMoving":true,"feedSkipGate":false,"feedAccepted":true,"feedHeadingOnly":false,"source":"drive_core_v2"}
06-04 20:08:56.981 I/ReactNativeJS(30359): [VROOM-TEL] 2026-06-04T18:08:56.981Z | GPS_ACCEPT | {"lat":51.350104,"lng":19.376188,"acc":4,"speedKmh":28.4,"gpsLock":true}
06-04 20:08:57.244 I/ReactNativeJS(30359): [VROOM-TEL] 2026-06-04T18:08:57.244Z | DRIVE_TRACE_CAMERA | {"t":1780596537244,"seq":1277,"gpsTickId":1780596536954,"gpsTickAgeMs":267,"lat":51.350358,"lng":19.375911,"hdg":180,"speedKmh":31.4,"exploring":false,"frameMoveM":0}
06-04 20:08:57.343 I/ReactNativeJS(30359): [VROOM-TEL] 2026-06-04T18:08:57.343Z | CAMERA_HEADING | {"t":1780596537343,"speedKmh":31,"movedM":0.13,"moveBearing":null,"snapHdg":180,"headingOut":180,"flipFromPrevDeg":0,"lookaheadM":27,"nativeFollow":true}
06-04 20:08:57.544 I/ReactNativeJS(30359): [VROOM-TEL] 2026-06-04T18:08:57.544Z | DRIVE_TRACE_CAMERA | {"t":1780596537544,"seq":1278,"gpsTickId":1780596536954,"gpsTickAgeMs":567,"lat":51.350336,"lng":19.375911,"hdg":180,"speedKmh":31.4,"exploring":false,"frameMoveM":0}
06-04 20:08:57.744 I/ReactNativeJS(30359): [VROOM-TEL] 2026-06-04T18:08:57.744Z | CAM_FOLLOW_PUSH | {"t":1780596537744,"lat":51.350322,"lng":19.375911,"hdg":180,"snapHdg":180,"speedKmh":31,"exploring":false,"source":"drive_marker_sv_60fps"}
06-04 20:08:57.860 I/ReactNativeJS(30359): [VROOM-TEL] 2026-06-04T18:08:57.860Z | DRIVE_TRACE_CAMERA | {"t":1780596537860,"seq":1279,"gpsTickId":1780596536954,"gpsTickAgeMs":883,"lat":51.350314,"lng":19.375912,"hdg":168,"speedKmh":31.4,"exploring":false,"frameMoveM":0}
06-04 20:08:57.978 I/ReactNativeJS(30359): [VROOM-TEL] 2026-06-04T18:08:57.978Z | RAW_GPS_TICK | {"t":1780596537978,"gpsTickId":1780596537953,"gpsTickAgeMs":0,"lat":51.350043,"lng":19.376233,"speed":7.49,"speedKmh":27,"accuracy":4,"osTimestamp":1780596537953,"tripActive":true,"appState":"active"}
06-04 20:08:57.978 I/ReactNativeJS(30359): [VROOM-TEL] 2026-06-04T18:08:57.978Z | DRIVE_TRACE_RAW | {"t":1780596537978,"seq":1280,"gpsTickId":1780596537953,"gpsTickAgeMs":0,"rawLat":51.350043,"rawLng":19.376233,"accM":4,"speedKmh":27,"speedMs":7.5,"heading":156,"tripActive":true,"driving":true,"navigating":false,"osTimestamp":1780596537953}
06-04 20:08:57.981 I/ReactNativeJS(30359): [VROOM-TEL] 2026-06-04T18:08:57.981Z | DRIVE_TRACE_FEED | {"t":1780596537981,"seq":1281,"gpsTickId":1780596537953,"gpsTickAgeMs":3,"lat":51.350261,"lng":19.375955,"hdg":155,"durationMs":774,"speedKmh":33.7}
06-04 20:08:57.982 I/ReactNativeJS(30359): [VROOM-TEL] 2026-06-04T18:08:57.981Z | DRIVE_TRACE_TICK | {"t":1780596537981,"seq":1282,"gpsTickId":1780596537953,"gpsTickAgeMs":3,"rawLat":51.350043,"rawLng":19.376233,"snapLat":51.350261,"snapLng":19.375955,"markerLat":51.350261,"markerLng":19.375955,"markerHdg":155,"markerSvLat":51.350313,"markerSvLng":19.375913,"markerSvHdg":152,"accM":4,"hudKmh":33.7,"engineKmh":33.7,"dopplerKmh":27,"feedDurMs":774,"cadenceMs":1000,"feedSpeedMs":9.4,"isNavigating":false,"isFreeDrive":true,"isMoving":true,"feedSkipGate":false,"feedAccepted":true,"feedHeadingOnly":false,"source":"drive_core_v2"}
06-04 20:08:57.982 I/ReactNativeJS(30359): [VROOM-TEL] 2026-06-04T18:08:57.982Z | GPS_ACCEPT | {"lat":51.350043,"lng":19.376233,"acc":4,"speedKmh":27,"gpsLock":true}
06-04 20:08:58.160 I/ReactNativeJS(30359): [VROOM-TEL] 2026-06-04T18:08:58.160Z | DRIVE_TRACE_CAMERA | {"t":1780596538160,"seq":1283,"gpsTickId":1780596537953,"gpsTickAgeMs":182,"lat":51.350301,"lng":19.375922,"hdg":153,"speedKmh":33.7,"exploring":false,"frameMoveM":0}
06-04 20:08:58.462 I/ReactNativeJS(30359): [VROOM-TEL] 2026-06-04T18:08:58.462Z | CAMERA_HEADING | {"t":1780596538462,"speedKmh":34,"movedM":0.27,"moveBearing":null,"snapHdg":153,"headingOut":153,"flipFromPrevDeg":0,"lookaheadM":27,"nativeFollow":true}
06-04 20:08:58.464 I/ReactNativeJS(30359): [VROOM-TEL] 2026-06-04T18:08:58.464Z | DRIVE_TRACE_CAMERA | {"t":1780596538464,"seq":1284,"gpsTickId":1780596537953,"gpsTickAgeMs":486,"lat":51.350281,"lng":19.375939,"hdg":153,"speedKmh":33.7,"exploring":false,"frameMoveM":0}
06-04 20:08:58.560 I/ReactNativeJS(30359): [VROOM-TEL] 2026-06-04T18:08:58.560Z | CAM_FOLLOW_PUSH | {"t":1780596538560,"lat":51.350274,"lng":19.375944,"hdg":153,"snapHdg":153,"speedKmh":34,"exploring":false,"source":"drive_marker_sv_60fps"}
06-04 20:08:58.777 I/ReactNativeJS(30359): [VROOM-TEL] 2026-06-04T18:08:58.776Z | DRIVE_TRACE_CAMERA | {"t":1780596538776,"seq":1285,"gpsTickId":1780596537953,"gpsTickAgeMs":798,"lat":51.35026,"lng":19.375956,"hdg":152,"speedKmh":33.7,"exploring":false,"frameMoveM":0}
06-04 20:08:58.969 I/ReactNativeJS(30359): [VROOM-TEL] 2026-06-04T18:08:58.969Z | RAW_GPS_TICK | {"t":1780596538969,"gpsTickId":1780596538955,"gpsTickAgeMs":0,"lat":51.349982,"lng":19.376275,"speed":7.29,"speedKmh":26.2,"accuracy":4,"osTimestamp":1780596538955,"tripActive":true,"appState":"active"}
06-04 20:08:58.969 I/ReactNativeJS(30359): [VROOM-TEL] 2026-06-04T18:08:58.969Z | DRIVE_TRACE_RAW | {"t":1780596538969,"seq":1286,"gpsTickId":1780596538955,"gpsTickAgeMs":0,"rawLat":51.349982,"rawLng":19.376275,"accM":4,"speedKmh":26.2,"speedMs":7.3,"heading":156,"tripActive":true,"driving":true,"navigating":false,"osTimestamp":1780596538955}
06-04 20:08:58.972 I/ReactNativeJS(30359): [VROOM-TEL] 2026-06-04T18:08:58.972Z | DRIVE_TRACE_FEED | {"t":1780596538972,"seq":1287,"gpsTickId":1780596538955,"gpsTickAgeMs":3,"lat":51.350211,"lng":19.376017,"hdg":156,"durationMs":780,"speedKmh":32.7}
06-04 20:08:58.973 I/ReactNativeJS(30359): [VROOM-TEL] 2026-06-04T18:08:58.973Z | DRIVE_TRACE_TICK | {"t":1780596538973,"seq":1288,"gpsTickId":1780596538955,"gpsTickAgeMs":4,"rawLat":51.349982,"rawLng":19.376275,"snapLat":51.350211,"snapLng":19.376017,"markerLat":51.350211,"markerLng":19.376017,"markerHdg":156,"markerSvLat":51.350252,"markerSvLng":19.375962,"markerSvHdg":152,"accM":4,"hudKmh":32.7,"engineKmh":32.7,"dopplerKmh":26.2,"feedDurMs":780,"cadenceMs":997,"feedSpeedMs":9.1,"isNavigating":false,"isFreeDrive":true,"isMoving":true,"feedSkipGate":false,"feedAccepted":true,"feedHeadingOnly":false,"source":"drive_core_v2"}
06-04 20:08:58.973 I/ReactNativeJS(30359): [VROOM-TEL] 2026-06-04T18:08:58.973Z | GPS_ACCEPT | {"lat":51.349982,"lng":19.376275,"acc":4,"speedKmh":26.8,"gpsLock":true}
06-04 20:08:59.076 I/ReactNativeJS(30359): [VROOM-TEL] 2026-06-04T18:08:59.076Z | DRIVE_TRACE_CAMERA | {"t":1780596539076,"seq":1289,"gpsTickId":1780596538955,"gpsTickAgeMs":107,"lat":51.350247,"lng":19.375969,"hdg":140,"speedKmh":32.7,"exploring":false,"frameMoveM":0}
06-04 20:08:59.377 I/ReactNativeJS(30359): [VROOM-TEL] 2026-06-04T18:08:59.377Z | CAM_FOLLOW_PUSH | {"t":1780596539377,"lat":51.350231,"lng":19.375991,"hdg":140,"snapHdg":140,"speedKmh":33,"exploring":false,"source":"drive_marker_sv_60fps"}
06-04 20:08:59.377 I/ReactNativeJS(30359): [VROOM-TEL] 2026-06-04T18:08:59.377Z | DRIVE_TRACE_CAMERA | {"t":1780596539377,"seq":1290,"gpsTickId":1780596538955,"gpsTickAgeMs":408,"lat":51.350231,"lng":19.375991,"hdg":140,"speedKmh":32.7,"exploring":false,"frameMoveM":0}
06-04 20:08:59.576 I/ReactNativeJS(30359): [VROOM-TEL] 2026-06-04T18:08:59.576Z | CAMERA_HEADING | {"t":1780596539576,"speedKmh":33,"movedM":0.13,"moveBearing":null,"snapHdg":140,"headingOut":140,"flipFromPrevDeg":0,"lookaheadM":27,"nativeFollow":true}
06-04 20:08:59.693 I/ReactNativeJS(30359): [VROOM-TEL] 2026-06-04T18:08:59.693Z | DRIVE_TRACE_CAMERA | {"t":1780596539693,"seq":1291,"gpsTickId":1780596538955,"gpsTickAgeMs":724,"lat":51.350214,"lng":19.376013,"hdg":140,"speedKmh":32.7,"exploring":false,"frameMoveM":0}
06-04 20:08:59.977 I/ReactNativeJS(30359): [VROOM-TEL] 2026-06-04T18:08:59.977Z | RAW_GPS_TICK | {"t":1780596539977,"gpsTickId":1780596539954,"gpsTickAgeMs":0,"lat":51.349927,"lng":19.376314,"speed":6.76,"speedKmh":24.3,"accuracy":4,"osTimestamp":1780596539954,"tripActive":true,"appState":"active"}
06-04 20:08:59.977 I/ReactNativeJS(30359): [VROOM-TEL] 2026-06-04T18:08:59.977Z | DRIVE_TRACE_RAW | {"t":1780596539977,"seq":1292,"gpsTickId":1780596539954,"gpsTickAgeMs":0,"rawLat":51.349927,"rawLng":19.376314,"accM":4,"speedKmh":24.3,"speedMs":6.8,"heading":156,"tripActive":true,"driving":true,"navigating":false,"osTimestamp":1780596539954}
06-04 20:08:59.980 I/ReactNativeJS(30359): [VROOM-TEL] 2026-06-04T18:08:59.980Z | DRIVE_TRACE_FEED | {"t":1780596539980,"seq":1293,"gpsTickId":1780596539954,"gpsTickAgeMs":3,"lat":51.350172,"lng":19.376092,"hdg":157,"durationMs":796,"speedKmh":30.5}
06-04 20:08:59.981 I/ReactNativeJS(30359): [VROOM-TEL] 2026-06-04T18:08:59.981Z | DRIVE_TRACE_TICK | {"t":1780596539981,"seq":1294,"gpsTickId":1780596539954,"gpsTickAgeMs":4,"rawLat":51.349927,"rawLng":19.376314,"snapLat":51.350172,"snapLng":19.376092,"markerLat":51.350172,"markerLng":19.376092,"markerHdg":157,"markerSvLat":51.350204,"markerSvLng":19.376025,"markerSvHdg":152,"accM":4,"hudKmh":30.5,"engineKmh":30.5,"dopplerKmh":24.3,"feedDurMs":796,"cadenceMs":1001,"feedSpeedMs":8.5,"isNavigating":false,"isFreeDrive":true,"isMoving":true,"feedSkipGate":false,"feedAccepted":true,"feedHeadingOnly":false,"source":"drive_core_v2"}
06-04 20:08:59.981 I/ReactNativeJS(30359): [VROOM-TEL] 2026-06-04T18:08:59.981Z | GPS_ACCEPT | {"lat":51.349927,"lng":19.376314,"acc":4,"speedKmh":24.3,"gpsLock":true}
06-04 20:09:00.074 I/ReactNativeJS(30359): [VROOM-TEL] 2026-06-04T18:09:00.074Z | DRIVE_TRACE_CAMERA | {"t":1780596540074,"seq":1295,"gpsTickId":1780596539954,"gpsTickAgeMs":97,"lat":51.350203,"lng":19.376027,"hdg":149,"speedKmh":30.5,"exploring":false,"frameMoveM":0}
06-04 20:09:00.093 I/ReactNativeJS(30359): [VROOM-TEL] 2026-06-04T18:09:00.093Z | TRIP_SEGMENT_STATS | {"t":1780596540093,"totalDistanceKm":2.665,"acceptedMain":165,"acceptedMainKm":2.28,"fallbackAccepted":14,"fallbackKm":0.385,"derivedSpeedUsed":6,"derivedSpeedRejected":0,"lowSpeedDropped":0,"zeroMove":0,"rejectedTotal":45,"rejectedJitter":31,"rejectedJump":0,"rejectedStaleGap":0,"rejectedMinSpeed":0,"rejectedAccuracy":0,"rejectedImpossible":14,"rejectedInvalidTime":0}
06-04 20:09:00.193 I/ReactNativeJS(30359): [VROOM-TEL] 2026-06-04T18:09:00.193Z | CAM_FOLLOW_PUSH | {"t":1780596540193,"lat":51.350195,"lng":19.376043,"hdg":128,"snapHdg":128,"speedKmh":31,"exploring":false,"source":"drive_marker_sv_60fps"}
06-04 20:09:00.376 I/ReactNativeJS(30359): [VROOM-TEL] 2026-06-04T18:09:00.376Z | DRIVE_TRACE_CAMERA | {"t":1780596540376,"seq":1296,"gpsTickId":1780596539954,"gpsTickAgeMs":399,"lat":51.350188,"lng":19.376058,"hdg":128,"speedKmh":30.5,"exploring":false,"frameMoveM":0}
06-04 20:09:00.677 I/ReactNativeJS(30359): [VROOM-TEL] 2026-06-04T18:09:00.677Z | CAMERA_HEADING | {"t":1780596540677,"speedKmh":31,"movedM":0.12,"moveBearing":null,"snapHdg":128,"headingOut":128,"flipFromPrevDeg":0,"lookaheadM":27,"nativeFollow":true}
06-04 20:09:00.677 I/ReactNativeJS(30359): [VROOM-TEL] 2026-06-04T18:09:00.677Z | DRIVE_TRACE_CAMERA | {"t":1780596540677,"seq":1297,"gpsTickId":1780596539954,"gpsTickAgeMs":700,"lat":51.350176,"lng":19.376083,"hdg":128,"speedKmh":30.5,"exploring":false,"frameMoveM":0}
06-04 20:09:00.710 I/ReactNativeJS(30359): [VROOM-TEL] 2026-06-04T18:09:00.709Z | DRIVE_HEALTH | {"t":1780596540709,"mode":"driving","speedHudKmh":30.5,"speedPipeKmh":30.5,"gpsAgeMs":732,"drAgeMs":729,"gpsToDriftM":31,"snapAnchorDriftM":0,"offRoute":false,"reroutePending":false,"rerouteLoading":false,"hasRoutePts":0}
06-04 20:09:00.710 I/ReactNativeJS(30359): [VROOM-TEL] 2026-06-04T18:09:00.710Z | DRIVE_TRACE_HEARTBEAT | {"t":1780596540710,"seq":1298,"gpsTickId":1780596539954,"gpsTickAgeMs":733,"driving":true,"navigating":false,"tripActive":true,"lat":51.3499266,"lng":19.3763136,"gpsAgeMs":733}
06-04 20:09:00.980 I/ReactNativeJS(30359): [VROOM-TEL] 2026-06-04T18:09:00.980Z | RAW_GPS_TICK | {"t":1780596540980,"gpsTickId":1780596540955,"gpsTickAgeMs":0,"lat":51.349876,"lng":19.376325,"speed":5.69,"speedKmh":20.5,"accuracy":4,"osTimestamp":1780596540955,"tripActive":true,"appState":"active"}
06-04 20:09:00.980 I/ReactNativeJS(30359): [VROOM-TEL] 2026-06-04T18:09:00.980Z | DRIVE_TRACE_RAW | {"t":1780596540980,"seq":1299,"gpsTickId":1780596540955,"gpsTickAgeMs":0,"rawLat":51.349876,"rawLng":19.376325,"accM":4,"speedKmh":20.5,"speedMs":5.7,"heading":171,"tripActive":true,"driving":true,"navigating":false,"osTimestamp":1780596540955}
06-04 20:09:00.982 I/ReactNativeJS(30359): [VROOM-TEL] 2026-06-04T18:09:00.982Z | DRIVE_TRACE_FEED | {"t":1780596540982,"seq":1300,"gpsTickId":1780596540955,"gpsTickAgeMs":2,"lat":51.350143,"lng":19.376171,"hdg":164,"durationMs":818,"speedKmh":27.9}
06-04 20:09:00.983 I/ReactNativeJS(30359): [VROOM-TEL] 2026-06-04T18:09:00.983Z | DRIVE_TRACE_TICK | {"t":1780596540983,"seq":1301,"gpsTickId":1780596540955,"gpsTickAgeMs":3,"rawLat":51.349876,"rawLng":19.376325,"snapLat":51.350143,"snapLng":19.376171,"markerLat":51.350143,"markerLng":19.376171,"markerHdg":164,"markerSvLat":51.350166,"markerSvLng":19.3761,"markerSvHdg":152,"accM":4,"hudKmh":27.9,"engineKmh":27.9,"dopplerKmh":20.5,"feedDurMs":818,"cadenceMs":1002,"feedSpeedMs":7.7,"isNavigating":false,"isFreeDrive":true,"isMoving":true,"feedSkipGate":false,"feedAccepted":true,"feedHeadingOnly":false,"source":"drive_core_v2"}
06-04 20:09:00.983 I/ReactNativeJS(30359): [VROOM-TEL] 2026-06-04T18:09:00.983Z | GPS_ACCEPT | {"lat":51.349876,"lng":19.376325,"acc":4,"speedKmh":20.5,"gpsLock":true}
06-04 20:09:01.101 I/ReactNativeJS(30359): [VROOM-TEL] 2026-06-04T18:09:01.100Z | CAM_FOLLOW_PUSH | {"t":1780596541100,"lat":51.350166,"lng":19.376103,"hdg":154,"snapHdg":154,"speedKmh":28,"exploring":false,"source":"drive_marker_sv_60fps"}
06-04 20:09:01.101 I/ReactNativeJS(30359): [VROOM-TEL] 2026-06-04T18:09:01.101Z | DRIVE_TRACE_CAMERA | {"t":1780596541101,"seq":1302,"gpsTickId":1780596540955,"gpsTickAgeMs":121,"lat":51.350166,"lng":19.376103,"hdg":154,"speedKmh":27.9,"exploring":false,"frameMoveM":0}
06-04 20:09:01.410 I/ReactNativeJS(30359): [VROOM-TEL] 2026-06-04T18:09:01.410Z | DRIVE_TRACE_CAMERA | {"t":1780596541410,"seq":1303,"gpsTickId":1780596540955,"gpsTickAgeMs":430,"lat":51.350154,"lng":19.376137,"hdg":164,"speedKmh":27.9,"exploring":false,"frameMoveM":0}
06-04 20:09:01.731 I/ReactNativeJS(30359): [VROOM-TEL] 2026-06-04T18:09:01.731Z | DRIVE_TRACE_CAMERA | {"t":1780596541731,"seq":1304,"gpsTickId":1780596540955,"gpsTickAgeMs":751,"lat":51.350145,"lng":19.376164,"hdg":164,"speedKmh":27.9,"exploring":false,"frameMoveM":0}
06-04 20:09:01.793 I/ReactNativeJS(30359): [VROOM-TEL] 2026-06-04T18:09:01.793Z | CAMERA_HEADING | {"t":1780596541793,"speedKmh":28,"movedM":0.11,"moveBearing":null,"snapHdg":164,"headingOut":164,"flipFromPrevDeg":0,"lookaheadM":27,"nativeFollow":true}
06-04 20:09:01.978 I/ReactNativeJS(30359): [VROOM-TEL] 2026-06-04T18:09:01.978Z | RAW_GPS_TICK | {"t":1780596541978,"gpsTickId":1780596541954,"gpsTickAgeMs":0,"lat":51.349836,"lng":19.376279,"speed":5.35,"speedKmh":19.3,"accuracy":4,"osTimestamp":1780596541954,"tripActive":true,"appState":"active"}
06-04 20:09:01.978 I/ReactNativeJS(30359): [VROOM-TEL] 2026-06-04T18:09:01.978Z | DRIVE_TRACE_RAW | {"t":1780596541978,"seq":1305,"gpsTickId":1780596541954,"gpsTickAgeMs":0,"rawLat":51.349836,"rawLng":19.376279,"accM":4,"speedKmh":19.3,"speedMs":5.3,"heading":212,"tripActive":true,"driving":true,"navigating":false,"osTimestamp":1780596541954}
06-04 20:09:01.980 I/ReactNativeJS(30359): [VROOM-TEL] 2026-06-04T18:09:01.980Z | DRIVE_TRACE_FEED | {"t":1780596541980,"seq":1306,"gpsTickId":1780596541954,"gpsTickAgeMs":2,"lat":51.350097,"lng":19.376211,"hdg":194,"durationMs":848,"speedKmh":25}
06-04 20:09:01.980 I/ReactNativeJS(30359): [VROOM-TEL] 2026-06-04T18:09:01.980Z | DRIVE_TRACE_TICK | {"t":1780596541980,"seq":1307,"gpsTickId":1780596541954,"gpsTickAgeMs":2,"rawLat":51.349836,"rawLng":19.376279,"snapLat":51.350097,"snapLng":19.376211,"markerLat":51.350097,"markerLng":19.376211,"markerHdg":194,"markerSvLat":51.350139,"markerSvLng":19.376173,"markerSvHdg":164,"accM":4,"hudKmh":25,"engineKmh":25,"dopplerKmh":19.3,"feedDurMs":848,"cadenceMs":1001,"feedSpeedMs":6.9,"isNavigating":false,"isFreeDrive":true,"isMoving":true,"feedSkipGate":false,"feedAccepted":true,"feedHeadingOnly":false,"source":"drive_core_v2"}
06-04 20:09:01.980 I/ReactNativeJS(30359): [VROOM-TEL] 2026-06-04T18:09:01.980Z | GPS_ACCEPT | {"lat":51.349836,"lng":19.376279,"acc":4,"speedKmh":19.8,"gpsLock":true}
06-04 20:09:02.029 I/ReactNativeJS(30359): [VROOM-TEL] 2026-06-04T18:09:02.029Z | CAM_FOLLOW_PUSH | {"t":1780596542029,"lat":51.350137,"lng":19.376174,"hdg":167,"snapHdg":167,"speedKmh":25,"exploring":false,"source":"drive_marker_sv_60fps"}
06-04 20:09:02.049 I/ReactNativeJS(30359): [VROOM-TEL] 2026-06-04T18:09:02.049Z | DRIVE_TRACE_CAMERA | {"t":1780596542049,"seq":1308,"gpsTickId":1780596541954,"gpsTickAgeMs":71,"lat":51.350136,"lng":19.376176,"hdg":172,"speedKmh":25,"exploring":false,"frameMoveM":0}
06-04 20:09:02.360 I/ReactNativeJS(30359): [VROOM-TEL] 2026-06-04T18:09:02.360Z | DRIVE_TRACE_CAMERA | {"t":1780596542360,"seq":1309,"gpsTickId":1780596541954,"gpsTickAgeMs":382,"lat":51.35012,"lng":19.37619,"hdg":194,"speedKmh":25,"exploring":false,"frameMoveM":0}
06-04 20:09:02.677 I/ReactNativeJS(30359): [VROOM-TEL] 2026-06-04T18:09:02.676Z | DRIVE_TRACE_CAMERA | {"t":1780596542676,"seq":1310,"gpsTickId":1780596541954,"gpsTickAgeMs":698,"lat":51.350104,"lng":19.376204,"hdg":194,"speedKmh":25,"exploring":false,"frameMoveM":0}
06-04 20:09:02.843 I/ReactNativeJS(30359): [VROOM-TEL] 2026-06-04T18:09:02.843Z | CAM_FOLLOW_PUSH | {"t":1780596542843,"lat":51.350097,"lng":19.376211,"hdg":194,"snapHdg":194,"speedKmh":25,"exploring":false,"source":"drive_marker_sv_60fps"}
06-04 20:09:02.988 I/ReactNativeJS(30359): [VROOM-TEL] 2026-06-04T18:09:02.988Z | CAMERA_HEADING | {"t":1780596542988,"speedKmh":25,"movedM":0,"moveBearing":null,"snapHdg":194,"headingOut":194,"flipFromPrevDeg":0,"lookaheadM":27,"nativeFollow":true}
06-04 20:09:03.053 I/ReactNativeJS(30359): [VROOM-TEL] 2026-06-04T18:09:03.053Z | RAW_GPS_TICK | {"t":1780596543053,"gpsTickId":1780596542953,"gpsTickAgeMs":0,"lat":51.349815,"lng":19.37621,"speed":5.26,"speedKmh":18.9,"accuracy":4,"osTimestamp":1780596542953,"tripActive":true,"appState":"active"}
06-04 20:09:03.053 I/ReactNativeJS(30359): [VROOM-TEL] 2026-06-04T18:09:03.053Z | DRIVE_TRACE_RAW | {"t":1780596543053,"seq":1311,"gpsTickId":1780596542953,"gpsTickAgeMs":0,"rawLat":51.349815,"rawLng":19.37621,"accM":4,"speedKmh":18.9,"speedMs":5.3,"heading":241,"tripActive":true,"driving":true,"navigating":false,"osTimestamp":1780596542953}
06-04 20:09:03.054 I/ReactNativeJS(30359): [VROOM-TEL] 2026-06-04T18:09:03.054Z | DRIVE_TRACE_FEED | {"t":1780596543054,"seq":1312,"gpsTickId":1780596542953,"gpsTickAgeMs":1,"lat":51.350045,"lng":19.376227,"hdg":230,"durationMs":855,"speedKmh":24.4}
06-04 20:09:03.055 I/ReactNativeJS(30359): [VROOM-TEL] 2026-06-04T18:09:03.055Z | DRIVE_TRACE_TICK | {"t":1780596543055,"seq":1313,"gpsTickId":1780596542953,"gpsTickAgeMs":2,"rawLat":51.349815,"rawLng":19.37621,"snapLat":51.350045,"snapLng":19.376227,"markerLat":51.350045,"markerLng":19.376227,"markerHdg":230,"markerSvLat":51.350095,"markerSvLng":19.37621,"markerSvHdg":194,"accM":4,"hudKmh":24.4,"engineKmh":24.4,"dopplerKmh":18.9,"feedDurMs":855,"cadenceMs":1027,"feedSpeedMs":6.8,"isNavigating":false,"isFreeDrive":true,"isMoving":true,"feedSkipGate":false,"feedAccepted":true,"feedHeadingOnly":false,"source":"drive_core_v2"}
06-04 20:09:03.055 I/ReactNativeJS(30359): [VROOM-TEL] 2026-06-04T18:09:03.055Z | GPS_ACCEPT | {"lat":51.349815,"lng":19.37621,"acc":4,"speedKmh":18.9,"gpsLock":true}
06-04 20:09:03.146 I/ReactNativeJS(30359): [VROOM-TEL] 2026-06-04T18:09:03.146Z | DRIVE_TRACE_CAMERA | {"t":1780596543146,"seq":1314,"gpsTickId":1780596542953,"gpsTickAgeMs":93,"lat":51.350093,"lng":19.37621,"hdg":196,"speedKmh":24.4,"exploring":false,"frameMoveM":0}
06-04 20:09:03.460 I/ReactNativeJS(30359): [VROOM-TEL] 2026-06-04T18:09:03.460Z | DRIVE_TRACE_CAMERA | {"t":1780596543460,"seq":1315,"gpsTickId":1780596542953,"gpsTickAgeMs":407,"lat":51.350071,"lng":19.376218,"hdg":230,"speedKmh":24.4,"exploring":false,"frameMoveM":0}
06-04 20:09:03.643 I/ReactNativeJS(30359): [VROOM-TEL] 2026-06-04T18:09:03.643Z | CAM_FOLLOW_PUSH | {"t":1780596543643,"lat":51.350061,"lng":19.376221,"hdg":230,"snapHdg":230,"speedKmh":24,"exploring":false,"source":"drive_marker_sv_60fps"}
06-04 20:09:03.761 I/ReactNativeJS(30359): [VROOM-TEL] 2026-06-04T18:09:03.760Z | DRIVE_TRACE_CAMERA | {"t":1780596543760,"seq":1316,"gpsTickId":1780596542953,"gpsTickAgeMs":707,"lat":51.350054,"lng":19.376224,"hdg":230,"speedKmh":24.4,"exploring":false,"frameMoveM":0}
06-04 20:09:04.026 I/ReactNativeJS(30359): [VROOM-TEL] 2026-06-04T18:09:04.026Z | RAW_GPS_TICK | {"t":1780596544026,"gpsTickId":1780596543955,"gpsTickAgeMs":0,"lat":51.349797,"lng":19.376141,"speed":5.24,"speedKmh":18.9,"accuracy":4,"osTimestamp":1780596543955,"tripActive":true,"appState":"active"}
06-04 20:09:04.026 I/ReactNativeJS(30359): [VROOM-TEL] 2026-06-04T18:09:04.026Z | DRIVE_TRACE_RAW | {"t":1780596544026,"seq":1317,"gpsTickId":1780596543955,"gpsTickAgeMs":0,"rawLat":51.349797,"rawLng":19.376141,"accM":4,"speedKmh":18.9,"speedMs":5.2,"heading":247,"tripActive":true,"driving":true,"navigating":false,"osTimestamp":1780596543955}
06-04 20:09:04.027 I/ReactNativeJS(30359): [VROOM-TEL] 2026-06-04T18:09:04.027Z | DRIVE_TRACE_FEED | {"t":1780596544027,"seq":1318,"gpsTickId":1780596543955,"gpsTickAgeMs":1,"lat":51.349998,"lng":19.376221,"hdg":246,"durationMs":900,"speedKmh":21.2}
06-04 20:09:04.027 I/ReactNativeJS(30359): [VROOM-TEL] 2026-06-04T18:09:04.027Z | DRIVE_TRACE_TICK | {"t":1780596544027,"seq":1319,"gpsTickId":1780596543955,"gpsTickAgeMs":1,"rawLat":51.349797,"rawLng":19.376141,"snapLat":51.349998,"snapLng":19.376221,"markerLat":51.349998,"markerLng":19.376221,"markerHdg":246,"markerSvLat":51.350044,"markerSvLng":19.376224,"markerSvHdg":230,"accM":4,"hudKmh":21.2,"engineKmh":21.2,"dopplerKmh":18.9,"feedDurMs":900,"cadenceMs":1008,"feedSpeedMs":5.9,"isNavigating":false,"isFreeDrive":true,"isMoving":true,"feedSkipGate":false,"feedAccepted":true,"feedHeadingOnly":false,"source":"drive_core_v2"}
06-04 20:09:04.027 I/ReactNativeJS(30359): [VROOM-TEL] 2026-06-04T18:09:04.027Z | GPS_ACCEPT | {"lat":51.349797,"lng":19.376141,"acc":4,"speedKmh":19.2,"gpsLock":true}
06-04 20:09:04.112 I/ReactNativeJS(30359): [VROOM-TEL] 2026-06-04T18:09:04.112Z | CAMERA_HEADING | {"t":1780596544112,"speedKmh":21,"movedM":0.46,"moveBearing":null,"snapHdg":241,"headingOut":241,"flipFromPrevDeg":11,"lookaheadM":21,"nativeFollow":true}
06-04 20:09:04.116 I/ReactNativeJS(30359): [VROOM-TEL] 2026-06-04T18:09:04.116Z | DRIVE_TRACE_CAMERA | {"t":1780596544116,"seq":1320,"gpsTickId":1780596543955,"gpsTickAgeMs":90,"lat":51.350042,"lng":19.376224,"hdg":233,"speedKmh":21.2,"exploring":false,"frameMoveM":0}
06-04 20:09:04.426 I/ReactNativeJS(30359): [VROOM-TEL] 2026-06-04T18:09:04.426Z | DRIVE_TRACE_CAMERA | {"t":1780596544426,"seq":1321,"gpsTickId":1780596543955,"gpsTickAgeMs":400,"lat":51.350024,"lng":19.376223,"hdg":246,"speedKmh":21.2,"exploring":false,"frameMoveM":0}
06-04 20:09:04.443 I/ReactNativeJS(30359): [VROOM-TEL] 2026-06-04T18:09:04.443Z | CAM_FOLLOW_PUSH | {"t":1780596544443,"lat":51.350023,"lng":19.376223,"hdg":246,"snapHdg":246,"speedKmh":21,"exploring":false,"source":"drive_marker_sv_60fps"}
06-04 20:09:04.726 I/ReactNativeJS(30359): [VROOM-TEL] 2026-06-04T18:09:04.726Z | DRIVE_TRACE_CAMERA | {"t":1780596544726,"seq":1322,"gpsTickId":1780596543955,"gpsTickAgeMs":700,"lat":51.350008,"lng":19.376221,"hdg":246,"speedKmh":21.2,"exploring":false,"frameMoveM":0}
06-04 20:09:04.972 I/ReactNativeJS(30359): [VROOM-TEL] 2026-06-04T18:09:04.972Z | RAW_GPS_TICK | {"t":1780596544972,"gpsTickId":1780596544954,"gpsTickAgeMs":0,"lat":51.34978,"lng":19.376069,"speed":5.11,"speedKmh":18.4,"accuracy":4,"osTimestamp":1780596544954,"tripActive":true,"appState":"active"}
06-04 20:09:04.972 I/ReactNativeJS(30359): [VROOM-TEL] 2026-06-04T18:09:04.972Z | DRIVE_TRACE_RAW | {"t":1780596544972,"seq":1323,"gpsTickId":1780596544954,"gpsTickAgeMs":1,"rawLat":51.34978,"rawLng":19.376069,"accM":4,"speedKmh":18.4,"speedMs":5.1,"heading":250,"tripActive":true,"driving":true,"navigating":false,"osTimestamp":1780596544954}
06-04 20:09:04.975 I/ReactNativeJS(30359): [VROOM-TEL] 2026-06-04T18:09:04.975Z | DRIVE_TRACE_FEED | {"t":1780596544975,"seq":1324,"gpsTickId":1780596544954,"gpsTickAgeMs":4,"lat":51.349948,"lng":19.376202,"hdg":248,"durationMs":864,"speedKmh":23.7}
06-04 20:09:04.976 I/ReactNativeJS(30359): [VROOM-TEL] 2026-06-04T18:09:04.976Z | DRIVE_TRACE_TICK | {"t":1780596544976,"seq":1325,"gpsTickId":1780596544954,"gpsTickAgeMs":5,"rawLat":51.34978,"rawLng":19.376069,"snapLat":51.349948,"snapLng":19.376202,"markerLat":51.349948,"markerLng":19.376202,"markerHdg":248,"markerSvLat":51.349998,"markerSvLng":19.376221,"markerSvHdg":246,"accM":4,"hudKmh":23.7,"engineKmh":23.7,"dopplerKmh":18.4,"feedDurMs":864,"cadenceMs":986,"feedSpeedMs":6.6,"isNavigating":false,"isFreeDrive":true,"isMoving":true,"feedSkipGate":false,"feedAccepted":true,"feedHeadingOnly":false,"source":"drive_core_v2"}
06-04 20:09:04.976 I/ReactNativeJS(30359): [VROOM-TEL] 2026-06-04T18:09:04.976Z | GPS_ACCEPT | {"lat":51.34978,"lng":19.376069,"acc":4,"speedKmh":20.3,"gpsLock":true}
06-04 20:09:05.026 I/ReactNativeJS(30359): [VROOM-TEL] 2026-06-04T18:09:05.026Z | DRIVE_TRACE_CAMERA | {"t":1780596545026,"seq":1326,"gpsTickId":1780596544954,"gpsTickAgeMs":55,"lat":51.349995,"lng":19.37622,"hdg":246,"speedKmh":23.7,"exploring":false,"frameMoveM":0}
06-04 20:09:05.226 I/ReactNativeJS(30359): [VROOM-TEL] 2026-06-04T18:09:05.226Z | CAMERA_HEADING | {"t":1780596545226,"speedKmh":24,"movedM":0.11,"moveBearing":null,"snapHdg":246,"headingOut":246,"flipFromPrevDeg":0,"lookaheadM":21,"nativeFollow":true}
06-04 20:09:05.340 I/ReactNativeJS(30359): [VROOM-TEL] 2026-06-04T18:09:05.340Z | CAM_FOLLOW_PUSH | {"t":1780596545340,"lat":51.349983,"lng":19.376215,"hdg":246,"snapHdg":246,"speedKmh":24,"exploring":false,"source":"drive_marker_sv_60fps"}
06-04 20:09:05.340 I/ReactNativeJS(30359): [VROOM-TEL] 2026-06-04T18:09:05.340Z | DRIVE_TRACE_CAMERA | {"t":1780596545340,"seq":1327,"gpsTickId":1780596544954,"gpsTickAgeMs":369,"lat":51.349983,"lng":19.376215,"hdg":246,"speedKmh":23.7,"exploring":false,"frameMoveM":0}
06-04 20:09:05.642 I/ReactNativeJS(30359): [VROOM-TEL] 2026-06-04T18:09:05.642Z | DRIVE_TRACE_CAMERA | {"t":1780596545642,"seq":1328,"gpsTickId":1780596544954,"gpsTickAgeMs":671,"lat":51.349959,"lng":19.376206,"hdg":246,"speedKmh":23.7,"exploring":false,"frameMoveM":0}
06-04 20:09:05.727 I/ReactNativeJS(30359): [VROOM-TEL] 2026-06-04T18:09:05.726Z | DRIVE_TRACE_HEARTBEAT | {"t":1780596545726,"seq":1329,"gpsTickId":1780596544954,"gpsTickAgeMs":755,"driving":true,"navigating":false,"tripActive":true,"lat":51.3497797,"lng":19.376069,"gpsAgeMs":755}
06-04 20:09:05.979 I/ReactNativeJS(30359): [VROOM-TEL] 2026-06-04T18:09:05.978Z | RAW_GPS_TICK | {"t":1780596545978,"gpsTickId":1780596545955,"gpsTickAgeMs":0,"lat":51.349773,"lng":19.375996,"speed":4.93,"speedKmh":17.7,"accuracy":4,"osTimestamp":1780596545955,"tripActive":true,"appState":"active"}
06-04 20:09:05.979 I/ReactNativeJS(30359): [VROOM-TEL] 2026-06-04T18:09:05.979Z | DRIVE_TRACE_RAW | {"t":1780596545979,"seq":1330,"gpsTickId":1780596545955,"gpsTickAgeMs":1,"rawLat":51.349773,"rawLng":19.375996,"accM":4,"speedKmh":17.7,"speedMs":4.9,"heading":261,"tripActive":true,"driving":true,"navigating":false,"osTimestamp":1780596545955}
06-04 20:09:05.980 I/ReactNativeJS(30359): [VROOM-TEL] 2026-06-04T18:09:05.980Z | DRIVE_TRACE_FEED | {"t":1780596545980,"seq":1331,"gpsTickId":1780596545955,"gpsTickAgeMs":2,"lat":51.349901,"lng":19.376178,"hdg":256,"durationMs":880,"speedKmh":22.5}
06-04 20:09:05.980 I/ReactNativeJS(30359): [VROOM-TEL] 2026-06-04T18:09:05.980Z | DRIVE_TRACE_TICK | {"t":1780596545980,"seq":1332,"gpsTickId":1780596545955,"gpsTickAgeMs":2,"rawLat":51.349773,"rawLng":19.375996,"snapLat":51.349901,"snapLng":19.376178,"markerLat":51.349901,"markerLng":19.376178,"markerHdg":256,"markerSvLat":51.349948,"markerSvLng":19.3762,"markerSvHdg":246,"accM":4,"hudKmh":22.5,"engineKmh":22.5,"dopplerKmh":17.7,"feedDurMs":880,"cadenceMs":993,"feedSpeedMs":6.3,"isNavigating":false,"isFreeDrive":true,"isMoving":true,"feedSkipGate":false,"feedAccepted":true,"feedHeadingOnly":false,"source":"drive_core_v2"}
06-04 20:09:05.980 I/ReactNativeJS(30359): [VROOM-TEL] 2026-06-04T18:09:05.980Z | GPS_ACCEPT | {"lat":51.349773,"lng":19.375996,"acc":4,"speedKmh":18.4,"gpsLock":true}
06-04 20:09:06.037 I/ReactNativeJS(30359): [VROOM-TEL] 2026-06-04T18:09:06.037Z | DRIVE_TRACE_CAMERA | {"t":1780596546037,"seq":1333,"gpsTickId":1780596545955,"gpsTickAgeMs":59,"lat":51.349946,"lng":19.3762,"hdg":249,"speedKmh":22.5,"exploring":false,"frameMoveM":0}
06-04 20:09:06.144 I/ReactNativeJS(30359): [VROOM-TEL] 2026-06-04T18:09:06.144Z | CAM_FOLLOW_PUSH | {"t":1780596546144,"lat":51.349939,"lng":19.376196,"hdg":256,"snapHdg":256,"speedKmh":23,"exploring":false,"source":"drive_marker_sv_60fps"}
06-04 20:09:06.343 I/ReactNativeJS(30359): [VROOM-TEL] 2026-06-04T18:09:06.343Z | CAMERA_HEADING | {"t":1780596546343,"speedKmh":23,"movedM":0.51,"moveBearing":null,"snapHdg":256,"headingOut":256,"flipFromPrevDeg":0,"lookaheadM":21,"nativeFollow":true}
06-04 20:09:06.347 I/ReactNativeJS(30359): [VROOM-TEL] 2026-06-04T18:09:06.347Z | DRIVE_TRACE_CAMERA | {"t":1780596546347,"seq":1334,"gpsTickId":1780596545955,"gpsTickAgeMs":369,"lat":51.349932,"lng":19.376193,"hdg":256,"speedKmh":22.5,"exploring":false,"frameMoveM":0}
06-04 20:09:06.660 I/ReactNativeJS(30359): [VROOM-TEL] 2026-06-04T18:09:06.660Z | DRIVE_TRACE_CAMERA | {"t":1780596546660,"seq":1335,"gpsTickId":1780596545955,"gpsTickAgeMs":682,"lat":51.349912,"lng":19.376183,"hdg":256,"speedKmh":22.5,"exploring":false,"frameMoveM":0}
06-04 20:09:07.965 I/ReactNativeJS(30359): [VROOM-TEL] 2026-06-04T18:09:07.965Z | RAW_GPS_TICK | {"t":1780596547965,"gpsTickId":1780596547953,"gpsTickAgeMs":0,"lat":51.349805,"lng":19.375872,"speed":4.62,"speedKmh":16.6,"accuracy":4,"osTimestamp":1780596547953,"tripActive":true,"appState":"active"}
06-04 20:09:07.965 I/ReactNativeJS(30359): [VROOM-TEL] 2026-06-04T18:09:07.965Z | DRIVE_TRACE_RAW | {"t":1780596547965,"seq":1336,"gpsTickId":1780596547953,"gpsTickAgeMs":0,"rawLat":51.349805,"rawLng":19.375872,"accM":4,"speedKmh":16.6,"speedMs":4.6,"heading":295,"tripActive":true,"driving":true,"navigating":false,"osTimestamp":1780596547953}
06-04 20:09:07.968 I/ReactNativeJS(30359): [VROOM-TEL] 2026-06-04T18:09:07.968Z | DRIVE_TRACE_FEED | {"t":1780596547968,"seq":1337,"gpsTickId":1780596547953,"gpsTickAgeMs":3,"lat":51.349864,"lng":19.376124,"hdg":277,"durationMs":876,"speedKmh":22.8}
06-04 20:09:07.969 I/ReactNativeJS(30359): [VROOM-TEL] 2026-06-04T18:09:07.969Z | DRIVE_TRACE_TICK | {"t":1780596547969,"seq":1338,"gpsTickId":1780596547953,"gpsTickAgeMs":4,"rawLat":51.349805,"rawLng":19.375872,"snapLat":51.349864,"snapLng":19.376124,"markerLat":51.349864,"markerLng":19.376124,"markerHdg":277,"markerSvLat":51.349901,"markerSvLng":19.376178,"markerSvHdg":256,"accM":4,"hudKmh":22.8,"engineKmh":22.8,"dopplerKmh":16.6,"feedDurMs":876,"cadenceMs":1341,"feedSpeedMs":6.3,"isNavigating":false,"isFreeDrive":true,"isMoving":true,"feedSkipGate":false,"feedAccepted":true,"feedHeadingOnly":false,"source":"drive_core_v2"}
06-04 20:09:07.969 I/ReactNativeJS(30359): [VROOM-TEL] 2026-06-04T18:09:07.969Z | GPS_ACCEPT | {"lat":51.349805,"lng":19.375872,"acc":4,"speedKmh":16.8,"gpsLock":true}
06-04 20:09:08.011 I/ReactNativeJS(30359): [VROOM-TEL] 2026-06-04T18:09:08.011Z | CAMERA_HEADING | {"t":1780596548011,"speedKmh":23,"movedM":0.36,"moveBearing":null,"snapHdg":264,"headingOut":264,"flipFromPrevDeg":8,"lookaheadM":21,"nativeFollow":true}
06-04 20:09:08.022 I/ReactNativeJS(30359): [VROOM-TEL] 2026-06-04T18:09:08.022Z | CAM_FOLLOW_PUSH | {"t":1780596548022,"lat":51.349901,"lng":19.376177,"hdg":258,"snapHdg":258,"speedKmh":23,"exploring":false,"source":"drive_marker_sv_60fps"}
06-04 20:09:08.022 I/ReactNativeJS(30359): [VROOM-TEL] 2026-06-04T18:09:08.022Z | DRIVE_TRACE_CAMERA | {"t":1780596548022,"seq":1339,"gpsTickId":1780596547953,"gpsTickAgeMs":57,"lat":51.349901,"lng":19.376177,"hdg":258,"speedKmh":22.8,"exploring":false,"frameMoveM":0}
06-04 20:09:08.326 I/ReactNativeJS(30359): [VROOM-TEL] 2026-06-04T18:09:08.326Z | DRIVE_TRACE_CAMERA | {"t":1780596548326,"seq":1340,"gpsTickId":1780596547953,"gpsTickAgeMs":361,"lat":51.349886,"lng":19.376156,"hdg":277,"speedKmh":22.8,"exploring":false,"frameMoveM":0}
06-04 20:09:08.627 I/ReactNativeJS(30359): [VROOM-TEL] 2026-06-04T18:09:08.627Z | DRIVE_TRACE_CAMERA | {"t":1780596548627,"seq":1341,"gpsTickId":1780596547953,"gpsTickAgeMs":662,"lat":51.349873,"lng":19.376137,"hdg":277,"speedKmh":22.8,"exploring":false,"frameMoveM":0}
06-04 20:09:08.826 I/ReactNativeJS(30359): [VROOM-TEL] 2026-06-04T18:09:08.826Z | CAM_FOLLOW_PUSH | {"t":1780596548826,"lat":51.349865,"lng":19.376125,"hdg":277,"snapHdg":277,"speedKmh":23,"exploring":false,"source":"drive_marker_sv_60fps"}
06-04 20:09:09.969 I/ReactNativeJS(30359): [VROOM-TEL] 2026-06-04T18:09:09.969Z | RAW_GPS_TICK | {"t":1780596549969,"gpsTickId":1780596549954,"gpsTickAgeMs":0,"lat":51.349833,"lng":19.375808,"speed":1.85,"speedKmh":6.7,"accuracy":4,"osTimestamp":1780596549954,"tripActive":true,"appState":"active"}
06-04 20:09:09.970 I/ReactNativeJS(30359): [VROOM-TEL] 2026-06-04T18:09:09.970Z | DRIVE_TRACE_RAW | {"t":1780596549970,"seq":1342,"gpsTickId":1780596549954,"gpsTickAgeMs":1,"rawLat":51.349833,"rawLng":19.375808,"accM":4,"speedKmh":6.7,"speedMs":1.9,"heading":309,"tripActive":true,"driving":true,"navigating":false,"osTimestamp":1780596549954}
06-04 20:09:09.973 I/ReactNativeJS(30359): [VROOM-TEL] 2026-06-04T18:09:09.973Z | DRIVE_TRACE_FEED | {"t":1780596549973,"seq":1343,"gpsTickId":1780596549954,"gpsTickAgeMs":4,"lat":51.349848,"lng":19.376061,"hdg":299,"durationMs":974,"speedKmh":17.4}
06-04 20:09:09.973 I/ReactNativeJS(30359): [VROOM-TEL] 2026-06-04T18:09:09.973Z | DRIVE_TRACE_TICK | {"t":1780596549973,"seq":1344,"gpsTickId":1780596549954,"gpsTickAgeMs":4,"rawLat":51.349833,"rawLng":19.375808,"snapLat":51.349848,"snapLng":19.376061,"markerLat":51.349848,"markerLng":19.376061,"markerHdg":299,"markerSvLat":51.349864,"markerSvLng":19.376124,"markerSvHdg":277,"accM":4,"hudKmh":17.4,"engineKmh":17.4,"dopplerKmh":6.7,"feedDurMs":974,"cadenceMs":1573,"feedSpeedMs":4.8,"isNavigating":false,"isFreeDrive":true,"isMoving":true,"feedSkipGate":false,"feedAccepted":true,"feedHeadingOnly":false,"source":"drive_core_v2"}
06-04 20:09:09.973 I/ReactNativeJS(30359): [VROOM-TEL] 2026-06-04T18:09:09.973Z | GPS_ACCEPT | {"lat":51.349833,"lng":19.375808,"acc":4,"speedKmh":9.7,"gpsLock":true}
06-04 20:09:10.008 I/ReactNativeJS(30359): [VROOM-TEL] 2026-06-04T18:09:10.007Z | CAMERA_HEADING | {"t":1780596550007,"speedKmh":17,"movedM":0.09,"moveBearing":null,"snapHdg":283,"headingOut":283,"flipFromPrevDeg":6,"lookaheadM":14,"nativeFollow":true}
06-04 20:09:10.038 I/ReactNativeJS(30359): [VROOM-TEL] 2026-06-04T18:09:10.037Z | CAM_FOLLOW_PUSH | {"t":1780596550037,"lat":51.349864,"lng":19.376124,"hdg":280,"snapHdg":280,"speedKmh":17,"exploring":false,"source":"drive_marker_sv_60fps"}
06-04 20:09:10.038 I/ReactNativeJS(30359): [VROOM-TEL] 2026-06-04T18:09:10.038Z | DRIVE_TRACE_CAMERA | {"t":1780596550038,"seq":1345,"gpsTickId":1780596549954,"gpsTickAgeMs":69,"lat":51.349864,"lng":19.376124,"hdg":280,"speedKmh":17.4,"exploring":false,"frameMoveM":0}
06-04 20:09:10.344 I/ReactNativeJS(30359): [VROOM-TEL] 2026-06-04T18:09:10.343Z | DRIVE_TRACE_CAMERA | {"t":1780596550343,"seq":1346,"gpsTickId":1780596549954,"gpsTickAgeMs":374,"lat":51.349858,"lng":19.3761,"hdg":299,"speedKmh":17.4,"exploring":false,"frameMoveM":0}
06-04 20:09:10.644 I/ReactNativeJS(30359): [VROOM-TEL] 2026-06-04T18:09:10.644Z | DRIVE_TRACE_CAMERA | {"t":1780596550644,"seq":1347,"gpsTickId":1780596549954,"gpsTickAgeMs":675,"lat":51.349853,"lng":19.376081,"hdg":299,"speedKmh":17.4,"exploring":false,"frameMoveM":0}
06-04 20:09:10.743 I/ReactNativeJS(30359): [VROOM-TEL] 2026-06-04T18:09:10.743Z | DRIVE_TRACE_HEARTBEAT | {"t":1780596550743,"seq":1348,"gpsTickId":1780596549954,"gpsTickAgeMs":774,"driving":true,"navigating":false,"tripActive":true,"lat":51.3498332,"lng":19.3758084,"gpsAgeMs":774}
06-04 20:09:10.844 I/ReactNativeJS(30359): [VROOM-TEL] 2026-06-04T18:09:10.844Z | CAM_FOLLOW_PUSH | {"t":1780596550844,"lat":51.34985,"lng":19.376068,"hdg":299,"snapHdg":299,"speedKmh":17,"exploring":false,"source":"drive_marker_sv_60fps"}
06-04 20:09:10.946 I/ReactNativeJS(30359): [VROOM-TEL] 2026-06-04T18:09:10.946Z | DRIVE_TRACE_CAMERA | {"t":1780596550946,"seq":1349,"gpsTickId":1780596549954,"gpsTickAgeMs":977,"lat":51.349848,"lng":19.376062,"hdg":299,"speedKmh":17.4,"exploring":false,"frameMoveM":0}
06-04 20:09:12.506 I/ReactNativeJS(30359): [VROOM-TEL] 2026-06-04T18:09:12.506Z | CAMERA_HEADING | {"t":1780596552506,"speedKmh":17,"movedM":0,"moveBearing":null,"snapHdg":299,"headingOut":299,"flipFromPrevDeg":0,"lookaheadM":14,"nativeFollow":true}
06-04 20:09:13.618 I/ReactNativeJS(30359): [VROOM-TEL] 2026-06-04T18:09:13.618Z | CAMERA_HEADING | {"t":1780596553618,"speedKmh":17,"movedM":0,"moveBearing":null,"snapHdg":299,"headingOut":299,"flipFromPrevDeg":0,"lookaheadM":14,"nativeFollow":true}
06-04 20:09:15.181 I/ReactNativeJS(30359): [VROOM-TEL] 2026-06-04T18:09:15.181Z | CAMERA_HEADING | {"t":1780596555181,"speedKmh":17,"movedM":0,"moveBearing":null,"snapHdg":299,"headingOut":299,"flipFromPrevDeg":0,"lookaheadM":14,"nativeFollow":true}
06-04 20:09:15.823 I/ReactNativeJS(30359): [VROOM-TEL] 2026-06-04T18:09:15.823Z | DRIVE_HEALTH | {"t":1780596555823,"mode":"driving","speedHudKmh":17.4,"speedPipeKmh":17.4,"gpsAgeMs":5854,"drAgeMs":5850,"gpsToDriftM":18,"snapAnchorDriftM":0,"offRoute":false,"reroutePending":false,"rerouteLoading":false,"hasRoutePts":0}
06-04 20:09:15.823 I/ReactNativeJS(30359): [VROOM-TEL] 2026-06-04T18:09:15.823Z | DRIVE_TRACE_HEARTBEAT | {"t":1780596555823,"seq":1350,"gpsTickId":1780596549954,"gpsTickAgeMs":5854,"driving":true,"navigating":false,"tripActive":true,"lat":51.3498332,"lng":19.3758084,"gpsAgeMs":5854}
06-04 20:09:17.979 I/ReactNativeJS(30359): [VROOM-TEL] 2026-06-04T18:09:17.979Z | CAMERA_HEADING | {"t":1780596557979,"speedKmh":17,"movedM":0,"moveBearing":null,"snapHdg":299,"headingOut":299,"flipFromPrevDeg":0,"lookaheadM":14,"nativeFollow":true}
06-04 20:09:20.382 I/ReactNativeJS(30359): [VROOM-TEL] 2026-06-04T18:09:20.382Z | CAMERA_HEADING | {"t":1780596560382,"speedKmh":17,"movedM":0,"moveBearing":null,"snapHdg":299,"headingOut":299,"flipFromPrevDeg":0,"lookaheadM":14,"nativeFollow":true}
06-04 20:09:23.693 I/ReactNativeJS(30359): [VROOM-TEL] 2026-06-04T18:09:23.693Z | GPS_RESUME_HARD_RESTART | {"reason":"restart_resume","at":1780596563693}
06-04 20:09:23.734 I/ReactNativeJS(30359): [VROOM-TEL] 2026-06-04T18:09:23.733Z | CAMERA_HEADING | {"t":1780596563733,"speedKmh":17,"movedM":0,"moveBearing":null,"snapHdg":299,"headingOut":299,"flipFromPrevDeg":0,"lookaheadM":14,"nativeFollow":true}
06-04 20:09:23.969 I/ReactNativeJS(30359): [VROOM-TEL] 2026-06-04T18:09:23.969Z | RAW_GPS_TICK | {"t":1780596563969,"gpsTickId":1780596563954,"gpsTickAgeMs":0,"lat":51.349828,"lng":19.375802,"speed":0,"speedKmh":0,"accuracy":4,"osTimestamp":1780596563954,"tripActive":true,"appState":"active"}
06-04 20:09:23.969 I/ReactNativeJS(30359): [VROOM-TEL] 2026-06-04T18:09:23.969Z | DRIVE_TRACE_RAW | {"t":1780596563969,"seq":1351,"gpsTickId":1780596563954,"gpsTickAgeMs":0,"rawLat":51.349828,"rawLng":19.375802,"accM":4,"speedKmh":0,"speedMs":0,"heading":0,"tripActive":true,"driving":true,"navigating":false,"osTimestamp":1780596563954}
06-04 20:09:23.972 I/ReactNativeJS(30359): [VROOM-TEL] 2026-06-04T18:09:23.972Z | DRIVE_TRACE_FEED | {"t":1780596563972,"seq":1352,"gpsTickId":1780596563954,"gpsTickAgeMs":3,"lat":51.349859,"lng":19.376013,"hdg":299,"durationMs":1200,"speedKmh":10.2}
06-04 20:09:23.973 I/ReactNativeJS(30359): [VROOM-TEL] 2026-06-04T18:09:23.972Z | DRIVE_TRACE_TICK | {"t":1780596563972,"seq":1353,"gpsTickId":1780596563954,"gpsTickAgeMs":3,"rawLat":51.349828,"rawLng":19.375802,"snapLat":51.349859,"snapLng":19.376013,"markerLat":51.349859,"markerLng":19.376013,"markerHdg":299,"markerSvLat":51.349848,"markerSvLng":19.376061,"markerSvHdg":299,"accM":4,"hudKmh":10.2,"engineKmh":10.2,"dopplerKmh":0,"feedDurMs":1200,"cadenceMs":1573,"feedSpeedMs":2.8,"isNavigating":false,"isFreeDrive":true,"isMoving":true,"feedSkipGate":false,"feedAccepted":true,"feedHeadingOnly":false,"source":"drive_core_v2"}
06-04 20:09:23.973 I/ReactNativeJS(30359): [VROOM-TEL] 2026-06-04T18:09:23.973Z | GPS_ACCEPT | {"lat":51.349828,"lng":19.375802,"acc":4,"speedKmh":0.2,"gpsLock":false}
06-04 20:09:24.012 I/ReactNativeJS(30359): [VROOM-TEL] 2026-06-04T18:09:24.012Z | CAM_FOLLOW_PUSH | {"t":1780596564012,"lat":51.349848,"lng":19.376061,"hdg":296,"snapHdg":296,"speedKmh":10,"exploring":false,"source":"drive_marker_sv_60fps"}
06-04 20:09:24.012 I/ReactNativeJS(30359): [VROOM-TEL] 2026-06-04T18:09:24.012Z | DRIVE_TRACE_CAMERA | {"t":1780596564012,"seq":1354,"gpsTickId":1780596563954,"gpsTickAgeMs":43,"lat":51.349848,"lng":19.376061,"hdg":296,"speedKmh":10.2,"exploring":false,"frameMoveM":0}
06-04 20:09:24.325 I/ReactNativeJS(30359): [VROOM-TEL] 2026-06-04T18:09:24.325Z | DRIVE_TRACE_CAMERA | {"t":1780596564325,"seq":1355,"gpsTickId":1780596563954,"gpsTickAgeMs":356,"lat":51.349851,"lng":19.376047,"hdg":290,"speedKmh":10.2,"exploring":false,"frameMoveM":0}
06-04 20:09:24.625 I/ReactNativeJS(30359): [VROOM-TEL] 2026-06-04T18:09:24.625Z | DRIVE_TRACE_CAMERA | {"t":1780596564625,"seq":1356,"gpsTickId":1780596563954,"gpsTickAgeMs":656,"lat":51.349854,"lng":19.376035,"hdg":290,"speedKmh":10.2,"exploring":false,"frameMoveM":0}
06-04 20:09:24.825 I/ReactNativeJS(30359): [VROOM-TEL] 2026-06-04T18:09:24.825Z | CAM_FOLLOW_PUSH | {"t":1780596564825,"lat":51.349856,"lng":19.376027,"hdg":290,"snapHdg":290,"speedKmh":10,"exploring":false,"source":"drive_marker_sv_60fps"}
06-04 20:09:24.842 I/ReactNativeJS(30359): [VROOM-TEL] 2026-06-04T18:09:24.842Z | CAMERA_HEADING | {"t":1780596564842,"speedKmh":10,"movedM":0.05,"moveBearing":null,"snapHdg":290,"headingOut":290,"flipFromPrevDeg":0,"lookaheadM":0,"nativeFollow":true}
06-04 20:09:24.925 I/ReactNativeJS(30359): [VROOM-TEL] 2026-06-04T18:09:24.925Z | DRIVE_TRACE_CAMERA | {"t":1780596564925,"seq":1357,"gpsTickId":1780596563954,"gpsTickAgeMs":956,"lat":51.349857,"lng":19.376023,"hdg":290,"speedKmh":10.2,"exploring":false,"frameMoveM":0}
06-04 20:09:25.225 I/ReactNativeJS(30359): [VROOM-TEL] 2026-06-04T18:09:25.225Z | DRIVE_TRACE_CAMERA | {"t":1780596565225,"seq":1358,"gpsTickId":1780596563954,"gpsTickAgeMs":1256,"lat":51.349859,"lng":19.376013,"hdg":297,"speedKmh":10.2,"exploring":false,"frameMoveM":0}
06-04 20:09:25.792 I/ReactNativeJS(30359): [VROOM-TEL] 2026-06-04T18:09:25.792Z | DRIVE_TRACE_HEARTBEAT | {"t":1780596565792,"seq":1359,"gpsTickId":1780596563954,"gpsTickAgeMs":1823,"driving":true,"navigating":false,"tripActive":true,"lat":51.3498281,"lng":19.3758021,"gpsAgeMs":1823}
06-04 20:09:28.217 I/ReactNativeJS(30359): [VROOM-TEL] 2026-06-04T18:09:28.217Z | NAV_FREEZE_SUSPECT | {"t":1780596568217,"speedKmh":10,"markerPushAgeMs":4247,"tickAgeMs":4248,"wallAgeMs":4243}
06-04 20:09:28.244 I/ReactNativeJS(30359): [VROOM-TEL] 2026-06-04T18:09:28.244Z | CAMERA_HEADING | {"t":1780596568244,"speedKmh":10,"movedM":0,"moveBearing":null,"snapHdg":299,"headingOut":299,"flipFromPrevDeg":0,"lookaheadM":0,"nativeFollow":true}
06-04 20:09:30.109 I/ReactNativeJS(30359): [VROOM-TEL] 2026-06-04T18:09:30.108Z | TRIP_SEGMENT_STATS | {"t":1780596570108,"totalDistanceKm":2.714,"acceptedMain":174,"acceptedMainKm":2.329,"fallbackAccepted":14,"fallbackKm":0.385,"derivedSpeedUsed":6,"derivedSpeedRejected":0,"lowSpeedDropped":0,"zeroMove":0,"rejectedTotal":45,"rejectedJitter":31,"rejectedJump":0,"rejectedStaleGap":0,"rejectedMinSpeed":0,"rejectedAccuracy":0,"rejectedImpossible":14,"rejectedInvalidTime":0}
06-04 20:09:30.808 I/ReactNativeJS(30359): [VROOM-TEL] 2026-06-04T18:09:30.807Z | DRIVE_TRACE_HEARTBEAT | {"t":1780596570807,"seq":1360,"gpsTickId":1780596563954,"gpsTickAgeMs":6838,"driving":true,"navigating":false,"tripActive":true,"lat":51.3498281,"lng":19.3758021,"gpsAgeMs":6838}
06-04 20:09:32.732 I/ReactNativeJS(30359): [VROOM-TEL] 2026-06-04T18:09:32.732Z | CAMERA_HEADING | {"t":1780596572732,"speedKmh":10,"movedM":0,"moveBearing":null,"snapHdg":299,"headingOut":299,"flipFromPrevDeg":0,"lookaheadM":0,"nativeFollow":true}
06-04 20:09:35.318 I/ReactNativeJS(30359): [VROOM-TEL] 2026-06-04T18:09:35.318Z | CAMERA_HEADING | {"t":1780596575318,"speedKmh":10,"movedM":0,"moveBearing":null,"snapHdg":299,"headingOut":299,"flipFromPrevDeg":0,"lookaheadM":0,"nativeFollow":true}
06-04 20:09:35.823 I/ReactNativeJS(30359): [VROOM-TEL] 2026-06-04T18:09:35.823Z | DRIVE_HEALTH | {"t":1780596575823,"mode":"driving","speedHudKmh":10.2,"speedPipeKmh":10.2,"gpsAgeMs":11849,"drAgeMs":11851,"gpsToDriftM":15,"snapAnchorDriftM":0,"offRoute":false,"reroutePending":false,"rerouteLoading":false,"hasRoutePts":0}
06-04 20:09:35.823 I/ReactNativeJS(30359): [VROOM-TEL] 2026-06-04T18:09:35.823Z | DRIVE_TRACE_HEARTBEAT | {"t":1780596575823,"seq":1361,"gpsTickId":1780596563954,"gpsTickAgeMs":11854,"driving":true,"navigating":false,"tripActive":true,"lat":51.3498281,"lng":19.3758021,"gpsAgeMs":11854}
06-04 20:09:38.741 I/ReactNativeJS(30359): [VROOM-TEL] 2026-06-04T18:09:38.741Z | GPS_RESUME_HARD_RESTART | {"reason":"restart_resume","at":1780596578741}
06-04 20:09:38.970 I/ReactNativeJS(30359): [VROOM-TEL] 2026-06-04T18:09:38.970Z | RAW_GPS_TICK | {"t":1780596578970,"gpsTickId":1780596578953,"gpsTickAgeMs":0,"lat":51.349828,"lng":19.375802,"speed":0,"speedKmh":0,"accuracy":4,"osTimestamp":1780596578953,"tripActive":true,"appState":"active"}
06-04 20:09:38.970 I/ReactNativeJS(30359): [VROOM-TEL] 2026-06-04T18:09:38.970Z | DRIVE_TRACE_RAW | {"t":1780596578970,"seq":1362,"gpsTickId":1780596578953,"gpsTickAgeMs":0,"rawLat":51.349828,"rawLng":19.375802,"accM":4,"speedKmh":0,"speedMs":0,"heading":0,"tripActive":true,"driving":true,"navigating":false,"osTimestamp":1780596578953}
06-04 20:09:38.972 I/ReactNativeJS(30359): [VROOM-TEL] 2026-06-04T18:09:38.972Z | DRIVE_TRACE_FEED | {"t":1780596578972,"seq":1363,"gpsTickId":1780596578953,"gpsTickAgeMs":2,"lat":51.349881,"lng":19.375976,"hdg":299,"durationMs":1200,"speedKmh":3.5}
06-04 20:09:38.973 I/ReactNativeJS(30359): [VROOM-TEL] 2026-06-04T18:09:38.973Z | DRIVE_TRACE_TICK | {"t":1780596578973,"seq":1364,"gpsTickId":1780596578953,"gpsTickAgeMs":3,"rawLat":51.349828,"rawLng":19.375802,"snapLat":51.349881,"snapLng":19.375976,"markerLat":51.349881,"markerLng":19.375976,"markerHdg":299,"markerSvLat":51.349859,"markerSvLng":19.376013,"markerSvHdg":299,"accM":4,"hudKmh":3.5,"engineKmh":3.5,"dopplerKmh":0,"feedDurMs":1200,"cadenceMs":1573,"feedSpeedMs":1,"isNavigating":false,"isFreeDrive":true,"isMoving":true,"feedSkipGate":false,"feedAccepted":true,"feedHeadingOnly":false,"source":"drive_core_v2"}
06-04 20:09:38.974 I/ReactNativeJS(30359): [VROOM-TEL] 2026-06-04T18:09:38.974Z | GPS_ACCEPT | {"lat":51.349828,"lng":19.375802,"acc":4,"speedKmh":0,"gpsLock":false}
06-04 20:09:39.017 I/ReactNativeJS(30359): [VROOM-TEL] 2026-06-04T18:09:39.017Z | CAMERA_HEADING | {"t":1780596579017,"speedKmh":4,"movedM":0.06,"moveBearing":null,"snapHdg":299,"headingOut":299,"flipFromPrevDeg":0,"lookaheadM":0,"nativeFollow":true}
06-04 20:09:39.017 I/ReactNativeJS(30359): [VROOM-TEL] 2026-06-04T18:09:39.017Z | CAM_FOLLOW_PUSH | {"t":1780596579017,"lat":51.34986,"lng":19.376012,"hdg":299,"snapHdg":299,"speedKmh":4,"exploring":false,"source":"drive_marker_sv_60fps"}
06-04 20:09:39.017 I/ReactNativeJS(30359): [VROOM-TEL] 2026-06-04T18:09:39.017Z | DRIVE_TRACE_CAMERA | {"t":1780596579017,"seq":1365,"gpsTickId":1780596578953,"gpsTickAgeMs":47,"lat":51.34986,"lng":19.376012,"hdg":299,"speedKmh":3.5,"exploring":false,"frameMoveM":0}
06-04 20:09:39.341 I/ReactNativeJS(30359): [VROOM-TEL] 2026-06-04T18:09:39.341Z | DRIVE_TRACE_CAMERA | {"t":1780596579341,"seq":1366,"gpsTickId":1780596578953,"gpsTickAgeMs":371,"lat":51.349866,"lng":19.376002,"hdg":299,"speedKmh":3.5,"exploring":false,"frameMoveM":0}
06-04 20:09:39.657 I/ReactNativeJS(30359): [VROOM-TEL] 2026-06-04T18:09:39.657Z | DRIVE_TRACE_CAMERA | {"t":1780596579657,"seq":1367,"gpsTickId":1780596578953,"gpsTickAgeMs":687,"lat":51.349872,"lng":19.375992,"hdg":299,"speedKmh":3.5,"exploring":false,"frameMoveM":0}
06-04 20:09:39.824 I/ReactNativeJS(30359): [VROOM-TEL] 2026-06-04T18:09:39.824Z | CAM_FOLLOW_PUSH | {"t":1780596579824,"lat":51.349875,"lng":19.375987,"hdg":299,"snapHdg":299,"speedKmh":4,"exploring":false,"source":"drive_marker_sv_60fps"}
06-04 20:09:39.957 I/ReactNativeJS(30359): [VROOM-TEL] 2026-06-04T18:09:39.957Z | DRIVE_TRACE_CAMERA | {"t":1780596579957,"seq":1368,"gpsTickId":1780596578953,"gpsTickAgeMs":987,"lat":51.349877,"lng":19.375983,"hdg":299,"speedKmh":3.5,"exploring":false,"frameMoveM":0}
06-04 20:09:40.124 I/ReactNativeJS(30359): [VROOM-TEL] 2026-06-04T18:09:40.123Z | CAMERA_HEADING | {"t":1780596580123,"speedKmh":4,"movedM":0.05,"moveBearing":null,"snapHdg":299,"headingOut":299,"flipFromPrevDeg":0,"lookaheadM":0,"nativeFollow":true}
06-04 20:09:40.841 I/ReactNativeJS(30359): [VROOM-TEL] 2026-06-04T18:09:40.841Z | DRIVE_TRACE_HEARTBEAT | {"t":1780596580841,"seq":1369,"gpsTickId":1780596578953,"gpsTickAgeMs":1871,"driving":true,"navigating":false,"tripActive":true,"lat":51.349828,"lng":19.375802,"gpsAgeMs":1871}
06-04 20:09:41.928 I/ReactNativeJS(30359): [VROOM-TEL] 2026-06-04T18:09:41.928Z | CAMERA_HEADING | {"t":1780596581928,"speedKmh":4,"movedM":0,"moveBearing":null,"snapHdg":299,"headingOut":299,"flipFromPrevDeg":0,"lookaheadM":0,"nativeFollow":true}
06-04 20:09:45.042 I/ReactNativeJS(30359): [VROOM-TEL] 2026-06-04T18:09:45.042Z | CAMERA_HEADING | {"t":1780596585042,"speedKmh":4,"movedM":0,"moveBearing":null,"snapHdg":299,"headingOut":299,"flipFromPrevDeg":0,"lookaheadM":0,"nativeFollow":true}
06-04 20:09:45.857 I/ReactNativeJS(30359): [VROOM-TEL] 2026-06-04T18:09:45.857Z | DRIVE_TRACE_HEARTBEAT | {"t":1780596585857,"seq":1370,"gpsTickId":1780596578953,"gpsTickAgeMs":6887,"driving":true,"navigating":false,"tripActive":true,"lat":51.349828,"lng":19.375802,"gpsAgeMs":6887}
06-04 20:09:46.421 I/ReactNativeJS(30359): [VROOM-TEL] 2026-06-04T18:09:46.421Z | CAMERA_HEADING | {"t":1780596586421,"speedKmh":4,"movedM":0,"moveBearing":null,"snapHdg":299,"headingOut":299,"flipFromPrevDeg":0,"lookaheadM":0,"nativeFollow":true}
06-04 20:09:49.017 I/ReactNativeJS(30359): [VROOM-TEL] 2026-06-04T18:09:49.017Z | CAMERA_HEADING | {"t":1780596589017,"speedKmh":4,"movedM":0,"moveBearing":null,"snapHdg":299,"headingOut":299,"flipFromPrevDeg":0,"lookaheadM":0,"nativeFollow":true}
06-04 20:09:49.092 I/ReactNativeJS(30359): [VROOM-TEL] 2026-06-04T18:09:49.092Z | RAW_GPS_TICK | {"t":1780596589092,"gpsTickId":1780596588954,"gpsTickAgeMs":0,"lat":51.349828,"lng":19.375803,"speed":0,"speedKmh":0,"accuracy":4,"osTimestamp":1780596588954,"tripActive":true,"appState":"active"}
06-04 20:09:49.092 I/ReactNativeJS(30359): [VROOM-TEL] 2026-06-04T18:09:49.092Z | DRIVE_TRACE_RAW | {"t":1780596589092,"seq":1371,"gpsTickId":1780596588954,"gpsTickAgeMs":0,"rawLat":51.349828,"rawLng":19.375803,"accM":4,"speedKmh":0,"speedMs":0,"heading":0,"tripActive":true,"driving":true,"navigating":false,"osTimestamp":1780596588954}
06-04 20:09:49.093 I/ReactNativeJS(30359): [VROOM-TEL] 2026-06-04T18:09:49.093Z | DRIVE_TRACE_FEED | {"t":1780596589093,"seq":1372,"gpsTickId":1780596588954,"gpsTickAgeMs":1,"lat":51.349893,"lng":19.375929,"hdg":299,"durationMs":1200,"speedKmh":0}
06-04 20:09:49.093 I/ReactNativeJS(30359): [VROOM-TEL] 2026-06-04T18:09:49.093Z | DRIVE_TRACE_TICK | {"t":1780596589093,"seq":1373,"gpsTickId":1780596588954,"gpsTickAgeMs":1,"rawLat":51.349828,"rawLng":19.375803,"snapLat":51.349893,"snapLng":19.375929,"markerLat":51.349893,"markerLng":19.375929,"markerHdg":299,"markerSvLat":51.349881,"markerSvLng":19.375976,"markerSvHdg":299,"accM":4,"hudKmh":0,"engineKmh":0,"dopplerKmh":0,"feedDurMs":1200,"cadenceMs":1573,"feedSpeedMs":0,"isNavigating":false,"isFreeDrive":true,"isMoving":true,"feedSkipGate":false,"feedAccepted":true,"feedHeadingOnly":false,"source":"drive_core_v2"}
06-04 20:09:49.093 I/ReactNativeJS(30359): [VROOM-TEL] 2026-06-04T18:09:49.093Z | GPS_ACCEPT | {"lat":51.349828,"lng":19.375803,"acc":4,"speedKmh":0,"gpsLock":false}
06-04 20:09:49.127 I/ReactNativeJS(30359): [VROOM-TEL] 2026-06-04T18:09:49.127Z | CAM_FOLLOW_PUSH | {"t":1780596589127,"lat":51.349881,"lng":19.375975,"hdg":299,"snapHdg":299,"speedKmh":0,"exploring":false,"source":"drive_marker_sv_60fps"}
06-04 20:09:49.127 I/ReactNativeJS(30359): [VROOM-TEL] 2026-06-04T18:09:49.127Z | DRIVE_TRACE_CAMERA | {"t":1780596589127,"seq":1374,"gpsTickId":1780596588954,"gpsTickAgeMs":35,"lat":51.349881,"lng":19.375975,"hdg":299,"speedKmh":0,"exploring":false,"frameMoveM":0}
06-04 20:09:49.441 I/ReactNativeJS(30359): [VROOM-TEL] 2026-06-04T18:09:49.441Z | DRIVE_TRACE_CAMERA | {"t":1780596589441,"seq":1375,"gpsTickId":1780596588954,"gpsTickAgeMs":349,"lat":51.349884,"lng":19.375963,"hdg":299,"speedKmh":0,"exploring":false,"frameMoveM":0}
06-04 20:09:49.741 I/ReactNativeJS(30359): [VROOM-TEL] 2026-06-04T18:09:49.741Z | DRIVE_TRACE_CAMERA | {"t":1780596589741,"seq":1376,"gpsTickId":1780596588954,"gpsTickAgeMs":649,"lat":51.349887,"lng":19.375951,"hdg":299,"speedKmh":0,"exploring":false,"frameMoveM":0}
06-04 20:09:49.940 I/ReactNativeJS(30359): [VROOM-TEL] 2026-06-04T18:09:49.940Z | CAM_FOLLOW_PUSH | {"t":1780596589940,"lat":51.349889,"lng":19.375943,"hdg":299,"snapHdg":299,"speedKmh":0,"exploring":false,"source":"drive_marker_sv_60fps"}
06-04 20:09:50.041 I/ReactNativeJS(30359): [VROOM-TEL] 2026-06-04T18:09:50.041Z | DRIVE_TRACE_CAMERA | {"t":1780596590041,"seq":1377,"gpsTickId":1780596588954,"gpsTickAgeMs":949,"lat":51.34989,"lng":19.375939,"hdg":299,"speedKmh":0,"exploring":false,"frameMoveM":0}
06-04 20:09:50.141 I/ReactNativeJS(30359): [VROOM-TEL] 2026-06-04T18:09:50.141Z | CAMERA_HEADING | {"t":1780596590141,"speedKmh":0,"movedM":0.09,"moveBearing":null,"snapHdg":299,"headingOut":299,"flipFromPrevDeg":0,"lookaheadM":0,"nativeFollow":true}
06-04 20:09:50.414 I/ReactNativeJS(30359): [VROOM-TEL] 2026-06-04T18:09:50.414Z | DRIVE_TRACE_CAMERA | {"t":1780596590414,"seq":1378,"gpsTickId":1780596588954,"gpsTickAgeMs":1322,"lat":51.349892,"lng":19.37593,"hdg":299,"speedKmh":0,"exploring":false,"frameMoveM":0}
06-04 20:09:50.873 I/ReactNativeJS(30359): [VROOM-TEL] 2026-06-04T18:09:50.873Z | DRIVE_HEALTH | {"t":1780596590873,"mode":"driving","speedHudKmh":0,"speedPipeKmh":0,"gpsAgeMs":1781,"drAgeMs":1780,"gpsToDriftM":11,"snapAnchorDriftM":0,"offRoute":false,"reroutePending":false,"rerouteLoading":false,"hasRoutePts":0}
06-04 20:09:50.873 I/ReactNativeJS(30359): [VROOM-TEL] 2026-06-04T18:09:50.873Z | DRIVE_TRACE_HEARTBEAT | {"t":1780596590873,"seq":1379,"gpsTickId":1780596588954,"gpsTickAgeMs":1781,"driving":true,"navigating":false,"tripActive":true,"lat":51.3498283,"lng":19.3758029,"gpsAgeMs":1781}
06-04 20:09:55.890 I/ReactNativeJS(30359): [VROOM-TEL] 2026-06-04T18:09:55.890Z | DRIVE_TRACE_HEARTBEAT | {"t":1780596595890,"seq":1380,"gpsTickId":1780596588954,"gpsTickAgeMs":6798,"driving":true,"navigating":false,"tripActive":true,"lat":51.3498283,"lng":19.3758029,"gpsAgeMs":6798}
06-04 20:09:57.957 I/ReactNativeJS(30359): [VROOM-TEL] 2026-06-04T18:09:57.957Z | GPS_RESUME_HARD_RESTART | {"reason":"restart_resume","at":1780596597957}
06-04 20:09:58.975 I/ReactNativeJS(30359): [VROOM-TEL] 2026-06-04T18:09:58.975Z | RAW_GPS_TICK | {"t":1780596598975,"gpsTickId":1780596598953,"gpsTickAgeMs":0,"lat":51.349828,"lng":19.375804,"speed":0,"speedKmh":0,"accuracy":4,"osTimestamp":1780596598953,"tripActive":true,"appState":"active"}
06-04 20:09:58.975 I/ReactNativeJS(30359): [VROOM-TEL] 2026-06-04T18:09:58.975Z | DRIVE_TRACE_RAW | {"t":1780596598975,"seq":1381,"gpsTickId":1780596598953,"gpsTickAgeMs":0,"rawLat":51.349828,"rawLng":19.375804,"accM":4,"speedKmh":0,"speedMs":0,"heading":0,"tripActive":true,"driving":true,"navigating":false,"osTimestamp":1780596598953}
06-04 20:09:58.978 I/ReactNativeJS(30359): [VROOM-TEL] 2026-06-04T18:09:58.978Z | DRIVE_TRACE_FEED | {"t":1780596598978,"seq":1382,"gpsTickId":1780596598953,"gpsTickAgeMs":3,"lat":51.349888,"lng":19.375879,"hdg":299,"durationMs":1200,"speedKmh":0}
06-04 20:09:58.981 I/ReactNativeJS(30359): [VROOM-TEL] 2026-06-04T18:09:58.981Z | DRIVE_TRACE_TICK | {"t":1780596598981,"seq":1383,"gpsTickId":1780596598953,"gpsTickAgeMs":6,"rawLat":51.349828,"rawLng":19.375804,"snapLat":51.349888,"snapLng":19.375879,"markerLat":51.349888,"markerLng":19.375879,"markerHdg":299,"markerSvLat":51.349893,"markerSvLng":19.375929,"markerSvHdg":299,"accM":4,"hudKmh":0,"engineKmh":0,"dopplerKmh":0,"feedDurMs":1200,"cadenceMs":1573,"feedSpeedMs":0,"isNavigating":false,"isFreeDrive":true,"isMoving":true,"feedSkipGate":false,"feedAccepted":true,"feedHeadingOnly":false,"source":"drive_core_v2"}
06-04 20:09:58.981 I/ReactNativeJS(30359): [VROOM-TEL] 2026-06-04T18:09:58.981Z | GPS_ACCEPT | {"lat":51.349828,"lng":19.375804,"acc":4,"speedKmh":0,"gpsLock":false}
06-04 20:09:59.020 I/ReactNativeJS(30359): [VROOM-TEL] 2026-06-04T18:09:59.020Z | CAMERA_HEADING | {"t":1780596599020,"speedKmh":0,"movedM":0.14,"moveBearing":null,"snapHdg":299,"headingOut":299,"flipFromPrevDeg":0,"lookaheadM":0,"nativeFollow":true}
06-04 20:09:59.049 I/ReactNativeJS(30359): [VROOM-TEL] 2026-06-04T18:09:59.049Z | CAM_FOLLOW_PUSH | {"t":1780596599049,"lat":51.349892,"lng":19.375929,"hdg":299,"snapHdg":299,"speedKmh":0,"exploring":false,"source":"drive_marker_sv_60fps"}
06-04 20:09:59.050 I/ReactNativeJS(30359): [VROOM-TEL] 2026-06-04T18:09:59.050Z | DRIVE_TRACE_CAMERA | {"t":1780596599050,"seq":1384,"gpsTickId":1780596598953,"gpsTickAgeMs":75,"lat":51.349892,"lng":19.375929,"hdg":299,"speedKmh":0,"exploring":false,"frameMoveM":0}
06-04 20:09:59.357 I/ReactNativeJS(30359): [VROOM-TEL] 2026-06-04T18:09:59.357Z | DRIVE_TRACE_CAMERA | {"t":1780596599357,"seq":1385,"gpsTickId":1780596598953,"gpsTickAgeMs":382,"lat":51.349891,"lng":19.375914,"hdg":299,"speedKmh":0,"exploring":false,"frameMoveM":0}
06-04 20:09:59.657 I/ReactNativeJS(30359): [VROOM-TEL] 2026-06-04T18:09:59.657Z | DRIVE_TRACE_CAMERA | {"t":1780596599657,"seq":1386,"gpsTickId":1780596598953,"gpsTickAgeMs":682,"lat":51.34989,"lng":19.375901,"hdg":299,"speedKmh":0,"exploring":false,"frameMoveM":0}
06-04 20:09:59.857 I/ReactNativeJS(30359): [VROOM-TEL] 2026-06-04T18:09:59.857Z | CAM_FOLLOW_PUSH | {"t":1780596599857,"lat":51.349889,"lng":19.375893,"hdg":299,"snapHdg":299,"speedKmh":0,"exploring":false,"source":"drive_marker_sv_60fps"}
06-04 20:09:59.957 I/ReactNativeJS(30359): [VROOM-TEL] 2026-06-04T18:09:59.957Z | DRIVE_TRACE_CAMERA | {"t":1780596599957,"seq":1387,"gpsTickId":1780596598953,"gpsTickAgeMs":982,"lat":51.349889,"lng":19.375889,"hdg":299,"speedKmh":0,"exploring":false,"frameMoveM":0}
06-04 20:10:00.124 I/ReactNativeJS(30359): [VROOM-TEL] 2026-06-04T18:10:00.124Z | CAMERA_HEADING | {"t":1780596600124,"speedKmh":0,"movedM":0.05,"moveBearing":null,"snapHdg":299,"headingOut":299,"flipFromPrevDeg":0,"lookaheadM":0,"nativeFollow":true}
06-04 20:10:00.124 I/ReactNativeJS(30359): [VROOM-TEL] 2026-06-04T18:10:00.124Z | TRIP_SEGMENT_STATS | {"t":1780596600124,"totalDistanceKm":2.724,"acceptedMain":177,"acceptedMainKm":2.339,"fallbackAccepted":14,"fallbackKm":0.385,"derivedSpeedUsed":6,"derivedSpeedRejected":2,"lowSpeedDropped":0,"zeroMove":0,"rejectedTotal":45,"rejectedJitter":31,"rejectedJump":0,"rejectedStaleGap":0,"rejectedMinSpeed":0,"rejectedAccuracy":0,"rejectedImpossible":14,"rejectedInvalidTime":0}
06-04 20:10:00.911 I/ReactNativeJS(30359): [VROOM-TEL] 2026-06-04T18:10:00.911Z | DRIVE_TRACE_HEARTBEAT | {"t":1780596600911,"seq":1388,"gpsTickId":1780596598953,"gpsTickAgeMs":1936,"driving":true,"navigating":false,"tripActive":true,"lat":51.3498284,"lng":19.375804,"gpsAgeMs":1935}
06-04 20:10:02.993 I/ReactNativeJS(30359): [VROOM-TEL] 2026-06-04T18:10:02.992Z | CAMERA_HEADING | {"t":1780596602992,"speedKmh":0,"movedM":0,"moveBearing":null,"snapHdg":299,"headingOut":299,"flipFromPrevDeg":0,"lookaheadM":0,"nativeFollow":true}
06-04 20:10:05.923 I/ReactNativeJS(30359): [VROOM-TEL] 2026-06-04T18:10:05.923Z | DRIVE_HEALTH | {"t":1780596605923,"mode":"driving","speedHudKmh":0,"speedPipeKmh":0,"gpsAgeMs":6873,"drAgeMs":6945,"gpsToDriftM":8,"snapAnchorDriftM":0,"offRoute":false,"reroutePending":false,"rerouteLoading":false,"hasRoutePts":0}
06-04 20:10:05.923 I/ReactNativeJS(30359): [VROOM-TEL] 2026-06-04T18:10:05.923Z | DRIVE_TRACE_HEARTBEAT | {"t":1780596605923,"seq":1389,"gpsTickId":1780596598953,"gpsTickAgeMs":6948,"driving":true,"navigating":false,"tripActive":true,"lat":51.3498284,"lng":19.375804,"gpsAgeMs":6948}
06-04 20:10:07.623 I/ReactNativeJS(30359): [VROOM-TEL] 2026-06-04T18:10:07.623Z | CAMERA_HEADING | {"t":1780596607623,"speedKmh":0,"movedM":0,"moveBearing":null,"snapHdg":299,"headingOut":299,"flipFromPrevDeg":0,"lookaheadM":0,"nativeFollow":true}
06-04 20:10:10.157 I/ReactNativeJS(30359): [VROOM-TEL] 2026-06-04T18:10:10.157Z | GPS_RESUME_HARD_RESTART | {"reason":"restart_resume","at":1780596610157}
06-04 20:10:10.163 I/ReactNativeJS(30359): [VROOM-TEL] 2026-06-04T18:10:10.163Z | RAW_GPS_TICK | {"t":1780596610163,"gpsTickId":1780596609954,"gpsTickAgeMs":0,"lat":51.349828,"lng":19.375803,"speed":0,"speedKmh":0,"accuracy":4,"osTimestamp":1780596609954,"tripActive":true,"appState":"active"}
06-04 20:10:10.163 I/ReactNativeJS(30359): [VROOM-TEL] 2026-06-04T18:10:10.163Z | DRIVE_TRACE_RAW | {"t":1780596610163,"seq":1390,"gpsTickId":1780596609954,"gpsTickAgeMs":0,"rawLat":51.349828,"rawLng":19.375803,"accM":4,"speedKmh":0,"speedMs":0,"heading":0,"tripActive":true,"driving":true,"navigating":false,"osTimestamp":1780596609954}
06-04 20:10:10.165 I/ReactNativeJS(30359): [VROOM-TEL] 2026-06-04T18:10:10.165Z | DRIVE_TRACE_FEED | {"t":1780596610165,"seq":1391,"gpsTickId":1780596609954,"gpsTickAgeMs":2,"lat":51.349857,"lng":19.375889,"hdg":299,"durationMs":1200,"speedKmh":0}
06-04 20:10:10.167 I/ReactNativeJS(30359): [VROOM-TEL] 2026-06-04T18:10:10.167Z | DRIVE_TRACE_TICK | {"t":1780596610167,"seq":1392,"gpsTickId":1780596609954,"gpsTickAgeMs":4,"rawLat":51.349828,"rawLng":19.375803,"snapLat":51.349857,"snapLng":19.375889,"markerLat":51.349857,"markerLng":19.375889,"markerHdg":299,"markerSvLat":51.349888,"markerSvLng":19.375879,"markerSvHdg":299,"accM":4,"hudKmh":0,"engineKmh":0,"dopplerKmh":0,"feedDurMs":1200,"cadenceMs":1573,"feedSpeedMs":0,"isNavigating":false,"isFreeDrive":true,"isMoving":true,"feedSkipGate":false,"feedAccepted":true,"feedHeadingOnly":false,"source":"drive_core_v2"}
06-04 20:10:10.167 I/ReactNativeJS(30359): [VROOM-TEL] 2026-06-04T18:10:10.167Z | GPS_ACCEPT | {"lat":51.349828,"lng":19.375803,"acc":4,"speedKmh":0,"gpsLock":false}
06-04 20:10:10.204 I/ReactNativeJS(30359): [VROOM-TEL] 2026-06-04T18:10:10.204Z | CAMERA_HEADING | {"t":1780596610204,"speedKmh":0,"movedM":0.07,"moveBearing":null,"snapHdg":299,"headingOut":299,"flipFromPrevDeg":0,"lookaheadM":0,"nativeFollow":true}
06-04 20:10:10.238 I/ReactNativeJS(30359): [VROOM-TEL] 2026-06-04T18:10:10.238Z | CAM_FOLLOW_PUSH | {"t":1780596610238,"lat":51.349888,"lng":19.37588,"hdg":299,"snapHdg":299,"speedKmh":0,"exploring":false,"source":"drive_marker_sv_60fps"}
06-04 20:10:10.238 I/ReactNativeJS(30359): [VROOM-TEL] 2026-06-04T18:10:10.238Z | DRIVE_TRACE_CAMERA | {"t":1780596610238,"seq":1393,"gpsTickId":1780596609954,"gpsTickAgeMs":75,"lat":51.349888,"lng":19.37588,"hdg":299,"speedKmh":0,"exploring":false,"frameMoveM":0}
06-04 20:10:10.541 I/ReactNativeJS(30359): [VROOM-TEL] 2026-06-04T18:10:10.541Z | DRIVE_TRACE_CAMERA | {"t":1780596610541,"seq":1394,"gpsTickId":1780596609954,"gpsTickAgeMs":378,"lat":51.349878,"lng":19.375882,"hdg":299,"speedKmh":0,"exploring":false,"frameMoveM":0}
06-04 20:10:10.857 I/ReactNativeJS(30359): [VROOM-TEL] 2026-06-04T18:10:10.857Z | DRIVE_TRACE_CAMERA | {"t":1780596610857,"seq":1395,"gpsTickId":1780596609954,"gpsTickAgeMs":694,"lat":51.34987,"lng":19.375885,"hdg":299,"speedKmh":0,"exploring":false,"frameMoveM":0}
06-04 20:10:10.940 I/ReactNativeJS(30359): [VROOM-TEL] 2026-06-04T18:10:10.940Z | DRIVE_TRACE_HEARTBEAT | {"t":1780596610940,"seq":1396,"gpsTickId":1780596609954,"gpsTickAgeMs":777,"driving":true,"navigating":false,"tripActive":true,"lat":51.3498284,"lng":19.3758033,"gpsAgeMs":777}
06-04 20:10:11.040 I/ReactNativeJS(30359): [VROOM-TEL] 2026-06-04T18:10:11.040Z | CAM_FOLLOW_PUSH | {"t":1780596611040,"lat":51.349865,"lng":19.375886,"hdg":299,"snapHdg":299,"speedKmh":0,"exploring":false,"source":"drive_marker_sv_60fps"}
06-04 20:10:11.157 I/ReactNativeJS(30359): [VROOM-TEL] 2026-06-04T18:10:11.157Z | DRIVE_TRACE_CAMERA | {"t":1780596611157,"seq":1397,"gpsTickId":1780596609954,"gpsTickAgeMs":994,"lat":51.349862,"lng":19.375887,"hdg":299,"speedKmh":0,"exploring":false,"frameMoveM":0}
06-04 20:10:11.308 I/ReactNativeJS(30359): [VROOM-TEL] 2026-06-04T18:10:11.307Z | CAMERA_HEADING | {"t":1780596611307,"speedKmh":0,"movedM":0.05,"moveBearing":null,"snapHdg":299,"headingOut":299,"flipFromPrevDeg":0,"lookaheadM":0,"nativeFollow":true}
06-04 20:10:15.956 I/ReactNativeJS(30359): [VROOM-TEL] 2026-06-04T18:10:15.956Z | DRIVE_TRACE_HEARTBEAT | {"t":1780596615956,"seq":1398,"gpsTickId":1780596609954,"gpsTickAgeMs":5793,"driving":true,"navigating":false,"tripActive":true,"lat":51.3498284,"lng":19.3758033,"gpsAgeMs":5793}
06-04 20:10:19.886 I/ReactNativeJS(30359): [VROOM-TEL] 2026-06-04T18:10:19.886Z | CAMERA_HEADING | {"t":1780596619886,"speedKmh":0,"movedM":0,"moveBearing":null,"snapHdg":299,"headingOut":299,"flipFromPrevDeg":0,"lookaheadM":0,"nativeFollow":true}
06-04 20:10:20.972 I/ReactNativeJS(30359): [VROOM-TEL] 2026-06-04T18:10:20.972Z | DRIVE_HEALTH | {"t":1780596620972,"mode":"driving","speedHudKmh":0,"speedPipeKmh":0,"gpsAgeMs":10803,"drAgeMs":10807,"gpsToDriftM":7,"snapAnchorDriftM":0,"offRoute":false,"reroutePending":false,"rerouteLoading":false,"hasRoutePts":0}
06-04 20:10:20.972 I/ReactNativeJS(30359): [VROOM-TEL] 2026-06-04T18:10:20.972Z | DRIVE_TRACE_HEARTBEAT | {"t":1780596620972,"seq":1399,"gpsTickId":1780596609954,"gpsTickAgeMs":10809,"driving":true,"navigating":false,"tripActive":true,"lat":51.3498284,"lng":19.3758033,"gpsAgeMs":10809}
06-04 20:10:21.010 I/ReactNativeJS(30359): [VROOM-TEL] 2026-06-04T18:10:21.010Z | RAW_GPS_TICK | {"t":1780596621010,"gpsTickId":1780596620952,"gpsTickAgeMs":0,"lat":51.349828,"lng":19.375801,"speed":0,"speedKmh":0,"accuracy":4,"osTimestamp":1780596620952,"tripActive":true,"appState":"active"}
06-04 20:10:21.010 I/ReactNativeJS(30359): [VROOM-TEL] 2026-06-04T18:10:21.010Z | DRIVE_TRACE_RAW | {"t":1780596621010,"seq":1400,"gpsTickId":1780596620952,"gpsTickAgeMs":0,"rawLat":51.349828,"rawLng":19.375801,"accM":4,"speedKmh":0,"speedMs":0,"heading":0,"tripActive":true,"driving":true,"navigating":false,"osTimestamp":1780596620952}
06-04 20:10:21.013 I/ReactNativeJS(30359): [VROOM-TEL] 2026-06-04T18:10:21.013Z | DRIVE_TRACE_FEED | {"t":1780596621013,"seq":1401,"gpsTickId":1780596620952,"gpsTickAgeMs":3,"lat":51.349827,"lng":19.375903,"hdg":299,"durationMs":1200,"speedKmh":0}
06-04 20:10:21.013 I/ReactNativeJS(30359): [VROOM-TEL] 2026-06-04T18:10:21.013Z | DRIVE_TRACE_TICK | {"t":1780596621013,"seq":1402,"gpsTickId":1780596620952,"gpsTickAgeMs":3,"rawLat":51.349828,"rawLng":19.375801,"snapLat":51.349827,"snapLng":19.375903,"markerLat":51.349827,"markerLng":19.375903,"markerHdg":299,"markerSvLat":51.349857,"markerSvLng":19.375889,"markerSvHdg":299,"accM":4,"hudKmh":0,"engineKmh":0,"dopplerKmh":0,"feedDurMs":1200,"cadenceMs":1573,"feedSpeedMs":0,"isNavigating":false,"isFreeDrive":true,"isMoving":true,"feedSkipGate":false,"feedAccepted":true,"feedHeadingOnly":false,"source":"drive_core_v2"}
06-04 20:10:21.014 I/ReactNativeJS(30359): [VROOM-TEL] 2026-06-04T18:10:21.014Z | GPS_ACCEPT | {"lat":51.349828,"lng":19.375801,"acc":4,"speedKmh":0.1,"gpsLock":false}
06-04 20:10:21.048 I/ReactNativeJS(30359): [VROOM-TEL] 2026-06-04T18:10:21.048Z | CAMERA_HEADING | {"t":1780596621048,"speedKmh":0,"movedM":0.02,"moveBearing":null,"snapHdg":299,"headingOut":299,"flipFromPrevDeg":0,"lookaheadM":0,"nativeFollow":true}
06-04 20:10:21.048 I/ReactNativeJS(30359): [VROOM-TEL] 2026-06-04T18:10:21.048Z | CAM_FOLLOW_PUSH | {"t":1780596621048,"lat":51.349857,"lng":19.375889,"hdg":299,"snapHdg":299,"speedKmh":0,"exploring":false,"source":"drive_marker_sv_60fps"}
06-04 20:10:21.048 I/ReactNativeJS(30359): [VROOM-TEL] 2026-06-04T18:10:21.048Z | DRIVE_TRACE_CAMERA | {"t":1780596621048,"seq":1403,"gpsTickId":1780596620952,"gpsTickAgeMs":38,"lat":51.349857,"lng":19.375889,"hdg":299,"speedKmh":0,"exploring":false,"frameMoveM":0}
06-04 20:10:21.373 I/ReactNativeJS(30359): [VROOM-TEL] 2026-06-04T18:10:21.373Z | DRIVE_TRACE_CAMERA | {"t":1780596621373,"seq":1404,"gpsTickId":1780596620952,"gpsTickAgeMs":363,"lat":51.349848,"lng":19.375893,"hdg":299,"speedKmh":0,"exploring":false,"frameMoveM":0}
06-04 20:10:21.689 I/ReactNativeJS(30359): [VROOM-TEL] 2026-06-04T18:10:21.689Z | DRIVE_TRACE_CAMERA | {"t":1780596621689,"seq":1405,"gpsTickId":1780596620952,"gpsTickAgeMs":679,"lat":51.34984,"lng":19.375897,"hdg":299,"speedKmh":0,"exploring":false,"frameMoveM":0}
06-04 20:10:21.856 I/ReactNativeJS(30359): [VROOM-TEL] 2026-06-04T18:10:21.856Z | CAM_FOLLOW_PUSH | {"t":1780596621856,"lat":51.349836,"lng":19.375899,"hdg":299,"snapHdg":299,"speedKmh":0,"exploring":false,"source":"drive_marker_sv_60fps"}
06-04 20:10:21.989 I/ReactNativeJS(30359): [VROOM-TEL] 2026-06-04T18:10:21.989Z | DRIVE_TRACE_CAMERA | {"t":1780596621989,"seq":1406,"gpsTickId":1780596620952,"gpsTickAgeMs":979,"lat":51.349832,"lng":19.3759,"hdg":299,"speedKmh":0,"exploring":false,"frameMoveM":0}
06-04 20:10:22.156 I/ReactNativeJS(30359): [VROOM-TEL] 2026-06-04T18:10:22.156Z | CAMERA_HEADING | {"t":1780596622156,"speedKmh":0,"movedM":0.05,"moveBearing":null,"snapHdg":299,"headingOut":299,"flipFromPrevDeg":0,"lookaheadM":0,"nativeFollow":true}
06-04 20:10:25.895 I/ReactNativeJS(30359): [VROOM-TEL] 2026-06-04T18:10:25.895Z | CAMERA_HEADING | {"t":1780596625895,"speedKmh":0,"movedM":0,"moveBearing":null,"snapHdg":299,"headingOut":299,"flipFromPrevDeg":0,"lookaheadM":0,"nativeFollow":true}
06-04 20:10:25.988 I/ReactNativeJS(30359): [VROOM-TEL] 2026-06-04T18:10:25.988Z | DRIVE_TRACE_HEARTBEAT | {"t":1780596625988,"seq":1407,"gpsTickId":1780596620952,"gpsTickAgeMs":4978,"driving":true,"navigating":false,"tripActive":true,"lat":51.349828,"lng":19.3758012,"gpsAgeMs":4978}
06-04 20:10:27.597 I/ReactNativeJS(30359): [VROOM-TEL] 2026-06-04T18:10:27.597Z | CAMERA_HEADING | {"t":1780596627597,"speedKmh":0,"movedM":0,"moveBearing":null,"snapHdg":299,"headingOut":299,"flipFromPrevDeg":0,"lookaheadM":0,"nativeFollow":true}
06-04 20:10:28.975 I/ReactNativeJS(30359): [VROOM-TEL] 2026-06-04T18:10:28.975Z | GPS_LOCK_ACQUIRED | {"at":1780596628975}
06-04 20:10:28.975 I/ReactNativeJS(30359): [VROOM-TEL] 2026-06-04T18:10:28.975Z | RAW_GPS_TICK | {"t":1780596628975,"gpsTickId":1780596628954,"gpsTickAgeMs":0,"lat":51.349857,"lng":19.375745,"speed":3.13,"speedKmh":11.3,"accuracy":4,"osTimestamp":1780596628954,"tripActive":true,"appState":"active"}
06-04 20:10:28.975 I/ReactNativeJS(30359): [VROOM-TEL] 2026-06-04T18:10:28.975Z | DRIVE_TRACE_RAW | {"t":1780596628975,"seq":1408,"gpsTickId":1780596628954,"gpsTickAgeMs":0,"rawLat":51.349857,"rawLng":19.375745,"accM":4,"speedKmh":11.3,"speedMs":3.1,"heading":306,"tripActive":true,"driving":true,"navigating":false,"osTimestamp":1780596628954}
06-04 20:10:28.976 I/ReactNativeJS(30359): [VROOM-TEL] 2026-06-04T18:10:28.976Z | DRIVE_TRACE_FEED | {"t":1780596628976,"seq":1409,"gpsTickId":1780596628954,"gpsTickAgeMs":1,"lat":51.349794,"lng":19.375889,"hdg":308,"durationMs":1199,"speedKmh":11.3}
06-04 20:10:28.977 I/ReactNativeJS(30359): [VROOM-TEL] 2026-06-04T18:10:28.977Z | DRIVE_TRACE_TICK | {"t":1780596628977,"seq":1410,"gpsTickId":1780596628954,"gpsTickAgeMs":2,"rawLat":51.349857,"rawLng":19.375745,"snapLat":51.349794,"snapLng":19.375889,"markerLat":51.349794,"markerLng":19.375889,"markerHdg":308,"markerSvLat":51.349827,"markerSvLng":19.375903,"markerSvHdg":299,"accM":4,"hudKmh":11.3,"engineKmh":3.7,"dopplerKmh":11.3,"feedDurMs":1199,"cadenceMs":1573,"feedSpeedMs":3.1,"isNavigating":false,"isFreeDrive":true,"isMoving":true,"feedSkipGate":false,"feedAccepted":true,"feedHeadingOnly":false,"source":"drive_core_v2"}
06-04 20:10:28.977 I/ReactNativeJS(30359): [VROOM-TEL] 2026-06-04T18:10:28.977Z | GPS_ACCEPT | {"lat":51.349857,"lng":19.375745,"acc":4,"speedKmh":11.3,"gpsLock":true}
06-04 20:10:29.019 I/ReactNativeJS(30359): [VROOM-TEL] 2026-06-04T18:10:29.019Z | CAMERA_HEADING | {"t":1780596629019,"speedKmh":11,"movedM":0.03,"moveBearing":null,"snapHdg":302,"headingOut":302,"flipFromPrevDeg":3,"lookaheadM":0,"nativeFollow":true}
06-04 20:10:29.020 I/ReactNativeJS(30359): [VROOM-TEL] 2026-06-04T18:10:29.020Z | CAM_FOLLOW_PUSH | {"t":1780596629020,"lat":51.349826,"lng":19.375903,"hdg":302,"snapHdg":302,"speedKmh":11,"exploring":false,"source":"drive_marker_sv_60fps"}
06-04 20:10:29.020 I/ReactNativeJS(30359): [VROOM-TEL] 2026-06-04T18:10:29.020Z | DRIVE_TRACE_CAMERA | {"t":1780596629020,"seq":1411,"gpsTickId":1780596628954,"gpsTickAgeMs":45,"lat":51.349826,"lng":19.375903,"hdg":302,"speedKmh":11.3,"exploring":false,"frameMoveM":0}
06-04 20:10:29.329 I/ReactNativeJS(30359): [VROOM-TEL] 2026-06-04T18:10:29.329Z | DRIVE_TRACE_CAMERA | {"t":1780596629329,"seq":1412,"gpsTickId":1780596628954,"gpsTickAgeMs":354,"lat":51.349819,"lng":19.3759,"hdg":308,"speedKmh":11.3,"exploring":false,"frameMoveM":0}
06-04 20:10:29.639 I/ReactNativeJS(30359): [VROOM-TEL] 2026-06-04T18:10:29.639Z | DRIVE_TRACE_CAMERA | {"t":1780596629639,"seq":1413,"gpsTickId":1780596628954,"gpsTickAgeMs":664,"lat":51.349809,"lng":19.375895,"hdg":308,"speedKmh":11.3,"exploring":false,"frameMoveM":0}
06-04 20:10:29.822 I/ReactNativeJS(30359): [VROOM-TEL] 2026-06-04T18:10:29.822Z | CAM_FOLLOW_PUSH | {"t":1780596629822,"lat":51.349804,"lng":19.375893,"hdg":308,"snapHdg":308,"speedKmh":11,"exploring":false,"source":"drive_marker_sv_60fps"}
06-04 20:10:29.956 I/ReactNativeJS(30359): [VROOM-TEL] 2026-06-04T18:10:29.956Z | DRIVE_TRACE_CAMERA | {"t":1780596629956,"seq":1414,"gpsTickId":1780596628954,"gpsTickAgeMs":981,"lat":51.3498,"lng":19.375891,"hdg":308,"speedKmh":11.3,"exploring":false,"frameMoveM":0}
06-04 20:10:29.994 I/ReactNativeJS(30359): [VROOM-TEL] 2026-06-04T18:10:29.994Z | RAW_GPS_TICK | {"t":1780596629994,"gpsTickId":1780596629953,"gpsTickAgeMs":0,"lat":51.349891,"lng":19.375672,"speed":5.6,"speedKmh":20.2,"accuracy":4,"osTimestamp":1780596629953,"tripActive":true,"appState":"active"}
06-04 20:10:29.994 I/ReactNativeJS(30359): [VROOM-TEL] 2026-06-04T18:10:29.994Z | DRIVE_TRACE_RAW | {"t":1780596629994,"seq":1415,"gpsTickId":1780596629953,"gpsTickAgeMs":0,"rawLat":51.349891,"rawLng":19.375672,"accM":4,"speedKmh":20.2,"speedMs":5.6,"heading":308,"tripActive":true,"driving":true,"navigating":false,"osTimestamp":1780596629953}
06-04 20:10:29.996 I/ReactNativeJS(30359): [VROOM-TEL] 2026-06-04T18:10:29.996Z | DRIVE_TRACE_FEED | {"t":1780596629996,"seq":1416,"gpsTickId":1780596629953,"gpsTickAgeMs":2,"lat":51.349816,"lng":19.375823,"hdg":308,"durationMs":917,"speedKmh":20.2}
06-04 20:10:29.997 I/ReactNativeJS(30359): [VROOM-TEL] 2026-06-04T18:10:29.997Z | DRIVE_TRACE_TICK | {"t":1780596629997,"seq":1417,"gpsTickId":1780596629953,"gpsTickAgeMs":3,"rawLat":51.349891,"rawLng":19.375672,"snapLat":51.349816,"snapLng":19.375823,"markerLat":51.349816,"markerLng":19.375823,"markerHdg":308,"markerSvLat":51.349799,"markerSvLng":19.375891,"markerSvHdg":308,"accM":4,"hudKmh":20.2,"engineKmh":10.4,"dopplerKmh":20.2,"feedDurMs":917,"cadenceMs":1379,"feedSpeedMs":5.6,"isNavigating":false,"isFreeDrive":true,"isMoving":true,"feedSkipGate":false,"feedAccepted":true,"feedHeadingOnly":false,"source":"drive_core_v2"}
06-04 20:10:29.997 I/ReactNativeJS(30359): [VROOM-TEL] 2026-06-04T18:10:29.997Z | GPS_ACCEPT | {"lat":51.349891,"lng":19.375672,"acc":4,"speedKmh":22.4,"gpsLock":true}
06-04 20:10:30.122 I/ReactNativeJS(30359): [VROOM-TEL] 2026-06-04T18:10:30.122Z | CAMERA_HEADING | {"t":1780596630122,"speedKmh":20,"movedM":0.1,"moveBearing":null,"snapHdg":292,"headingOut":292,"flipFromPrevDeg":0,"lookaheadM":17,"nativeFollow":true}
06-04 20:10:30.138 I/ReactNativeJS(30359): [VROOM-TEL] 2026-06-04T18:10:30.138Z | TRIP_SEGMENT_STATS | {"t":1780596630138,"totalDistanceKm":2.74,"acceptedMain":181,"acceptedMainKm":2.355,"fallbackAccepted":14,"fallbackKm":0.385,"derivedSpeedUsed":6,"derivedSpeedRejected":4,"lowSpeedDropped":0,"zeroMove":0,"rejectedTotal":45,"rejectedJitter":31,"rejectedJump":0,"rejectedStaleGap":0,"rejectedMinSpeed":0,"rejectedAccuracy":0,"rejectedImpossible":14,"rejectedInvalidTime":0}
06-04 20:10:30.296 I/ReactNativeJS(30359): [VROOM-TEL] 2026-06-04T18:10:30.295Z | DRIVE_TRACE_CAMERA | {"t":1780596630295,"seq":1418,"gpsTickId":1780596629953,"gpsTickAgeMs":301,"lat":51.349804,"lng":19.375871,"hdg":292,"speedKmh":20.2,"exploring":false,"frameMoveM":0}
06-04 20:10:30.606 I/ReactNativeJS(30359): [VROOM-TEL] 2026-06-04T18:10:30.606Z | DRIVE_TRACE_CAMERA | {"t":1780596630606,"seq":1419,"gpsTickId":1780596629953,"gpsTickAgeMs":612,"lat":51.34981,"lng":19.375846,"hdg":292,"speedKmh":20.2,"exploring":false,"frameMoveM":0}
06-04 20:10:30.639 I/ReactNativeJS(30359): [VROOM-TEL] 2026-06-04T18:10:30.639Z | CAM_FOLLOW_PUSH | {"t":1780596630639,"lat":51.349811,"lng":19.375844,"hdg":292,"snapHdg":292,"speedKmh":20,"exploring":false,"source":"drive_marker_sv_60fps"}
06-04 20:10:30.908 I/ReactNativeJS(30359): [VROOM-TEL] 2026-06-04T18:10:30.907Z | DRIVE_TRACE_CAMERA | {"t":1780596630907,"seq":1420,"gpsTickId":1780596629953,"gpsTickAgeMs":913,"lat":51.349816,"lng":19.375824,"hdg":292,"speedKmh":20.2,"exploring":false,"frameMoveM":0}
06-04 20:10:31.064 I/ReactNativeJS(30359): [VROOM-TEL] 2026-06-04T18:10:31.064Z | RAW_GPS_TICK | {"t":1780596631064,"gpsTickId":1780596630954,"gpsTickAgeMs":0,"lat":51.349953,"lng":19.37558,"speed":9.31,"speedKmh":33.5,"accuracy":4,"osTimestamp":1780596630954,"tripActive":true,"appState":"active"}
06-04 20:10:31.064 I/ReactNativeJS(30359): [VROOM-TEL] 2026-06-04T18:10:31.064Z | DRIVE_TRACE_RAW | {"t":1780596631064,"seq":1421,"gpsTickId":1780596630954,"gpsTickAgeMs":0,"rawLat":51.349953,"rawLng":19.37558,"accM":4,"speedKmh":33.5,"speedMs":9.3,"heading":316,"tripActive":true,"driving":true,"navigating":false,"osTimestamp":1780596630954}
06-04 20:10:31.065 I/ReactNativeJS(30359): [VROOM-TEL] 2026-06-04T18:10:31.065Z | DRIVE_TRACE_FEED | {"t":1780596631065,"seq":1422,"gpsTickId":1780596630954,"gpsTickAgeMs":1,"lat":51.349866,"lng":19.375757,"hdg":312,"durationMs":775,"speedKmh":33.5}
06-04 20:10:31.065 I/ReactNativeJS(30359): [VROOM-TEL] 2026-06-04T18:10:31.065Z | DRIVE_TRACE_TICK | {"t":1780596631065,"seq":1423,"gpsTickId":1780596630954,"gpsTickAgeMs":1,"rawLat":51.349953,"rawLng":19.37558,"snapLat":51.349866,"snapLng":19.375757,"markerLat":51.349866,"markerLng":19.375757,"markerHdg":312,"markerSvLat":51.349816,"markerSvLng":19.375823,"markerSvHdg":308,"accM":4,"hudKmh":33.5,"engineKmh":22.5,"dopplerKmh":33.5,"feedDurMs":775,"cadenceMs":1271,"feedSpeedMs":9.3,"isNavigating":false,"isFreeDrive":true,"isMoving":true,"feedSkipGate":false,"feedAccepted":true,"feedHeadingOnly":false,"source":"drive_core_v2"}
06-04 20:10:31.065 I/ReactNativeJS(30359): [VROOM-TEL] 2026-06-04T18:10:31.065Z | GPS_ACCEPT | {"lat":51.349953,"lng":19.37558,"acc":4,"speedKmh":33.5,"gpsLock":true}
06-04 20:10:31.093 I/ReactNativeJS(30359): [VROOM-TEL] 2026-06-04T18:10:31.093Z | DRIVE_TRACE_HEARTBEAT | {"t":1780596631093,"seq":1424,"gpsTickId":1780596630954,"gpsTickAgeMs":29,"driving":true,"navigating":false,"tripActive":true,"lat":51.3499534,"lng":19.3755798,"gpsAgeMs":29}
06-04 20:10:31.211 I/ReactNativeJS(30359): [VROOM-TEL] 2026-06-04T18:10:31.211Z | DRIVE_TRACE_CAMERA | {"t":1780596631211,"seq":1425,"gpsTickId":1780596630954,"gpsTickAgeMs":147,"lat":51.34982,"lng":19.375819,"hdg":316,"speedKmh":33.5,"exploring":false,"frameMoveM":0}
06-04 20:10:31.236 I/ReactNativeJS(30359): [VROOM-TEL] 2026-06-04T18:10:31.236Z | CAMERA_HEADING | {"t":1780596631236,"speedKmh":34,"movedM":0.93,"moveBearing":null,"snapHdg":321,"headingOut":321,"flipFromPrevDeg":3,"lookaheadM":29,"nativeFollow":true}
06-04 20:10:31.460 I/ReactNativeJS(30359): [VROOM-TEL] 2026-06-04T18:10:31.460Z | CAM_FOLLOW_PUSH | {"t":1780596631460,"lat":51.349835,"lng":19.375799,"hdg":321,"snapHdg":321,"speedKmh":34,"exploring":false,"source":"drive_marker_sv_60fps"}
06-04 20:10:31.512 I/ReactNativeJS(30359): [VROOM-TEL] 2026-06-04T18:10:31.512Z | DRIVE_TRACE_CAMERA | {"t":1780596631512,"seq":1426,"gpsTickId":1780596630954,"gpsTickAgeMs":448,"lat":51.349842,"lng":19.375789,"hdg":321,"speedKmh":33.5,"exploring":false,"frameMoveM":0}
06-04 20:10:31.823 I/ReactNativeJS(30359): [VROOM-TEL] 2026-06-04T18:10:31.823Z | DRIVE_TRACE_CAMERA | {"t":1780596631823,"seq":1427,"gpsTickId":1780596630954,"gpsTickAgeMs":759,"lat":51.349865,"lng":19.375759,"hdg":321,"speedKmh":33.5,"exploring":false,"frameMoveM":0}
06-04 20:10:31.979 I/ReactNativeJS(30359): [VROOM-TEL] 2026-06-04T18:10:31.979Z | RAW_GPS_TICK | {"t":1780596631979,"gpsTickId":1780596631954,"gpsTickAgeMs":0,"lat":51.350053,"lng":19.375484,"speed":12.58,"speedKmh":45.3,"accuracy":4,"osTimestamp":1780596631954,"tripActive":true,"appState":"active"}
06-04 20:10:31.980 I/ReactNativeJS(30359): [VROOM-TEL] 2026-06-04T18:10:31.980Z | DRIVE_TRACE_RAW | {"t":1780596631980,"seq":1428,"gpsTickId":1780596631954,"gpsTickAgeMs":1,"rawLat":51.350053,"rawLng":19.375484,"accM":4,"speedKmh":45.3,"speedMs":12.6,"heading":328,"tripActive":true,"driving":true,"navigating":false,"osTimestamp":1780596631954}
06-04 20:10:31.983 I/ReactNativeJS(30359): [VROOM-TEL] 2026-06-04T18:10:31.983Z | DRIVE_TRACE_FEED | {"t":1780596631983,"seq":1429,"gpsTickId":1780596631954,"gpsTickAgeMs":4,"lat":51.349933,"lng":19.375684,"hdg":323,"durationMs":719,"speedKmh":45.3}
06-04 20:10:31.984 I/ReactNativeJS(30359): [VROOM-TEL] 2026-06-04T18:10:31.983Z | DRIVE_TRACE_TICK | {"t":1780596631983,"seq":1430,"gpsTickId":1780596631954,"gpsTickAgeMs":4,"rawLat":51.350053,"rawLng":19.375484,"snapLat":51.349933,"snapLng":19.375684,"markerLat":51.349933,"markerLng":19.375684,"markerHdg":323,"markerSvLat":51.349872,"markerSvLng":19.375748,"markerSvHdg":309,"accM":4,"hudKmh":45.3,"engineKmh":33.7,"dopplerKmh":45.3,"feedDurMs":719,"cadenceMs":1146,"feedSpeedMs":12.6,"isNavigating":false,"isFreeDrive":true,"isMoving":true,"feedSkipGate":false,"feedAccepted":true,"feedHeadingOnly":false,"source":"drive_core_v2"}
06-04 20:10:31.984 I/ReactNativeJS(30359): [VROOM-TEL] 2026-06-04T18:10:31.984Z | GPS_ACCEPT | {"lat":51.350053,"lng":19.375484,"acc":4,"speedKmh":50.6,"gpsLock":true}
06-04 20:10:32.138 I/ReactNativeJS(30359): [VROOM-TEL] 2026-06-04T18:10:32.138Z | DRIVE_TRACE_CAMERA | {"t":1780596632138,"seq":1431,"gpsTickId":1780596631954,"gpsTickAgeMs":159,"lat":51.349885,"lng":19.375734,"hdg":327,"speedKmh":45.3,"exploring":false,"frameMoveM":0}
06-04 20:10:32.272 I/ReactNativeJS(30359): [VROOM-TEL] 2026-06-04T18:10:32.272Z | CAM_FOLLOW_PUSH | {"t":1780596632272,"lat":51.349897,"lng":19.375722,"hdg":327,"snapHdg":327,"speedKmh":45,"exploring":false,"source":"drive_marker_sv_60fps"}
06-04 20:10:32.338 I/ReactNativeJS(30359): [VROOM-TEL] 2026-06-04T18:10:32.338Z | CAMERA_HEADING | {"t":1780596632338,"speedKmh":45,"movedM":0.19,"moveBearing":null,"snapHdg":327,"headingOut":327,"flipFromPrevDeg":0,"lookaheadM":39,"nativeFollow":true}
06-04 20:10:32.439 I/ReactNativeJS(30359): [VROOM-TEL] 2026-06-04T18:10:32.438Z | DRIVE_TRACE_CAMERA | {"t":1780596632438,"seq":1432,"gpsTickId":1780596631954,"gpsTickAgeMs":459,"lat":51.349911,"lng":19.375708,"hdg":327,"speedKmh":45.3,"exploring":false,"frameMoveM":0}
06-04 20:10:32.738 I/ReactNativeJS(30359): [VROOM-TEL] 2026-06-04T18:10:32.738Z | DRIVE_TRACE_CAMERA | {"t":1780596632738,"seq":1433,"gpsTickId":1780596631954,"gpsTickAgeMs":759,"lat":51.349936,"lng":19.375681,"hdg":323,"speedKmh":45.3,"exploring":false,"frameMoveM":0}
06-04 20:10:33.033 I/ReactNativeJS(30359): [VROOM-TEL] 2026-06-04T18:10:33.033Z | RAW_GPS_TICK | {"t":1780596633033,"gpsTickId":1780596632952,"gpsTickAgeMs":0,"lat":51.350147,"lng":19.375426,"speed":11.14,"speedKmh":40.1,"accuracy":4,"osTimestamp":1780596632952,"tripActive":true,"appState":"active"}
06-04 20:10:33.033 I/ReactNativeJS(30359): [VROOM-TEL] 2026-06-04T18:10:33.033Z | DRIVE_TRACE_RAW | {"t":1780596633033,"seq":1434,"gpsTickId":1780596632952,"gpsTickAgeMs":0,"rawLat":51.350147,"rawLng":19.375426,"accM":4,"speedKmh":40.1,"speedMs":11.1,"heading":338,"tripActive":true,"driving":true,"navigating":false,"osTimestamp":1780596632952}
06-04 20:10:33.034 I/ReactNativeJS(30359): [VROOM-TEL] 2026-06-04T18:10:33.034Z | DRIVE_TRACE_FEED | {"t":1780596633034,"seq":1435,"gpsTickId":1780596632952,"gpsTickAgeMs":1,"lat":51.349996,"lng":19.375621,"hdg":334,"durationMs":738,"speedKmh":40.4}
06-04 20:10:33.035 I/ReactNativeJS(30359): [VROOM-TEL] 2026-06-04T18:10:33.035Z | DRIVE_TRACE_TICK | {"t":1780596633035,"seq":1436,"gpsTickId":1780596632952,"gpsTickAgeMs":2,"rawLat":51.350147,"rawLng":19.375426,"snapLat":51.349996,"snapLng":19.375621,"markerLat":51.349996,"markerLng":19.375621,"markerHdg":334,"markerSvLat":51.349949,"markerSvLng":19.375667,"markerSvHdg":323,"accM":4,"hudKmh":40.4,"engineKmh":40.4,"dopplerKmh":40.1,"feedDurMs":738,"cadenceMs":1114,"feedSpeedMs":11.2,"isNavigating":false,"isFreeDrive":true,"isMoving":true,"feedSkipGate":false,"feedAccepted":true,"feedHeadingOnly":false,"source":"drive_core_v2"}
06-04 20:10:33.035 I/ReactNativeJS(30359): [VROOM-TEL] 2026-06-04T18:10:33.035Z | GPS_ACCEPT | {"lat":51.350147,"lng":19.375426,"acc":4,"speedKmh":40.1,"gpsLock":true}
06-04 20:10:33.124 I/ReactNativeJS(30359): [VROOM-TEL] 2026-06-04T18:10:33.124Z | CAM_FOLLOW_PUSH | {"t":1780596633124,"lat":51.34995,"lng":19.375665,"hdg":326,"snapHdg":326,"speedKmh":40,"exploring":false,"source":"drive_marker_sv_60fps"}
06-04 20:10:33.124 I/ReactNativeJS(30359): [VROOM-TEL] 2026-06-04T18:10:33.124Z | DRIVE_TRACE_CAMERA | {"t":1780596633124,"seq":1437,"gpsTickId":1780596632952,"gpsTickAgeMs":91,"lat":51.34995,"lng":19.375665,"hdg":326,"speedKmh":40.4,"exploring":false,"frameMoveM":0}
06-04 20:10:33.438 I/ReactNativeJS(30359): [VROOM-TEL] 2026-06-04T18:10:33.438Z | CAMERA_HEADING | {"t":1780596633438,"speedKmh":40,"movedM":0.14,"moveBearing":null,"snapHdg":329,"headingOut":329,"flipFromPrevDeg":0,"lookaheadM":39,"nativeFollow":true}
06-04 20:10:33.439 I/ReactNativeJS(30359): [VROOM-TEL] 2026-06-04T18:10:33.439Z | DRIVE_TRACE_CAMERA | {"t":1780596633439,"seq":1438,"gpsTickId":1780596632952,"gpsTickAgeMs":406,"lat":51.349975,"lng":19.375642,"hdg":329,"speedKmh":40.4,"exploring":false,"frameMoveM":0}
06-04 20:10:33.739 I/ReactNativeJS(30359): [VROOM-TEL] 2026-06-04T18:10:33.739Z | DRIVE_TRACE_CAMERA | {"t":1780596633739,"seq":1439,"gpsTickId":1780596632952,"gpsTickAgeMs":706,"lat":51.349994,"lng":19.375623,"hdg":329,"speedKmh":40.4,"exploring":false,"frameMoveM":0}
06-04 20:10:33.979 I/ReactNativeJS(30359): [VROOM-TEL] 2026-06-04T18:10:33.979Z | RAW_GPS_TICK | {"t":1780596633979,"gpsTickId":1780596633954,"gpsTickAgeMs":0,"lat":51.350214,"lng":19.375451,"speed":7.81,"speedKmh":28.1,"accuracy":4,"osTimestamp":1780596633954,"tripActive":true,"appState":"active"}
06-04 20:10:33.979 I/ReactNativeJS(30359): [VROOM-TEL] 2026-06-04T18:10:33.979Z | DRIVE_TRACE_RAW | {"t":1780596633979,"seq":1440,"gpsTickId":1780596633954,"gpsTickAgeMs":0,"rawLat":51.350214,"rawLng":19.375451,"accM":4,"speedKmh":28.1,"speedMs":7.8,"heading":9,"tripActive":true,"driving":true,"navigating":false,"osTimestamp":1780596633954}
06-04 20:10:33.981 I/ReactNativeJS(30359): [VROOM-TEL] 2026-06-04T18:10:33.981Z | DRIVE_TRACE_FEED | {"t":1780596633981,"seq":1441,"gpsTickId":1780596633954,"gpsTickAgeMs":2,"lat":51.350057,"lng":19.375561,"hdg":356,"durationMs":751,"speedKmh":37.7}
06-04 20:10:33.982 I/ReactNativeJS(30359): [VROOM-TEL] 2026-06-04T18:10:33.982Z | DRIVE_TRACE_TICK | {"t":1780596633982,"seq":1442,"gpsTickId":1780596633954,"gpsTickAgeMs":3,"rawLat":51.350214,"rawLng":19.375451,"snapLat":51.350057,"snapLng":19.375561,"markerLat":51.350057,"markerLng":19.375561,"markerHdg":356,"markerSvLat":51.350008,"markerSvLng":19.375611,"markerSvHdg":334,"accM":4,"hudKmh":37.7,"engineKmh":37.7,"dopplerKmh":28.1,"feedDurMs":751,"cadenceMs":1055,"feedSpeedMs":10.5,"isNavigating":false,"isFreeDrive":true,"isMoving":true,"feedSkipGate":false,"feedAccepted":true,"feedHeadingOnly":false,"source":"drive_core_v2"}
06-04 20:10:33.982 I/ReactNativeJS(30359): [VROOM-TEL] 2026-06-04T18:10:33.982Z | GPS_ACCEPT | {"lat":51.350214,"lng":19.375451,"acc":4,"speedKmh":29.1,"gpsLock":true}
06-04 20:10:34.049 I/ReactNativeJS(30359): [VROOM-TEL] 2026-06-04T18:10:34.049Z | CAM_FOLLOW_PUSH | {"t":1780596634049,"lat":51.350009,"lng":19.375611,"hdg":331,"snapHdg":331,"speedKmh":38,"exploring":false,"source":"drive_marker_sv_60fps"}
06-04 20:10:34.049 I/ReactNativeJS(30359): [VROOM-TEL] 2026-06-04T18:10:34.049Z | DRIVE_TRACE_CAMERA | {"t":1780596634049,"seq":1443,"gpsTickId":1780596633954,"gpsTickAgeMs":70,"lat":51.350009,"lng":19.375611,"hdg":331,"speedKmh":37.7,"exploring":false,"frameMoveM":0}
06-04 20:10:34.356 I/ReactNativeJS(30359): [VROOM-TEL] 2026-06-04T18:10:34.356Z | DRIVE_TRACE_CAMERA | {"t":1780596634356,"seq":1444,"gpsTickId":1780596633954,"gpsTickAgeMs":377,"lat":51.350032,"lng":19.375586,"hdg":327,"speedKmh":37.7,"exploring":false,"frameMoveM":0}
06-04 20:10:34.538 I/ReactNativeJS(30359): [VROOM-TEL] 2026-06-04T18:10:34.538Z | CAMERA_HEADING | {"t":1780596634538,"speedKmh":38,"movedM":0.14,"moveBearing":null,"snapHdg":327,"headingOut":327,"flipFromPrevDeg":0,"lookaheadM":33,"nativeFollow":true}
06-04 20:10:34.656 I/ReactNativeJS(30359): [VROOM-TEL] 2026-06-04T18:10:34.656Z | DRIVE_TRACE_CAMERA | {"t":1780596634656,"seq":1445,"gpsTickId":1780596633954,"gpsTickAgeMs":677,"lat":51.350052,"lng":19.375567,"hdg":327,"speedKmh":37.7,"exploring":false,"frameMoveM":0}
06-04 20:10:34.856 I/ReactNativeJS(30359): [VROOM-TEL] 2026-06-04T18:10:34.856Z | CAM_FOLLOW_PUSH | {"t":1780596634856,"lat":51.350067,"lng":19.375554,"hdg":344,"snapHdg":344,"speedKmh":38,"exploring":false,"source":"drive_marker_sv_60fps"}
06-04 20:10:34.975 I/ReactNativeJS(30359): [VROOM-TEL] 2026-06-04T18:10:34.975Z | RAW_GPS_TICK | {"t":1780596634975,"gpsTickId":1780596634952,"gpsTickAgeMs":0,"lat":51.350264,"lng":19.375551,"speed":8.56,"speedKmh":30.8,"accuracy":4,"osTimestamp":1780596634952,"tripActive":true,"appState":"active"}
06-04 20:10:34.975 I/ReactNativeJS(30359): [VROOM-TEL] 2026-06-04T18:10:34.975Z | DRIVE_TRACE_RAW | {"t":1780596634975,"seq":1446,"gpsTickId":1780596634952,"gpsTickAgeMs":0,"rawLat":51.350264,"rawLng":19.375551,"accM":4,"speedKmh":30.8,"speedMs":8.6,"heading":50,"tripActive":true,"driving":true,"navigating":false,"osTimestamp":1780596634952}
06-04 20:10:34.977 I/ReactNativeJS(30359): [VROOM-TEL] 2026-06-04T18:10:34.977Z | DRIVE_TRACE_FEED | {"t":1780596634977,"seq":1447,"gpsTickId":1780596634952,"gpsTickAgeMs":2,"lat":51.350111,"lng":19.375509,"hdg":32,"durationMs":780,"speedKmh":32.7}
06-04 20:10:34.977 I/ReactNativeJS(30359): [VROOM-TEL] 2026-06-04T18:10:34.977Z | DRIVE_TRACE_TICK | {"t":1780596634977,"seq":1448,"gpsTickId":1780596634952,"gpsTickAgeMs":2,"rawLat":51.350264,"rawLng":19.375551,"snapLat":51.350111,"snapLng":19.375509,"markerLat":51.350111,"markerLng":19.375509,"markerHdg":32,"markerSvLat":51.350068,"markerSvLng":19.375553,"markerSvHdg":356,"accM":4,"hudKmh":32.7,"engineKmh":32.7,"dopplerKmh":30.8,"feedDurMs":780,"cadenceMs":1034,"feedSpeedMs":9.1,"isNavigating":false,"isFreeDrive":true,"isMoving":true,"feedSkipGate":false,"feedAccepted":true,"feedHeadingOnly":false,"source":"drive_core_v2"}
06-04 20:10:34.977 I/ReactNativeJS(30359): [VROOM-TEL] 2026-06-04T18:10:34.977Z | GPS_ACCEPT | {"lat":51.350264,"lng":19.375551,"acc":4,"speedKmh":32,"gpsLock":true}
06-04 20:10:35.024 I/ReactNativeJS(30359): [VROOM-TEL] 2026-06-04T18:10:35.024Z | DRIVE_TRACE_CAMERA | {"t":1780596635024,"seq":1449,"gpsTickId":1780596634952,"gpsTickAgeMs":49,"lat":51.35007,"lng":19.375552,"hdg":359,"speedKmh":32.7,"exploring":false,"frameMoveM":0}
06-04 20:10:35.339 I/ReactNativeJS(30359): [VROOM-TEL] 2026-06-04T18:10:35.339Z | DRIVE_TRACE_CAMERA | {"t":1780596635339,"seq":1450,"gpsTickId":1780596634952,"gpsTickAgeMs":364,"lat":51.350088,"lng":19.375533,"hdg":32,"speedKmh":32.7,"exploring":false,"frameMoveM":0}
06-04 20:10:35.639 I/ReactNativeJS(30359): [VROOM-TEL] 2026-06-04T18:10:35.638Z | CAMERA_HEADING | {"t":1780596635638,"speedKmh":33,"movedM":0.12,"moveBearing":null,"snapHdg":32,"headingOut":32,"flipFromPrevDeg":0,"lookaheadM":33,"nativeFollow":true}
06-04 20:10:35.639 I/ReactNativeJS(30359): [VROOM-TEL] 2026-06-04T18:10:35.639Z | DRIVE_TRACE_CAMERA | {"t":1780596635639,"seq":1451,"gpsTickId":1780596634952,"gpsTickAgeMs":664,"lat":51.350105,"lng":19.375515,"hdg":32,"speedKmh":32.7,"exploring":false,"frameMoveM":0}
06-04 20:10:35.672 I/ReactNativeJS(30359): [VROOM-TEL] 2026-06-04T18:10:35.672Z | CAM_FOLLOW_PUSH | {"t":1780596635672,"lat":51.350106,"lng":19.375514,"hdg":32,"snapHdg":32,"speedKmh":33,"exploring":false,"source":"drive_marker_sv_60fps"}
06-04 20:10:35.973 I/ReactNativeJS(30359): [VROOM-TEL] 2026-06-04T18:10:35.973Z | RAW_GPS_TICK | {"t":1780596635973,"gpsTickId":1780596635953,"gpsTickAgeMs":0,"lat":51.350298,"lng":19.375707,"speed":11.36,"speedKmh":40.9,"accuracy":4,"osTimestamp":1780596635953,"tripActive":true,"appState":"active"}
06-04 20:10:35.973 I/ReactNativeJS(30359): [VROOM-TEL] 2026-06-04T18:10:35.973Z | DRIVE_TRACE_RAW | {"t":1780596635973,"seq":1452,"gpsTickId":1780596635953,"gpsTickAgeMs":0,"rawLat":51.350298,"rawLng":19.375707,"accM":4,"speedKmh":40.9,"speedMs":11.4,"heading":69,"tripActive":true,"driving":true,"navigating":false,"osTimestamp":1780596635953}
06-04 20:10:35.976 I/ReactNativeJS(30359): [VROOM-TEL] 2026-06-04T18:10:35.976Z | DRIVE_TRACE_FEED | {"t":1780596635976,"seq":1453,"gpsTickId":1780596635953,"gpsTickAgeMs":3,"lat":51.350183,"lng":19.375543,"hdg":61,"durationMs":736,"speedKmh":40.9}
06-04 20:10:35.977 I/ReactNativeJS(30359): [VROOM-TEL] 2026-06-04T18:10:35.977Z | DRIVE_TRACE_TICK | {"t":1780596635977,"seq":1454,"gpsTickId":1780596635953,"gpsTickAgeMs":4,"rawLat":51.350298,"rawLng":19.375707,"snapLat":51.350183,"snapLng":19.375543,"markerLat":51.350183,"markerLng":19.375543,"markerHdg":61,"markerSvLat":51.350118,"markerSvLng":19.375516,"markerSvHdg":32,"accM":4,"hudKmh":40.9,"engineKmh":34.1,"dopplerKmh":40.9,"feedDurMs":736,"cadenceMs":1021,"feedSpeedMs":11.4,"isNavigating":false,"isFreeDrive":true,"isMoving":true,"feedSkipGate":false,"feedAccepted":true,"feedHeadingOnly":false,"source":"drive_core_v2"}
06-04 20:10:35.977 I/ReactNativeJS(30359): [VROOM-TEL] 2026-06-04T18:10:35.977Z | GPS_ACCEPT | {"lat":51.350298,"lng":19.375707,"acc":4,"speedKmh":41.3,"gpsLock":true}
06-04 20:10:36.022 I/ReactNativeJS(30359): [VROOM-TEL] 2026-06-04T18:10:36.022Z | DRIVE_TRACE_CAMERA | {"t":1780596636022,"seq":1455,"gpsTickId":1780596635953,"gpsTickAgeMs":49,"lat":51.350121,"lng":19.375517,"hdg":35,"speedKmh":40.9,"exploring":false,"frameMoveM":0}
06-04 20:10:36.023 I/ReactNativeJS(30359): [VROOM-TEL] 2026-06-04T18:10:36.022Z | DRIVE_HEALTH | {"t":1780596636022,"mode":"driving","speedHudKmh":40.9,"speedPipeKmh":40.9,"gpsAgeMs":49,"drAgeMs":46,"gpsToDriftM":17,"snapAnchorDriftM":0,"offRoute":false,"reroutePending":false,"rerouteLoading":false,"hasRoutePts":0}
06-04 20:10:36.322 I/ReactNativeJS(30359): [VROOM-TEL] 2026-06-04T18:10:36.322Z | DRIVE_TRACE_CAMERA | {"t":1780596636322,"seq":1456,"gpsTickId":1780596635953,"gpsTickAgeMs":349,"lat":51.350149,"lng":19.375528,"hdg":61,"speedKmh":40.9,"exploring":false,"frameMoveM":0}
06-04 20:10:36.472 I/ReactNativeJS(30359): [VROOM-TEL] 2026-06-04T18:10:36.472Z | CAM_FOLLOW_PUSH | {"t":1780596636472,"lat":51.350162,"lng":19.375534,"hdg":61,"snapHdg":61,"speedKmh":41,"exploring":false,"source":"drive_marker_sv_60fps"}
06-04 20:10:36.623 I/ReactNativeJS(30359): [VROOM-TEL] 2026-06-04T18:10:36.623Z | DRIVE_TRACE_CAMERA | {"t":1780596636623,"seq":1457,"gpsTickId":1780596635953,"gpsTickAgeMs":650,"lat":51.350175,"lng":19.37554,"hdg":61,"speedKmh":40.9,"exploring":false,"frameMoveM":0}
06-04 20:10:36.738 I/ReactNativeJS(30359): [VROOM-TEL] 2026-06-04T18:10:36.738Z | CAMERA_HEADING | {"t":1780596636738,"speedKmh":41,"movedM":0.19,"moveBearing":null,"snapHdg":61,"headingOut":61,"flipFromPrevDeg":0,"lookaheadM":33,"nativeFollow":true}
06-04 20:10:36.975 I/ReactNativeJS(30359): [VROOM-TEL] 2026-06-04T18:10:36.975Z | RAW_GPS_TICK | {"t":1780596636975,"gpsTickId":1780596636953,"gpsTickAgeMs":0,"lat":51.350348,"lng":19.375853,"speed":11.4,"speedKmh":41,"accuracy":4,"osTimestamp":1780596636953,"tripActive":true,"appState":"active"}
06-04 20:10:36.975 I/ReactNativeJS(30359): [VROOM-TEL] 2026-06-04T18:10:36.975Z | DRIVE_TRACE_RAW | {"t":1780596636975,"seq":1458,"gpsTickId":1780596636953,"gpsTickAgeMs":0,"rawLat":51.350348,"rawLng":19.375853,"accM":4,"speedKmh":41,"speedMs":11.4,"heading":61,"tripActive":true,"driving":true,"navigating":false,"osTimestamp":1780596636953}
06-04 20:10:36.978 I/ReactNativeJS(30359): [VROOM-TEL] 2026-06-04T18:10:36.978Z | DRIVE_TRACE_FEED | {"t":1780596636978,"seq":1459,"gpsTickId":1780596636953,"gpsTickAgeMs":3,"lat":51.350236,"lng":19.37563,"hdg":66,"durationMs":735,"speedKmh":41}
06-04 20:10:36.978 I/ReactNativeJS(30359): [VROOM-TEL] 2026-06-04T18:10:36.978Z | DRIVE_TRACE_TICK | {"t":1780596636978,"seq":1460,"gpsTickId":1780596636953,"gpsTickAgeMs":3,"rawLat":51.350348,"rawLng":19.375853,"snapLat":51.350236,"snapLng":19.37563,"markerLat":51.350236,"markerLng":19.37563,"markerHdg":66,"markerSvLat":51.350191,"markerSvLng":19.375565,"markerSvHdg":61,"accM":4,"hudKmh":41,"engineKmh":39,"dopplerKmh":41,"feedDurMs":735,"cadenceMs":1014,"feedSpeedMs":11.4,"isNavigating":false,"isFreeDrive":true,"isMoving":true,"feedSkipGate":false,"feedAccepted":true,"feedHeadingOnly":false,"source":"drive_core_v2"}
06-04 20:10:36.978 I/ReactNativeJS(30359): [VROOM-TEL] 2026-06-04T18:10:36.978Z | GPS_ACCEPT | {"lat":51.350348,"lng":19.375853,"acc":4,"speedKmh":41.6,"gpsLock":true}
06-04 20:10:37.048 I/ReactNativeJS(30359): [VROOM-TEL] 2026-06-04T18:10:37.048Z | DRIVE_TRACE_CAMERA | {"t":1780596637048,"seq":1461,"gpsTickId":1780596636953,"gpsTickAgeMs":73,"lat":51.350192,"lng":19.375567,"hdg":58,"speedKmh":41,"exploring":false,"frameMoveM":0}
06-04 20:10:37.273 I/ReactNativeJS(30359): [VROOM-TEL] 2026-06-04T18:10:37.273Z | CAM_FOLLOW_PUSH | {"t":1780596637273,"lat":51.350209,"lng":19.375591,"hdg":42,"snapHdg":42,"speedKmh":41,"exploring":false,"source":"drive_marker_sv_60fps"}
06-04 20:10:37.355 I/ReactNativeJS(30359): [VROOM-TEL] 2026-06-04T18:10:37.355Z | DRIVE_TRACE_CAMERA | {"t":1780596637355,"seq":1462,"gpsTickId":1780596636953,"gpsTickAgeMs":380,"lat":51.350214,"lng":19.375598,"hdg":42,"speedKmh":41,"exploring":false,"frameMoveM":0}
06-04 20:10:37.672 I/ReactNativeJS(30359): [VROOM-TEL] 2026-06-04T18:10:37.672Z | DRIVE_TRACE_CAMERA | {"t":1780596637672,"seq":1463,"gpsTickId":1780596636953,"gpsTickAgeMs":697,"lat":51.350233,"lng":19.375626,"hdg":42,"speedKmh":41,"exploring":false,"frameMoveM":0}
06-04 20:10:37.839 I/ReactNativeJS(30359): [VROOM-TEL] 2026-06-04T18:10:37.839Z | CAMERA_HEADING | {"t":1780596637839,"speedKmh":41,"movedM":0.19,"moveBearing":null,"snapHdg":59,"headingOut":59,"flipFromPrevDeg":2,"lookaheadM":33,"nativeFollow":true}
06-04 20:10:37.973 I/ReactNativeJS(30359): [VROOM-TEL] 2026-06-04T18:10:37.973Z | RAW_GPS_TICK | {"t":1780596637973,"gpsTickId":1780596637963,"gpsTickAgeMs":0,"lat":51.350432,"lng":19.375917,"speed":11.22,"speedKmh":40.4,"accuracy":4,"osTimestamp":1780596637963,"tripActive":true,"appState":"active"}
06-04 20:10:37.973 I/ReactNativeJS(30359): [VROOM-TEL] 2026-06-04T18:10:37.973Z | DRIVE_TRACE_RAW | {"t":1780596637973,"seq":1464,"gpsTickId":1780596637963,"gpsTickAgeMs":1,"rawLat":51.350432,"rawLng":19.375917,"accM":4,"speedKmh":40.4,"speedMs":11.2,"heading":10,"tripActive":true,"driving":true,"navigating":false,"osTimestamp":1780596637963}
06-04 20:10:37.975 I/ReactNativeJS(30359): [VROOM-TEL] 2026-06-04T18:10:37.975Z | DRIVE_TRACE_FEED | {"t":1780596637975,"seq":1465,"gpsTickId":1780596637963,"gpsTickAgeMs":3,"lat":51.350278,"lng":19.375733,"hdg":44,"durationMs":730,"speedKmh":42.3}
06-04 20:10:37.976 I/ReactNativeJS(30359): [VROOM-TEL] 2026-06-04T18:10:37.976Z | DRIVE_TRACE_TICK | {"t":1780596637976,"seq":1466,"gpsTickId":1780596637963,"gpsTickAgeMs":4,"rawLat":51.350432,"rawLng":19.375917,"snapLat":51.350278,"snapLng":19.375733,"markerLat":51.350278,"markerLng":19.375733,"markerHdg":44,"markerSvLat":51.350245,"markerSvLng":19.375649,"markerSvHdg":61,"accM":4,"hudKmh":42.3,"engineKmh":42.3,"dopplerKmh":40.4,"feedDurMs":730,"cadenceMs":1008,"feedSpeedMs":11.7,"isNavigating":false,"isFreeDrive":true,"isMoving":true,"feedSkipGate":false,"feedAccepted":true,"feedHeadingOnly":false,"source":"drive_core_v2"}
06-04 20:10:37.976 I/ReactNativeJS(30359): [VROOM-TEL] 2026-06-04T18:10:37.976Z | GPS_ACCEPT | {"lat":51.350432,"lng":19.375917,"acc":4,"speedKmh":40.4,"gpsLock":true}
06-04 20:10:38.005 I/ReactNativeJS(30359): [VROOM-TEL] 2026-06-04T18:10:38.005Z | DRIVE_TRACE_CAMERA | {"t":1780596638005,"seq":1467,"gpsTickId":1780596637963,"gpsTickAgeMs":33,"lat":51.350246,"lng":19.375652,"hdg":58,"speedKmh":42.3,"exploring":false,"frameMoveM":0}
06-04 20:10:38.089 I/ReactNativeJS(30359): [VROOM-TEL] 2026-06-04T18:10:38.089Z | CAM_FOLLOW_PUSH | {"t":1780596638089,"lat":51.35025,"lng":19.375662,"hdg":58,"snapHdg":58,"speedKmh":42,"exploring":false,"source":"drive_marker_sv_60fps"}
06-04 20:10:38.306 I/ReactNativeJS(30359): [VROOM-TEL] 2026-06-04T18:10:38.306Z | DRIVE_TRACE_CAMERA | {"t":1780596638306,"seq":1468,"gpsTickId":1780596637963,"gpsTickAgeMs":334,"lat":51.35026,"lng":19.375687,"hdg":58,"speedKmh":42.3,"exploring":false,"frameMoveM":0}
06-04 20:10:38.606 I/ReactNativeJS(30359): [VROOM-TEL] 2026-06-04T18:10:38.606Z | DRIVE_TRACE_CAMERA | {"t":1780596638606,"seq":1469,"gpsTickId":1780596637963,"gpsTickAgeMs":634,"lat":51.350273,"lng":19.375722,"hdg":58,"speedKmh":42.3,"exploring":false,"frameMoveM":0}
06-04 20:10:38.991 I/ReactNativeJS(30359): [VROOM-TEL] 2026-06-04T18:10:38.991Z | RAW_GPS_TICK | {"t":1780596638991,"gpsTickId":1780596638965,"gpsTickAgeMs":0,"lat":51.350536,"lng":19.375896,"speed":12.68,"speedKmh":45.6,"accuracy":4,"osTimestamp":1780596638965,"tripActive":true,"appState":"active"}
06-04 20:10:38.991 I/ReactNativeJS(30359): [VROOM-TEL] 2026-06-04T18:10:38.991Z | DRIVE_TRACE_RAW | {"t":1780596638991,"seq":1470,"gpsTickId":1780596638965,"gpsTickAgeMs":0,"rawLat":51.350536,"rawLng":19.375896,"accM":4,"speedKmh":45.6,"speedMs":12.7,"heading":341,"tripActive":true,"driving":true,"navigating":false,"osTimestamp":1780596638965}
06-04 20:10:38.992 I/ReactNativeJS(30359): [VROOM-TEL] 2026-06-04T18:10:38.992Z | DRIVE_TRACE_FEED | {"t":1780596638992,"seq":1471,"gpsTickId":1780596638965,"gpsTickAgeMs":1,"lat":51.350315,"lng":19.37585,"hdg":9,"durationMs":718,"speedKmh":45.6}
06-04 20:10:38.993 I/ReactNativeJS(30359): [VROOM-TEL] 2026-06-04T18:10:38.993Z | DRIVE_TRACE_TICK | {"t":1780596638993,"seq":1472,"gpsTickId":1780596638965,"gpsTickAgeMs":2,"rawLat":51.350536,"rawLng":19.375896,"snapLat":51.350315,"snapLng":19.37585,"markerLat":51.350315,"markerLng":19.37585,"markerHdg":9,"markerSvLat":51.350289,"markerSvLng":19.375754,"markerSvHdg":44,"accM":4,"hudKmh":45.6,"engineKmh":42.7,"dopplerKmh":45.6,"feedDurMs":718,"cadenceMs":1012,"feedSpeedMs":12.7,"isNavigating":false,"isFreeDrive":true,"isMoving":true,"feedSkipGate":false,"feedAccepted":true,"feedHeadingOnly":false,"source":"drive_core_v2"}
06-04 20:10:38.993 I/ReactNativeJS(30359): [VROOM-TEL] 2026-06-04T18:10:38.993Z | GPS_ACCEPT | {"lat":51.350536,"lng":19.375896,"acc":4,"speedKmh":45.6,"gpsLock":true}
06-04 20:10:39.038 I/ReactNativeJS(30359): [VROOM-TEL] 2026-06-04T18:10:39.038Z | CAMERA_HEADING | {"t":1780596639038,"speedKmh":46,"movedM":0.46,"moveBearing":null,"snapHdg":38,"headingOut":38,"flipFromPrevDeg":6,"lookaheadM":40,"nativeFollow":true}
06-04 20:10:39.066 I/ReactNativeJS(30359): [VROOM-TEL] 2026-06-04T18:10:39.066Z | CAM_FOLLOW_PUSH | {"t":1780596639066,"lat":51.35029,"lng":19.375758,"hdg":41,"snapHdg":41,"speedKmh":46,"exploring":false,"source":"drive_marker_sv_60fps"}
06-04 20:10:39.066 I/ReactNativeJS(30359): [VROOM-TEL] 2026-06-04T18:10:39.066Z | DRIVE_TRACE_CAMERA | {"t":1780596639066,"seq":1473,"gpsTickId":1780596638965,"gpsTickAgeMs":75,"lat":51.35029,"lng":19.375758,"hdg":41,"speedKmh":45.6,"exploring":false,"frameMoveM":0}
06-04 20:10:39.372 I/ReactNativeJS(30359): [VROOM-TEL] 2026-06-04T18:10:39.372Z | DRIVE_TRACE_CAMERA | {"t":1780596639372,"seq":1474,"gpsTickId":1780596638965,"gpsTickAgeMs":381,"lat":51.350303,"lng":19.375805,"hdg":9,"speedKmh":45.6,"exploring":false,"frameMoveM":0}
06-04 20:10:39.672 I/ReactNativeJS(30359): [VROOM-TEL] 2026-06-04T18:10:39.672Z | DRIVE_TRACE_CAMERA | {"t":1780596639672,"seq":1475,"gpsTickId":1780596638965,"gpsTickAgeMs":681,"lat":51.350314,"lng":19.375844,"hdg":9,"speedKmh":45.6,"exploring":false,"frameMoveM":0}
06-04 20:10:39.872 I/ReactNativeJS(30359): [VROOM-TEL] 2026-06-04T18:10:39.872Z | CAM_FOLLOW_PUSH | {"t":1780596639872,"lat":51.350332,"lng":19.375854,"hdg":9,"snapHdg":9,"speedKmh":46,"exploring":false,"source":"drive_marker_sv_60fps"}
06-04 20:10:39.970 I/ReactNativeJS(30359): [VROOM-TEL] 2026-06-04T18:10:39.970Z | RAW_GPS_TICK | {"t":1780596639970,"gpsTickId":1780596639964,"gpsTickAgeMs":0,"lat":51.350658,"lng":19.375838,"speed":15.82,"speedKmh":57,"accuracy":4,"osTimestamp":1780596639964,"tripActive":true,"appState":"active"}
06-04 20:10:39.970 I/ReactNativeJS(30359): [VROOM-TEL] 2026-06-04T18:10:39.970Z | DRIVE_TRACE_RAW | {"t":1780596639970,"seq":1476,"gpsTickId":1780596639964,"gpsTickAgeMs":0,"rawLat":51.350658,"rawLng":19.375838,"accM":4,"speedKmh":57,"speedMs":15.8,"heading":328,"tripActive":true,"driving":true,"navigating":false,"osTimestamp":1780596639964}
06-04 20:10:39.972 I/ReactNativeJS(30359): [VROOM-TEL] 2026-06-04T18:10:39.972Z | DRIVE_TRACE_FEED | {"t":1780596639972,"seq":1477,"gpsTickId":1780596639964,"gpsTickAgeMs":2,"lat":51.350411,"lng":19.375882,"hdg":348,"durationMs":686,"speedKmh":57}
06-04 20:10:39.973 I/ReactNativeJS(30359): [VROOM-TEL] 2026-06-04T18:10:39.973Z | DRIVE_TRACE_TICK | {"t":1780596639973,"seq":1478,"gpsTickId":1780596639964,"gpsTickAgeMs":3,"rawLat":51.350658,"rawLng":19.375838,"snapLat":51.350411,"snapLng":19.375882,"markerLat":51.350411,"markerLng":19.375882,"markerHdg":348,"markerSvLat":51.350334,"markerSvLng":19.375854,"markerSvHdg":9,"accM":4,"hudKmh":57,"engineKmh":50,"dopplerKmh":57,"feedDurMs":686,"cadenceMs":1000,"feedSpeedMs":15.8,"isNavigating":false,"isFreeDrive":true,"isMoving":true,"feedSkipGate":false,"feedAccepted":true,"feedHeadingOnly":false,"source":"drive_core_v2"}
06-04 20:10:39.973 I/ReactNativeJS(30359): [VROOM-TEL] 2026-06-04T18:10:39.973Z | GPS_ACCEPT | {"lat":51.350658,"lng":19.375838,"acc":4,"speedKmh":57,"gpsLock":true}
06-04 20:10:40.036 I/ReactNativeJS(30359): [VROOM-TEL] 2026-06-04T18:10:40.036Z | DRIVE_TRACE_CAMERA | {"t":1780596640036,"seq":1479,"gpsTickId":1780596639964,"gpsTickAgeMs":66,"lat":51.350338,"lng":19.375856,"hdg":12,"speedKmh":57,"exploring":false,"frameMoveM":0}
06-04 20:10:40.140 I/ReactNativeJS(30359): [VROOM-TEL] 2026-06-04T18:10:40.140Z | CAMERA_HEADING | {"t":1780596640140,"speedKmh":57,"movedM":0.85,"moveBearing":null,"snapHdg":13,"headingOut":13,"flipFromPrevDeg":0,"lookaheadM":49,"nativeFollow":true}
06-04 20:10:40.339 I/ReactNativeJS(30359): [VROOM-TEL] 2026-06-04T18:10:40.339Z | DRIVE_TRACE_CAMERA | {"t":1780596640339,"seq":1480,"gpsTickId":1780596639964,"gpsTickAgeMs":369,"lat":51.350375,"lng":19.375869,"hdg":13,"speedKmh":57,"exploring":false,"frameMoveM":0}
06-04 20:10:40.639 I/ReactNativeJS(30359): [VROOM-TEL] 2026-06-04T18:10:40.639Z | DRIVE_TRACE_CAMERA | {"t":1780596640639,"seq":1481,"gpsTickId":1780596639964,"gpsTickAgeMs":669,"lat":51.350409,"lng":19.375881,"hdg":13,"speedKmh":57,"exploring":false,"frameMoveM":0}
06-04 20:10:40.672 I/ReactNativeJS(30359): [VROOM-TEL] 2026-06-04T18:10:40.672Z | CAM_FOLLOW_PUSH | {"t":1780596640672,"lat":51.350411,"lng":19.375882,"hdg":13,"snapHdg":13,"speedKmh":57,"exploring":false,"source":"drive_marker_sv_60fps"}
06-04 20:10:40.974 I/ReactNativeJS(30359): [VROOM-TEL] 2026-06-04T18:10:40.974Z | RAW_GPS_TICK | {"t":1780596640974,"gpsTickId":1780596640953,"gpsTickAgeMs":0,"lat":51.350795,"lng":19.375737,"speed":17.02,"speedKmh":61.3,"accuracy":4,"osTimestamp":1780596640953,"tripActive":true,"appState":"active"}
06-04 20:10:40.974 I/ReactNativeJS(30359): [VROOM-TEL] 2026-06-04T18:10:40.974Z | DRIVE_TRACE_RAW | {"t":1780596640974,"seq":1482,"gpsTickId":1780596640953,"gpsTickAgeMs":0,"rawLat":51.350795,"rawLng":19.375737,"accM":4,"speedKmh":61.3,"speedMs":17,"heading":329,"tripActive":true,"driving":true,"navigating":false,"osTimestamp":1780596640953}
06-04 20:10:40.978 I/ReactNativeJS(30359): [VROOM-TEL] 2026-06-04T18:10:40.978Z | DRIVE_TRACE_FEED | {"t":1780596640978,"seq":1483,"gpsTickId":1780596640953,"gpsTickAgeMs":4,"lat":51.350672,"lng":19.37582,"hdg":339,"durationMs":1200,"speedKmh":61.3}
06-04 20:10:40.979 I/ReactNativeJS(30359): [VROOM-TEL] 2026-06-04T18:10:40.979Z | DRIVE_TRACE_TICK | {"t":1780596640979,"seq":1484,"gpsTickId":1780596640953,"gpsTickAgeMs":5,"rawLat":51.350795,"rawLng":19.375737,"snapLat":51.350672,"snapLng":19.37582,"markerLat":51.350672,"markerLng":19.37582,"markerHdg":339,"markerSvLat":51.350439,"markerSvLng":19.375882,"markerSvHdg":349,"accM":4,"hudKmh":61.3,"engineKmh":58.1,"dopplerKmh":61.3,"feedDurMs":1200,"cadenceMs":1001,"feedSpeedMs":17,"isNavigating":false,"isFreeDrive":true,"isMoving":true,"feedSkipGate":false,"feedAccepted":true,"feedHeadingOnly":false,"source":"drive_core_v2"}
06-04 20:10:40.979 I/ReactNativeJS(30359): [VROOM-TEL] 2026-06-04T18:10:40.979Z | GPS_ACCEPT | {"lat":51.350795,"lng":19.375737,"acc":4,"speedKmh":61.3,"gpsLock":true}
06-04 20:10:41.036 I/ReactNativeJS(30359): [VROOM-TEL] 2026-06-04T18:10:41.036Z | DRIVE_TRACE_CAMERA | {"t":1780596641036,"seq":1485,"gpsTickId":1780596640953,"gpsTickAgeMs":62,"lat":51.350444,"lng":19.375881,"hdg":351,"speedKmh":61.3,"exploring":false,"frameMoveM":0}
06-04 20:10:41.039 I/ReactNativeJS(30359): [VROOM-TEL] 2026-06-04T18:10:41.039Z | DRIVE_TRACE_HEARTBEAT | {"t":1780596641039,"seq":1486,"gpsTickId":1780596640953,"gpsTickAgeMs":65,"driving":true,"navigating":false,"tripActive":true,"lat":51.3507955,"lng":19.3757375,"gpsAgeMs":65}
06-04 20:10:41.255 I/ReactNativeJS(30359): [VROOM-TEL] 2026-06-04T18:10:41.255Z | CAMERA_HEADING | {"t":1780596641255,"speedKmh":61,"movedM":0.37,"moveBearing":null,"snapHdg":351,"headingOut":351,"flipFromPrevDeg":0,"lookaheadM":49,"nativeFollow":true}
06-04 20:10:41.338 I/ReactNativeJS(30359): [VROOM-TEL] 2026-06-04T18:10:41.338Z | DRIVE_TRACE_CAMERA | {"t":1780596641338,"seq":1487,"gpsTickId":1780596640953,"gpsTickAgeMs":364,"lat":51.350509,"lng":19.375864,"hdg":351,"speedKmh":61.3,"exploring":false,"frameMoveM":0}
06-04 20:10:41.472 I/ReactNativeJS(30359): [VROOM-TEL] 2026-06-04T18:10:41.472Z | CAM_FOLLOW_PUSH | {"t":1780596641472,"lat":51.350535,"lng":19.375857,"hdg":351,"snapHdg":351,"speedKmh":61,"exploring":false,"source":"drive_marker_sv_60fps"}
06-04 20:10:41.639 I/ReactNativeJS(30359): [VROOM-TEL] 2026-06-04T18:10:41.639Z | DRIVE_TRACE_CAMERA | {"t":1780596641639,"seq":1488,"gpsTickId":1780596640953,"gpsTickAgeMs":665,"lat":51.350567,"lng":19.375848,"hdg":351,"speedKmh":61.3,"exploring":false,"frameMoveM":0}
06-04 20:10:41.978 I/ReactNativeJS(30359): [VROOM-TEL] 2026-06-04T18:10:41.978Z | DRIVE_TRACE_CAMERA | {"t":1780596641978,"seq":1489,"gpsTickId":1780596640953,"gpsTickAgeMs":1004,"lat":51.350619,"lng":19.375834,"hdg":351,"speedKmh":61.3,"exploring":false,"frameMoveM":0}
06-04 20:10:41.979 I/ReactNativeJS(30359): [VROOM-TEL] 2026-06-04T18:10:41.979Z | RAW_GPS_TICK | {"t":1780596641979,"gpsTickId":1780596641954,"gpsTickAgeMs":0,"lat":51.35093,"lng":19.375633,"speed":16.87,"speedKmh":60.7,"accuracy":4,"osTimestamp":1780596641954,"tripActive":true,"appState":"active"}
06-04 20:10:41.979 I/ReactNativeJS(30359): [VROOM-TEL] 2026-06-04T18:10:41.979Z | DRIVE_TRACE_RAW | {"t":1780596641979,"seq":1490,"gpsTickId":1780596641954,"gpsTickAgeMs":0,"rawLat":51.35093,"rawLng":19.375633,"accM":4,"speedKmh":60.7,"speedMs":16.9,"heading":334,"tripActive":true,"driving":true,"navigating":false,"osTimestamp":1780596641954}
06-04 20:10:41.980 I/ReactNativeJS(30359): [VROOM-TEL] 2026-06-04T18:10:41.980Z | DRIVE_TRACE_FEED | {"t":1780596641980,"seq":1491,"gpsTickId":1780596641954,"gpsTickAgeMs":1,"lat":51.35077,"lng":19.375752,"hdg":335,"durationMs":674,"speedKmh":63.2}
06-04 20:10:41.981 I/ReactNativeJS(30359): [VROOM-TEL] 2026-06-04T18:10:41.981Z | DRIVE_TRACE_TICK | {"t":1780596641981,"seq":1492,"gpsTickId":1780596641954,"gpsTickAgeMs":2,"rawLat":51.35093,"rawLng":19.375633,"snapLat":51.35077,"snapLng":19.375752,"markerLat":51.35077,"markerLng":19.375752,"markerHdg":335,"markerSvLat":51.350632,"markerSvLng":19.375831,"markerSvHdg":351,"accM":4,"hudKmh":63.2,"engineKmh":63.2,"dopplerKmh":60.7,"feedDurMs":674,"cadenceMs":1002,"feedSpeedMs":17.6,"isNavigating":false,"isFreeDrive":true,"isMoving":true,"feedSkipGate":false,"feedAccepted":true,"feedHeadingOnly":false,"source":"drive_core_v2"}
06-04 20:10:41.981 I/ReactNativeJS(30359): [VROOM-TEL] 2026-06-04T18:10:41.981Z | GPS_ACCEPT | {"lat":51.35093,"lng":19.375633,"acc":4,"speedKmh":60.7,"gpsLock":true}
06-04 20:10:42.272 I/ReactNativeJS(30359): [VROOM-TEL] 2026-06-04T18:10:42.272Z | CAM_FOLLOW_PUSH | {"t":1780596642272,"lat":51.350692,"lng":19.375797,"hdg":340,"snapHdg":340,"speedKmh":63,"exploring":false,"source":"drive_marker_sv_60fps"}
06-04 20:10:42.289 I/ReactNativeJS(30359): [VROOM-TEL] 2026-06-04T18:10:42.289Z | DRIVE_TRACE_CAMERA | {"t":1780596642289,"seq":1493,"gpsTickId":1780596641954,"gpsTickAgeMs":310,"lat":51.350695,"lng":19.375795,"hdg":340,"speedKmh":63.2,"exploring":false,"frameMoveM":0}
06-04 20:10:42.355 I/ReactNativeJS(30359): [VROOM-TEL] 2026-06-04T18:10:42.355Z | CAMERA_HEADING | {"t":1780596642355,"speedKmh":63,"movedM":0.39,"moveBearing":null,"snapHdg":340,"headingOut":340,"flipFromPrevDeg":0,"lookaheadM":53,"nativeFollow":true}
06-04 20:10:42.605 I/ReactNativeJS(30359): [VROOM-TEL] 2026-06-04T18:10:42.605Z | DRIVE_TRACE_CAMERA | {"t":1780596642605,"seq":1494,"gpsTickId":1780596641954,"gpsTickAgeMs":626,"lat":51.35076,"lng":19.375758,"hdg":340,"speedKmh":63.2,"exploring":false,"frameMoveM":0}
06-04 20:10:42.973 I/ReactNativeJS(30359): [VROOM-TEL] 2026-06-04T18:10:42.973Z | RAW_GPS_TICK | {"t":1780596642973,"gpsTickId":1780596642954,"gpsTickAgeMs":0,"lat":51.351054,"lng":19.375547,"speed":15.18,"speedKmh":54.6,"accuracy":4,"osTimestamp":1780596642954,"tripActive":true,"appState":"active"}
06-04 20:10:42.973 I/ReactNativeJS(30359): [VROOM-TEL] 2026-06-04T18:10:42.973Z | DRIVE_TRACE_RAW | {"t":1780596642973,"seq":1495,"gpsTickId":1780596642954,"gpsTickAgeMs":0,"rawLat":51.351054,"rawLng":19.375547,"accM":4,"speedKmh":54.6,"speedMs":15.2,"heading":337,"tripActive":true,"driving":true,"navigating":false,"osTimestamp":1780596642954}
06-04 20:10:42.975 I/ReactNativeJS(30359): [VROOM-TEL] 2026-06-04T18:10:42.975Z | DRIVE_TRACE_FEED | {"t":1780596642975,"seq":1496,"gpsTickId":1780596642954,"gpsTickAgeMs":2,"lat":51.350863,"lng":19.375685,"hdg":335,"durationMs":679,"speedKmh":60.3}
06-04 20:10:42.976 I/ReactNativeJS(30359): [VROOM-TEL] 2026-06-04T18:10:42.976Z | DRIVE_TRACE_TICK | {"t":1780596642976,"seq":1497,"gpsTickId":1780596642954,"gpsTickAgeMs":3,"rawLat":51.351054,"rawLng":19.375547,"snapLat":51.350863,"snapLng":19.375685,"markerLat":51.350863,"markerLng":19.375685,"markerHdg":335,"markerSvLat":51.350801,"markerSvLng":19.37573,"markerSvHdg":336,"accM":4,"hudKmh":60.3,"engineKmh":60.3,"dopplerKmh":54.6,"feedDurMs":679,"cadenceMs":999,"feedSpeedMs":16.8,"isNavigating":false,"isFreeDrive":true,"isMoving":true,"feedSkipGate":false,"feedAccepted":true,"feedHeadingOnly":false,"source":"drive_core_v2"}
06-04 20:10:42.976 I/ReactNativeJS(30359): [VROOM-TEL] 2026-06-04T18:10:42.976Z | GPS_ACCEPT | {"lat":51.351054,"lng":19.375547,"acc":4,"speedKmh":54.6,"gpsLock":true}
06-04 20:10:43.027 I/ReactNativeJS(30359): [VROOM-TEL] 2026-06-04T18:10:43.027Z | DRIVE_TRACE_CAMERA | {"t":1780596643027,"seq":1498,"gpsTickId":1780596642954,"gpsTickAgeMs":54,"lat":51.350804,"lng":19.375728,"hdg":336,"speedKmh":60.3,"exploring":false,"frameMoveM":0}
06-04 20:10:43.089 I/ReactNativeJS(30359): [VROOM-TEL] 2026-06-04T18:10:43.089Z | CAM_FOLLOW_PUSH | {"t":1780596643089,"lat":51.350811,"lng":19.375723,"hdg":336,"snapHdg":336,"speedKmh":60,"exploring":false,"source":"drive_marker_sv_60fps"}
06-04 20:10:43.339 I/ReactNativeJS(30359): [VROOM-TEL] 2026-06-04T18:10:43.338Z | DRIVE_TRACE_CAMERA | {"t":1780596643338,"seq":1499,"gpsTickId":1780596642954,"gpsTickAgeMs":365,"lat":51.350834,"lng":19.375706,"hdg":336,"speedKmh":60.3,"exploring":false,"frameMoveM":0}
06-04 20:10:43.455 I/ReactNativeJS(30359): [VROOM-TEL] 2026-06-04T18:10:43.455Z | CAMERA_HEADING | {"t":1780596643455,"speedKmh":60,"movedM":0.19,"moveBearing":null,"snapHdg":336,"headingOut":336,"flipFromPrevDeg":0,"lookaheadM":53,"nativeFollow":true}
06-04 20:10:43.638 I/ReactNativeJS(30359): [VROOM-TEL] 2026-06-04T18:10:43.638Z | DRIVE_TRACE_CAMERA | {"t":1780596643638,"seq":1500,"gpsTickId":1780596642954,"gpsTickAgeMs":665,"lat":51.350862,"lng":19.375686,"hdg":336,"speedKmh":60.3,"exploring":false,"frameMoveM":0}
06-04 20:10:43.975 I/ReactNativeJS(30359): [VROOM-TEL] 2026-06-04T18:10:43.975Z | RAW_GPS_TICK | {"t":1780596643975,"gpsTickId":1780596643953,"gpsTickAgeMs":0,"lat":51.351151,"lng":19.375483,"speed":11.83,"speedKmh":42.6,"accuracy":4,"osTimestamp":1780596643953,"tripActive":true,"appState":"active"}
06-04 20:10:43.975 I/ReactNativeJS(30359): [VROOM-TEL] 2026-06-04T18:10:43.975Z | DRIVE_TRACE_RAW | {"t":1780596643975,"seq":1501,"gpsTickId":1780596643953,"gpsTickAgeMs":0,"rawLat":51.351151,"rawLng":19.375483,"accM":4,"speedKmh":42.6,"speedMs":11.8,"heading":337,"tripActive":true,"driving":true,"navigating":false,"osTimestamp":1780596643953}
06-04 20:10:43.976 I/ReactNativeJS(30359): [VROOM-TEL] 2026-06-04T18:10:43.976Z | DRIVE_TRACE_FEED | {"t":1780596643976,"seq":1502,"gpsTickId":1780596643953,"gpsTickAgeMs":1,"lat":51.350949,"lng":19.375625,"hdg":337,"durationMs":693,"speedKmh":54.1}
06-04 20:10:43.977 I/ReactNativeJS(30359): [VROOM-TEL] 2026-06-04T18:10:43.977Z | DRIVE_TRACE_TICK | {"t":1780596643977,"seq":1503,"gpsTickId":1780596643953,"gpsTickAgeMs":2,"rawLat":51.351151,"rawLng":19.375483,"snapLat":51.350949,"snapLng":19.375625,"markerLat":51.350949,"markerLng":19.375625,"markerHdg":337,"markerSvLat":51.350893,"markerSvLng":19.375664,"markerSvHdg":336,"accM":4,"hudKmh":54.1,"engineKmh":54.1,"dopplerKmh":42.6,"feedDurMs":693,"cadenceMs":1000,"feedSpeedMs":15,"isNavigating":false,"isFreeDrive":true,"isMoving":true,"feedSkipGate":false,"feedAccepted":true,"feedHeadingOnly":false,"source":"drive_core_v2"}
06-04 20:10:43.977 I/ReactNativeJS(30359): [VROOM-TEL] 2026-06-04T18:10:43.977Z | GPS_ACCEPT | {"lat":51.351151,"lng":19.375483,"acc":4,"speedKmh":42.6,"gpsLock":true}
06-04 20:10:44.036 I/ReactNativeJS(30359): [VROOM-TEL] 2026-06-04T18:10:44.036Z | CAM_FOLLOW_PUSH | {"t":1780596644036,"lat":51.350895,"lng":19.375662,"hdg":336,"snapHdg":336,"speedKmh":54,"exploring":false,"source":"drive_marker_sv_60fps"}
06-04 20:10:44.037 I/ReactNativeJS(30359): [VROOM-TEL] 2026-06-04T18:10:44.037Z | DRIVE_TRACE_CAMERA | {"t":1780596644037,"seq":1504,"gpsTickId":1780596643953,"gpsTickAgeMs":62,"lat":51.350895,"lng":19.375662,"hdg":336,"speedKmh":54.1,"exploring":false,"frameMoveM":0}
06-04 20:10:44.338 I/ReactNativeJS(30359): [VROOM-TEL] 2026-06-04T18:10:44.338Z | DRIVE_TRACE_CAMERA | {"t":1780596644338,"seq":1505,"gpsTickId":1780596643953,"gpsTickAgeMs":363,"lat":51.350922,"lng":19.375643,"hdg":336,"speedKmh":54.1,"exploring":false,"frameMoveM":0}
06-04 20:10:44.555 I/ReactNativeJS(30359): [VROOM-TEL] 2026-06-04T18:10:44.555Z | CAMERA_HEADING | {"t":1780596644555,"speedKmh":54,"movedM":0.17,"moveBearing":null,"snapHdg":336,"headingOut":336,"flipFromPrevDeg":0,"lookaheadM":47,"nativeFollow":true}
06-04 20:10:44.638 I/ReactNativeJS(30359): [VROOM-TEL] 2026-06-04T18:10:44.638Z | DRIVE_TRACE_CAMERA | {"t":1780596644638,"seq":1506,"gpsTickId":1780596643953,"gpsTickAgeMs":663,"lat":51.350946,"lng":19.375626,"hdg":336,"speedKmh":54.1,"exploring":false,"frameMoveM":0}
06-04 20:10:44.838 I/ReactNativeJS(30359): [VROOM-TEL] 2026-06-04T18:10:44.838Z | CAM_FOLLOW_PUSH | {"t":1780596644838,"lat":51.35097,"lng":19.37561,"hdg":336,"snapHdg":336,"speedKmh":54,"exploring":false,"source":"drive_marker_sv_60fps"}
06-04 20:10:44.975 I/ReactNativeJS(30359): [VROOM-TEL] 2026-06-04T18:10:44.975Z | RAW_GPS_TICK | {"t":1780596644975,"gpsTickId":1780596644953,"gpsTickAgeMs":0,"lat":51.351236,"lng":19.375437,"speed":10.21,"speedKmh":36.8,"accuracy":4,"osTimestamp":1780596644953,"tripActive":true,"appState":"active"}
06-04 20:10:44.975 I/ReactNativeJS(30359): [VROOM-TEL] 2026-06-04T18:10:44.975Z | DRIVE_TRACE_RAW | {"t":1780596644975,"seq":1507,"gpsTickId":1780596644953,"gpsTickAgeMs":0,"rawLat":51.351236,"rawLng":19.375437,"accM":4,"speedKmh":36.8,"speedMs":10.2,"heading":341,"tripActive":true,"driving":true,"navigating":false,"osTimestamp":1780596644953}
06-04 20:10:44.977 I/ReactNativeJS(30359): [VROOM-TEL] 2026-06-04T18:10:44.977Z | DRIVE_TRACE_FEED | {"t":1780596644977,"seq":1508,"gpsTickId":1780596644953,"gpsTickAgeMs":2,"lat":51.351025,"lng":19.375571,"hdg":339,"durationMs":715,"speedKmh":46.5}
06-04 20:10:44.978 I/ReactNativeJS(30359): [VROOM-TEL] 2026-06-04T18:10:44.978Z | DRIVE_TRACE_TICK | {"t":1780596644978,"seq":1509,"gpsTickId":1780596644953,"gpsTickAgeMs":3,"rawLat":51.351236,"rawLng":19.375437,"snapLat":51.351025,"snapLng":19.375571,"markerLat":51.351025,"markerLng":19.375571,"markerHdg":339,"markerSvLat":51.350974,"markerSvLng":19.375607,"markerSvHdg":336,"accM":4,"hudKmh":46.5,"engineKmh":46.5,"dopplerKmh":36.8,"feedDurMs":715,"cadenceMs":1000,"feedSpeedMs":12.9,"isNavigating":false,"isFreeDrive":true,"isMoving":true,"feedSkipGate":false,"feedAccepted":true,"feedHeadingOnly":false,"source":"drive_core_v2"}
06-04 20:10:44.978 I/ReactNativeJS(30359): [VROOM-TEL] 2026-06-04T18:10:44.978Z | GPS_ACCEPT | {"lat":51.351236,"lng":19.375437,"acc":4,"speedKmh":36.8,"gpsLock":true}
06-04 20:10:45.056 I/ReactNativeJS(30359): [VROOM-TEL] 2026-06-04T18:10:45.056Z | DRIVE_TRACE_CAMERA | {"t":1780596645056,"seq":1510,"gpsTickId":1780596644953,"gpsTickAgeMs":81,"lat":51.350976,"lng":19.375606,"hdg":336,"speedKmh":46.5,"exploring":false,"frameMoveM":0}
06-04 20:10:45.371 I/ReactNativeJS(30359): [VROOM-TEL] 2026-06-04T18:10:45.371Z | DRIVE_TRACE_CAMERA | {"t":1780596645371,"seq":1511,"gpsTickId":1780596644953,"gpsTickAgeMs":396,"lat":51.351002,"lng":19.375587,"hdg":336,"speedKmh":46.5,"exploring":false,"frameMoveM":0}
06-04 20:10:45.638 I/ReactNativeJS(30359): [VROOM-TEL] 2026-06-04T18:10:45.638Z | CAM_FOLLOW_PUSH | {"t":1780596645638,"lat":51.351021,"lng":19.375574,"hdg":336,"snapHdg":336,"speedKmh":47,"exploring":false,"source":"drive_marker_sv_60fps"}
06-04 20:10:45.655 I/ReactNativeJS(30359): [VROOM-TEL] 2026-06-04T18:10:45.655Z | CAMERA_HEADING | {"t":1780596645655,"speedKmh":47,"movedM":0.16,"moveBearing":null,"snapHdg":336,"headingOut":336,"flipFromPrevDeg":0,"lookaheadM":40,"nativeFollow":true}
06-04 20:10:45.671 I/ReactNativeJS(30359): [VROOM-TEL] 2026-06-04T18:10:45.671Z | DRIVE_TRACE_CAMERA | {"t":1780596645671,"seq":1512,"gpsTickId":1780596644953,"gpsTickAgeMs":696,"lat":51.351023,"lng":19.375572,"hdg":336,"speedKmh":46.5,"exploring":false,"frameMoveM":0}
06-04 20:10:45.990 I/ReactNativeJS(30359): [VROOM-TEL] 2026-06-04T18:10:45.990Z | RAW_GPS_TICK | {"t":1780596645990,"gpsTickId":1780596645954,"gpsTickAgeMs":0,"lat":51.351323,"lng":19.375436,"speed":9.62,"speedKmh":34.6,"accuracy":4,"osTimestamp":1780596645954,"tripActive":true,"appState":"active"}
06-04 20:10:45.990 I/ReactNativeJS(30359): [VROOM-TEL] 2026-06-04T18:10:45.990Z | DRIVE_TRACE_RAW | {"t":1780596645990,"seq":1513,"gpsTickId":1780596645954,"gpsTickAgeMs":0,"rawLat":51.351323,"rawLng":19.375436,"accM":4,"speedKmh":34.6,"speedMs":9.6,"heading":359,"tripActive":true,"driving":true,"navigating":false,"osTimestamp":1780596645954}
06-04 20:10:45.992 I/ReactNativeJS(30359): [VROOM-TEL] 2026-06-04T18:10:45.992Z | DRIVE_TRACE_FEED | {"t":1780596645992,"seq":1514,"gpsTickId":1780596645954,"gpsTickAgeMs":2,"lat":51.351092,"lng":19.375524,"hdg":350,"durationMs":741,"speedKmh":39.8}
06-04 20:10:45.993 I/ReactNativeJS(30359): [VROOM-TEL] 2026-06-04T18:10:45.992Z | DRIVE_TRACE_TICK | {"t":1780596645992,"seq":1515,"gpsTickId":1780596645954,"gpsTickAgeMs":2,"rawLat":51.351323,"rawLng":19.375436,"snapLat":51.351092,"snapLng":19.375524,"markerLat":51.351092,"markerLng":19.375524,"markerHdg":350,"markerSvLat":51.351043,"markerSvLng":19.375559,"markerSvHdg":336,"accM":4,"hudKmh":39.8,"engineKmh":39.8,"dopplerKmh":34.6,"feedDurMs":741,"cadenceMs":1005,"feedSpeedMs":11.1,"isNavigating":false,"isFreeDrive":true,"isMoving":true,"feedSkipGate":false,"feedAccepted":true,"feedHeadingOnly":false,"source":"drive_core_v2"}
06-04 20:10:45.993 I/ReactNativeJS(30359): [VROOM-TEL] 2026-06-04T18:10:45.993Z | GPS_ACCEPT | {"lat":51.351323,"lng":19.375436,"acc":4,"speedKmh":34.6,"gpsLock":true}
06-04 20:10:46.046 I/ReactNativeJS(30359): [VROOM-TEL] 2026-06-04T18:10:46.046Z | DRIVE_TRACE_CAMERA | {"t":1780596646046,"seq":1516,"gpsTickId":1780596645954,"gpsTickAgeMs":56,"lat":51.351045,"lng":19.375557,"hdg":336,"speedKmh":39.8,"exploring":false,"frameMoveM":0}
06-04 20:10:46.055 I/ReactNativeJS(30359): [VROOM-TEL] 2026-06-04T18:10:46.055Z | DRIVE_TRACE_HEARTBEAT | {"t":1780596646055,"seq":1517,"gpsTickId":1780596645954,"gpsTickAgeMs":65,"driving":true,"navigating":false,"tripActive":true,"lat":51.3513234,"lng":19.3754356,"gpsAgeMs":65}
06-04 20:10:46.355 I/ReactNativeJS(30359): [VROOM-TEL] 2026-06-04T18:10:46.355Z | DRIVE_TRACE_CAMERA | {"t":1780596646355,"seq":1518,"gpsTickId":1780596645954,"gpsTickAgeMs":365,"lat":51.351067,"lng":19.375542,"hdg":336,"speedKmh":39.8,"exploring":false,"frameMoveM":0}
06-04 20:10:46.439 I/ReactNativeJS(30359): [VROOM-TEL] 2026-06-04T18:10:46.439Z | CAM_FOLLOW_PUSH | {"t":1780596646439,"lat":51.351073,"lng":19.375538,"hdg":336,"snapHdg":336,"speedKmh":40,"exploring":false,"source":"drive_marker_sv_60fps"}
06-04 20:10:46.655 I/ReactNativeJS(30359): [VROOM-TEL] 2026-06-04T18:10:46.655Z | DRIVE_TRACE_CAMERA | {"t":1780596646655,"seq":1519,"gpsTickId":1780596645954,"gpsTickAgeMs":665,"lat":51.351087,"lng":19.375528,"hdg":336,"speedKmh":39.8,"exploring":false,"frameMoveM":0}
06-04 20:10:46.796 I/ReactNativeJS(30359): [VROOM-TEL] 2026-06-04T18:10:46.796Z | CAMERA_HEADING | {"t":1780596646796,"speedKmh":40,"movedM":0.55,"moveBearing":null,"snapHdg":344,"headingOut":344,"flipFromPrevDeg":7,"lookaheadM":35,"nativeFollow":true}
06-04 20:10:46.986 I/ReactNativeJS(30359): [VROOM-TEL] 2026-06-04T18:10:46.985Z | RAW_GPS_TICK | {"t":1780596646985,"gpsTickId":1780596646953,"gpsTickAgeMs":0,"lat":51.351401,"lng":19.375425,"speed":8.59,"speedKmh":30.9,"accuracy":4,"osTimestamp":1780596646953,"tripActive":true,"appState":"active"}
06-04 20:10:46.986 I/ReactNativeJS(30359): [VROOM-TEL] 2026-06-04T18:10:46.986Z | DRIVE_TRACE_RAW | {"t":1780596646986,"seq":1520,"gpsTickId":1780596646953,"gpsTickAgeMs":1,"rawLat":51.351401,"rawLng":19.375425,"accM":4,"speedKmh":30.9,"speedMs":8.6,"heading":355,"tripActive":true,"driving":true,"navigating":false,"osTimestamp":1780596646953}
06-04 20:10:46.987 I/ReactNativeJS(30359): [VROOM-TEL] 2026-06-04T18:10:46.987Z | DRIVE_TRACE_FEED | {"t":1780596646987,"seq":1521,"gpsTickId":1780596646953,"gpsTickAgeMs":2,"lat":51.351155,"lng":19.375481,"hdg":357,"durationMs":762,"speedKmh":35.7}
06-04 20:10:46.987 I/ReactNativeJS(30359): [VROOM-TEL] 2026-06-04T18:10:46.987Z | DRIVE_TRACE_TICK | {"t":1780596646987,"seq":1522,"gpsTickId":1780596646953,"gpsTickAgeMs":2,"rawLat":51.351401,"rawLng":19.375425,"snapLat":51.351155,"snapLng":19.375481,"markerLat":51.351155,"markerLng":19.375481,"markerHdg":357,"markerSvLat":51.351107,"markerSvLng":19.375518,"markerSvHdg":350,"accM":4,"hudKmh":35.7,"engineKmh":35.7,"dopplerKmh":30.9,"feedDurMs":762,"cadenceMs":1002,"feedSpeedMs":9.9,"isNavigating":false,"isFreeDrive":true,"isMoving":true,"feedSkipGate":false,"feedAccepted":true,"feedHeadingOnly":false,"source":"drive_core_v2"}
06-04 20:10:46.987 I/ReactNativeJS(30359): [VROOM-TEL] 2026-06-04T18:10:46.987Z | GPS_ACCEPT | {"lat":51.351401,"lng":19.375425,"acc":4,"speedKmh":31.3,"gpsLock":true}
06-04 20:10:47.074 I/ReactNativeJS(30359): [VROOM-TEL] 2026-06-04T18:10:47.074Z | DRIVE_TRACE_CAMERA | {"t":1780596647074,"seq":1523,"gpsTickId":1780596646953,"gpsTickAgeMs":89,"lat":51.351108,"lng":19.375517,"hdg":348,"speedKmh":35.7,"exploring":false,"frameMoveM":0}
06-04 20:10:47.318 I/ReactNativeJS(30359): [VROOM-TEL] 2026-06-04T18:10:47.318Z | CAM_FOLLOW_PUSH | {"t":1780596647318,"lat":51.351123,"lng":19.375506,"hdg":334,"snapHdg":334,"speedKmh":36,"exploring":false,"source":"drive_marker_sv_60fps"}
06-04 20:10:47.388 I/ReactNativeJS(30359): [VROOM-TEL] 2026-06-04T18:10:47.388Z | DRIVE_TRACE_CAMERA | {"t":1780596647388,"seq":1524,"gpsTickId":1780596646953,"gpsTickAgeMs":403,"lat":51.351132,"lng":19.375498,"hdg":334,"speedKmh":35.7,"exploring":false,"frameMoveM":0}
06-04 20:10:47.689 I/ReactNativeJS(30359): [VROOM-TEL] 2026-06-04T18:10:47.688Z | DRIVE_TRACE_CAMERA | {"t":1780596647688,"seq":1525,"gpsTickId":1780596646953,"gpsTickAgeMs":703,"lat":51.351151,"lng":19.375484,"hdg":334,"speedKmh":35.7,"exploring":false,"frameMoveM":0}
06-04 20:10:47.973 I/ReactNativeJS(30359): [VROOM-TEL] 2026-06-04T18:10:47.973Z | RAW_GPS_TICK | {"t":1780596647973,"gpsTickId":1780596647954,"gpsTickAgeMs":0,"lat":51.351458,"lng":19.375343,"speed":8.19,"speedKmh":29.5,"accuracy":4,"osTimestamp":1780596647954,"tripActive":true,"appState":"active"}
06-04 20:10:47.973 I/ReactNativeJS(30359): [VROOM-TEL] 2026-06-04T18:10:47.973Z | DRIVE_TRACE_RAW | {"t":1780596647973,"seq":1526,"gpsTickId":1780596647954,"gpsTickAgeMs":0,"rawLat":51.351458,"rawLng":19.375343,"accM":4,"speedKmh":29.5,"speedMs":8.2,"heading":319,"tripActive":true,"driving":true,"navigating":false,"osTimestamp":1780596647954}
06-04 20:10:47.975 I/ReactNativeJS(30359): [VROOM-TEL] 2026-06-04T18:10:47.975Z | DRIVE_TRACE_FEED | {"t":1780596647975,"seq":1527,"gpsTickId":1780596647954,"gpsTickAgeMs":2,"lat":51.351213,"lng":19.37544,"hdg":337,"durationMs":780,"speedKmh":32.7}
06-04 20:10:47.975 I/ReactNativeJS(30359): [VROOM-TEL] 2026-06-04T18:10:47.975Z | DRIVE_TRACE_TICK | {"t":1780596647975,"seq":1528,"gpsTickId":1780596647954,"gpsTickAgeMs":2,"rawLat":51.351458,"rawLng":19.375343,"snapLat":51.351213,"snapLng":19.37544,"markerLat":51.351213,"markerLng":19.37544,"markerHdg":337,"markerSvLat":51.351165,"markerSvLng":19.375475,"markerSvHdg":350,"accM":4,"hudKmh":32.7,"engineKmh":32.7,"dopplerKmh":29.5,"feedDurMs":780,"cadenceMs":997,"feedSpeedMs":9.1,"isNavigating":false,"isFreeDrive":true,"isMoving":true,"feedSkipGate":false,"feedAccepted":true,"feedHeadingOnly":false,"source":"drive_core_v2"}
06-04 20:10:47.975 I/ReactNativeJS(30359): [VROOM-TEL] 2026-06-04T18:10:47.975Z | GPS_ACCEPT | {"lat":51.351458,"lng":19.375343,"acc":4,"speedKmh":31.2,"gpsLock":true}
06-04 20:10:48.027 I/ReactNativeJS(30359): [VROOM-TEL] 2026-06-04T18:10:48.027Z | CAMERA_HEADING | {"t":1780596648027,"speedKmh":33,"movedM":0.35,"moveBearing":null,"snapHdg":345,"headingOut":345,"flipFromPrevDeg":6,"lookaheadM":29,"nativeFollow":true}
06-04 20:10:48.035 I/ReactNativeJS(30359): [VROOM-TEL] 2026-06-04T18:10:48.035Z | DRIVE_TRACE_CAMERA | {"t":1780596648035,"seq":1529,"gpsTickId":1780596647954,"gpsTickAgeMs":62,"lat":51.351166,"lng":19.375474,"hdg":348,"speedKmh":32.7,"exploring":false,"frameMoveM":0}
06-04 20:10:48.142 I/ReactNativeJS(30359): [VROOM-TEL] 2026-06-04T18:10:48.142Z | CAM_FOLLOW_PUSH | {"t":1780596648142,"lat":51.351174,"lng":19.375469,"hdg":336,"snapHdg":336,"speedKmh":33,"exploring":false,"source":"drive_marker_sv_60fps"}
06-04 20:10:48.339 I/ReactNativeJS(30359): [VROOM-TEL] 2026-06-04T18:10:48.339Z | DRIVE_TRACE_CAMERA | {"t":1780596648339,"seq":1530,"gpsTickId":1780596647954,"gpsTickAgeMs":366,"lat":51.351187,"lng":19.375459,"hdg":336,"speedKmh":32.7,"exploring":false,"frameMoveM":0}
06-04 20:10:48.639 I/ReactNativeJS(30359): [VROOM-TEL] 2026-06-04T18:10:48.639Z | DRIVE_TRACE_CAMERA | {"t":1780596648639,"seq":1531,"gpsTickId":1780596647954,"gpsTickAgeMs":666,"lat":51.351206,"lng":19.375445,"hdg":336,"speedKmh":32.7,"exploring":false,"frameMoveM":0}
06-04 20:10:48.976 I/ReactNativeJS(30359): [VROOM-TEL] 2026-06-04T18:10:48.976Z | RAW_GPS_TICK | {"t":1780596648976,"gpsTickId":1780596648953,"gpsTickAgeMs":0,"lat":51.351513,"lng":19.375234,"speed":9.41,"speedKmh":33.9,"accuracy":4,"osTimestamp":1780596648953,"tripActive":true,"appState":"active"}
06-04 20:10:48.976 I/ReactNativeJS(30359): [VROOM-TEL] 2026-06-04T18:10:48.976Z | DRIVE_TRACE_RAW | {"t":1780596648976,"seq":1532,"gpsTickId":1780596648953,"gpsTickAgeMs":0,"rawLat":51.351513,"rawLng":19.375234,"accM":4,"speedKmh":33.9,"speedMs":9.4,"heading":309,"tripActive":true,"driving":true,"navigating":false,"osTimestamp":1780596648953}
06-04 20:10:48.978 I/ReactNativeJS(30359): [VROOM-TEL] 2026-06-04T18:10:48.978Z | DRIVE_TRACE_FEED | {"t":1780596648978,"seq":1533,"gpsTickId":1780596648953,"gpsTickAgeMs":2,"lat":51.351273,"lng":19.375398,"hdg":313,"durationMs":773,"speedKmh":33.9}
06-04 20:10:48.979 I/ReactNativeJS(30359): [VROOM-TEL] 2026-06-04T18:10:48.979Z | DRIVE_TRACE_TICK | {"t":1780596648979,"seq":1534,"gpsTickId":1780596648953,"gpsTickAgeMs":3,"rawLat":51.351513,"rawLng":19.375234,"snapLat":51.351273,"snapLng":19.375398,"markerLat":51.351273,"markerLng":19.375398,"markerHdg":313,"markerSvLat":51.351221,"markerSvLng":19.375434,"markerSvHdg":336,"accM":4,"hudKmh":33.9,"engineKmh":31.3,"dopplerKmh":33.9,"feedDurMs":773,"cadenceMs":999,"feedSpeedMs":9.4,"isNavigating":false,"isFreeDrive":true,"isMoving":true,"feedSkipGate":false,"feedAccepted":true,"feedHeadingOnly":false,"source":"drive_core_v2"}
06-04 20:10:48.979 I/ReactNativeJS(30359): [VROOM-TEL] 2026-06-04T18:10:48.979Z | GPS_ACCEPT | {"lat":51.351513,"lng":19.375234,"acc":4,"speedKmh":35,"gpsLock":true}
06-04 20:10:49.027 I/ReactNativeJS(30359): [VROOM-TEL] 2026-06-04T18:10:49.027Z | CAM_FOLLOW_PUSH | {"t":1780596649027,"lat":51.351222,"lng":19.375433,"hdg":337,"snapHdg":337,"speedKmh":34,"exploring":false,"source":"drive_marker_sv_60fps"}
06-04 20:10:49.027 I/ReactNativeJS(30359): [VROOM-TEL] 2026-06-04T18:10:49.027Z | DRIVE_TRACE_CAMERA | {"t":1780596649027,"seq":1535,"gpsTickId":1780596648953,"gpsTickAgeMs":51,"lat":51.351222,"lng":19.375433,"hdg":337,"speedKmh":33.9,"exploring":false,"frameMoveM":0}
06-04 20:10:49.152 I/ReactNativeJS(30359): [VROOM-TEL] 2026-06-04T18:10:49.152Z | CAMERA_HEADING | {"t":1780596649152,"speedKmh":34,"movedM":0.69,"moveBearing":null,"snapHdg":337,"headingOut":337,"flipFromPrevDeg":0,"lookaheadM":29,"nativeFollow":true}
06-04 20:10:49.339 I/ReactNativeJS(30359): [VROOM-TEL] 2026-06-04T18:10:49.339Z | DRIVE_TRACE_CAMERA | {"t":1780596649339,"seq":1536,"gpsTickId":1780596648953,"gpsTickAgeMs":363,"lat":51.351245,"lng":19.375417,"hdg":337,"speedKmh":33.9,"exploring":false,"frameMoveM":0}
06-04 20:10:49.655 I/ReactNativeJS(30359): [VROOM-TEL] 2026-06-04T18:10:49.655Z | DRIVE_TRACE_CAMERA | {"t":1780596649655,"seq":1537,"gpsTickId":1780596648953,"gpsTickAgeMs":679,"lat":51.351267,"lng":19.375403,"hdg":337,"speedKmh":33.9,"exploring":false,"frameMoveM":0}
06-04 20:10:49.838 I/ReactNativeJS(30359): [VROOM-TEL] 2026-06-04T18:10:49.838Z | CAM_FOLLOW_PUSH | {"t":1780596649838,"lat":51.351279,"lng":19.375393,"hdg":325,"snapHdg":325,"speedKmh":34,"exploring":false,"source":"drive_marker_sv_60fps"}
06-04 20:10:49.976 I/ReactNativeJS(30359): [VROOM-TEL] 2026-06-04T18:10:49.976Z | RAW_GPS_TICK | {"t":1780596649976,"gpsTickId":1780596649953,"gpsTickAgeMs":0,"lat":51.351591,"lng":19.375142,"speed":10.2,"speedKmh":36.7,"accuracy":4,"osTimestamp":1780596649953,"tripActive":true,"appState":"active"}
06-04 20:10:49.977 I/ReactNativeJS(30359): [VROOM-TEL] 2026-06-04T18:10:49.977Z | DRIVE_TRACE_RAW | {"t":1780596649977,"seq":1538,"gpsTickId":1780596649953,"gpsTickAgeMs":1,"rawLat":51.351591,"rawLng":19.375142,"accM":4,"speedKmh":36.7,"speedMs":10.2,"heading":324,"tripActive":true,"driving":true,"navigating":false,"osTimestamp":1780596649953}
06-04 20:10:49.979 I/ReactNativeJS(30359): [VROOM-TEL] 2026-06-04T18:10:49.979Z | DRIVE_TRACE_FEED | {"t":1780596649979,"seq":1539,"gpsTickId":1780596649953,"gpsTickAgeMs":3,"lat":51.351337,"lng":19.375354,"hdg":316,"durationMs":756,"speedKmh":36.7}
06-04 20:10:49.980 I/ReactNativeJS(30359): [VROOM-TEL] 2026-06-04T18:10:49.980Z | DRIVE_TRACE_TICK | {"t":1780596649980,"seq":1540,"gpsTickId":1780596649953,"gpsTickAgeMs":4,"rawLat":51.351591,"rawLng":19.375142,"snapLat":51.351337,"snapLng":19.375354,"markerLat":51.351337,"markerLng":19.375354,"markerHdg":316,"markerSvLat":51.351282,"markerSvLng":19.37539,"markerSvHdg":313,"accM":4,"hudKmh":36.7,"engineKmh":32.2,"dopplerKmh":36.7,"feedDurMs":756,"cadenceMs":999,"feedSpeedMs":10.2,"isNavigating":false,"isFreeDrive":true,"isMoving":true,"feedSkipGate":false,"feedAccepted":true,"feedHeadingOnly":false,"source":"drive_core_v2"}
06-04 20:10:49.980 I/ReactNativeJS(30359): [VROOM-TEL] 2026-06-04T18:10:49.980Z | GPS_ACCEPT | {"lat":51.351591,"lng":19.375142,"acc":4,"speedKmh":38.5,"gpsLock":true}
06-04 20:10:50.068 I/ReactNativeJS(30359): [VROOM-TEL] 2026-06-04T18:10:50.068Z | DRIVE_TRACE_CAMERA | {"t":1780596650068,"seq":1541,"gpsTickId":1780596649953,"gpsTickAgeMs":92,"lat":51.351282,"lng":19.37539,"hdg":316,"speedKmh":36.7,"exploring":false,"frameMoveM":0}
06-04 20:10:50.255 I/ReactNativeJS(30359): [VROOM-TEL] 2026-06-04T18:10:50.255Z | CAMERA_HEADING | {"t":1780596650255,"speedKmh":37,"movedM":0.16,"moveBearing":null,"snapHdg":338,"headingOut":338,"flipFromPrevDeg":0,"lookaheadM":29,"nativeFollow":true}
06-04 20:10:50.372 I/ReactNativeJS(30359): [VROOM-TEL] 2026-06-04T18:10:50.372Z | DRIVE_TRACE_CAMERA | {"t":1780596650372,"seq":1542,"gpsTickId":1780596649953,"gpsTickAgeMs":396,"lat":51.35131,"lng":19.375371,"hdg":338,"speedKmh":36.7,"exploring":false,"frameMoveM":0}
06-04 20:10:50.639 I/ReactNativeJS(30359): [VROOM-TEL] 2026-06-04T18:10:50.638Z | CAM_FOLLOW_PUSH | {"t":1780596650638,"lat":51.35133,"lng":19.375358,"hdg":338,"snapHdg":338,"speedKmh":37,"exploring":false,"source":"drive_marker_sv_60fps"}
06-04 20:10:50.689 I/ReactNativeJS(30359): [VROOM-TEL] 2026-06-04T18:10:50.689Z | DRIVE_TRACE_CAMERA | {"t":1780596650689,"seq":1543,"gpsTickId":1780596649953,"gpsTickAgeMs":713,"lat":51.351333,"lng":19.375356,"hdg":338,"speedKmh":36.7,"exploring":false,"frameMoveM":0}
06-04 20:10:50.993 I/ReactNativeJS(30359): [VROOM-TEL] 2026-06-04T18:10:50.993Z | RAW_GPS_TICK | {"t":1780596650993,"gpsTickId":1780596650953,"gpsTickAgeMs":0,"lat":51.351672,"lng":19.375068,"speed":10.21,"speedKmh":36.8,"accuracy":4,"osTimestamp":1780596650953,"tripActive":true,"appState":"active"}
06-04 20:10:50.993 I/ReactNativeJS(30359): [VROOM-TEL] 2026-06-04T18:10:50.993Z | DRIVE_TRACE_RAW | {"t":1780596650993,"seq":1544,"gpsTickId":1780596650953,"gpsTickAgeMs":0,"rawLat":51.351672,"rawLng":19.375068,"accM":4,"speedKmh":36.8,"speedMs":10.2,"heading":330,"tripActive":true,"driving":true,"navigating":false,"osTimestamp":1780596650953}
06-04 20:10:50.995 I/ReactNativeJS(30359): [VROOM-TEL] 2026-06-04T18:10:50.995Z | DRIVE_TRACE_FEED | {"t":1780596650995,"seq":1545,"gpsTickId":1780596650953,"gpsTickAgeMs":2,"lat":51.351557,"lng":19.3752,"hdg":327,"durationMs":1200,"speedKmh":36.8}
06-04 20:10:50.996 I/ReactNativeJS(30359): [VROOM-TEL] 2026-06-04T18:10:50.996Z | DRIVE_TRACE_TICK | {"t":1780596650996,"seq":1546,"gpsTickId":1780596650953,"gpsTickAgeMs":3,"rawLat":51.351672,"rawLng":19.375068,"snapLat":51.351557,"snapLng":19.3752,"markerLat":51.351557,"markerLng":19.3752,"markerHdg":327,"markerSvLat":51.351347,"markerSvLng":19.375344,"markerSvHdg":314,"accM":4,"hudKmh":36.8,"engineKmh":34.6,"dopplerKmh":36.8,"feedDurMs":1200,"cadenceMs":1005,"feedSpeedMs":10.2,"isNavigating":false,"isFreeDrive":true,"isMoving":true,"feedSkipGate":false,"feedAccepted":true,"feedHeadingOnly":false,"source":"drive_core_v2"}
06-04 20:10:50.996 I/ReactNativeJS(30359): [VROOM-TEL] 2026-06-04T18:10:50.996Z | GPS_ACCEPT | {"lat":51.351672,"lng":19.375068,"acc":4,"speedKmh":36.9,"gpsLock":true}
06-04 20:10:51.054 I/ReactNativeJS(30359): [VROOM-TEL] 2026-06-04T18:10:51.054Z | DRIVE_TRACE_CAMERA | {"t":1780596651054,"seq":1547,"gpsTickId":1780596650953,"gpsTickAgeMs":61,"lat":51.351352,"lng":19.375341,"hdg":317,"speedKmh":36.8,"exploring":false,"frameMoveM":0}
06-04 20:10:51.072 I/ReactNativeJS(30359): [VROOM-TEL] 2026-06-04T18:10:51.072Z | DRIVE_TRACE_HEARTBEAT | {"t":1780596651072,"seq":1548,"gpsTickId":1780596650953,"gpsTickAgeMs":79,"driving":true,"navigating":false,"tripActive":true,"lat":51.351672,"lng":19.3750678,"gpsAgeMs":79}
06-04 20:10:51.072 I/ReactNativeJS(30359): [VROOM-TEL] 2026-06-04T18:10:51.072Z | DRIVE_HEALTH | {"t":1780596651072,"mode":"driving","speedHudKmh":36.8,"speedPipeKmh":36.8,"gpsAgeMs":79,"drAgeMs":77,"gpsToDriftM":16,"snapAnchorDriftM":0,"offRoute":false,"reroutePending":false,"rerouteLoading":false,"hasRoutePts":0}
06-04 20:10:51.355 I/ReactNativeJS(30359): [VROOM-TEL] 2026-06-04T18:10:51.355Z | CAMERA_HEADING | {"t":1780596651355,"speedKmh":37,"movedM":0.34,"moveBearing":null,"snapHdg":337,"headingOut":337,"flipFromPrevDeg":0,"lookaheadM":29,"nativeFollow":true}
06-04 20:10:51.355 I/ReactNativeJS(30359): [VROOM-TEL] 2026-06-04T18:10:51.355Z | DRIVE_TRACE_CAMERA | {"t":1780596651355,"seq":1549,"gpsTickId":1780596650953,"gpsTickAgeMs":362,"lat":51.35141,"lng":19.375301,"hdg":337,"speedKmh":36.8,"exploring":false,"frameMoveM":0}
06-04 20:10:51.438 I/ReactNativeJS(30359): [VROOM-TEL] 2026-06-04T18:10:51.438Z | CAM_FOLLOW_PUSH | {"t":1780596651438,"lat":51.351425,"lng":19.375291,"hdg":337,"snapHdg":337,"speedKmh":37,"exploring":false,"source":"drive_marker_sv_60fps"}
06-04 20:10:51.655 I/ReactNativeJS(30359): [VROOM-TEL] 2026-06-04T18:10:51.655Z | DRIVE_TRACE_CAMERA | {"t":1780596651655,"seq":1550,"gpsTickId":1780596650953,"gpsTickAgeMs":662,"lat":51.351463,"lng":19.375265,"hdg":337,"speedKmh":36.8,"exploring":false,"frameMoveM":0}
06-04 20:10:51.955 I/ReactNativeJS(30359): [VROOM-TEL] 2026-06-04T18:10:51.955Z | DRIVE_TRACE_CAMERA | {"t":1780596651955,"seq":1551,"gpsTickId":1780596650953,"gpsTickAgeMs":962,"lat":51.351515,"lng":19.375229,"hdg":337,"speedKmh":36.8,"exploring":false,"frameMoveM":0}
06-04 20:10:51.969 I/ReactNativeJS(30359): [VROOM-TEL] 2026-06-04T18:10:51.969Z | RAW_GPS_TICK | {"t":1780596651969,"gpsTickId":1780596651953,"gpsTickAgeMs":0,"lat":51.351744,"lng":19.37501,"speed":8.98,"speedKmh":32.3,"accuracy":4,"osTimestamp":1780596651953,"tripActive":true,"appState":"active"}
06-04 20:10:51.969 I/ReactNativeJS(30359): [VROOM-TEL] 2026-06-04T18:10:51.969Z | DRIVE_TRACE_RAW | {"t":1780596651969,"seq":1552,"gpsTickId":1780596651953,"gpsTickAgeMs":0,"rawLat":51.351744,"rawLng":19.37501,"accM":4,"speedKmh":32.3,"speedMs":9,"heading":331,"tripActive":true,"driving":true,"navigating":false,"osTimestamp":1780596651953}
06-04 20:10:51.973 I/ReactNativeJS(30359): [VROOM-TEL] 2026-06-04T18:10:51.973Z | DRIVE_TRACE_FEED | {"t":1780596651973,"seq":1553,"gpsTickId":1780596651953,"gpsTickAgeMs":4,"lat":51.351619,"lng":19.375158,"hdg":332,"durationMs":765,"speedKmh":35.1}
06-04 20:10:51.973 I/ReactNativeJS(30359): [VROOM-TEL] 2026-06-04T18:10:51.973Z | DRIVE_TRACE_TICK | {"t":1780596651973,"seq":1554,"gpsTickId":1780596651953,"gpsTickAgeMs":4,"rawLat":51.351744,"rawLng":19.37501,"snapLat":51.351619,"snapLng":19.375158,"markerLat":51.351619,"markerLng":19.375158,"markerHdg":332,"markerSvLat":51.351518,"markerSvLng":19.375227,"markerSvHdg":337,"accM":4,"hudKmh":35.1,"engineKmh":35.1,"dopplerKmh":32.3,"feedDurMs":765,"cadenceMs":995,"feedSpeedMs":9.8,"isNavigating":false,"isFreeDrive":true,"isMoving":true,"feedSkipGate":false,"feedAccepted":true,"feedHeadingOnly":false,"source":"drive_core_v2"}
06-04 20:10:51.973 I/ReactNativeJS(30359): [VROOM-TEL] 2026-06-04T18:10:51.973Z | GPS_ACCEPT | {"lat":51.351744,"lng":19.37501,"acc":4,"speedKmh":32.9,"gpsLock":true}
06-04 20:10:52.239 I/ReactNativeJS(30359): [VROOM-TEL] 2026-06-04T18:10:52.239Z | CAM_FOLLOW_PUSH | {"t":1780596652239,"lat":51.351553,"lng":19.375203,"hdg":337,"snapHdg":337,"speedKmh":35,"exploring":false,"source":"drive_marker_sv_60fps"}
06-04 20:10:52.256 I/ReactNativeJS(30359): [VROOM-TEL] 2026-06-04T18:10:52.256Z | DRIVE_TRACE_CAMERA | {"t":1780596652256,"seq":1555,"gpsTickId":1780596651953,"gpsTickAgeMs":287,"lat":51.351555,"lng":19.375201,"hdg":337,"speedKmh":35.1,"exploring":false,"frameMoveM":0}
06-04 20:10:52.455 I/ReactNativeJS(30359): [VROOM-TEL] 2026-06-04T18:10:52.455Z | CAMERA_HEADING | {"t":1780596652455,"speedKmh":35,"movedM":0.26,"moveBearing":null,"snapHdg":337,"headingOut":337,"flipFromPrevDeg":0,"lookaheadM":29,"nativeFollow":true}
06-04 20:10:52.556 I/ReactNativeJS(30359): [VROOM-TEL] 2026-06-04T18:10:52.556Z | DRIVE_TRACE_CAMERA | {"t":1780596652556,"seq":1556,"gpsTickId":1780596651953,"gpsTickAgeMs":587,"lat":51.351595,"lng":19.375174,"hdg":337,"speedKmh":35.1,"exploring":false,"frameMoveM":0}
06-04 20:10:52.872 I/ReactNativeJS(30359): [VROOM-TEL] 2026-06-04T18:10:52.872Z | DRIVE_TRACE_CAMERA | {"t":1780596652872,"seq":1557,"gpsTickId":1780596651953,"gpsTickAgeMs":903,"lat":51.351629,"lng":19.37515,"hdg":337,"speedKmh":35.1,"exploring":false,"frameMoveM":0}
06-04 20:10:52.973 I/ReactNativeJS(30359): [VROOM-TEL] 2026-06-04T18:10:52.973Z | RAW_GPS_TICK | {"t":1780596652973,"gpsTickId":1780596652954,"gpsTickAgeMs":0,"lat":51.351809,"lng":19.374953,"speed":8.33,"speedKmh":30,"accuracy":4,"osTimestamp":1780596652954,"tripActive":true,"appState":"active"}
06-04 20:10:52.973 I/ReactNativeJS(30359): [VROOM-TEL] 2026-06-04T18:10:52.973Z | DRIVE_TRACE_RAW | {"t":1780596652973,"seq":1558,"gpsTickId":1780596652954,"gpsTickAgeMs":0,"rawLat":51.351809,"rawLng":19.374953,"accM":4,"speedKmh":30,"speedMs":8.3,"heading":332,"tripActive":true,"driving":true,"navigating":false,"osTimestamp":1780596652954}
06-04 20:10:52.975 I/ReactNativeJS(30359): [VROOM-TEL] 2026-06-04T18:10:52.975Z | DRIVE_TRACE_FEED | {"t":1780596652975,"seq":1559,"gpsTickId":1780596652954,"gpsTickAgeMs":2,"lat":51.351678,"lng":19.375116,"hdg":332,"durationMs":774,"speedKmh":33.6}
06-04 20:10:52.976 I/ReactNativeJS(30359): [VROOM-TEL] 2026-06-04T18:10:52.976Z | DRIVE_TRACE_TICK | {"t":1780596652976,"seq":1560,"gpsTickId":1780596652954,"gpsTickAgeMs":3,"rawLat":51.351809,"rawLng":19.374953,"snapLat":51.351678,"snapLng":19.375116,"markerLat":51.351678,"markerLng":19.375116,"markerHdg":332,"markerSvLat":51.351629,"markerSvLng":19.37515,"markerSvHdg":337,"accM":4,"hudKmh":33.6,"engineKmh":33.6,"dopplerKmh":30,"feedDurMs":774,"cadenceMs":998,"feedSpeedMs":9.3,"isNavigating":false,"isFreeDrive":true,"isMoving":true,"feedSkipGate":false,"feedAccepted":true,"feedHeadingOnly":false,"source":"drive_core_v2"}
06-04 20:10:52.976 I/ReactNativeJS(30359): [VROOM-TEL] 2026-06-04T18:10:52.976Z | GPS_ACCEPT | {"lat":51.351809,"lng":19.374953,"acc":4,"speedKmh":30,"gpsLock":true}
06-04 20:10:53.050 I/ReactNativeJS(30359): [VROOM-TEL] 2026-06-04T18:10:53.050Z | CAM_FOLLOW_PUSH | {"t":1780596653050,"lat":51.351631,"lng":19.375149,"hdg":336,"snapHdg":336,"speedKmh":34,"exploring":false,"source":"drive_marker_sv_60fps"}
06-04 20:10:53.172 I/ReactNativeJS(30359): [VROOM-TEL] 2026-06-04T18:10:53.172Z | DRIVE_TRACE_CAMERA | {"t":1780596653172,"seq":1561,"gpsTickId":1780596652954,"gpsTickAgeMs":199,"lat":51.351642,"lng":19.375142,"hdg":336,"speedKmh":33.6,"exploring":false,"frameMoveM":0}
06-04 20:10:53.472 I/ReactNativeJS(30359): [VROOM-TEL] 2026-06-04T18:10:53.472Z | DRIVE_TRACE_CAMERA | {"t":1780596653472,"seq":1562,"gpsTickId":1780596652954,"gpsTickAgeMs":499,"lat":51.351661,"lng":19.375128,"hdg":336,"speedKmh":33.6,"exploring":false,"frameMoveM":0}
06-04 20:10:53.555 I/ReactNativeJS(30359): [VROOM-TEL] 2026-06-04T18:10:53.555Z | CAMERA_HEADING | {"t":1780596653555,"speedKmh":34,"movedM":0.13,"moveBearing":null,"snapHdg":336,"headingOut":336,"flipFromPrevDeg":0,"lookaheadM":29,"nativeFollow":true}
06-04 20:10:53.879 I/ReactNativeJS(30359): [VROOM-TEL] 2026-06-04T18:10:53.879Z | CAM_FOLLOW_PUSH | {"t":1780596653879,"lat":51.35168,"lng":19.375115,"hdg":336,"snapHdg":336,"speedKmh":34,"exploring":false,"source":"drive_marker_sv_60fps"}
06-04 20:10:53.879 I/ReactNativeJS(30359): [VROOM-TEL] 2026-06-04T18:10:53.879Z | DRIVE_TRACE_CAMERA | {"t":1780596653879,"seq":1563,"gpsTickId":1780596652954,"gpsTickAgeMs":906,"lat":51.35168,"lng":19.375115,"hdg":336,"speedKmh":33.6,"exploring":false,"frameMoveM":0}
06-04 20:10:54.088 I/ReactNativeJS(30359): [VROOM-TEL] 2026-06-04T18:10:54.088Z | RAW_GPS_TICK | {"t":1780596654088,"gpsTickId":1780596653952,"gpsTickAgeMs":0,"lat":51.351865,"lng":19.374913,"speed":7.04,"speedKmh":25.3,"accuracy":4,"osTimestamp":1780596653952,"tripActive":true,"appState":"active"}
06-04 20:10:54.088 I/ReactNativeJS(30359): [VROOM-TEL] 2026-06-04T18:10:54.088Z | DRIVE_TRACE_RAW | {"t":1780596654088,"seq":1564,"gpsTickId":1780596653952,"gpsTickAgeMs":0,"rawLat":51.351865,"rawLng":19.374913,"accM":4,"speedKmh":25.3,"speedMs":7,"heading":334,"tripActive":true,"driving":true,"navigating":false,"osTimestamp":1780596653952}
06-04 20:10:54.093 I/ReactNativeJS(30359): [VROOM-TEL] 2026-06-04T18:10:54.093Z | DRIVE_TRACE_FEED | {"t":1780596654093,"seq":1565,"gpsTickId":1780596653952,"gpsTickAgeMs":5,"lat":51.351734,"lng":19.375078,"hdg":334,"durationMs":798,"speedKmh":30.2}
06-04 20:10:54.093 I/ReactNativeJS(30359): [VROOM-TEL] 2026-06-04T18:10:54.093Z | DRIVE_TRACE_TICK | {"t":1780596654093,"seq":1566,"gpsTickId":1780596653952,"gpsTickAgeMs":5,"rawLat":51.351865,"rawLng":19.374913,"snapLat":51.351734,"snapLng":19.375078,"markerLat":51.351734,"markerLng":19.375078,"markerHdg":334,"markerSvLat":51.351687,"markerSvLng":19.37511,"markerSvHdg":336,"accM":4,"hudKmh":30.2,"engineKmh":30.2,"dopplerKmh":25.3,"feedDurMs":798,"cadenceMs":1039,"feedSpeedMs":8.4,"isNavigating":false,"isFreeDrive":true,"isMoving":true,"feedSkipGate":false,"feedAccepted":true,"feedHeadingOnly":false,"source":"drive_core_v2"}
06-04 20:10:54.093 I/ReactNativeJS(30359): [VROOM-TEL] 2026-06-04T18:10:54.093Z | GPS_ACCEPT | {"lat":51.351865,"lng":19.374913,"acc":4,"speedKmh":25.3,"gpsLock":true}
06-04 20:10:54.217 I/ReactNativeJS(30359): [VROOM-TEL] 2026-06-04T18:10:54.217Z | DRIVE_TRACE_CAMERA | {"t":1780596654217,"seq":1567,"gpsTickId":1780596653952,"gpsTickAgeMs":129,"lat":51.351689,"lng":19.375109,"hdg":337,"speedKmh":30.2,"exploring":false,"frameMoveM":0}
06-04 20:10:54.538 I/ReactNativeJS(30359): [VROOM-TEL] 2026-06-04T18:10:54.538Z | DRIVE_TRACE_CAMERA | {"t":1780596654538,"seq":1568,"gpsTickId":1780596653952,"gpsTickAgeMs":450,"lat":51.351713,"lng":19.375092,"hdg":337,"speedKmh":30.2,"exploring":false,"frameMoveM":0}
06-04 20:10:54.655 I/ReactNativeJS(30359): [VROOM-TEL] 2026-06-04T18:10:54.655Z | CAMERA_HEADING | {"t":1780596654655,"speedKmh":30,"movedM":0.11,"moveBearing":null,"snapHdg":337,"headingOut":337,"flipFromPrevDeg":0,"lookaheadM":29,"nativeFollow":true}
06-04 20:10:54.689 I/ReactNativeJS(30359): [VROOM-TEL] 2026-06-04T18:10:54.688Z | CAM_FOLLOW_PUSH | {"t":1780596654688,"lat":51.351722,"lng":19.375086,"hdg":337,"snapHdg":337,"speedKmh":30,"exploring":false,"source":"drive_marker_sv_60fps"}
06-04 20:10:54.839 I/ReactNativeJS(30359): [VROOM-TEL] 2026-06-04T18:10:54.839Z | DRIVE_TRACE_CAMERA | {"t":1780596654839,"seq":1569,"gpsTickId":1780596653952,"gpsTickAgeMs":751,"lat":51.351731,"lng":19.37508,"hdg":337,"speedKmh":30.2,"exploring":false,"frameMoveM":0}
06-04 20:10:54.977 I/ReactNativeJS(30359): [VROOM-TEL] 2026-06-04T18:10:54.977Z | RAW_GPS_TICK | {"t":1780596654977,"gpsTickId":1780596654952,"gpsTickAgeMs":0,"lat":51.351916,"lng":19.374899,"speed":5.86,"speedKmh":21.1,"accuracy":4,"osTimestamp":1780596654952,"tripActive":true,"appState":"active"}
06-04 20:10:54.977 I/ReactNativeJS(30359): [VROOM-TEL] 2026-06-04T18:10:54.977Z | DRIVE_TRACE_RAW | {"t":1780596654977,"seq":1570,"gpsTickId":1780596654952,"gpsTickAgeMs":0,"rawLat":51.351916,"rawLng":19.374899,"accM":4,"speedKmh":21.1,"speedMs":5.9,"heading":349,"tripActive":true,"driving":true,"navigating":false,"osTimestamp":1780596654952}
06-04 20:10:54.978 I/ReactNativeJS(30359): [VROOM-TEL] 2026-06-04T18:10:54.978Z | DRIVE_API | {"allow":true,"trigger":"off_buffer","crossTrackM":999,"buffered":12,"throttleBlocked":false}
06-04 20:10:54.980 I/ReactNativeJS(30359): [VROOM-TEL] 2026-06-04T18:10:54.980Z | DRIVE_TRACE_FEED | {"t":1780596654980,"seq":1571,"gpsTickId":1780596654952,"gpsTickAgeMs":3,"lat":51.351783,"lng":19.375029,"hdg":343,"durationMs":812,"speedKmh":28.6}
06-04 20:10:54.981 I/ReactNativeJS(30359): [VROOM-TEL] 2026-06-04T18:10:54.980Z | DRIVE_TRACE_TICK | {"t":1780596654980,"seq":1572,"gpsTickId":1780596654952,"gpsTickAgeMs":3,"rawLat":51.351916,"rawLng":19.374899,"snapLat":51.351783,"snapLng":19.375029,"markerLat":51.351783,"markerLng":19.375029,"markerHdg":343,"markerSvLat":51.351738,"markerSvLng":19.375075,"markerSvHdg":337,"accM":4,"hudKmh":28.6,"engineKmh":28.6,"dopplerKmh":21.1,"feedDurMs":812,"cadenceMs":987,"feedSpeedMs":7.9,"isNavigating":false,"isFreeDrive":true,"isMoving":true,"feedSkipGate":false,"feedAccepted":true,"feedHeadingOnly":false,"source":"drive_core_v2"}
06-04 20:10:54.981 I/ReactNativeJS(30359): [VROOM-TEL] 2026-06-04T18:10:54.981Z | GPS_ACCEPT | {"lat":51.351916,"lng":19.374899,"acc":4,"speedKmh":21.1,"gpsLock":true}
06-04 20:10:55.155 I/ReactNativeJS(30359): [VROOM-TEL] 2026-06-04T18:10:55.155Z | DRIVE_TRACE_CAMERA | {"t":1780596655155,"seq":1573,"gpsTickId":1780596654952,"gpsTickAgeMs":178,"lat":51.351748,"lng":19.375065,"hdg":328,"speedKmh":28.6,"exploring":false,"frameMoveM":0}
06-04 20:10:55.233 I/ReactNativeJS(30359): [VROOM-TEL] 2026-06-04T18:10:55.233Z | ROAD_MATCH_SOFT_APPLY_V2 | {"t":1780596655233,"pts":15,"shiftM":951}
06-04 20:10:55.233 I/ReactNativeJS(30359): [VROOM-TEL] 2026-06-04T18:10:55.233Z | ROAD_MATCH_SOFT_APPLY | {"pts":15,"shiftM":951}
06-04 20:10:55.233 I/ReactNativeJS(30359): [VROOM-TEL] 2026-06-04T18:10:55.233Z | DRIVE_API | {"allow":false,"trigger":null,"crossTrackM":4.2,"buffered":1,"throttleBlocked":true}
06-04 20:10:55.236 I/ReactNativeJS(30359): [VROOM-TEL] 2026-06-04T18:10:55.236Z | DRIVE_TRACE_FEED | {"t":1780596655236,"seq":1574,"gpsTickId":1780596654952,"gpsTickAgeMs":259,"lat":51.351797,"lng":19.374927,"hdg":343,"durationMs":1200,"speedKmh":20.9}
06-04 20:10:55.237 I/ReactNativeJS(30359): [VROOM-TEL] 2026-06-04T18:10:55.237Z | DRIVE_TRACE_TICK | {"t":1780596655237,"seq":1575,"gpsTickId":1780596654952,"gpsTickAgeMs":260,"rawLat":51.351916,"rawLng":19.374899,"snapLat":51.351797,"snapLng":19.374927,"markerLat":51.351797,"markerLng":19.374927,"markerHdg":343,"markerSvLat":51.351751,"markerSvLng":19.375061,"markerSvHdg":328,"accM":12,"hudKmh":20.9,"engineKmh":20.9,"dopplerKmh":0,"feedDurMs":1200,"cadenceMs":987,"feedSpeedMs":5.8,"isNavigating":false,"isFreeDrive":true,"isMoving":true,"feedSkipGate":false,"feedAccepted":true,"feedHeadingOnly":false,"source":"drive_core_v2"}
06-04 20:10:55.475 I/ReactNativeJS(30359): [VROOM-TEL] 2026-06-04T18:10:55.475Z | DRIVE_TRACE_CAMERA | {"t":1780596655475,"seq":1576,"gpsTickId":1780596654952,"gpsTickAgeMs":498,"lat":51.351758,"lng":19.37504,"hdg":343,"speedKmh":20.9,"exploring":false,"frameMoveM":0}
06-04 20:10:55.490 I/ReactNativeJS(30359): [VROOM-TEL] 2026-06-04T18:10:55.490Z | CAM_FOLLOW_PUSH | {"t":1780596655490,"lat":51.351761,"lng":19.375033,"hdg":343,"snapHdg":343,"speedKmh":21,"exploring":false,"source":"drive_marker_sv_60fps"}
06-04 20:10:55.756 I/ReactNativeJS(30359): [VROOM-TEL] 2026-06-04T18:10:55.756Z | CAMERA_HEADING | {"t":1780596655756,"speedKmh":21,"movedM":0.15,"moveBearing":null,"snapHdg":343,"headingOut":343,"flipFromPrevDeg":0,"lookaheadM":18,"nativeFollow":true}
06-04 20:10:55.789 I/ReactNativeJS(30359): [VROOM-TEL] 2026-06-04T18:10:55.789Z | DRIVE_TRACE_CAMERA | {"t":1780596655789,"seq":1577,"gpsTickId":1780596654952,"gpsTickAgeMs":812,"lat":51.351772,"lng":19.375,"hdg":343,"speedKmh":20.9,"exploring":false,"frameMoveM":0}
06-04 20:10:55.973 I/ReactNativeJS(30359): [VROOM-TEL] 2026-06-04T18:10:55.973Z | RAW_GPS_TICK | {"t":1780596655973,"gpsTickId":1780596655953,"gpsTickAgeMs":0,"lat":51.351959,"lng":19.374931,"speed":5.35,"speedKmh":19.3,"accuracy":4,"osTimestamp":1780596655953,"tripActive":true,"appState":"active"}
06-04 20:10:55.973 I/ReactNativeJS(30359): [VROOM-TEL] 2026-06-04T18:10:55.973Z | DRIVE_TRACE_RAW | {"t":1780596655973,"seq":1578,"gpsTickId":1780596655953,"gpsTickAgeMs":0,"rawLat":51.351959,"rawLng":19.374931,"accM":4,"speedKmh":19.3,"speedMs":5.3,"heading":25,"tripActive":true,"driving":true,"navigating":false,"osTimestamp":1780596655953}
06-04 20:10:55.974 I/ReactNativeJS(30359): [VROOM-TEL] 2026-06-04T18:10:55.974Z | ROAD_MATCH_SOFT_APPLY | {"pts":2,"shiftM":951}
06-04 20:10:55.975 I/ReactNativeJS(30359): [VROOM-TEL] 2026-06-04T18:10:55.975Z | DRIVE_TRACE_FEED | {"t":1780596655975,"seq":1579,"gpsTickId":1780596655953,"gpsTickAgeMs":2,"lat":51.351838,"lng":19.37489,"hdg":8,"durationMs":901,"speedKmh":21.1}
06-04 20:10:55.976 I/ReactNativeJS(30359): [VROOM-TEL] 2026-06-04T18:10:55.976Z | DRIVE_TRACE_TICK | {"t":1780596655976,"seq":1580,"gpsTickId":1780596655953,"gpsTickAgeMs":3,"rawLat":51.351959,"rawLng":19.374931,"snapLat":51.351838,"snapLng":19.37489,"markerLat":51.351838,"markerLng":19.37489,"markerHdg":8,"markerSvLat":51.351779,"markerSvLng":19.374979,"markerSvHdg":343,"accM":4,"hudKmh":21.1,"engineKmh":21.1,"dopplerKmh":19.3,"feedDurMs":901,"cadenceMs":990,"feedSpeedMs":5.9,"isNavigating":false,"isFreeDrive":true,"isMoving":true,"feedSkipGate":false,"feedAccepted":true,"feedHeadingOnly":false,"source":"drive_core_v2"}
06-04 20:10:55.976 I/ReactNativeJS(30359): [VROOM-TEL] 2026-06-04T18:10:55.976Z | GPS_ACCEPT | {"lat":51.351959,"lng":19.374931,"acc":4,"speedKmh":19.3,"gpsLock":true}
06-04 20:10:56.088 I/ReactNativeJS(30359): [VROOM-TEL] 2026-06-04T18:10:56.088Z | DRIVE_TRACE_HEARTBEAT | {"t":1780596656088,"seq":1581,"gpsTickId":1780596655953,"gpsTickAgeMs":115,"driving":true,"navigating":false,"tripActive":true,"lat":51.3519592,"lng":19.3749313,"gpsAgeMs":115}
06-04 20:10:56.105 I/ReactNativeJS(30359): [VROOM-TEL] 2026-06-04T18:10:56.105Z | DRIVE_TRACE_CAMERA | {"t":1780596656105,"seq":1582,"gpsTickId":1780596655953,"gpsTickAgeMs":132,"lat":51.351788,"lng":19.374966,"hdg":5,"speedKmh":21.1,"exploring":false,"frameMoveM":0}
06-04 20:10:56.305 I/ReactNativeJS(30359): [VROOM-TEL] 2026-06-04T18:10:56.305Z | CAM_FOLLOW_PUSH | {"t":1780596656305,"lat":51.351801,"lng":19.374947,"hdg":8,"snapHdg":8,"speedKmh":21,"exploring":false,"source":"drive_marker_sv_60fps"}
06-04 20:10:56.405 I/ReactNativeJS(30359): [VROOM-TEL] 2026-06-04T18:10:56.405Z | DRIVE_TRACE_CAMERA | {"t":1780596656405,"seq":1583,"gpsTickId":1780596655953,"gpsTickAgeMs":432,"lat":51.351807,"lng":19.374937,"hdg":8,"speedKmh":21.1,"exploring":false,"frameMoveM":0}
06-04 20:10:56.709 I/ReactNativeJS(30359): [VROOM-TEL] 2026-06-04T18:10:56.708Z | DRIVE_TRACE_CAMERA | {"t":1780596656708,"seq":1584,"gpsTickId":1780596655953,"gpsTickAgeMs":735,"lat":51.351827,"lng":19.374907,"hdg":8,"speedKmh":21.1,"exploring":false,"frameMoveM":0}
06-04 20:10:56.872 I/ReactNativeJS(30359): [VROOM-TEL] 2026-06-04T18:10:56.872Z | CAMERA_HEADING | {"t":1780596656872,"speedKmh":21,"movedM":0.16,"moveBearing":null,"snapHdg":8,"headingOut":8,"flipFromPrevDeg":0,"lookaheadM":18,"nativeFollow":true}
06-04 20:10:56.973 I/ReactNativeJS(30359): [VROOM-TEL] 2026-06-04T18:10:56.973Z | RAW_GPS_TICK | {"t":1780596656973,"gpsTickId":1780596656953,"gpsTickAgeMs":0,"lat":51.351984,"lng":19.374996,"speed":5.24,"speedKmh":18.9,"accuracy":4,"osTimestamp":1780596656953,"tripActive":true,"appState":"active"}
06-04 20:10:56.973 I/ReactNativeJS(30359): [VROOM-TEL] 2026-06-04T18:10:56.973Z | DRIVE_TRACE_RAW | {"t":1780596656973,"seq":1585,"gpsTickId":1780596656953,"gpsTickAgeMs":0,"rawLat":51.351984,"rawLng":19.374996,"accM":4,"speedKmh":18.9,"speedMs":5.2,"heading":58,"tripActive":true,"driving":true,"navigating":false,"osTimestamp":1780596656953}
06-04 20:10:56.975 I/ReactNativeJS(30359): [VROOM-TEL] 2026-06-04T18:10:56.975Z | DRIVE_TRACE_FEED | {"t":1780596656975,"seq":1586,"gpsTickId":1780596656953,"gpsTickAgeMs":2,"lat":51.351877,"lng":19.374855,"hdg":42,"durationMs":942,"speedKmh":18.9}
06-04 20:10:56.976 I/ReactNativeJS(30359): [VROOM-TEL] 2026-06-04T18:10:56.976Z | DRIVE_TRACE_TICK | {"t":1780596656976,"seq":1587,"gpsTickId":1780596656953,"gpsTickAgeMs":3,"rawLat":51.351984,"rawLng":19.374996,"snapLat":51.351877,"snapLng":19.374855,"markerLat":51.351877,"markerLng":19.374855,"markerHdg":42,"markerSvLat":51.351838,"markerSvLng":19.37489,"markerSvHdg":8,"accM":4,"hudKmh":18.9,"engineKmh":18,"dopplerKmh":18.9,"feedDurMs":942,"cadenceMs":994,"feedSpeedMs":5.2,"isNavigating":false,"isFreeDrive":true,"isMoving":true,"feedSkipGate":false,"feedAccepted":true,"feedHeadingOnly":false,"source":"drive_core_v2"}
06-04 20:10:56.976 I/ReactNativeJS(30359): [VROOM-TEL] 2026-06-04T18:10:56.976Z | GPS_ACCEPT | {"lat":51.351984,"lng":19.374996,"acc":4,"speedKmh":19.1,"gpsLock":true}
06-04 20:10:57.026 I/ReactNativeJS(30359): [VROOM-TEL] 2026-06-04T18:10:57.026Z | DRIVE_TRACE_CAMERA | {"t":1780596657026,"seq":1588,"gpsTickId":1780596656953,"gpsTickAgeMs":53,"lat":51.351839,"lng":19.374889,"hdg":10,"speedKmh":18.9,"exploring":false,"frameMoveM":0}
06-04 20:10:57.105 I/ReactNativeJS(30359): [VROOM-TEL] 2026-06-04T18:10:57.105Z | CAM_FOLLOW_PUSH | {"t":1780596657105,"lat":51.351843,"lng":19.374885,"hdg":27,"snapHdg":27,"speedKmh":19,"exploring":false,"source":"drive_marker_sv_60fps"}
06-04 20:10:57.338 I/ReactNativeJS(30359): [VROOM-TEL] 2026-06-04T18:10:57.338Z | DRIVE_TRACE_CAMERA | {"t":1780596657338,"seq":1589,"gpsTickId":1780596656953,"gpsTickAgeMs":365,"lat":51.351853,"lng":19.374877,"hdg":42,"speedKmh":18.9,"exploring":false,"frameMoveM":0}
06-04 20:10:57.695 I/ReactNativeJS(30359): [VROOM-TEL] 2026-06-04T18:10:57.695Z | DRIVE_TRACE_CAMERA | {"t":1780596657695,"seq":1590,"gpsTickId":1780596656953,"gpsTickAgeMs":722,"lat":51.351863,"lng":19.374867,"hdg":42,"speedKmh":18.9,"exploring":false,"frameMoveM":0}
06-04 20:10:57.905 I/ReactNativeJS(30359): [VROOM-TEL] 2026-06-04T18:10:57.905Z | CAM_FOLLOW_PUSH | {"t":1780596657905,"lat":51.351876,"lng":19.374856,"hdg":42,"snapHdg":42,"speedKmh":19,"exploring":false,"source":"drive_marker_sv_60fps"}
06-04 20:10:57.973 I/ReactNativeJS(30359): [VROOM-TEL] 2026-06-04T18:10:57.973Z | RAW_GPS_TICK | {"t":1780596657973,"gpsTickId":1780596657954,"gpsTickAgeMs":0,"lat":51.352009,"lng":19.375068,"speed":5.78,"speedKmh":20.8,"accuracy":4,"osTimestamp":1780596657954,"tripActive":true,"appState":"active"}
06-04 20:10:57.974 I/ReactNativeJS(30359): [VROOM-TEL] 2026-06-04T18:10:57.974Z | DRIVE_TRACE_RAW | {"t":1780596657974,"seq":1591,"gpsTickId":1780596657954,"gpsTickAgeMs":1,"rawLat":51.352009,"rawLng":19.375068,"accM":4,"speedKmh":20.8,"speedMs":5.8,"heading":67,"tripActive":true,"driving":true,"navigating":false,"osTimestamp":1780596657954}
06-04 20:10:57.976 I/ReactNativeJS(30359): [VROOM-TEL] 2026-06-04T18:10:57.976Z | DRIVE_TRACE_FEED | {"t":1780596657976,"seq":1592,"gpsTickId":1780596657954,"gpsTickAgeMs":3,"lat":51.351927,"lng":19.374882,"hdg":60,"durationMs":848,"speedKmh":25}
06-04 20:10:57.977 I/ReactNativeJS(30359): [VROOM-TEL] 2026-06-04T18:10:57.977Z | DRIVE_TRACE_TICK | {"t":1780596657977,"seq":1593,"gpsTickId":1780596657954,"gpsTickAgeMs":4,"rawLat":51.352009,"rawLng":19.375068,"snapLat":51.351927,"snapLng":19.374882,"markerLat":51.351927,"markerLng":19.374882,"markerHdg":60,"markerSvLat":51.351877,"markerSvLng":19.374855,"markerSvHdg":42,"accM":4,"hudKmh":25,"engineKmh":25,"dopplerKmh":20.8,"feedDurMs":848,"cadenceMs":996,"feedSpeedMs":6.9,"isNavigating":false,"isFreeDrive":true,"isMoving":true,"feedSkipGate":false,"feedAccepted":true,"feedHeadingOnly":false,"source":"drive_core_v2"}
06-04 20:10:57.977 I/ReactNativeJS(30359): [VROOM-TEL] 2026-06-04T18:10:57.977Z | GPS_ACCEPT | {"lat":51.352009,"lng":19.375068,"acc":4,"speedKmh":20.8,"gpsLock":true}
06-04 20:10:58.026 I/ReactNativeJS(30359): [VROOM-TEL] 2026-06-04T18:10:58.026Z | CAMERA_HEADING | {"t":1780596658026,"speedKmh":25,"movedM":0.31,"moveBearing":null,"snapHdg":33,"headingOut":33,"flipFromPrevDeg":8,"lookaheadM":18,"nativeFollow":true}
06-04 20:10:58.084 I/ReactNativeJS(30359): [VROOM-TEL] 2026-06-04T18:10:58.084Z | DRIVE_TRACE_CAMERA | {"t":1780596658084,"seq":1594,"gpsTickId":1780596657954,"gpsTickAgeMs":111,"lat":51.351877,"lng":19.374856,"hdg":39,"speedKmh":25,"exploring":false,"frameMoveM":0}
06-04 20:10:58.388 I/ReactNativeJS(30359): [VROOM-TEL] 2026-06-04T18:10:58.388Z | DRIVE_TRACE_CAMERA | {"t":1780596658388,"seq":1595,"gpsTickId":1780596657954,"gpsTickAgeMs":415,"lat":51.351901,"lng":19.374868,"hdg":18,"speedKmh":25,"exploring":false,"frameMoveM":0}
06-04 20:10:58.688 I/ReactNativeJS(30359): [VROOM-TEL] 2026-06-04T18:10:58.688Z | DRIVE_TRACE_CAMERA | {"t":1780596658688,"seq":1596,"gpsTickId":1780596657954,"gpsTickAgeMs":715,"lat":51.351919,"lng":19.374877,"hdg":18,"speedKmh":25,"exploring":false,"frameMoveM":0}
06-04 20:10:58.706 I/ReactNativeJS(30359): [VROOM-TEL] 2026-06-04T18:10:58.705Z | CAM_FOLLOW_PUSH | {"t":1780596658705,"lat":51.35192,"lng":19.374878,"hdg":18,"snapHdg":18,"speedKmh":25,"exploring":false,"source":"drive_marker_sv_60fps"}
06-04 20:10:58.974 I/ReactNativeJS(30359): [VROOM-TEL] 2026-06-04T18:10:58.974Z | RAW_GPS_TICK | {"t":1780596658974,"gpsTickId":1780596658954,"gpsTickAgeMs":1,"lat":51.35203,"lng":19.375154,"speed":6.37,"speedKmh":22.9,"accuracy":4,"osTimestamp":1780596658954,"tripActive":true,"appState":"active"}
06-04 20:10:58.974 I/ReactNativeJS(30359): [VROOM-TEL] 2026-06-04T18:10:58.974Z | DRIVE_TRACE_RAW | {"t":1780596658974,"seq":1597,"gpsTickId":1780596658954,"gpsTickAgeMs":1,"rawLat":51.35203,"rawLng":19.375154,"accM":4,"speedKmh":22.9,"speedMs":6.4,"heading":70,"tripActive":true,"driving":true,"navigating":false,"osTimestamp":1780596658954}
06-04 20:10:58.976 I/ReactNativeJS(30359): [VROOM-TEL] 2026-06-04T18:10:58.976Z | DRIVE_TRACE_FEED | {"t":1780596658976,"seq":1598,"gpsTickId":1780596658954,"gpsTickAgeMs":3,"lat":51.351958,"lng":19.37495,"hdg":65,"durationMs":853,"speedKmh":24.6}
06-04 20:10:58.977 I/ReactNativeJS(30359): [VROOM-TEL] 2026-06-04T18:10:58.977Z | DRIVE_TRACE_TICK | {"t":1780596658977,"seq":1599,"gpsTickId":1780596658954,"gpsTickAgeMs":4,"rawLat":51.35203,"rawLng":19.375154,"snapLat":51.351958,"snapLng":19.37495,"markerLat":51.351958,"markerLng":19.37495,"markerHdg":65,"markerSvLat":51.351929,"markerSvLng":19.374883,"markerSvHdg":37,"accM":4,"hudKmh":24.6,"engineKmh":24.6,"dopplerKmh":22.9,"feedDurMs":853,"cadenceMs":997,"feedSpeedMs":6.8,"isNavigating":false,"isFreeDrive":true,"isMoving":true,"feedSkipGate":false,"feedAccepted":true,"feedHeadingOnly":false,"source":"drive_core_v2"}
06-04 20:10:58.977 I/ReactNativeJS(30359): [VROOM-TEL] 2026-06-04T18:10:58.977Z | GPS_ACCEPT | {"lat":51.35203,"lng":19.375154,"acc":4,"speedKmh":23.1,"gpsLock":true}
06-04 20:10:59.023 I/ReactNativeJS(30359): [VROOM-TEL] 2026-06-04T18:10:59.023Z | DRIVE_TRACE_CAMERA | {"t":1780596659023,"seq":1600,"gpsTickId":1780596658954,"gpsTickAgeMs":50,"lat":51.351929,"lng":19.374883,"hdg":40,"speedKmh":24.6,"exploring":false,"frameMoveM":0}
06-04 20:10:59.138 I/ReactNativeJS(30359): [VROOM-TEL] 2026-06-04T18:10:59.138Z | CAMERA_HEADING | {"t":1780596659138,"speedKmh":25,"movedM":0.1,"moveBearing":null,"snapHdg":56,"headingOut":56,"flipFromPrevDeg":0,"lookaheadM":18,"nativeFollow":true}
06-04 20:10:59.338 I/ReactNativeJS(30359): [VROOM-TEL] 2026-06-04T18:10:59.338Z | DRIVE_TRACE_CAMERA | {"t":1780596659338,"seq":1601,"gpsTickId":1780596658954,"gpsTickAgeMs":365,"lat":51.351941,"lng":19.374911,"hdg":56,"speedKmh":24.6,"exploring":false,"frameMoveM":0}
06-04 20:10:59.506 I/ReactNativeJS(30359): [VROOM-TEL] 2026-06-04T18:10:59.505Z | CAM_FOLLOW_PUSH | {"t":1780596659505,"lat":51.351947,"lng":19.374924,"hdg":56,"snapHdg":56,"speedKmh":25,"exploring":false,"source":"drive_marker_sv_60fps"}
06-04 20:10:59.639 I/ReactNativeJS(30359): [VROOM-TEL] 2026-06-04T18:10:59.639Z | DRIVE_TRACE_CAMERA | {"t":1780596659639,"seq":1602,"gpsTickId":1780596658954,"gpsTickAgeMs":666,"lat":51.351951,"lng":19.374935,"hdg":56,"speedKmh":24.6,"exploring":false,"frameMoveM":0}
06-04 20:10:59.993 I/ReactNativeJS(30359): [VROOM-TEL] 2026-06-04T18:10:59.993Z | RAW_GPS_TICK | {"t":1780596659993,"gpsTickId":1780596659954,"gpsTickAgeMs":0,"lat":51.352051,"lng":19.375244,"speed":6.5,"speedKmh":23.4,"accuracy":4,"osTimestamp":1780596659954,"tripActive":true,"appState":"active"}
06-04 20:10:59.993 I/ReactNativeJS(30359): [VROOM-TEL] 2026-06-04T18:10:59.993Z | DRIVE_TRACE_RAW | {"t":1780596659993,"seq":1603,"gpsTickId":1780596659954,"gpsTickAgeMs":0,"rawLat":51.352051,"rawLng":19.375244,"accM":4,"speedKmh":23.4,"speedMs":6.5,"heading":68,"tripActive":true,"driving":true,"navigating":false,"osTimestamp":1780596659954}
06-04 20:10:59.995 I/ReactNativeJS(30359): [VROOM-TEL] 2026-06-04T18:10:59.995Z | DRIVE_TRACE_FEED | {"t":1780596659995,"seq":1604,"gpsTickId":1780596659954,"gpsTickAgeMs":2,"lat":51.351974,"lng":19.37503,"hdg":69,"durationMs":850,"speedKmh":24.8}
06-04 20:10:59.996 I/ReactNativeJS(30359): [VROOM-TEL] 2026-06-04T18:10:59.996Z | DRIVE_TRACE_TICK | {"t":1780596659996,"seq":1605,"gpsTickId":1780596659954,"gpsTickAgeMs":3,"rawLat":51.352051,"rawLng":19.375244,"snapLat":51.351974,"snapLng":19.37503,"markerLat":51.351974,"markerLng":19.37503,"markerHdg":69,"markerSvLat":51.351959,"markerSvLng":19.374952,"markerSvHdg":65,"accM":4,"hudKmh":24.8,"engineKmh":24.8,"dopplerKmh":23.4,"feedDurMs":850,"cadenceMs":1005,"feedSpeedMs":6.9,"isNavigating":false,"isFreeDrive":true,"isMoving":true,"feedSkipGate":false,"feedAccepted":true,"feedHeadingOnly":false,"source":"drive_core_v2"}
06-04 20:10:59.996 I/ReactNativeJS(30359): [VROOM-TEL] 2026-06-04T18:10:59.996Z | GPS_ACCEPT | {"lat":51.352051,"lng":19.375244,"acc":4,"speedKmh":23.5,"gpsLock":true}
06-04 20:11:00.082 I/ReactNativeJS(30359): [VROOM-TEL] 2026-06-04T18:11:00.082Z | DRIVE_TRACE_CAMERA | {"t":1780596660082,"seq":1606,"gpsTickId":1780596659954,"gpsTickAgeMs":89,"lat":51.351959,"lng":19.374955,"hdg":68,"speedKmh":24.8,"exploring":false,"frameMoveM":0}
06-04 20:11:00.157 I/ReactNativeJS(30359): [VROOM-TEL] 2026-06-04T18:11:00.157Z | TRIP_SEGMENT_STATS | {"t":1780596660157,"totalDistanceKm":3.025,"acceptedMain":212,"acceptedMainKm":2.639,"fallbackAccepted":14,"fallbackKm":0.385,"derivedSpeedUsed":6,"derivedSpeedRejected":4,"lowSpeedDropped":0,"zeroMove":0,"rejectedTotal":45,"rejectedJitter":31,"rejectedJump":0,"rejectedStaleGap":0,"rejectedMinSpeed":0,"rejectedAccuracy":0,"rejectedImpossible":14,"rejectedInvalidTime":0}
06-04 20:11:00.238 I/ReactNativeJS(30359): [VROOM-TEL] 2026-06-04T18:11:00.238Z | CAMERA_HEADING | {"t":1780596660238,"speedKmh":25,"movedM":0.11,"moveBearing":null,"snapHdg":73,"headingOut":73,"flipFromPrevDeg":0,"lookaheadM":18,"nativeFollow":true}
06-04 20:11:00.305 I/ReactNativeJS(30359): [VROOM-TEL] 2026-06-04T18:11:00.305Z | CAM_FOLLOW_PUSH | {"t":1780596660305,"lat":51.351964,"lng":19.374981,"hdg":73,"snapHdg":73,"speedKmh":25,"exploring":false,"source":"drive_marker_sv_60fps"}
06-04 20:11:00.389 I/ReactNativeJS(30359): [VROOM-TEL] 2026-06-04T18:11:00.389Z | DRIVE_TRACE_CAMERA | {"t":1780596660389,"seq":1607,"gpsTickId":1780596659954,"gpsTickAgeMs":396,"lat":51.351966,"lng":19.374988,"hdg":73,"speedKmh":24.8,"exploring":false,"frameMoveM":0}
06-04 20:11:00.691 I/ReactNativeJS(30359): [VROOM-TEL] 2026-06-04T18:11:00.690Z | DRIVE_TRACE_CAMERA | {"t":1780596660690,"seq":1608,"gpsTickId":1780596659954,"gpsTickAgeMs":697,"lat":51.351971,"lng":19.375016,"hdg":73,"speedKmh":24.8,"exploring":false,"frameMoveM":0}
06-04 20:11:00.975 I/ReactNativeJS(30359): [VROOM-TEL] 2026-06-04T18:11:00.975Z | RAW_GPS_TICK | {"t":1780596660975,"gpsTickId":1780596660953,"gpsTickAgeMs":0,"lat":51.352098,"lng":19.375295,"speed":6.37,"speedKmh":22.9,"accuracy":4,"osTimestamp":1780596660953,"tripActive":true,"appState":"active"}
06-04 20:11:00.975 I/ReactNativeJS(30359): [VROOM-TEL] 2026-06-04T18:11:00.975Z | DRIVE_TRACE_RAW | {"t":1780596660975,"seq":1609,"gpsTickId":1780596660953,"gpsTickAgeMs":0,"rawLat":51.352098,"rawLng":19.375295,"accM":4,"speedKmh":22.9,"speedMs":6.4,"heading":39,"tripActive":true,"driving":true,"navigating":false,"osTimestamp":1780596660953}
06-04 20:11:00.978 I/ReactNativeJS(30359): [VROOM-TEL] 2026-06-04T18:11:00.978Z | DRIVE_TRACE_FEED | {"t":1780596660978,"seq":1610,"gpsTickId":1780596660953,"gpsTickAgeMs":3,"lat":51.351982,"lng":19.375117,"hdg":52,"durationMs":833,"speedKmh":26.4}
06-04 20:11:00.979 I/ReactNativeJS(30359): [VROOM-TEL] 2026-06-04T18:11:00.979Z | DRIVE_TRACE_TICK | {"t":1780596660979,"seq":1611,"gpsTickId":1780596660953,"gpsTickAgeMs":4,"rawLat":51.352098,"rawLng":19.375295,"snapLat":51.351982,"snapLng":19.375117,"markerLat":51.351982,"markerLng":19.375117,"markerHdg":52,"markerSvLat":51.351974,"markerSvLng":19.375033,"markerSvHdg":66,"accM":4,"hudKmh":26.4,"engineKmh":26.4,"dopplerKmh":22.9,"feedDurMs":833,"cadenceMs":997,"feedSpeedMs":7.3,"isNavigating":false,"isFreeDrive":true,"isMoving":true,"feedSkipGate":false,"feedAccepted":true,"feedHeadingOnly":false,"source":"drive_core_v2"}
06-04 20:11:00.979 I/ReactNativeJS(30359): [VROOM-TEL] 2026-06-04T18:11:00.979Z | GPS_ACCEPT | {"lat":51.352098,"lng":19.375295,"acc":4,"speedKmh":23.2,"gpsLock":true}
06-04 20:11:01.040 I/ReactNativeJS(30359): [VROOM-TEL] 2026-06-04T18:11:01.040Z | DRIVE_TRACE_CAMERA | {"t":1780596661040,"seq":1612,"gpsTickId":1780596660953,"gpsTickAgeMs":65,"lat":51.351975,"lng":19.375034,"hdg":69,"speedKmh":26.4,"exploring":false,"frameMoveM":0}
06-04 20:11:01.105 I/ReactNativeJS(30359): [VROOM-TEL] 2026-06-04T18:11:01.105Z | CAM_FOLLOW_PUSH | {"t":1780596661105,"lat":51.351976,"lng":19.375046,"hdg":82,"snapHdg":82,"speedKmh":26,"exploring":false,"source":"drive_marker_sv_60fps"}
06-04 20:11:01.106 I/ReactNativeJS(30359): [VROOM-TEL] 2026-06-04T18:11:01.106Z | DRIVE_TRACE_HEARTBEAT | {"t":1780596661106,"seq":1613,"gpsTickId":1780596660953,"gpsTickAgeMs":131,"driving":true,"navigating":false,"tripActive":true,"lat":51.3520977,"lng":19.3752953,"gpsAgeMs":131}
06-04 20:11:01.339 I/ReactNativeJS(30359): [VROOM-TEL] 2026-06-04T18:11:01.339Z | CAMERA_HEADING | {"t":1780596661339,"speedKmh":26,"movedM":0.12,"moveBearing":null,"snapHdg":82,"headingOut":82,"flipFromPrevDeg":0,"lookaheadM":18,"nativeFollow":true}
06-04 20:11:01.357 I/ReactNativeJS(30359): [VROOM-TEL] 2026-06-04T18:11:01.356Z | DRIVE_TRACE_CAMERA | {"t":1780596661356,"seq":1614,"gpsTickId":1780596660953,"gpsTickAgeMs":381,"lat":51.351978,"lng":19.375071,"hdg":82,"speedKmh":26.4,"exploring":false,"frameMoveM":0}
06-04 20:11:01.672 I/ReactNativeJS(30359): [VROOM-TEL] 2026-06-04T18:11:01.672Z | DRIVE_TRACE_CAMERA | {"t":1780596661672,"seq":1615,"gpsTickId":1780596660953,"gpsTickAgeMs":697,"lat":51.35198,"lng":19.375103,"hdg":82,"speedKmh":26.4,"exploring":false,"frameMoveM":0}
06-04 20:11:01.922 I/ReactNativeJS(30359): [VROOM-TEL] 2026-06-04T18:11:01.922Z | CAM_FOLLOW_PUSH | {"t":1780596661922,"lat":51.351982,"lng":19.375122,"hdg":68,"snapHdg":68,"speedKmh":26,"exploring":false,"source":"drive_marker_sv_60fps"}
06-04 20:11:01.972 I/ReactNativeJS(30359): [VROOM-TEL] 2026-06-04T18:11:01.972Z | DRIVE_TRACE_CAMERA | {"t":1780596661972,"seq":1616,"gpsTickId":1780596660953,"gpsTickAgeMs":997,"lat":51.351982,"lng":19.375122,"hdg":61,"speedKmh":26.4,"exploring":false,"frameMoveM":0}
06-04 20:11:01.974 I/ReactNativeJS(30359): [VROOM-TEL] 2026-06-04T18:11:01.974Z | RAW_GPS_TICK | {"t":1780596661974,"gpsTickId":1780596661953,"gpsTickAgeMs":1,"lat":51.352151,"lng":19.375284,"speed":5.76,"speedKmh":20.7,"accuracy":4,"osTimestamp":1780596661953,"tripActive":true,"appState":"active"}
06-04 20:11:01.974 I/ReactNativeJS(30359): [VROOM-TEL] 2026-06-04T18:11:01.974Z | DRIVE_TRACE_RAW | {"t":1780596661974,"seq":1617,"gpsTickId":1780596661953,"gpsTickAgeMs":1,"rawLat":51.352151,"rawLng":19.375284,"accM":4,"speedKmh":20.7,"speedMs":5.8,"heading":354,"tripActive":true,"driving":true,"navigating":false,"osTimestamp":1780596661953}
06-04 20:11:01.977 I/ReactNativeJS(30359): [VROOM-TEL] 2026-06-04T18:11:01.977Z | DRIVE_TRACE_FEED | {"t":1780596661977,"seq":1618,"gpsTickId":1780596661953,"gpsTickAgeMs":4,"lat":51.351984,"lng":19.375205,"hdg":14,"durationMs":833,"speedKmh":26.4}
06-04 20:11:01.977 I/ReactNativeJS(30359): [VROOM-TEL] 2026-06-04T18:11:01.977Z | DRIVE_TRACE_TICK | {"t":1780596661977,"seq":1619,"gpsTickId":1780596661953,"gpsTickAgeMs":4,"rawLat":51.352151,"rawLng":19.375284,"snapLat":51.351984,"snapLng":19.375205,"markerLat":51.351984,"markerLng":19.375205,"markerHdg":14,"markerSvLat":51.351982,"markerSvLng":19.375122,"markerSvHdg":61,"accM":4,"hudKmh":26.4,"engineKmh":26.4,"dopplerKmh":20.7,"feedDurMs":833,"cadenceMs":997,"feedSpeedMs":7.3,"isNavigating":false,"isFreeDrive":true,"isMoving":true,"feedSkipGate":false,"feedAccepted":true,"feedHeadingOnly":false,"source":"drive_core_v2"}
06-04 20:11:01.978 I/ReactNativeJS(30359): [VROOM-TEL] 2026-06-04T18:11:01.977Z | GPS_ACCEPT | {"lat":51.352151,"lng":19.375284,"acc":4,"speedKmh":21.7,"gpsLock":true}
06-04 20:11:02.318 I/ReactNativeJS(30359): [VROOM-TEL] 2026-06-04T18:11:02.318Z | DRIVE_TRACE_CAMERA | {"t":1780596662318,"seq":1620,"gpsTickId":1780596661953,"gpsTickAgeMs":345,"lat":51.351983,"lng":19.375147,"hdg":88,"speedKmh":26.4,"exploring":false,"frameMoveM":0}
06-04 20:11:02.455 I/ReactNativeJS(30359): [VROOM-TEL] 2026-06-04T18:11:02.455Z | CAMERA_HEADING | {"t":1780596662455,"speedKmh":26,"movedM":0.12,"moveBearing":null,"snapHdg":88,"headingOut":88,"flipFromPrevDeg":0,"lookaheadM":18,"nativeFollow":true}
06-04 20:11:02.622 I/ReactNativeJS(30359): [VROOM-TEL] 2026-06-04T18:11:02.622Z | DRIVE_TRACE_CAMERA | {"t":1780596662622,"seq":1621,"gpsTickId":1780596661953,"gpsTickAgeMs":649,"lat":51.351984,"lng":19.375186,"hdg":88,"speedKmh":26.4,"exploring":false,"frameMoveM":0}
06-04 20:11:02.722 I/ReactNativeJS(30359): [VROOM-TEL] 2026-06-04T18:11:02.722Z | CAM_FOLLOW_PUSH | {"t":1780596662722,"lat":51.351984,"lng":19.375196,"hdg":88,"snapHdg":88,"speedKmh":26,"exploring":false,"source":"drive_marker_sv_60fps"}
06-04 20:11:02.922 I/ReactNativeJS(30359): [VROOM-TEL] 2026-06-04T18:11:02.922Z | DRIVE_TRACE_CAMERA | {"t":1780596662922,"seq":1622,"gpsTickId":1780596661953,"gpsTickAgeMs":949,"lat":51.351984,"lng":19.37521,"hdg":74,"speedKmh":26.4,"exploring":false,"frameMoveM":0}
06-04 20:11:03.721 I/ReactNativeJS(30359): [VROOM-TEL] 2026-06-04T18:11:03.721Z | CAMERA_HEADING | {"t":1780596663721,"speedKmh":26,"movedM":0,"moveBearing":null,"snapHdg":53,"headingOut":53,"flipFromPrevDeg":0,"lookaheadM":18,"nativeFollow":true}
06-04 20:11:05.319 I/ReactNativeJS(30359): [VROOM-TEL] 2026-06-04T18:11:05.319Z | CAMERA_HEADING | {"t":1780596665319,"speedKmh":26,"movedM":0,"moveBearing":null,"snapHdg":53,"headingOut":53,"flipFromPrevDeg":0,"lookaheadM":18,"nativeFollow":true}
06-04 20:11:06.122 I/ReactNativeJS(30359): [VROOM-TEL] 2026-06-04T18:11:06.121Z | DRIVE_HEALTH | {"t":1780596666121,"mode":"driving","speedHudKmh":26.4,"speedPipeKmh":26.4,"gpsAgeMs":4148,"drAgeMs":4144,"gpsToDriftM":19,"snapAnchorDriftM":0,"offRoute":false,"reroutePending":false,"rerouteLoading":false,"hasRoutePts":0}
06-04 20:11:06.122 I/ReactNativeJS(30359): [VROOM-TEL] 2026-06-04T18:11:06.122Z | DRIVE_TRACE_HEARTBEAT | {"t":1780596666122,"seq":1623,"gpsTickId":1780596661953,"gpsTickAgeMs":4149,"driving":true,"navigating":false,"tripActive":true,"lat":51.3521514,"lng":19.3752841,"gpsAgeMs":4149}
06-04 20:11:07.822 I/ReactNativeJS(30359): [VROOM-TEL] 2026-06-04T18:11:07.822Z | NAV_FREEZE_SUSPECT | {"t":1780596667822,"speedKmh":26,"markerPushAgeMs":5847,"tickAgeMs":5849,"wallAgeMs":5849}
06-04 20:11:09.964 I/ReactNativeJS(30359): [VROOM-TEL] 2026-06-04T18:11:09.964Z | CAMERA_HEADING | {"t":1780596669964,"speedKmh":26,"movedM":0,"moveBearing":null,"snapHdg":53,"headingOut":53,"flipFromPrevDeg":0,"lookaheadM":18,"nativeFollow":true}
06-04 20:11:11.138 I/ReactNativeJS(30359): [VROOM-TEL] 2026-06-04T18:11:11.138Z | DRIVE_TRACE_HEARTBEAT | {"t":1780596671138,"seq":1624,"gpsTickId":1780596661953,"gpsTickAgeMs":9165,"driving":true,"navigating":false,"tripActive":true,"lat":51.3521514,"lng":19.3752841,"gpsAgeMs":9165}
06-04 20:11:11.712 I/ReactNativeJS(30359): [VROOM-TEL] 2026-06-04T18:11:11.712Z | CAMERA_HEADING | {"t":1780596671712,"speedKmh":26,"movedM":0,"moveBearing":null,"snapHdg":53,"headingOut":53,"flipFromPrevDeg":0,"lookaheadM":18,"nativeFollow":true}
06-04 20:11:14.756 I/ReactNativeJS(30359): [VROOM-TEL] 2026-06-04T18:11:14.756Z | GPS_RESUME_HARD_RESTART | {"reason":"restart_resume","at":1780596674756}
06-04 20:11:14.811 I/ReactNativeJS(30359): [VROOM-TEL] 2026-06-04T18:11:14.811Z | CAMERA_HEADING | {"t":1780596674811,"speedKmh":26,"movedM":0,"moveBearing":null,"snapHdg":53,"headingOut":53,"flipFromPrevDeg":0,"lookaheadM":18,"nativeFollow":true}
06-04 20:11:15.019 I/ReactNativeJS(30359): [VROOM-TEL] 2026-06-04T18:11:15.018Z | RAW_GPS_TICK | {"t":1780596675018,"gpsTickId":1780596674953,"gpsTickAgeMs":0,"lat":51.35218,"lng":19.375252,"speed":0,"speedKmh":0,"accuracy":4,"osTimestamp":1780596674953,"tripActive":true,"appState":"active"}
06-04 20:11:15.019 I/ReactNativeJS(30359): [VROOM-TEL] 2026-06-04T18:11:15.019Z | DRIVE_TRACE_RAW | {"t":1780596675019,"seq":1625,"gpsTickId":1780596674953,"gpsTickAgeMs":1,"rawLat":51.35218,"rawLng":19.375252,"accM":4,"speedKmh":0,"speedMs":0,"heading":0,"tripActive":true,"driving":true,"navigating":false,"osTimestamp":1780596674953}
06-04 20:11:15.020 I/ReactNativeJS(30359): [VROOM-TEL] 2026-06-04T18:11:15.020Z | DRIVE_TRACE_FEED | {"t":1780596675020,"seq":1626,"gpsTickId":1780596674953,"gpsTickAgeMs":2,"lat":51.35202,"lng":19.375242,"hdg":339,"durationMs":964,"speedKmh":17.8}
06-04 20:11:15.020 I/ReactNativeJS(30359): [VROOM-TEL] 2026-06-04T18:11:15.020Z | DRIVE_TRACE_TICK | {"t":1780596675020,"seq":1627,"gpsTickId":1780596674953,"gpsTickAgeMs":2,"rawLat":51.35218,"rawLng":19.375252,"snapLat":51.35202,"snapLng":19.375242,"markerLat":51.35202,"markerLng":19.375242,"markerHdg":339,"markerSvLat":51.351984,"markerSvLng":19.37521,"markerSvHdg":53,"accM":4,"hudKmh":17.8,"engineKmh":17.8,"dopplerKmh":0,"feedDurMs":964,"cadenceMs":997,"feedSpeedMs":4.9,"isNavigating":false,"isFreeDrive":true,"isMoving":true,"feedSkipGate":false,"feedAccepted":true,"feedHeadingOnly":false,"source":"drive_core_v2"}
06-04 20:11:15.020 I/ReactNativeJS(30359): [VROOM-TEL] 2026-06-04T18:11:15.020Z | GPS_ACCEPT | {"lat":51.35218,"lng":19.375252,"acc":4,"speedKmh":1.1,"gpsLock":false}
06-04 20:11:15.059 I/ReactNativeJS(30359): [VROOM-TEL] 2026-06-04T18:11:15.059Z | CAM_FOLLOW_PUSH | {"t":1780596675059,"lat":51.351985,"lng":19.375211,"hdg":50,"snapHdg":50,"speedKmh":18,"exploring":false,"source":"drive_marker_sv_60fps"}
06-04 20:11:15.059 I/ReactNativeJS(30359): [VROOM-TEL] 2026-06-04T18:11:15.059Z | DRIVE_TRACE_CAMERA | {"t":1780596675059,"seq":1628,"gpsTickId":1780596674953,"gpsTickAgeMs":41,"lat":51.351985,"lng":19.375211,"hdg":50,"speedKmh":17.8,"exploring":false,"frameMoveM":0}
06-04 20:11:15.372 I/ReactNativeJS(30359): [VROOM-TEL] 2026-06-04T18:11:15.372Z | DRIVE_TRACE_CAMERA | {"t":1780596675372,"seq":1629,"gpsTickId":1780596674953,"gpsTickAgeMs":354,"lat":51.351997,"lng":19.375222,"hdg":29,"speedKmh":17.8,"exploring":false,"frameMoveM":0}
06-04 20:11:15.672 I/ReactNativeJS(30359): [VROOM-TEL] 2026-06-04T18:11:15.672Z | DRIVE_TRACE_CAMERA | {"t":1780596675672,"seq":1630,"gpsTickId":1780596674953,"gpsTickAgeMs":654,"lat":51.352008,"lng":19.375232,"hdg":29,"speedKmh":17.8,"exploring":false,"frameMoveM":0}
06-04 20:11:15.872 I/ReactNativeJS(30359): [VROOM-TEL] 2026-06-04T18:11:15.872Z | CAM_FOLLOW_PUSH | {"t":1780596675872,"lat":51.352016,"lng":19.375238,"hdg":29,"snapHdg":29,"speedKmh":18,"exploring":false,"source":"drive_marker_sv_60fps"}
06-04 20:11:15.922 I/ReactNativeJS(30359): [VROOM-TEL] 2026-06-04T18:11:15.922Z | CAMERA_HEADING | {"t":1780596675922,"speedKmh":18,"movedM":0.09,"moveBearing":null,"snapHdg":29,"headingOut":29,"flipFromPrevDeg":0,"lookaheadM":18,"nativeFollow":true}
06-04 20:11:15.972 I/ReactNativeJS(30359): [VROOM-TEL] 2026-06-04T18:11:15.972Z | DRIVE_TRACE_CAMERA | {"t":1780596675972,"seq":1631,"gpsTickId":1780596674953,"gpsTickAgeMs":954,"lat":51.35202,"lng":19.375241,"hdg":29,"speedKmh":17.8,"exploring":false,"frameMoveM":0}
06-04 20:11:16.155 I/ReactNativeJS(30359): [VROOM-TEL] 2026-06-04T18:11:16.155Z | DRIVE_TRACE_HEARTBEAT | {"t":1780596676155,"seq":1632,"gpsTickId":1780596674953,"gpsTickAgeMs":1137,"driving":true,"navigating":false,"tripActive":true,"lat":51.3521796,"lng":19.3752519,"gpsAgeMs":1137}
06-04 20:11:20.121 I/ReactNativeJS(30359): [VROOM-TEL] 2026-06-04T18:11:20.121Z | NAV_FREEZE_SUSPECT | {"t":1780596680121,"speedKmh":18,"markerPushAgeMs":5102,"tickAgeMs":5103,"wallAgeMs":5103}
06-04 20:11:20.561 I/ReactNativeJS(30359): [VROOM-TEL] 2026-06-04T18:11:20.561Z | CAMERA_HEADING | {"t":1780596680561,"speedKmh":18,"movedM":0,"moveBearing":null,"snapHdg":45,"headingOut":45,"flipFromPrevDeg":0,"lookaheadM":18,"nativeFollow":true}
06-04 20:11:21.171 I/ReactNativeJS(30359): [VROOM-TEL] 2026-06-04T18:11:21.171Z | DRIVE_HEALTH | {"t":1780596681171,"mode":"driving","speedHudKmh":17.8,"speedPipeKmh":17.8,"gpsAgeMs":6153,"drAgeMs":6151,"gpsToDriftM":18,"snapAnchorDriftM":0,"offRoute":false,"reroutePending":false,"rerouteLoading":false,"hasRoutePts":0}
06-04 20:11:21.171 I/ReactNativeJS(30359): [VROOM-TEL] 2026-06-04T18:11:21.171Z | DRIVE_TRACE_HEARTBEAT | {"t":1780596681171,"seq":1633,"gpsTickId":1780596674953,"gpsTickAgeMs":6153,"driving":true,"navigating":false,"tripActive":true,"lat":51.3521796,"lng":19.3752519,"gpsAgeMs":6153}
06-04 20:11:22.321 I/ReactNativeJS(30359): [VROOM-TEL] 2026-06-04T18:11:22.321Z | CAMERA_HEADING | {"t":1780596682321,"speedKmh":18,"movedM":0,"moveBearing":null,"snapHdg":45,"headingOut":45,"flipFromPrevDeg":0,"lookaheadM":18,"nativeFollow":true}
06-04 20:11:24.553 I/ReactNativeJS(30359): [VROOM-TEL] 2026-06-04T18:11:24.552Z | CAMERA_HEADING | {"t":1780596684552,"speedKmh":18,"movedM":0,"moveBearing":null,"snapHdg":45,"headingOut":45,"flipFromPrevDeg":0,"lookaheadM":18,"nativeFollow":true}
06-04 20:11:25.143 I/ReactNativeJS(30359): [VROOM-TEL] 2026-06-04T18:11:25.143Z | RAW_GPS_TICK | {"t":1780596685143,"gpsTickId":1780596684952,"gpsTickAgeMs":0,"lat":51.352182,"lng":19.375253,"speed":0,"speedKmh":0,"accuracy":4,"osTimestamp":1780596684952,"tripActive":true,"appState":"active"}
06-04 20:11:25.143 I/ReactNativeJS(30359): [VROOM-TEL] 2026-06-04T18:11:25.143Z | DRIVE_TRACE_RAW | {"t":1780596685143,"seq":1634,"gpsTickId":1780596684952,"gpsTickAgeMs":0,"rawLat":51.352182,"rawLng":19.375253,"accM":4,"speedKmh":0,"speedMs":0,"heading":0,"tripActive":true,"driving":true,"navigating":false,"osTimestamp":1780596684952}
06-04 20:11:25.145 I/ReactNativeJS(30359): [VROOM-TEL] 2026-06-04T18:11:25.145Z | DRIVE_TRACE_FEED | {"t":1780596685145,"seq":1635,"gpsTickId":1780596684952,"gpsTickAgeMs":2,"lat":51.352051,"lng":19.375237,"hdg":328,"durationMs":1200,"speedKmh":9.3}
06-04 20:11:25.146 I/ReactNativeJS(30359): [VROOM-TEL] 2026-06-04T18:11:25.146Z | DRIVE_TRACE_TICK | {"t":1780596685146,"seq":1636,"gpsTickId":1780596684952,"gpsTickAgeMs":3,"rawLat":51.352182,"rawLng":19.375253,"snapLat":51.352051,"snapLng":19.375237,"markerLat":51.352051,"markerLng":19.375237,"markerHdg":328,"markerSvLat":51.35202,"markerSvLng":19.375242,"markerSvHdg":45,"accM":4,"hudKmh":9.3,"engineKmh":9.3,"dopplerKmh":0,"feedDurMs":1200,"cadenceMs":997,"feedSpeedMs":2.6,"isNavigating":false,"isFreeDrive":true,"isMoving":true,"feedSkipGate":false,"feedAccepted":true,"feedHeadingOnly":false,"source":"drive_core_v2"}
06-04 20:11:25.146 I/ReactNativeJS(30359): [VROOM-TEL] 2026-06-04T18:11:25.146Z | GPS_ACCEPT | {"lat":51.352182,"lng":19.375253,"acc":4,"speedKmh":0.1,"gpsLock":false}
06-04 20:11:25.190 I/ReactNativeJS(30359): [VROOM-TEL] 2026-06-04T18:11:25.190Z | CAM_FOLLOW_PUSH | {"t":1780596685190,"lat":51.35202,"lng":19.375242,"hdg":45,"snapHdg":45,"speedKmh":9,"exploring":false,"source":"drive_marker_sv_60fps"}
06-04 20:11:25.190 I/ReactNativeJS(30359): [VROOM-TEL] 2026-06-04T18:11:25.190Z | DRIVE_TRACE_CAMERA | {"t":1780596685190,"seq":1637,"gpsTickId":1780596684952,"gpsTickAgeMs":47,"lat":51.35202,"lng":19.375242,"hdg":45,"speedKmh":9.3,"exploring":false,"frameMoveM":0}
06-04 20:11:25.508 I/ReactNativeJS(30359): [VROOM-TEL] 2026-06-04T18:11:25.508Z | DRIVE_TRACE_CAMERA | {"t":1780596685508,"seq":1638,"gpsTickId":1780596684952,"gpsTickAgeMs":365,"lat":51.352028,"lng":19.375241,"hdg":43,"speedKmh":9.3,"exploring":false,"frameMoveM":0}
06-04 20:11:25.654 I/ReactNativeJS(30359): [VROOM-TEL] 2026-06-04T18:11:25.654Z | CAMERA_HEADING | {"t":1780596685654,"speedKmh":9,"movedM":0.05,"moveBearing":null,"snapHdg":41,"headingOut":41,"flipFromPrevDeg":0,"lookaheadM":0,"nativeFollow":true}
06-04 20:11:25.821 I/ReactNativeJS(30359): [VROOM-TEL] 2026-06-04T18:11:25.821Z | DRIVE_TRACE_CAMERA | {"t":1780596685821,"seq":1639,"gpsTickId":1780596684952,"gpsTickAgeMs":678,"lat":51.352038,"lng":19.375239,"hdg":40,"speedKmh":9.3,"exploring":false,"frameMoveM":0}
06-04 20:11:25.994 I/ReactNativeJS(30359): [VROOM-TEL] 2026-06-04T18:11:25.993Z | CAM_FOLLOW_PUSH | {"t":1780596685993,"lat":51.352042,"lng":19.375238,"hdg":39,"snapHdg":39,"speedKmh":9,"exploring":false,"source":"drive_marker_sv_60fps"}
06-04 20:11:26.121 I/ReactNativeJS(30359): [VROOM-TEL] 2026-06-04T18:11:26.121Z | DRIVE_TRACE_CAMERA | {"t":1780596686121,"seq":1640,"gpsTickId":1780596684952,"gpsTickAgeMs":978,"lat":51.352046,"lng":19.375238,"hdg":38,"speedKmh":9.3,"exploring":false,"frameMoveM":0}
06-04 20:11:26.189 I/ReactNativeJS(30359): [VROOM-TEL] 2026-06-04T18:11:26.189Z | DRIVE_TRACE_HEARTBEAT | {"t":1780596686189,"seq":1641,"gpsTickId":1780596684952,"gpsTickAgeMs":1046,"driving":true,"navigating":false,"tripActive":true,"lat":51.3521823,"lng":19.3752535,"gpsAgeMs":1046}
06-04 20:11:28.557 I/ReactNativeJS(30359): [VROOM-TEL] 2026-06-04T18:11:28.557Z | NAV_FREEZE_SUSPECT | {"t":1780596688557,"speedKmh":9,"markerPushAgeMs":3414,"tickAgeMs":3414,"wallAgeMs":3414}
06-04 20:11:30.172 I/ReactNativeJS(30359): [VROOM-TEL] 2026-06-04T18:11:30.172Z | TRIP_SEGMENT_STATS | {"t":1780596690172,"totalDistanceKm":3.045,"acceptedMain":216,"acceptedMainKm":2.66,"fallbackAccepted":14,"fallbackKm":0.385,"derivedSpeedUsed":6,"derivedSpeedRejected":4,"lowSpeedDropped":0,"zeroMove":0,"rejectedTotal":45,"rejectedJitter":31,"rejectedJump":0,"rejectedStaleGap":0,"rejectedMinSpeed":0,"rejectedAccuracy":0,"rejectedImpossible":14,"rejectedInvalidTime":0}
06-04 20:11:31.205 I/ReactNativeJS(30359): [VROOM-TEL] 2026-06-04T18:11:31.204Z | DRIVE_TRACE_HEARTBEAT | {"t":1780596691204,"seq":1642,"gpsTickId":1780596684952,"gpsTickAgeMs":6061,"driving":true,"navigating":false,"tripActive":true,"lat":51.3521823,"lng":19.3752535,"gpsAgeMs":6061}
06-04 20:11:33.147 I/ReactNativeJS(30359): [VROOM-TEL] 2026-06-04T18:11:33.147Z | CAMERA_HEADING | {"t":1780596693147,"speedKmh":9,"movedM":0,"moveBearing":null,"snapHdg":37,"headingOut":37,"flipFromPrevDeg":0,"lookaheadM":0,"nativeFollow":true}
06-04 20:11:35.656 I/ReactNativeJS(30359): [VROOM-TEL] 2026-06-04T18:11:35.656Z | GPS_RESUME_HARD_RESTART | {"reason":"restart_resume","at":1780596695656}
06-04 20:11:35.976 I/ReactNativeJS(30359): [VROOM-TEL] 2026-06-04T18:11:35.976Z | RAW_GPS_TICK | {"t":1780596695976,"gpsTickId":1780596695953,"gpsTickAgeMs":0,"lat":51.352199,"lng":19.375223,"speed":2.08,"speedKmh":7.5,"accuracy":4,"osTimestamp":1780596695953,"tripActive":true,"appState":"active"}
06-04 20:11:35.976 I/ReactNativeJS(30359): [VROOM-TEL] 2026-06-04T18:11:35.976Z | DRIVE_TRACE_RAW | {"t":1780596695976,"seq":1643,"gpsTickId":1780596695953,"gpsTickAgeMs":0,"rawLat":51.352199,"rawLng":19.375223,"accM":4,"speedKmh":7.5,"speedMs":2.1,"heading":301,"tripActive":true,"driving":true,"navigating":false,"osTimestamp":1780596695953}
06-04 20:11:35.981 I/ReactNativeJS(30359): [VROOM-TEL] 2026-06-04T18:11:35.981Z | DRIVE_TRACE_FEED | {"t":1780596695981,"seq":1644,"gpsTickId":1780596695953,"gpsTickAgeMs":5,"lat":51.352081,"lng":19.375219,"hdg":319,"durationMs":1200,"speedKmh":7.5}
06-04 20:11:35.983 I/ReactNativeJS(30359): [VROOM-TEL] 2026-06-04T18:11:35.983Z | DRIVE_TRACE_TICK | {"t":1780596695983,"seq":1645,"gpsTickId":1780596695953,"gpsTickAgeMs":7,"rawLat":51.352199,"rawLng":19.375223,"snapLat":51.352081,"snapLng":19.375219,"markerLat":51.352081,"markerLng":19.375219,"markerHdg":319,"markerSvLat":51.352051,"markerSvLng":19.375237,"markerSvHdg":37,"accM":4,"hudKmh":7.5,"engineKmh":7.5,"dopplerKmh":7.5,"feedDurMs":1200,"cadenceMs":997,"feedSpeedMs":2.1,"isNavigating":false,"isFreeDrive":true,"isMoving":true,"feedSkipGate":false,"feedAccepted":true,"feedHeadingOnly":false,"source":"drive_core_v2"}
06-04 20:11:35.983 I/ReactNativeJS(30359): [VROOM-TEL] 2026-06-04T18:11:35.983Z | GPS_ACCEPT | {"lat":51.352199,"lng":19.375223,"acc":4,"speedKmh":7.5,"gpsLock":false}
06-04 20:11:35.998 I/ReactNativeJS(30359): [VROOM-TEL] 2026-06-04T18:11:35.998Z | CAMERA_HEADING | {"t":1780596695998,"speedKmh":7,"movedM":0.02,"moveBearing":null,"snapHdg":37,"headingOut":37,"flipFromPrevDeg":0,"lookaheadM":0,"nativeFollow":true}
06-04 20:11:35.998 I/ReactNativeJS(30359): [VROOM-TEL] 2026-06-04T18:11:35.998Z | CAM_FOLLOW_PUSH | {"t":1780596695998,"lat":51.352052,"lng":19.375237,"hdg":37,"snapHdg":37,"speedKmh":7,"exploring":false,"source":"drive_marker_sv_60fps"}
06-04 20:11:35.998 I/ReactNativeJS(30359): [VROOM-TEL] 2026-06-04T18:11:35.998Z | DRIVE_TRACE_CAMERA | {"t":1780596695998,"seq":1646,"gpsTickId":1780596695953,"gpsTickAgeMs":22,"lat":51.352052,"lng":19.375237,"hdg":37,"speedKmh":7.5,"exploring":false,"frameMoveM":0}
06-04 20:11:36.222 I/ReactNativeJS(30359): [VROOM-TEL] 2026-06-04T18:11:36.221Z | DRIVE_TRACE_HEARTBEAT | {"t":1780596696221,"seq":1647,"gpsTickId":1780596695953,"gpsTickAgeMs":245,"driving":true,"navigating":false,"tripActive":true,"lat":51.3521987,"lng":19.375223,"gpsAgeMs":245}
06-04 20:11:36.222 I/ReactNativeJS(30359): [VROOM-TEL] 2026-06-04T18:11:36.222Z | DRIVE_HEALTH | {"t":1780596696222,"mode":"driving","speedHudKmh":7.5,"speedPipeKmh":7.5,"gpsAgeMs":246,"drAgeMs":240,"gpsToDriftM":13,"snapAnchorDriftM":0,"offRoute":false,"reroutePending":false,"rerouteLoading":false,"hasRoutePts":0}
06-04 20:11:36.304 I/ReactNativeJS(30359): [VROOM-TEL] 2026-06-04T18:11:36.304Z | DRIVE_TRACE_CAMERA | {"t":1780596696304,"seq":1648,"gpsTickId":1780596695953,"gpsTickAgeMs":328,"lat":51.352059,"lng":19.375232,"hdg":35,"speedKmh":7.5,"exploring":false,"frameMoveM":0}
06-04 20:11:36.605 I/ReactNativeJS(30359): [VROOM-TEL] 2026-06-04T18:11:36.605Z | DRIVE_TRACE_CAMERA | {"t":1780596696605,"seq":1649,"gpsTickId":1780596695953,"gpsTickAgeMs":629,"lat":51.352067,"lng":19.375228,"hdg":33,"speedKmh":7.5,"exploring":false,"frameMoveM":0}
06-04 20:11:36.804 I/ReactNativeJS(30359): [VROOM-TEL] 2026-06-04T18:11:36.804Z | CAM_FOLLOW_PUSH | {"t":1780596696804,"lat":51.352072,"lng":19.375224,"hdg":31,"snapHdg":31,"speedKmh":7,"exploring":false,"source":"drive_marker_sv_60fps"}
06-04 20:11:36.923 I/ReactNativeJS(30359): [VROOM-TEL] 2026-06-04T18:11:36.923Z | DRIVE_TRACE_CAMERA | {"t":1780596696923,"seq":1650,"gpsTickId":1780596695953,"gpsTickAgeMs":947,"lat":51.352074,"lng":19.375223,"hdg":30,"speedKmh":7.5,"exploring":false,"frameMoveM":0}
06-04 20:11:37.104 I/ReactNativeJS(30359): [VROOM-TEL] 2026-06-04T18:11:37.104Z | CAMERA_HEADING | {"t":1780596697104,"speedKmh":7,"movedM":0.05,"moveBearing":null,"snapHdg":29,"headingOut":29,"flipFromPrevDeg":0,"lookaheadM":0,"nativeFollow":true}
06-04 20:11:37.977 I/ReactNativeJS(30359): [VROOM-TEL] 2026-06-04T18:11:37.977Z | GPS_LOCK_ACQUIRED | {"at":1780596697977}
06-04 20:11:37.977 I/ReactNativeJS(30359): [VROOM-TEL] 2026-06-04T18:11:37.977Z | RAW_GPS_TICK | {"t":1780596697977,"gpsTickId":1780596697952,"gpsTickAgeMs":0,"lat":51.352193,"lng":19.375135,"speed":3.67,"speedKmh":13.2,"accuracy":4,"osTimestamp":1780596697952,"tripActive":true,"appState":"active"}
06-04 20:11:37.977 I/ReactNativeJS(30359): [VROOM-TEL] 2026-06-04T18:11:37.977Z | DRIVE_TRACE_RAW | {"t":1780596697977,"seq":1651,"gpsTickId":1780596697952,"gpsTickAgeMs":0,"rawLat":51.352193,"rawLng":19.375135,"accM":4,"speedKmh":13.2,"speedMs":3.7,"heading":257,"tripActive":true,"driving":true,"navigating":false,"osTimestamp":1780596697952}
06-04 20:11:37.979 I/ReactNativeJS(30359): [VROOM-TEL] 2026-06-04T18:11:37.979Z | DRIVE_TRACE_FEED | {"t":1780596697979,"seq":1652,"gpsTickId":1780596697952,"gpsTickAgeMs":2,"lat":51.352114,"lng":19.375196,"hdg":287,"durationMs":1105,"speedKmh":13.2}
06-04 20:11:37.980 I/ReactNativeJS(30359): [VROOM-TEL] 2026-06-04T18:11:37.980Z | DRIVE_TRACE_TICK | {"t":1780596697980,"seq":1653,"gpsTickId":1780596697952,"gpsTickAgeMs":3,"rawLat":51.352193,"rawLng":19.375135,"snapLat":51.352114,"snapLng":19.375196,"markerLat":51.352114,"markerLng":19.375196,"markerHdg":287,"markerSvLat":51.352081,"markerSvLng":19.375219,"markerSvHdg":29,"accM":4,"hudKmh":13.2,"engineKmh":9.8,"dopplerKmh":13.2,"feedDurMs":1105,"cadenceMs":1348,"feedSpeedMs":3.7,"isNavigating":false,"isFreeDrive":true,"isMoving":true,"feedSkipGate":false,"feedAccepted":true,"feedHeadingOnly":false,"source":"drive_core_v2"}
06-04 20:11:37.980 I/ReactNativeJS(30359): [VROOM-TEL] 2026-06-04T18:11:37.980Z | GPS_ACCEPT | {"lat":51.352193,"lng":19.375135,"acc":4,"speedKmh":13.2,"gpsLock":true}
06-04 20:11:38.035 I/ReactNativeJS(30359): [VROOM-TEL] 2026-06-04T18:11:38.035Z | CAM_FOLLOW_PUSH | {"t":1780596698035,"lat":51.352081,"lng":19.375219,"hdg":29,"snapHdg":29,"speedKmh":13,"exploring":false,"source":"drive_marker_sv_60fps"}
06-04 20:11:38.035 I/ReactNativeJS(30359): [VROOM-TEL] 2026-06-04T18:11:38.035Z | DRIVE_TRACE_CAMERA | {"t":1780596698035,"seq":1654,"gpsTickId":1780596697952,"gpsTickAgeMs":58,"lat":51.352081,"lng":19.375219,"hdg":29,"speedKmh":13.2,"exploring":false,"frameMoveM":0}
06-04 20:11:38.205 I/ReactNativeJS(30359): [VROOM-TEL] 2026-06-04T18:11:38.205Z | CAMERA_HEADING | {"t":1780596698205,"speedKmh":13,"movedM":0.06,"moveBearing":null,"snapHdg":29,"headingOut":29,"flipFromPrevDeg":0,"lookaheadM":0,"nativeFollow":true}
06-04 20:11:38.338 I/ReactNativeJS(30359): [VROOM-TEL] 2026-06-04T18:11:38.338Z | DRIVE_TRACE_CAMERA | {"t":1780596698338,"seq":1655,"gpsTickId":1780596697952,"gpsTickAgeMs":361,"lat":51.352092,"lng":19.375212,"hdg":29,"speedKmh":13.2,"exploring":false,"frameMoveM":0}
06-04 20:11:38.638 I/ReactNativeJS(30359): [VROOM-TEL] 2026-06-04T18:11:38.638Z | DRIVE_TRACE_CAMERA | {"t":1780596698638,"seq":1656,"gpsTickId":1780596697952,"gpsTickAgeMs":661,"lat":51.352101,"lng":19.375205,"hdg":29,"speedKmh":13.2,"exploring":false,"frameMoveM":0}
06-04 20:11:38.838 I/ReactNativeJS(30359): [VROOM-TEL] 2026-06-04T18:11:38.838Z | CAM_FOLLOW_PUSH | {"t":1780596698838,"lat":51.352107,"lng":19.375201,"hdg":29,"snapHdg":29,"speedKmh":13,"exploring":false,"source":"drive_marker_sv_60fps"}
06-04 20:11:38.938 I/ReactNativeJS(30359): [VROOM-TEL] 2026-06-04T18:11:38.938Z | DRIVE_TRACE_CAMERA | {"t":1780596698938,"seq":1657,"gpsTickId":1780596697952,"gpsTickAgeMs":961,"lat":51.35211,"lng":19.375199,"hdg":29,"speedKmh":13.2,"exploring":false,"frameMoveM":0}
06-04 20:11:39.969 I/ReactNativeJS(30359): [VROOM-TEL] 2026-06-04T18:11:39.969Z | RAW_GPS_TICK | {"t":1780596699969,"gpsTickId":1780596699954,"gpsTickAgeMs":1,"lat":51.352137,"lng":19.37507,"speed":3.97,"speedKmh":14.3,"accuracy":4,"osTimestamp":1780596699954,"tripActive":true,"appState":"active"}
06-04 20:11:39.969 I/ReactNativeJS(30359): [VROOM-TEL] 2026-06-04T18:11:39.969Z | DRIVE_TRACE_RAW | {"t":1780596699969,"seq":1658,"gpsTickId":1780596699954,"gpsTickAgeMs":1,"rawLat":51.352137,"rawLng":19.37507,"accM":4,"speedKmh":14.3,"speedMs":4,"heading":206,"tripActive":true,"driving":true,"navigating":false,"osTimestamp":1780596699954}
06-04 20:11:39.972 I/ReactNativeJS(30359): [VROOM-TEL] 2026-06-04T18:11:39.972Z | DRIVE_TRACE_FEED | {"t":1780596699972,"seq":1659,"gpsTickId":1780596699954,"gpsTickAgeMs":4,"lat":51.35215,"lng":19.37517,"hdg":247,"durationMs":1037,"speedKmh":15.1}
06-04 20:11:39.973 I/ReactNativeJS(30359): [VROOM-TEL] 2026-06-04T18:11:39.973Z | DRIVE_TRACE_TICK | {"t":1780596699973,"seq":1660,"gpsTickId":1780596699954,"gpsTickAgeMs":5,"rawLat":51.352137,"rawLng":19.37507,"snapLat":51.35215,"snapLng":19.37517,"markerLat":51.35215,"markerLng":19.37517,"markerHdg":247,"markerSvLat":51.352114,"markerSvLng":19.375196,"markerSvHdg":29,"accM":4,"hudKmh":15.1,"engineKmh":15.1,"dopplerKmh":14.3,"feedDurMs":1037,"cadenceMs":1573,"feedSpeedMs":4.2,"isNavigating":false,"isFreeDrive":true,"isMoving":true,"feedSkipGate":false,"feedAccepted":true,"feedHeadingOnly":false,"source":"drive_core_v2"}
06-04 20:11:39.973 I/ReactNativeJS(30359): [VROOM-TEL] 2026-06-04T18:11:39.973Z | GPS_ACCEPT | {"lat":51.352137,"lng":19.37507,"acc":4,"speedKmh":14.3,"gpsLock":true}
06-04 20:11:40.029 I/ReactNativeJS(30359): [VROOM-TEL] 2026-06-04T18:11:40.029Z | CAMERA_HEADING | {"t":1780596700029,"speedKmh":15,"movedM":0.24,"moveBearing":null,"snapHdg":29,"headingOut":29,"flipFromPrevDeg":0,"lookaheadM":0,"nativeFollow":true}
06-04 20:11:40.065 I/ReactNativeJS(30359): [VROOM-TEL] 2026-06-04T18:11:40.065Z | CAM_FOLLOW_PUSH | {"t":1780596700065,"lat":51.352115,"lng":19.375196,"hdg":29,"snapHdg":29,"speedKmh":15,"exploring":false,"source":"drive_marker_sv_60fps"}
06-04 20:11:40.065 I/ReactNativeJS(30359): [VROOM-TEL] 2026-06-04T18:11:40.065Z | DRIVE_TRACE_CAMERA | {"t":1780596700065,"seq":1661,"gpsTickId":1780596699954,"gpsTickAgeMs":97,"lat":51.352115,"lng":19.375196,"hdg":29,"speedKmh":15.1,"exploring":false,"frameMoveM":0}
06-04 20:11:40.371 I/ReactNativeJS(30359): [VROOM-TEL] 2026-06-04T18:11:40.371Z | DRIVE_TRACE_CAMERA | {"t":1780596700371,"seq":1662,"gpsTickId":1780596699954,"gpsTickAgeMs":403,"lat":51.352128,"lng":19.375186,"hdg":29,"speedKmh":15.1,"exploring":false,"frameMoveM":0}
06-04 20:11:40.671 I/ReactNativeJS(30359): [VROOM-TEL] 2026-06-04T18:11:40.671Z | DRIVE_TRACE_CAMERA | {"t":1780596700671,"seq":1663,"gpsTickId":1780596699954,"gpsTickAgeMs":703,"lat":51.352138,"lng":19.375179,"hdg":29,"speedKmh":15.1,"exploring":false,"frameMoveM":0}
06-04 20:11:40.871 I/ReactNativeJS(30359): [VROOM-TEL] 2026-06-04T18:11:40.871Z | CAM_FOLLOW_PUSH | {"t":1780596700871,"lat":51.352145,"lng":19.375173,"hdg":29,"snapHdg":29,"speedKmh":15,"exploring":false,"source":"drive_marker_sv_60fps"}
06-04 20:11:40.971 I/ReactNativeJS(30359): [VROOM-TEL] 2026-06-04T18:11:40.971Z | DRIVE_TRACE_CAMERA | {"t":1780596700971,"seq":1664,"gpsTickId":1780596699954,"gpsTickAgeMs":1003,"lat":51.352149,"lng":19.375171,"hdg":29,"speedKmh":15.1,"exploring":false,"frameMoveM":0}
06-04 20:11:41.240 I/ReactNativeJS(30359): [VROOM-TEL] 2026-06-04T18:11:41.240Z | DRIVE_TRACE_HEARTBEAT | {"t":1780596701240,"seq":1665,"gpsTickId":1780596699954,"gpsTickAgeMs":1272,"driving":true,"navigating":false,"tripActive":true,"lat":51.352137,"lng":19.3750696,"gpsAgeMs":1272}
06-04 20:11:41.963 I/ReactNativeJS(30359): [VROOM-TEL] 2026-06-04T18:11:41.963Z | CAMERA_HEADING | {"t":1780596701963,"speedKmh":15,"movedM":0,"moveBearing":null,"snapHdg":29,"headingOut":29,"flipFromPrevDeg":0,"lookaheadM":0,"nativeFollow":true}
06-04 20:11:42.027 I/ReactNativeJS(30359): [VROOM-TEL] 2026-06-04T18:11:42.027Z | RAW_GPS_TICK | {"t":1780596702027,"gpsTickId":1780596701953,"gpsTickAgeMs":0,"lat":51.352086,"lng":19.375092,"speed":2.54,"speedKmh":9.1,"accuracy":4,"osTimestamp":1780596701953,"tripActive":true,"appState":"active"}
06-04 20:11:42.027 I/ReactNativeJS(30359): [VROOM-TEL] 2026-06-04T18:11:42.027Z | DRIVE_TRACE_RAW | {"t":1780596702027,"seq":1666,"gpsTickId":1780596701953,"gpsTickAgeMs":0,"rawLat":51.352086,"rawLng":19.375092,"accM":4,"speedKmh":9.1,"speedMs":2.5,"heading":154,"tripActive":true,"driving":true,"navigating":false,"osTimestamp":1780596701953}
06-04 20:11:42.028 I/ReactNativeJS(30359): [VROOM-TEL] 2026-06-04T18:11:42.028Z | DRIVE_TRACE_FEED | {"t":1780596702028,"seq":1667,"gpsTickId":1780596701953,"gpsTickAgeMs":1,"lat":51.352135,"lng":19.375168,"hdg":207,"durationMs":357,"speedKmh":16.2}
06-04 20:11:42.028 I/ReactNativeJS(30359): [VROOM-TEL] 2026-06-04T18:11:42.028Z | TRIP_SEGMENT_REJECT | {"t":1780596702028,"reason":"jitter","dtSec":2.1,"speedKmh":16.2}
06-04 20:11:42.029 I/ReactNativeJS(30359): [VROOM-TEL] 2026-06-04T18:11:42.029Z | DRIVE_TRACE_TICK | {"t":1780596702029,"seq":1668,"gpsTickId":1780596701953,"gpsTickAgeMs":2,"rawLat":51.352086,"rawLng":19.375092,"snapLat":51.352135,"snapLng":19.375168,"markerLat":51.352135,"markerLng":19.375168,"markerHdg":207,"markerSvLat":51.35215,"markerSvLng":19.37517,"markerSvHdg":29,"accM":4,"hudKmh":16.2,"engineKmh":16.2,"dopplerKmh":9.1,"feedDurMs":357,"cadenceMs":1743,"feedSpeedMs":4.5,"isNavigating":false,"isFreeDrive":true,"isMoving":true,"feedSkipGate":false,"feedAccepted":true,"feedHeadingOnly":false,"source":"drive_core_v2"}
06-04 20:11:42.029 I/ReactNativeJS(30359): [VROOM-TEL] 2026-06-04T18:11:42.029Z | GPS_ACCEPT | {"lat":51.352086,"lng":19.375092,"acc":4,"speedKmh":10.3,"gpsLock":true}
06-04 20:11:42.066 I/ReactNativeJS(30359): [VROOM-TEL] 2026-06-04T18:11:42.066Z | CAM_FOLLOW_PUSH | {"t":1780596702066,"lat":51.352149,"lng":19.37517,"hdg":29,"snapHdg":29,"speedKmh":16,"exploring":false,"source":"drive_marker_sv_60fps"}
06-04 20:11:42.066 I/ReactNativeJS(30359): [VROOM-TEL] 2026-06-04T18:11:42.066Z | DRIVE_TRACE_CAMERA | {"t":1780596702066,"seq":1669,"gpsTickId":1780596701953,"gpsTickAgeMs":39,"lat":51.352149,"lng":19.37517,"hdg":29,"speedKmh":16.2,"exploring":false,"frameMoveM":0}
06-04 20:11:42.371 I/ReactNativeJS(30359): [VROOM-TEL] 2026-06-04T18:11:42.371Z | DRIVE_TRACE_CAMERA | {"t":1780596702371,"seq":1670,"gpsTickId":1780596701953,"gpsTickAgeMs":344,"lat":51.352136,"lng":19.375168,"hdg":29,"speedKmh":16.2,"exploring":false,"frameMoveM":0}
06-04 20:11:42.671 I/ReactNativeJS(30359): [VROOM-TEL] 2026-06-04T18:11:42.671Z | DRIVE_TRACE_CAMERA | {"t":1780596702671,"seq":1671,"gpsTickId":1780596701953,"gpsTickAgeMs":644,"lat":51.352146,"lng":19.375177,"hdg":29,"speedKmh":16.2,"exploring":false,"frameMoveM":0}
06-04 20:11:42.871 I/ReactNativeJS(30359): [VROOM-TEL] 2026-06-04T18:11:42.871Z | CAM_FOLLOW_PUSH | {"t":1780596702871,"lat":51.352153,"lng":19.375183,"hdg":29,"snapHdg":29,"speedKmh":16,"exploring":false,"source":"drive_marker_sv_60fps"}
06-04 20:11:46.255 I/ReactNativeJS(30359): [VROOM-TEL] 2026-06-04T18:11:46.254Z | DRIVE_TRACE_HEARTBEAT | {"t":1780596706254,"seq":1672,"gpsTickId":1780596701953,"gpsTickAgeMs":4227,"driving":true,"navigating":false,"tripActive":true,"lat":51.3520857,"lng":19.3750917,"gpsAgeMs":4227}
06-04 20:11:47.370 I/ReactNativeJS(30359): [VROOM-TEL] 2026-06-04T18:11:47.370Z | NAV_FREEZE_SUSPECT | {"t":1780596707370,"speedKmh":16,"markerPushAgeMs":5342,"tickAgeMs":5343,"wallAgeMs":5343}
06-04 20:11:50.176 I/ReactNativeJS(30359): [VROOM-TEL] 2026-06-04T18:11:50.176Z | CAMERA_HEADING | {"t":1780596710176,"speedKmh":16,"movedM":0,"moveBearing":null,"snapHdg":29,"headingOut":29,"flipFromPrevDeg":0,"lookaheadM":13,"nativeFollow":true}
06-04 20:11:51.272 I/ReactNativeJS(30359): [VROOM-TEL] 2026-06-04T18:11:51.272Z | DRIVE_TRACE_HEARTBEAT | {"t":1780596711272,"seq":1673,"gpsTickId":1780596701953,"gpsTickAgeMs":9245,"driving":true,"navigating":false,"tripActive":true,"lat":51.3520857,"lng":19.3750917,"gpsAgeMs":9245}
06-04 20:11:51.273 I/ReactNativeJS(30359): [VROOM-TEL] 2026-06-04T18:11:51.273Z | DRIVE_HEALTH | {"t":1780596711273,"mode":"driving","speedHudKmh":16.2,"speedPipeKmh":16.2,"gpsAgeMs":9246,"drAgeMs":9245,"gpsToDriftM":8,"snapAnchorDriftM":0,"offRoute":false,"reroutePending":false,"rerouteLoading":false,"hasRoutePts":0}
06-04 20:11:51.673 I/ReactNativeJS(30359): [VROOM-TEL] 2026-06-04T18:11:51.673Z | CAMERA_HEADING | {"t":1780596711673,"speedKmh":16,"movedM":0,"moveBearing":null,"snapHdg":29,"headingOut":29,"flipFromPrevDeg":0,"lookaheadM":13,"nativeFollow":true}
06-04 20:11:53.729 I/ReactNativeJS(30359): [VROOM-TEL] 2026-06-04T18:11:53.729Z | CAMERA_HEADING | {"t":1780596713729,"speedKmh":16,"movedM":0,"moveBearing":null,"snapHdg":29,"headingOut":29,"flipFromPrevDeg":0,"lookaheadM":13,"nativeFollow":true}
06-04 20:11:56.287 I/ReactNativeJS(30359): [VROOM-TEL] 2026-06-04T18:11:56.287Z | DRIVE_TRACE_HEARTBEAT | {"t":1780596716287,"seq":1674,"gpsTickId":1780596701953,"gpsTickAgeMs":14260,"driving":true,"navigating":false,"tripActive":true,"lat":51.3520857,"lng":19.3750917,"gpsAgeMs":14260}
06-04 20:11:56.506 I/ReactNativeJS(30359): [VROOM-TEL] 2026-06-04T18:11:56.506Z | GPS_RESUME_HARD_RESTART | {"reason":"restart_resume","at":1780596716506}
06-04 20:11:56.562 I/ReactNativeJS(30359): [VROOM-TEL] 2026-06-04T18:11:56.562Z | CAMERA_HEADING | {"t":1780596716562,"speedKmh":16,"movedM":0,"moveBearing":null,"snapHdg":29,"headingOut":29,"flipFromPrevDeg":0,"lookaheadM":13,"nativeFollow":true}
06-04 20:11:56.974 I/ReactNativeJS(30359): [VROOM-TEL] 2026-06-04T18:11:56.974Z | RAW_GPS_TICK | {"t":1780596716974,"gpsTickId":1780596716953,"gpsTickAgeMs":0,"lat":51.352083,"lng":19.375086,"speed":0,"speedKmh":0,"accuracy":4,"osTimestamp":1780596716953,"tripActive":true,"appState":"active"}
06-04 20:11:56.974 I/ReactNativeJS(30359): [VROOM-TEL] 2026-06-04T18:11:56.974Z | DRIVE_TRACE_RAW | {"t":1780596716974,"seq":1675,"gpsTickId":1780596716953,"gpsTickAgeMs":0,"rawLat":51.352083,"rawLng":19.375086,"accM":4,"speedKmh":0,"speedMs":0,"heading":0,"tripActive":true,"driving":true,"navigating":false,"osTimestamp":1780596716953}
06-04 20:11:56.976 I/ReactNativeJS(30359): [VROOM-TEL] 2026-06-04T18:11:56.976Z | DRIVE_TRACE_FEED | {"t":1780596716976,"seq":1676,"gpsTickId":1780596716953,"gpsTickAgeMs":2,"lat":51.352106,"lng":19.375185,"hdg":195,"durationMs":1200,"speedKmh":9.2}
06-04 20:11:56.977 I/ReactNativeJS(30359): [VROOM-TEL] 2026-06-04T18:11:56.977Z | DRIVE_TRACE_TICK | {"t":1780596716977,"seq":1677,"gpsTickId":1780596716953,"gpsTickAgeMs":3,"rawLat":51.352083,"rawLng":19.375086,"snapLat":51.352106,"snapLng":19.375185,"markerLat":51.352106,"markerLng":19.375185,"markerHdg":195,"markerSvLat":51.352154,"markerSvLng":19.375185,"markerSvHdg":29,"accM":4,"hudKmh":9.2,"engineKmh":9.2,"dopplerKmh":0,"feedDurMs":1200,"cadenceMs":1743,"feedSpeedMs":2.6,"isNavigating":false,"isFreeDrive":true,"isMoving":true,"feedSkipGate":false,"feedAccepted":true,"feedHeadingOnly":false,"source":"drive_core_v2"}
06-04 20:11:56.977 I/ReactNativeJS(30359): [VROOM-TEL] 2026-06-04T18:11:56.977Z | GPS_ACCEPT | {"lat":51.352083,"lng":19.375086,"acc":4,"speedKmh":0.1,"gpsLock":false}
06-04 20:11:57.027 I/ReactNativeJS(30359): [VROOM-TEL] 2026-06-04T18:11:57.027Z | CAM_FOLLOW_PUSH | {"t":1780596717027,"lat":51.352154,"lng":19.375185,"hdg":29,"snapHdg":29,"speedKmh":9,"exploring":false,"source":"drive_marker_sv_60fps"}
06-04 20:11:57.027 I/ReactNativeJS(30359): [VROOM-TEL] 2026-06-04T18:11:57.027Z | DRIVE_TRACE_CAMERA | {"t":1780596717027,"seq":1678,"gpsTickId":1780596716953,"gpsTickAgeMs":53,"lat":51.352154,"lng":19.375185,"hdg":29,"speedKmh":9.2,"exploring":false,"frameMoveM":0}
06-04 20:11:57.338 I/ReactNativeJS(30359): [VROOM-TEL] 2026-06-04T18:11:57.337Z | DRIVE_TRACE_CAMERA | {"t":1780596717337,"seq":1679,"gpsTickId":1780596716953,"gpsTickAgeMs":363,"lat":51.35214,"lng":19.375185,"hdg":29,"speedKmh":9.2,"exploring":false,"frameMoveM":0}
06-04 20:11:57.638 I/ReactNativeJS(30359): [VROOM-TEL] 2026-06-04T18:11:57.638Z | DRIVE_TRACE_CAMERA | {"t":1780596717638,"seq":1680,"gpsTickId":1780596716953,"gpsTickAgeMs":664,"lat":51.352128,"lng":19.375185,"hdg":29,"speedKmh":9.2,"exploring":false,"frameMoveM":0}
06-04 20:11:57.677 I/ReactNativeJS(30359): [VROOM-TEL] 2026-06-04T18:11:57.677Z | CAMERA_HEADING | {"t":1780596717677,"speedKmh":9,"movedM":0.09,"moveBearing":null,"snapHdg":29,"headingOut":29,"flipFromPrevDeg":0,"lookaheadM":0,"nativeFollow":true}
06-04 20:11:57.837 I/ReactNativeJS(30359): [VROOM-TEL] 2026-06-04T18:11:57.837Z | CAM_FOLLOW_PUSH | {"t":1780596717837,"lat":51.35212,"lng":19.375185,"hdg":29,"snapHdg":29,"speedKmh":9,"exploring":false,"source":"drive_marker_sv_60fps"}
06-04 20:11:57.955 I/ReactNativeJS(30359): [VROOM-TEL] 2026-06-04T18:11:57.955Z | DRIVE_TRACE_CAMERA | {"t":1780596717955,"seq":1681,"gpsTickId":1780596716953,"gpsTickAgeMs":981,"lat":51.352115,"lng":19.375185,"hdg":29,"speedKmh":9.2,"exploring":false,"frameMoveM":0}
06-04 20:11:58.854 I/ReactNativeJS(30359): [VROOM-TEL] 2026-06-04T18:11:58.854Z | CAMERA_HEADING | {"t":1780596718854,"speedKmh":9,"movedM":0,"moveBearing":null,"snapHdg":29,"headingOut":29,"flipFromPrevDeg":0,"lookaheadM":0,"nativeFollow":true}
06-04 20:12:00.204 I/ReactNativeJS(30359): [VROOM-TEL] 2026-06-04T18:12:00.199Z | TRIP_SEGMENT_STATS | {"t":1780596720199,"totalDistanceKm":3.06,"acceptedMain":220,"acceptedMainKm":2.675,"fallbackAccepted":14,"fallbackKm":0.385,"derivedSpeedUsed":6,"derivedSpeedRejected":4,"lowSpeedDropped":0,"zeroMove":0,"rejectedTotal":46,"rejectedJitter":32,"rejectedJump":0,"rejectedStaleGap":0,"rejectedMinSpeed":0,"rejectedAccuracy":0,"rejectedImpossible":14,"rejectedInvalidTime":0}
06-04 20:12:01.304 I/ReactNativeJS(30359): [VROOM-TEL] 2026-06-04T18:12:01.304Z | DRIVE_TRACE_HEARTBEAT | {"t":1780596721304,"seq":1682,"gpsTickId":1780596716953,"gpsTickAgeMs":4330,"driving":true,"navigating":false,"tripActive":true,"lat":51.3520825,"lng":19.3750864,"gpsAgeMs":4330}
06-04 20:12:02.337 I/ReactNativeJS(30359): [VROOM-TEL] 2026-06-04T18:12:02.337Z | NAV_FREEZE_SUSPECT | {"t":1780596722337,"speedKmh":9,"markerPushAgeMs":5362,"tickAgeMs":5363,"wallAgeMs":5358}
06-04 20:12:02.559 I/ReactNativeJS(30359): [VROOM-TEL] 2026-06-04T18:12:02.559Z | CAMERA_HEADING | {"t":1780596722559,"speedKmh":9,"movedM":0,"moveBearing":null,"snapHdg":29,"headingOut":29,"flipFromPrevDeg":0,"lookaheadM":0,"nativeFollow":true}
06-04 20:12:06.320 I/ReactNativeJS(30359): [VROOM-TEL] 2026-06-04T18:12:06.320Z | DRIVE_HEALTH | {"t":1780596726320,"mode":"driving","speedHudKmh":9.2,"speedPipeKmh":9.2,"gpsAgeMs":9341,"drAgeMs":9344,"gpsToDriftM":7,"snapAnchorDriftM":0,"offRoute":false,"reroutePending":false,"rerouteLoading":false,"hasRoutePts":0}
06-04 20:12:06.320 I/ReactNativeJS(30359): [VROOM-TEL] 2026-06-04T18:12:06.320Z | DRIVE_TRACE_HEARTBEAT | {"t":1780596726320,"seq":1683,"gpsTickId":1780596716953,"gpsTickAgeMs":9346,"driving":true,"navigating":false,"tripActive":true,"lat":51.3520825,"lng":19.3750864,"gpsAgeMs":9346}
06-04 20:12:07.151 I/ReactNativeJS(30359): [VROOM-TEL] 2026-06-04T18:12:07.151Z | CAMERA_HEADING | {"t":1780596727151,"speedKmh":9,"movedM":0,"moveBearing":null,"snapHdg":29,"headingOut":29,"flipFromPrevDeg":0,"lookaheadM":0,"nativeFollow":true}
